"id","category","de","zh-Hans","en_ref","context","limit","status","note"
"building.A_BASILIKA.legendary.eff","building","Formations-Joker (Wiederholung/Farbblock/Treppe/Wechsel)","","formation wild (Repeat/Suit block/Stair/Zigzag)","Architekt-Gebäude „Basilika"" — Effekt (legendär)","","new","erzeugt aus src/i18n/buildingText.js"
"building.A_BOLLWERK.legendary.eff","building","alle Abgedeckten +6 Stichwert","","all covered cards +6 trick value","Architekt-Gebäude „Bollwerk"" — Effekt (legendär)","","new","erzeugt aus src/i18n/buildingText.js"
"building.A_BUNTGLAS.tier1.eff","building","passende Farbe +3 Stichwert","","matching suit +3 trick value","Architekt-Gebäude „Buntglas"" — Effekt Stufe I","","new","erzeugt aus src/i18n/buildingText.js"
"building.A_BUNTGLAS.tier2.eff","building","passende Farbe +5 Stichwert","","matching suit +5 trick value","Architekt-Gebäude „Buntglas"" — Effekt Stufe II","","new","erzeugt aus src/i18n/buildingText.js"
"building.A_BUNTGLAS.tier3.eff","building","passende Farbe +7 Stichwert","","matching suit +7 trick value","Architekt-Gebäude „Buntglas"" — Effekt Stufe III","","new","erzeugt aus src/i18n/buildingText.js"
"building.A_BUNTGLAS.tier4.eff","building","passende Farbe +9 Stichwert","","matching suit +9 trick value","Architekt-Gebäude „Buntglas"" — Effekt Stufe IV","","new","erzeugt aus src/i18n/buildingText.js"
"building.A_FIRST.tier1.eff","building","höchste Karte +3 Stichwert","","highest card +3 trick value","Architekt-Gebäude „Firstträger"" — Effekt Stufe I","","new","erzeugt aus src/i18n/buildingText.js"
"building.A_FIRST.tier2.eff","building","höchste Karte +5 Stichwert","","highest card +5 trick value","Architekt-Gebäude „Firstträger"" — Effekt Stufe II","","new","erzeugt aus src/i18n/buildingText.js"
"building.A_FIRST.tier3.eff","building","höchste Karte +7 Stichwert","","highest card +7 trick value","Architekt-Gebäude „Firstträger"" — Effekt Stufe III","","new","erzeugt aus src/i18n/buildingText.js"
"building.A_FIRST.tier4.eff","building","höchste Karte +9 Stichwert","","highest card +9 trick value","Architekt-Gebäude „Firstträger"" — Effekt Stufe IV","","new","erzeugt aus src/i18n/buildingText.js"
"building.A_FRIES.tier1.eff","building","Formations-Joker (Wiederholung)","","formation wild (Repeat)","Architekt-Gebäude „Fries"" — Effekt Stufe I","","new","erzeugt aus src/i18n/buildingText.js"
"building.A_FUNDAMENT.legendary.eff","building","alle Abgedeckten +5 Stichwert","","all covered cards +5 trick value","Architekt-Gebäude „Fundamentplatte"" — Effekt (legendär)","","new","erzeugt aus src/i18n/buildingText.js"
"building.A_GEWOELBE.tier1.eff","building","Formations-Joker (Wiederholung/Treppe)","","formation wild (Repeat/Stair)","Architekt-Gebäude „Gewölbe"" — Effekt Stufe I","","new","erzeugt aus src/i18n/buildingText.js"
"building.A_GIEBEL.tier1.eff","building","höchste Karte +160 Score","","highest card +160 score","Architekt-Gebäude „Giebel"" — Effekt Stufe I","","new","erzeugt aus src/i18n/buildingText.js"
"building.A_GIEBEL.tier2.eff","building","höchste Karte +240 Score","","highest card +240 score","Architekt-Gebäude „Giebel"" — Effekt Stufe II","","new","erzeugt aus src/i18n/buildingText.js"
"building.A_GIEBEL.tier3.eff","building","höchste Karte +352 Score","","highest card +352 score","Architekt-Gebäude „Giebel"" — Effekt Stufe III","","new","erzeugt aus src/i18n/buildingText.js"
"building.A_GIEBEL.tier4.eff","building","höchste Karte +496 Score","","highest card +496 score","Architekt-Gebäude „Giebel"" — Effekt Stufe IV","","new","erzeugt aus src/i18n/buildingText.js"
"building.A_GRUNDSTEIN.tier1.eff","building","jede Zelle zählt als Anker (×1,10) (Stufe III: +2 Stichwert je Ankerzelle)","","every cell counts as an anchor (×1.10) (tier III: +2 trick value per anchor cell)","Architekt-Gebäude „Grundstein"" — Effekt Stufe I","","new","erzeugt aus src/i18n/buildingText.js"
"building.A_GRUNDSTEIN.tier2.eff","building","jede Zelle zählt als Anker (×1,23) (Stufe III: +2 Stichwert je Ankerzelle)","","every cell counts as an anchor (×1.23) (tier III: +2 trick value per anchor cell)","Architekt-Gebäude „Grundstein"" — Effekt Stufe II","","new","erzeugt aus src/i18n/buildingText.js"
"building.A_GRUNDSTEIN.tier3.eff","building","jede Zelle zählt als Anker (×1,36) · +2 Stichwert je Ankerzelle","","every cell counts as an anchor (×1.36) · +2 trick value per anchor cell","Architekt-Gebäude „Grundstein"" — Effekt Stufe III","","new","erzeugt aus src/i18n/buildingText.js"
"building.A_GRUNDSTEIN.tier4.eff","building","jede Zelle zählt als Anker (×1,49) · +2 Stichwert je Ankerzelle","","every cell counts as an anchor (×1.49) · +2 trick value per anchor cell","Architekt-Gebäude „Grundstein"" — Effekt Stufe IV","","new","erzeugt aus src/i18n/buildingText.js"
"building.A_KATHEDRALE.legendary.eff","building","Formationen hier ×1,40","","formations here ×1.40","Architekt-Gebäude „Kathedrale"" — Effekt (legendär)","","new","erzeugt aus src/i18n/buildingText.js"
"building.A_KLAMMER.tier1.eff","building","Formations-Joker (Farbblock) (Stufe III: zweiter Joker-Typ: Wiederholung)","","formation wild (Suit block) (tier III: second wild type: Repeat)","Architekt-Gebäude „Klammer"" — Effekt Stufe I","","new","erzeugt aus src/i18n/buildingText.js"
"building.A_KLAMMER.tier3.eff","building","Formations-Joker (Farbblock/Wiederholung)","","formation wild (Suit block/Repeat)","Architekt-Gebäude „Klammer"" — Effekt Stufe III","","new","erzeugt aus src/i18n/buildingText.js"
"building.A_KONTOR.tier1.eff","building","Sieg +65 Score (Stufe IV: bei Crit ×2 Direkt-Score)","","win +65 score (tier IV: ×2 direct score on a crit)","Architekt-Gebäude „Kontor"" — Effekt Stufe I","","new","erzeugt aus src/i18n/buildingText.js"
"building.A_KONTOR.tier2.eff","building","Sieg +98 Score (Stufe IV: bei Crit ×2 Direkt-Score)","","win +98 score (tier IV: ×2 direct score on a crit)","Architekt-Gebäude „Kontor"" — Effekt Stufe II","","new","erzeugt aus src/i18n/buildingText.js"
"building.A_KONTOR.tier3.eff","building","Sieg +143 Score (Stufe IV: bei Crit ×2 Direkt-Score)","","win +143 score (tier IV: ×2 direct score on a crit)","Architekt-Gebäude „Kontor"" — Effekt Stufe III","","new","erzeugt aus src/i18n/buildingText.js"
"building.A_KONTOR.tier4.eff","building","Sieg +202 Score · bei Crit ×2 Direkt-Score","","win +202 score · ×2 direct score on a crit","Architekt-Gebäude „Kontor"" — Effekt Stufe IV","","new","erzeugt aus src/i18n/buildingText.js"
"building.A_KREUZGANG.tier1.eff","building","Treppen-Bindeglied: Karte darf im Wert um ±1 abweichen","","stair link: the card may differ in value by ±1","Architekt-Gebäude „Kreuzgang"" — Effekt Stufe I","","new","erzeugt aus src/i18n/buildingText.js"
"building.A_KREUZGANG.tier3.eff","building","Treppen-Bindeglied: Karte darf im Wert um ±2 abweichen","","stair link: the card may differ in value by ±2","Architekt-Gebäude „Kreuzgang"" — Effekt Stufe III","","new","erzeugt aus src/i18n/buildingText.js"
"building.A_LAUFGANG.tier1.eff","building","reicht +50 Score ans Feld rechts weiter","","passes +50 score on to the cell to the right","Architekt-Gebäude „Laufgang"" — Effekt Stufe I","","new","erzeugt aus src/i18n/buildingText.js"
"building.A_LAUFGANG.tier2.eff","building","reicht +75 Score ans Feld rechts weiter","","passes +75 score on to the cell to the right","Architekt-Gebäude „Laufgang"" — Effekt Stufe II","","new","erzeugt aus src/i18n/buildingText.js"
"building.A_LAUFGANG.tier3.eff","building","reicht +110 Score ans Feld rechts weiter","","passes +110 score on to the cell to the right","Architekt-Gebäude „Laufgang"" — Effekt Stufe III","","new","erzeugt aus src/i18n/buildingText.js"
"building.A_LAUFGANG.tier4.eff","building","reicht +155 Score ans Feld rechts weiter","","passes +155 score on to the cell to the right","Architekt-Gebäude „Laufgang"" — Effekt Stufe IV","","new","erzeugt aus src/i18n/buildingText.js"
"building.A_LEUCHTTURM.legendary.eff","building","strahlt +100 Score in beide Nachbarfelder","","radiates +100 score into both neighbouring cells","Architekt-Gebäude „Leuchtturm"" — Effekt (legendär)","","new","erzeugt aus src/i18n/buildingText.js"
"building.A_LOSBUDE.tier1.eff","building","Crit-Sieg +90 Score · Sieg ohne Crit −15 Score","","crit win +90 score · win without a crit −15 score","Architekt-Gebäude „Losbude"" — Effekt Stufe I","","new","erzeugt aus src/i18n/buildingText.js"
"building.A_LOSBUDE.tier2.eff","building","Crit-Sieg +135 Score · Sieg ohne Crit −15 Score","","crit win +135 score · win without a crit −15 score","Architekt-Gebäude „Losbude"" — Effekt Stufe II","","new","erzeugt aus src/i18n/buildingText.js"
"building.A_LOSBUDE.tier3.eff","building","Crit-Sieg +198 Score · Sieg ohne Crit −15 Score","","crit win +198 score · win without a crit −15 score","Architekt-Gebäude „Losbude"" — Effekt Stufe III","","new","erzeugt aus src/i18n/buildingText.js"
"building.A_LOSBUDE.tier4.eff","building","Crit-Sieg +279 Score · Sieg ohne Crit −15 Score","","crit win +279 score · win without a crit −15 score","Architekt-Gebäude „Losbude"" — Effekt Stufe IV","","new","erzeugt aus src/i18n/buildingText.js"
"building.A_MARKT.tier1.eff","building","Sieg +20 Score je Nachbargebäude (max 4)","","win +20 score per adjacent building (max 4)","Architekt-Gebäude „Marktplatz"" — Effekt Stufe I","","new","erzeugt aus src/i18n/buildingText.js"
"building.A_MARKT.tier2.eff","building","Sieg +30 Score je Nachbargebäude (max 4)","","win +30 score per adjacent building (max 4)","Architekt-Gebäude „Marktplatz"" — Effekt Stufe II","","new","erzeugt aus src/i18n/buildingText.js"
"building.A_MARKT.tier3.eff","building","Sieg +44 Score je Nachbargebäude (max 4)","","win +44 score per adjacent building (max 4)","Architekt-Gebäude „Marktplatz"" — Effekt Stufe III","","new","erzeugt aus src/i18n/buildingText.js"
"building.A_MARKT.tier4.eff","building","Sieg +62 Score je Nachbargebäude (max 4)","","win +62 score per adjacent building (max 4)","Architekt-Gebäude „Marktplatz"" — Effekt Stufe IV","","new","erzeugt aus src/i18n/buildingText.js"
"building.A_MEILENSTEIN.tier1.eff","building","jeder 5. Sieg auf diesem Gebäude +200 Score","","every 5th win on this building +200 score","Architekt-Gebäude „Meilenstein"" — Effekt Stufe I","","new","erzeugt aus src/i18n/buildingText.js"
"building.A_MEILENSTEIN.tier2.eff","building","jeder 5. Sieg auf diesem Gebäude +300 Score","","every 5th win on this building +300 score","Architekt-Gebäude „Meilenstein"" — Effekt Stufe II","","new","erzeugt aus src/i18n/buildingText.js"
"building.A_MEILENSTEIN.tier3.eff","building","jeder 5. Sieg auf diesem Gebäude +440 Score","","every 5th win on this building +440 score","Architekt-Gebäude „Meilenstein"" — Effekt Stufe III","","new","erzeugt aus src/i18n/buildingText.js"
"building.A_MEILENSTEIN.tier4.eff","building","jeder 3. Sieg auf diesem Gebäude +620 Score","","every 3th win on this building +620 score","Architekt-Gebäude „Meilenstein"" — Effekt Stufe IV","","new","erzeugt aus src/i18n/buildingText.js"
"building.A_PRISMA.legendary.eff","building","Formations-Joker (Wiederholung/Farbblock/Treppe/Wechsel)","","formation wild (Repeat/Suit block/Stair/Zigzag)","Architekt-Gebäude „Prisma"" — Effekt (legendär)","","new","erzeugt aus src/i18n/buildingText.js"
"building.A_PRUNKSAAL.legendary.eff","building","Sieg +300 Score","","win +300 score","Architekt-Gebäude „Prunksaal"" — Effekt (legendär)","","new","erzeugt aus src/i18n/buildingText.js"
"building.A_QUADER.tier1.eff","building","alle Abgedeckten +2 Stichwert","","all covered cards +2 trick value","Architekt-Gebäude „Quader"" — Effekt Stufe I","","new","erzeugt aus src/i18n/buildingText.js"
"building.A_QUADER.tier2.eff","building","alle Abgedeckten +3 Stichwert","","all covered cards +3 trick value","Architekt-Gebäude „Quader"" — Effekt Stufe II","","new","erzeugt aus src/i18n/buildingText.js"
"building.A_QUADER.tier3.eff","building","alle Abgedeckten +4 Stichwert","","all covered cards +4 trick value","Architekt-Gebäude „Quader"" — Effekt Stufe III","","new","erzeugt aus src/i18n/buildingText.js"
"building.A_QUADER.tier4.eff","building","alle Abgedeckten +6 Stichwert","","all covered cards +6 trick value","Architekt-Gebäude „Quader"" — Effekt Stufe IV","","new","erzeugt aus src/i18n/buildingText.js"
"building.A_RAMPE.tier1.eff","building","niedrige Karten +2 Stichwert","","low cards +2 trick value","Architekt-Gebäude „Rampe"" — Effekt Stufe I","","new","erzeugt aus src/i18n/buildingText.js"
"building.A_RAMPE.tier2.eff","building","niedrige Karten +3 Stichwert","","low cards +3 trick value","Architekt-Gebäude „Rampe"" — Effekt Stufe II","","new","erzeugt aus src/i18n/buildingText.js"
"building.A_RAMPE.tier3.eff","building","niedrige Karten +4 Stichwert","","low cards +4 trick value","Architekt-Gebäude „Rampe"" — Effekt Stufe III","","new","erzeugt aus src/i18n/buildingText.js"
"building.A_RAMPE.tier4.eff","building","niedrige Karten +6 Stichwert","","low cards +6 trick value","Architekt-Gebäude „Rampe"" — Effekt Stufe IV","","new","erzeugt aus src/i18n/buildingText.js"
"building.A_RATHAUS.legendary.eff","building","Sieg +45 Score je Nachbargebäude (max 6)","","win +45 score per adjacent building (max 6)","Architekt-Gebäude „Rathaus"" — Effekt (legendär)","","new","erzeugt aus src/i18n/buildingText.js"
"building.A_REIHENHAUS.tier1.eff","building","Sieg +9 Score je Serienpunkt (max 50) (Stufe III: ab Serie 4 doppelt)","","win +9 score per streak point (max 50) (tier III: double from streak 4)","Architekt-Gebäude „Reihenhaus"" — Effekt Stufe I","","new","erzeugt aus src/i18n/buildingText.js"
"building.A_REIHENHAUS.tier2.eff","building","Sieg +14 Score je Serienpunkt (max 50) (Stufe III: ab Serie 4 doppelt)","","win +14 score per streak point (max 50) (tier III: double from streak 4)","Architekt-Gebäude „Reihenhaus"" — Effekt Stufe II","","new","erzeugt aus src/i18n/buildingText.js"
"building.A_REIHENHAUS.tier3.eff","building","Sieg +20 Score je Serienpunkt (max 50) · ab Serie 4 doppelt","","win +20 score per streak point (max 50) · double from streak 4","Architekt-Gebäude „Reihenhaus"" — Effekt Stufe III","","new","erzeugt aus src/i18n/buildingText.js"
"building.A_REIHENHAUS.tier4.eff","building","Sieg +28 Score je Serienpunkt (max 50) · ab Serie 4 doppelt","","win +28 score per streak point (max 50) · double from streak 4","Architekt-Gebäude „Reihenhaus"" — Effekt Stufe IV","","new","erzeugt aus src/i18n/buildingText.js"
"building.A_RIEGEL.tier1.eff","building","alle Abgedeckten +1 Stichwert","","all covered cards +1 trick value","Architekt-Gebäude „Riegel"" — Effekt Stufe I","","new","erzeugt aus src/i18n/buildingText.js"
"building.A_RIEGEL.tier2.eff","building","alle Abgedeckten +2 Stichwert","","all covered cards +2 trick value","Architekt-Gebäude „Riegel"" — Effekt Stufe II","","new","erzeugt aus src/i18n/buildingText.js"
"building.A_RIEGEL.tier4.eff","building","alle Abgedeckten +3 Stichwert","","all covered cards +3 trick value","Architekt-Gebäude „Riegel"" — Effekt Stufe IV","","new","erzeugt aus src/i18n/buildingText.js"
"building.A_SCHATZ.legendary.eff","building","Siege hier ×1,30 Score","","wins here ×1.30 score","Architekt-Gebäude „Schatzkammer"" — Effekt (legendär)","","new","erzeugt aus src/i18n/buildingText.js"
"building.A_SOCKEL.tier1.eff","building","niedrigste Karte +3 Stichwert","","lowest card +3 trick value","Architekt-Gebäude „Sockel"" — Effekt Stufe I","","new","erzeugt aus src/i18n/buildingText.js"
"building.A_SOCKEL.tier2.eff","building","niedrigste Karte +5 Stichwert","","lowest card +5 trick value","Architekt-Gebäude „Sockel"" — Effekt Stufe II","","new","erzeugt aus src/i18n/buildingText.js"
"building.A_SOCKEL.tier3.eff","building","niedrigste Karte +7 Stichwert","","lowest card +7 trick value","Architekt-Gebäude „Sockel"" — Effekt Stufe III","","new","erzeugt aus src/i18n/buildingText.js"
"building.A_SOCKEL.tier4.eff","building","niedrigste Karte +9 Stichwert","","lowest card +9 trick value","Architekt-Gebäude „Sockel"" — Effekt Stufe IV","","new","erzeugt aus src/i18n/buildingText.js"
"building.A_SPEICHER.tier1.eff","building","Sieg +40 Score je vollendeter Struktur","","win +40 score per completed structure","Architekt-Gebäude „Speicherstadt"" — Effekt Stufe I","","new","erzeugt aus src/i18n/buildingText.js"
"building.A_SPEICHER.tier2.eff","building","Sieg +60 Score je vollendeter Struktur","","win +60 score per completed structure","Architekt-Gebäude „Speicherstadt"" — Effekt Stufe II","","new","erzeugt aus src/i18n/buildingText.js"
"building.A_SPEICHER.tier3.eff","building","Sieg +88 Score je vollendeter Struktur","","win +88 score per completed structure","Architekt-Gebäude „Speicherstadt"" — Effekt Stufe III","","new","erzeugt aus src/i18n/buildingText.js"
"building.A_SPEICHER.tier4.eff","building","Sieg +124 Score je vollendeter Struktur","","win +124 score per completed structure","Architekt-Gebäude „Speicherstadt"" — Effekt Stufe IV","","new","erzeugt aus src/i18n/buildingText.js"
"building.A_SPIELBANK.legendary.eff","building","Crit-Sieg +500 Score · Sieg ohne Crit −80 Score","","crit win +500 score · win without a crit −80 score","Architekt-Gebäude „Spielbank"" — Effekt (legendär)","","new","erzeugt aus src/i18n/buildingText.js"
"building.A_STERNWARTE.legendary.eff","building","Sieg +90 Score je vollendeter Struktur","","win +90 score per completed structure","Architekt-Gebäude „Sternwarte"" — Effekt (legendär)","","new","erzeugt aus src/i18n/buildingText.js"
"building.A_STUETZE.tier1.eff","building","alle Abgedeckten +1 Stichwert","","all covered cards +1 trick value","Architekt-Gebäude „Stützbalken"" — Effekt Stufe I","","new","erzeugt aus src/i18n/buildingText.js"
"building.A_STUETZE.tier2.eff","building","alle Abgedeckten +2 Stichwert","","all covered cards +2 trick value","Architekt-Gebäude „Stützbalken"" — Effekt Stufe II","","new","erzeugt aus src/i18n/buildingText.js"
"building.A_STUETZE.tier4.eff","building","alle Abgedeckten +3 Stichwert","","all covered cards +3 trick value","Architekt-Gebäude „Stützbalken"" — Effekt Stufe IV","","new","erzeugt aus src/i18n/buildingText.js"
"building.A_VORWERK.tier1.eff","building","frühe Segmente +70 Score","","early segments +70 score","Architekt-Gebäude „Vorwerk"" — Effekt Stufe I","","new","erzeugt aus src/i18n/buildingText.js"
"building.A_VORWERK.tier2.eff","building","frühe Segmente +105 Score","","early segments +105 score","Architekt-Gebäude „Vorwerk"" — Effekt Stufe II","","new","erzeugt aus src/i18n/buildingText.js"
"building.A_VORWERK.tier3.eff","building","frühe Segmente +154 Score","","early segments +154 score","Architekt-Gebäude „Vorwerk"" — Effekt Stufe III","","new","erzeugt aus src/i18n/buildingText.js"
"building.A_VORWERK.tier4.eff","building","frühe Segmente +217 Score","","early segments +217 score","Architekt-Gebäude „Vorwerk"" — Effekt Stufe IV","","new","erzeugt aus src/i18n/buildingText.js"
"building.A_WEHRGANG.tier1.eff","building","frühe Segmente +2 Stichwert","","early segments +2 trick value","Architekt-Gebäude „Wehrgang"" — Effekt Stufe I","","new","erzeugt aus src/i18n/buildingText.js"
"building.A_WEHRGANG.tier2.eff","building","frühe Segmente +3 Stichwert","","early segments +3 trick value","Architekt-Gebäude „Wehrgang"" — Effekt Stufe II","","new","erzeugt aus src/i18n/buildingText.js"
"building.A_WEHRGANG.tier3.eff","building","frühe Segmente +4 Stichwert","","early segments +4 trick value","Architekt-Gebäude „Wehrgang"" — Effekt Stufe III","","new","erzeugt aus src/i18n/buildingText.js"
"building.A_WEHRGANG.tier4.eff","building","frühe Segmente +6 Stichwert","","early segments +6 trick value","Architekt-Gebäude „Wehrgang"" — Effekt Stufe IV","","new","erzeugt aus src/i18n/buildingText.js"
"building.A_WETTHALLE.tier1.eff","building","Crit-Sieg +260 Score · Sieg ohne Crit −60 Score","","crit win +260 score · win without a crit −60 score","Architekt-Gebäude „Wetthalle"" — Effekt Stufe I","","new","erzeugt aus src/i18n/buildingText.js"
"building.A_WETTHALLE.tier2.eff","building","Crit-Sieg +390 Score · Sieg ohne Crit −60 Score","","crit win +390 score · win without a crit −60 score","Architekt-Gebäude „Wetthalle"" — Effekt Stufe II","","new","erzeugt aus src/i18n/buildingText.js"
"building.A_WETTHALLE.tier3.eff","building","Crit-Sieg +572 Score · Sieg ohne Crit −60 Score","","crit win +572 score · win without a crit −60 score","Architekt-Gebäude „Wetthalle"" — Effekt Stufe III","","new","erzeugt aus src/i18n/buildingText.js"
"building.A_WETTHALLE.tier4.eff","building","Crit-Sieg +806 Score · Sieg ohne Crit −60 Score","","crit win +806 score · win without a crit −60 score","Architekt-Gebäude „Wetthalle"" — Effekt Stufe IV","","new","erzeugt aus src/i18n/buildingText.js"
"building.A_ZINNE.tier1.eff","building","Crit-Sieg +80 Score","","crit win +80 score","Architekt-Gebäude „Zinne"" — Effekt Stufe I","","new","erzeugt aus src/i18n/buildingText.js"
"building.A_ZINNE.tier2.eff","building","Crit-Sieg +120 Score","","crit win +120 score","Architekt-Gebäude „Zinne"" — Effekt Stufe II","","new","erzeugt aus src/i18n/buildingText.js"
"building.A_ZINNE.tier3.eff","building","Crit-Sieg +176 Score","","crit win +176 score","Architekt-Gebäude „Zinne"" — Effekt Stufe III","","new","erzeugt aus src/i18n/buildingText.js"
"building.A_ZINNE.tier4.eff","building","Crit-Sieg +248 Score","","crit win +248 score","Architekt-Gebäude „Zinne"" — Effekt Stufe IV","","new","erzeugt aus src/i18n/buildingText.js"
"building.A_ZOLLHAUS.tier1.eff","building","Sieg +35 Score (Stufe IV: zusätzlich ×1,15 Score)","","win +35 score (tier IV: ×1.15 score on top)","Architekt-Gebäude „Zollhaus"" — Effekt Stufe I","","new","erzeugt aus src/i18n/buildingText.js"
"building.A_ZOLLHAUS.tier2.eff","building","Sieg +53 Score (Stufe IV: zusätzlich ×1,15 Score)","","win +53 score (tier IV: ×1.15 score on top)","Architekt-Gebäude „Zollhaus"" — Effekt Stufe II","","new","erzeugt aus src/i18n/buildingText.js"
"building.A_ZOLLHAUS.tier3.eff","building","Sieg +77 Score (Stufe IV: zusätzlich ×1,15 Score)","","win +77 score (tier IV: ×1.15 score on top)","Architekt-Gebäude „Zollhaus"" — Effekt Stufe III","","new","erzeugt aus src/i18n/buildingText.js"
"building.A_ZOLLHAUS.tier4.eff","building","Sieg +109 Score · zusätzlich ×1,15 Score","","win +109 score · ×1.15 score on top","Architekt-Gebäude „Zollhaus"" — Effekt Stufe IV","","new","erzeugt aus src/i18n/buildingText.js"
"building.A_ZUNFTHAUS.tier1.eff","building","passende Farbe +130 Score","","matching suit +130 score","Architekt-Gebäude „Zunfthaus"" — Effekt Stufe I","","new","erzeugt aus src/i18n/buildingText.js"
"building.A_ZUNFTHAUS.tier2.eff","building","passende Farbe +195 Score","","matching suit +195 score","Architekt-Gebäude „Zunfthaus"" — Effekt Stufe II","","new","erzeugt aus src/i18n/buildingText.js"
"building.A_ZUNFTHAUS.tier3.eff","building","passende Farbe +286 Score","","matching suit +286 score","Architekt-Gebäude „Zunfthaus"" — Effekt Stufe III","","new","erzeugt aus src/i18n/buildingText.js"
"building.A_ZUNFTHAUS.tier4.eff","building","passende Farbe +403 Score","","matching suit +403 score","Architekt-Gebäude „Zunfthaus"" — Effekt Stufe IV","","new","erzeugt aus src/i18n/buildingText.js"
"building.A_ZUNFTV.tier1.eff","building","+1 Stichwert je Nachbargebäude (max 3)","","+1 trick value per adjacent building (max 3)","Architekt-Gebäude „Zunftviertel"" — Effekt Stufe I","","new","erzeugt aus src/i18n/buildingText.js"
"building.A_ZUNFTV.tier2.eff","building","+2 Stichwert je Nachbargebäude (max 3)","","+2 trick value per adjacent building (max 3)","Architekt-Gebäude „Zunftviertel"" — Effekt Stufe II","","new","erzeugt aus src/i18n/buildingText.js"
"building.A_ZUNFTV.tier4.eff","building","+3 Stichwert je Nachbargebäude (max 3)","","+3 trick value per adjacent building (max 3)","Architekt-Gebäude „Zunftviertel"" — Effekt Stufe IV","","new","erzeugt aus src/i18n/buildingText.js"
"building.A_ZWINGER.legendary.eff","building","+2 Stichwert je Nachbargebäude (max 5)","","+2 trick value per adjacent building (max 5)","Architekt-Gebäude „Zwinger"" — Effekt (legendär)","","new","erzeugt aus src/i18n/buildingText.js"
"ability.SK_FIRE_01.desc","i18n","Siege mit Kampfwert-Vorsprung geben +50 % mehr Hitze.","带战斗数值领先的获胜多给予50%热量。","Wins with a margin give +50% more heat.","i18n-Katalog (src/i18n) — über t() aufgelöst","","done",""
"ability.SK_FIRE_01.name","i18n","Glut","炽炭","Ember","i18n-Katalog (src/i18n) — über t() aufgelöst","","done",""
"ability.SK_FIRE_02.desc","i18n","Jeder Sieg gibt +2 % Hitze, auch bei knappem Vorsprung.","每次获胜给予+2%热量，即使领先很小也一样。","Every win gives +2% heat, even on a narrow margin.","i18n-Katalog (src/i18n) — über t() aufgelöst","","done",""
"ability.SK_FIRE_02.name","i18n","Zunder","火绒","Tinder","i18n-Katalog (src/i18n) — über t() aufgelöst","","done",""
"ability.SK_FIRE_03.desc","i18n","Jeder Sieg in Folge gibt +1 % mehr Hitze (bis +5 %). Eine Niederlage setzt zurück.","每连续获胜一次多给予+1%热量（最高+5%）。一次失败会重置。","Every win in a row gives +1% more heat (up to +5%). A loss resets it.","i18n-Katalog (src/i18n) — über t() aufgelöst","","done",""
"ability.SK_FIRE_03.name","i18n","Feuersturm","火风暴","Firestorm","i18n-Katalog (src/i18n) — über t() aufgelöst","","done",""
"ability.SK_FIRE_04.desc","i18n","Niederlagen kosten nur 50 % der Hitze; unter 30 % Hitze gar keine.","失败只消耗50%的热量；热量低于30%时完全不消耗。","Losses cost only 50% of the heat; below 30% heat, nothing at all.","i18n-Katalog (src/i18n) — über t() aufgelöst","","done",""
"ability.SK_FIRE_04.name","i18n","Glutbett","炭床","Ember Bed","i18n-Katalog (src/i18n) — über t() aufgelöst","","done",""
"ability.SK_FIRE_05.desc","i18n","Nach einer Niederlage gibt der nächste Sieg +1 % Hitze je Punkt Wert-Rückstand und der Siegkarte +2 Stichwert.","一次失败之后，下一次获胜按落后的每点数值给予+1%热量，并给获胜的卡牌+2墩值。","After a loss, the next win gives +1% heat per point of value deficit and gives the winning card +2 trick value.","i18n-Katalog (src/i18n) — über t() aufgelöst","","done",""
"ability.SK_FIRE_05.name","i18n","Rückzündung","回火","Reignition","i18n-Katalog (src/i18n) — über t() aufgelöst","","done",""
"ability.SK_FIRE_06.desc","i18n","Alle deine Karten bekommen Stichwert nach Hitze: +1 ab 40 %, +2 ab 70 %, +3 bei 100 %. Die oberen beiden verlangen im laufenden Segment zusätzlich einen Sieg mit 8 bzw. 12 Kampfwert-Vorsprung.","你所有的卡牌按热量获得墩值：40%起+1，70%起+2，100%时+3。上面两档还要求在当前区段里有一次战斗数值领先8或12的获胜。","All your cards gain trick value from heat: +1 from 40%, +2 from 70%, +3 at 100%. The upper two also need a win at 8 resp. 12 margin within the current segment.","i18n-Katalog (src/i18n) — über t() aufgelöst","","done",""
"ability.SK_FIRE_06.name","i18n","Glühende Klinge","炽刃","Glowing Blade","i18n-Katalog (src/i18n) — über t() aufgelöst","","done",""
"ability.SK_FIRE_07.desc","i18n","Hitze über 100 % staut sich als Überhitzung auf, bis 150 %; je höher sie steht, desto weniger kommt an. Jeder Punkt gibt +2 % Feuer-Score. Sie baut 2 Punkte je Stich ab, 5 bei einer Niederlage.","超过100%的热量会积成过热，最高到150%；积得越高，进账越少。每一点给予+2%火焰得分。它每墩衰减2点，失败时衰减5点。","Heat above 100% banks as overheat, up to 150%; the higher it stands, the less arrives. Every point gives +2% fire score. It decays by 2 points per trick, 5 on a loss.","i18n-Katalog (src/i18n) — über t() aufgelöst","","done",""
"ability.SK_FIRE_07.name","i18n","Weißglut","白热","White Heat","i18n-Katalog (src/i18n) — über t() aufgelöst","","done",""
"ability.SK_FIRE_08.desc","i18n","Ab 40 % Hitze gibt jeder Sieg in Folge der nächsten Karte +1 Stichwert (bis +3). Eine Niederlage setzt zurück.","热量达40%起，每连续获胜一次给下一张卡牌+1墩值（最高+3）。一次失败会重置。","From 40% heat, every win in a row gives the next card +1 trick value (up to +3). A loss resets it.","i18n-Katalog (src/i18n) — über t() aufgelöst","","done",""
"ability.SK_FIRE_08.name","i18n","Feuerwalze","火浪","Fire Roll","i18n-Katalog (src/i18n) — über t() aufgelöst","","done",""
"ability.SK_FIRE_09.desc","i18n","Großer Kampfwert-Vorsprung gibt mehr Feuer-Score: ×1,5 ab 8, ×2 ab 12.","战斗数值领先越大，火焰得分越多：领先8起×1.5，领先12起×2。","A large margin gives more fire score: ×1.5 from 8, ×2 from 12.","i18n-Katalog (src/i18n) — über t() aufgelöst","","done",""
"ability.SK_FIRE_09.name","i18n","Verbrennung","燃烧","Combustion","i18n-Katalog (src/i18n) — über t() aufgelöst","","done",""
"ability.SK_FIRE_10.desc","i18n","Jeder Sieg unter 8 Kampfwert-Vorsprung legt das 2-fache seines Feuer-Scores plus 60 in einen Speicher, +20 je weiterem Feuer-Skill. Ein Sieg ab 8 Vorsprung zahlt ihn als Score aus, eine Niederlage halbiert ihn.","每次战斗数值领先不足8的获胜，会把它火焰得分的2倍再加60存入储量，每多一个火技能再+20。一次领先达到8的获胜会把储量作为得分全部释放，一次失败会让它减半。","Every win below 8 margin puts 2× its fire score plus 60 into a store, +20 per further fire skill. A win from 8 margin pays it out as score, a loss halves it.","i18n-Katalog (src/i18n) — über t() aufgelöst","","done",""
"ability.SK_FIRE_10.name","i18n","Funkenflug","溅火","Spark Flight","i18n-Katalog (src/i18n) — über t() aufgelöst","","done",""
"ability.SK_FIRE_11.desc","i18n","Ab 80 % Hitze brennt der nächste Sieg bis auf 40 % herunter: +20 Score je verbranntem Hitzepunkt, +17 je weiterem Feuer-Skill (mit 6 Feuer-Skills ≈ +6.300).","热量达80%起，下一次获胜会一路烧到40%：每烧掉一点热量+20得分，每多一个火技能再+17（持有6个火技能时约+6,300）。","From 80% heat, the next win burns down to 40%: +20 score per burnt heat point, +17 per further fire skill (with 6 fire skills ≈ +6,300).","i18n-Katalog (src/i18n) — über t() aufgelöst","","done",""
"ability.SK_FIRE_11.name","i18n","Flächenbrand","燎原","Wildfire","i18n-Katalog (src/i18n) — über t() aufgelöst","","done",""
"ability.SK_FIRE_12.desc","i18n","Jeder Sieg verbrennt 4 % Hitze: 10 Score je verbranntem Punkt, +6 je gehaltenem Prozent Hitze (bei voller Leiste 2.440 je Sieg). Niederlagen kosten keine Hitze.","每次获胜烧掉4%热量：每烧掉一点给10得分，每持有一个百分点的热量再+6（热量条满时每次获胜2,440）。失败不消耗热量。","Every win burns 4% heat: 10 score per burnt point, +6 per percent of heat held (2,440 per win at a full bar). Losses cost no heat.","i18n-Katalog (src/i18n) — über t() aufgelöst","","done",""
"ability.SK_FIRE_12.name","i18n","Schmelzpunkt","熔点","Melting Point","i18n-Katalog (src/i18n) — über t() aufgelöst","","done",""
"ability.SK_FIRE_13.desc","i18n","Jeder Sieg brandmarkt eine Gegnerkarte (−1 Wert) und gibt +1 Asche.","每次获胜都会给一张对手卡牌打上烙印（数值−1）并给予+1灰烬。","Every win brands an opponent card (−1 value) and gives +1 ash.","i18n-Katalog (src/i18n) — über t() aufgelöst","","done",""
"ability.SK_FIRE_13.name","i18n","Brandmal","烙印","Brand","i18n-Katalog (src/i18n) — über t() aufgelöst","","done",""
"ability.SK_FIRE_14.desc","i18n","Verstärker: Brände greifen auf eine Nachbarkarte über (−1 Wert) und geben +1 Asche.","增幅器：烙印会蔓延到一张相邻卡牌上（数值−1）并给予+1灰烬。","Amplifier: Brands spread to a neighbour card (−1 value) and give +1 ash.","i18n-Katalog (src/i18n) — über t() aufgelöst","","done",""
"ability.SK_FIRE_14.name","i18n","Lauffeuer","蔓火","Running Fire","i18n-Katalog (src/i18n) — über t() aufgelöst","","done",""
"ability.SK_FIRE_15.desc","i18n","Am Ende jedes Durchlaufs erhält jeweils deine niedrigste Karte dauerhaft +3 Kartenwert, solange du ≥20 Asche hast. Ist die Schmiede voll, verglüht weitere Asche als Ascheglut: +2.000 Score je 20 Asche.","只要你有≥20灰烬，每轮结束时你最低的那张卡牌就永久获得+3卡牌数值。锻炉满了之后，多余的灰烬会作为灰烬辉光烧掉：每20灰烬+2,000得分。","At the end of every cycle your lowest card each time permanently gains +3 card value, as long as you have 20 ash or more. Once the forge is full, further ash burns off as ash glow: +2,000 score per 20 ash.","i18n-Katalog (src/i18n) — über t() aufgelöst","","done",""
"ability.SK_FIRE_15.name","i18n","Ascheschmiede","灰烬锻炉","Ash Forge","i18n-Katalog (src/i18n) — über t() aufgelöst","","done",""
"ability.SK_FIRE_16.desc","i18n","Verstärker: Geschmiedete Karten geben bei Sieg +12 Score je geschmiedetem Wert.","增幅器：被锻造过的卡牌获胜时，按锻造出的每点数值给予+12得分。","Amplifier: Forged cards give +12 score per forged value on a win.","i18n-Katalog (src/i18n) — über t() aufgelöst","","done",""
"ability.SK_FIRE_16.name","i18n","Glutstahl","炽钢","Ember Steel","i18n-Katalog (src/i18n) — über t() aufgelöst","","done",""
"ability.SK_FIRE_17.desc","i18n","Ab 50 % Hitze geben Brände zusätzlich −1 Wert und +1 Asche. Schmieden kostet 25 % weniger Asche.","热量达50%起，烙印额外再给数值−1和+1灰烬。锻造少消耗25%的灰烬。","From 50% heat, brands additionally give −1 value and +1 ash. Forging costs 25% less ash.","i18n-Katalog (src/i18n) — über t() aufgelöst","","done",""
"ability.SK_FIRE_17.name","i18n","Schmelzofen","熔炉","Smelter","i18n-Katalog (src/i18n) — über t() aufgelöst","","done",""
"ability.SK_FIRE_L01.desc","i18n","Jeder Sieg gegen eine gebrandmarkte Gegnerkarte gibt +100 Score je Brand darauf. Endet ein Durchlauf mit ≥60 % Hitze, stapeln sich deine Brände statt sich zu erneuern (bis 4 je Karte), und deine Karten unter Wert 9 bekommen dauerhaft +2 Kartenwert.","每次战胜带烙印的对手卡牌，按其上的每个烙印给予+100得分。若一轮结束时热量≥60%，你的烙印会叠加而不是刷新（每张卡牌最多4个），并且你数值低于9的卡牌永久获得+2卡牌数值。","Every win against a branded opponent card gives +100 score per brand on it. If a cycle ends at 60% heat or more, your brands stack up instead of being renewed (to 4 per card), and your cards below value 9 permanently gain +2 card value.","i18n-Katalog (src/i18n) — über t() aufgelöst","","done",""
"ability.SK_FIRE_L01.name","i18n","Sonnenkern","日核","Sun Core","i18n-Katalog (src/i18n) — über t() aufgelöst","","done",""
"ability.SK_FIRE_L02.desc","i18n","Niederlagen kosten keine Hitze, sondern geben +8 % Hitze je Rückstandspunkt. Sinkt deine Hitze durch Verbrauch auf 0, entzündet sie sich 1×/Durchlauf auf 40 % neu.","失败不消耗热量，反而按落后的每点数值给予+8%热量。若你的热量因消耗降到0，它每轮会有1次自行重新点燃到40%。","Losses cost no heat: they give +8% heat per point of deficit instead. If consumption drops your heat to 0, it reignites once per cycle at 40%.","i18n-Katalog (src/i18n) — über t() aufgelöst","","done",""
"ability.SK_FIRE_L02.name","i18n","Phönixfeuer","凤凰之火","Phoenix Fire","i18n-Katalog (src/i18n) — über t() aufgelöst","","done",""
"ability.SK_FIRE_L03.desc","i18n","Dein gesamter Sieg-Score wird mit deinem höchsten je erreichten Hitzestand multipliziert: +1 % je Prozent bis 100 %, also bis ×2, und +3 % je Punkt Überhitzung darüber, mit Weißglut bis ×3,5.","你全部的获胜得分会乘上你曾达到的最高热量：100%以内每一个百分点+1%，也就是最高×2，超出的每一点过热再+3%，配合白热最高到×3.5。","Your entire win score is multiplied by the highest heat level you have ever reached: +1% per percent up to 100%, so up to ×2, and +3% per point of overheat above that, with White Heat up to ×3.5.","i18n-Katalog (src/i18n) — über t() aufgelöst","","done",""
"ability.SK_FIRE_L03.name","i18n","Sonnenzorn","烈日之怒","Sun Wrath","i18n-Katalog (src/i18n) — über t() aufgelöst","","done",""
"ability.SK_FIRE_L04.desc","i18n","Schmiedet jeden Durchlauf deine niedrigste Karte ohne Asche (+3 Wert, bis 10 Karten). Geschmiedete Karten kämpfen mit +5 Wert. Jeder Sieg gibt +14 Score je Punkt geschmiedetem Wert im Deck. Eine Schmiedung sind 3 Punkte.","每轮不消耗灰烬就锻造你最低的那张卡牌（数值+3，最多10张卡牌）。被锻造过的卡牌以+5数值参战。每次获胜按卡组里锻造出的每点数值给予+14得分。一次锻造算3点。","Forges your lowest card every cycle without ash (+3 value, up to 10 cards). Forged cards fight with +5 value. Every win gives +14 score per point of forged value in your deck. One forging is 3 points.","i18n-Katalog (src/i18n) — über t() aufgelöst","","done",""
"ability.SK_FIRE_L04.name","i18n","Damaststahl","大马士革钢","Damascus Steel","i18n-Katalog (src/i18n) — über t() aufgelöst","","done",""
"ability.SK_ICE_01.desc","i18n","Ein Gletscher-Sieg gibt +1 Masse extra, in einer Formation zusätzlich +2.","一次冰川获胜额外给予+1质量，处在阵型中再额外+2。","A glacier win gives +1 extra mass, +2 more inside a formation.","i18n-Katalog (src/i18n) — über t() aufgelöst","","done",""
"ability.SK_ICE_01.name","i18n","Anfrieren","冻结","Freeze-On","i18n-Katalog (src/i18n) — über t() aufgelöst","","done",""
"ability.SK_ICE_02.desc","i18n","Gewinnt ein Gletscher, sät er +2 Schnee in die Boden-Reserve eines der 4 angrenzenden offenen Felder, ohne eigene Masse abzugeben. Nur bei 0 eigener Masse gibt er stattdessen seine Sieg-Masse ab. Eisbrücke erweitert das nicht.","冰川获胜时，会往4个相邻空格之一的地面储量里播下+2积雪，而不交出自己的质量。只有在自身质量为0时，它才改为交出这次获胜的质量。冰桥不会扩大这个范围。","When a glacier wins, it seeds +2 snow into the ground reserve of one of the 4 adjacent open cells, keeping its own mass. Only a glacier at 0 mass gives up its win mass instead. Ice bridge does not extend this.","i18n-Katalog (src/i18n) — über t() aufgelöst","","done",""
"ability.SK_ICE_02.name","i18n","Schneetreiben","暴雪","Snowdrift","i18n-Katalog (src/i18n) — über t() aufgelöst","","done",""
"ability.SK_ICE_03.desc","i18n","Jeden Durchlauf sammeln ungefrorene Felder Schnee in ihrer Boden-Reserve: +1 bei 2 Feldern Abstand zum nächsten Gletscher, +2 ab 3. Die 8 Felder direkt um einen Gletscher bleiben leer. Friert hier später ein Gletscher ein, füllt die Reserve ihn zum Durchlauf-Beginn auf.","每轮，未冻结的格子都会在自己的地面储量里积雪：与最近的冰川相隔2格时+1，相隔3格及以上时+2。冰川周围的8个格子保持空着。如果之后有冰川冻结在这里，储量会在每轮开始时把它补满。","Every cycle, unfrozen cells collect snow in their ground reserve: +1 at 2 cells' distance from the nearest glacier, +2 from 3. The 8 cells directly around a glacier stay empty. If a glacier later freezes here, the reserve refills it at the start of the cycle.","i18n-Katalog (src/i18n) — über t() aufgelöst","","done",""
"ability.SK_ICE_03.name","i18n","Dauerfrost","永冻","Permafrost","i18n-Katalog (src/i18n) — über t() aufgelöst","","done",""
"ability.SK_ICE_04.desc","i18n","Erhöht ein Gebäude den Kampfwert einer Gletscher-Karte, wird dieser Bonus nicht ausgespielt, sondern in Masse umgewandelt: +0,25 Masse je Punkt. Score-Gebäude bleiben unberührt.","当一座建筑提高冰川卡牌的战斗数值时，这份加成不会打出去，而是转成质量：每点+0.25质量。得分类建筑不受影响。","If a building raises the combat value of a glacier card, that bonus is not played out but converted into mass instead: +0.25 mass per point. Score buildings are untouched.","i18n-Katalog (src/i18n) — über t() aufgelöst","","done",""
"ability.SK_ICE_04.name","i18n","Verdichtung","压实","Compaction","i18n-Katalog (src/i18n) — über t() aufgelöst","","done",""
"ability.SK_ICE_05.desc","i18n","Zu Durchlauf-Beginn heben angrenzende Gletscher einander auf den Masse-Durchschnitt ihres Clusters, nie fallend.","每轮开始时，相邻的冰川会互相拉到本集群的平均质量，只升不降。","At the start of a cycle, adjacent glaciers lift each other to the average mass of their cluster, never dropping.","i18n-Katalog (src/i18n) — über t() aufgelöst","","done",""
"ability.SK_ICE_05.name","i18n","Verschmelzen","融合","Fusion","i18n-Katalog (src/i18n) — über t() aufgelöst","","done",""
"ability.SK_ICE_06.desc","i18n","Jeden Durchlauf gewinnt ein Gletscher +0,5 Masse je Gletscher-Nachbar.","每轮，一座冰川按每个相邻冰川获得+0.5质量。","Every cycle, a glacier gains +0.5 mass per glacier neighbour.","i18n-Katalog (src/i18n) — über t() aufgelöst","","done",""
"ability.SK_ICE_06.name","i18n","Packeis","浮冰群","Pack Ice","i18n-Katalog (src/i18n) — über t() aufgelöst","","done",""
"ability.SK_ICE_07.desc","i18n","Zählt auch die vier Diagonalen als angrenzend: zersplitterte Felder werden zu einem Cluster, für Bruch, Kollision und Cluster-Größe.","把四条对角线也算作相邻：碎散的格子于是并成一个集群，用于碎裂、碰撞和集群大小的判定。","Counts the four diagonals as adjacent too: scattered cells become one cluster, for bursts, collisions and cluster size.","i18n-Katalog (src/i18n) — über t() aufgelöst","","done",""
"ability.SK_ICE_07.name","i18n","Eisbrücke","冰桥","Ice Bridge","i18n-Katalog (src/i18n) — über t() aufgelöst","","done",""
"ability.SK_ICE_08.desc","i18n","Eine komplett gefrorene Reihe oder Spalte verstärkt das Bersten aller ihrer Gletscher: ×1,6 statt ×1,3.","一整行或一整列全部冻结时，其中所有冰川的碎裂都会加强：×1.6，而不是×1.3。","A fully frozen row or column strengthens the burst of all its glaciers: ×1.6 instead of ×1.3.","i18n-Katalog (src/i18n) — über t() aufgelöst","","done",""
"ability.SK_ICE_08.name","i18n","Eiswall","冰墙","Ice Wall","i18n-Katalog (src/i18n) — über t() aufgelöst","","done",""
"ability.SK_ICE_09.desc","i18n","Jeden Durchlauf gewinnt jeder Gletscher +0,25 Masse je Gletscher im verbundenen Cluster.","每轮，每座冰川按连通集群里的每座冰川获得+0.25质量。","Every cycle, each glacier gains +0.25 mass per glacier in the connected cluster.","i18n-Katalog (src/i18n) — über t() aufgelöst","","done",""
"ability.SK_ICE_09.name","i18n","Verzahnung","咬合","Interlock","i18n-Katalog (src/i18n) — über t() aufgelöst","","done",""
"ability.SK_ICE_10.desc","i18n","Höhere Masse-Schwellen bersten steiler: Wucht ×1,8 statt ×1,5 an der 2. Schwelle, ×3 statt ×2,2 an der 3.","更高的质量阈值碎裂得更陡：第2阈值的冲击力×1.8而不是×1.5，第3阈值×3而不是×2.2。","Higher mass thresholds burst more steeply: force ×1.8 instead of ×1.5 at the 2nd threshold, ×3 instead of ×2.2 at the 3rd.","i18n-Katalog (src/i18n) — über t() aufgelöst","","done",""
"ability.SK_ICE_10.name","i18n","Abbruchkante","崩裂缘","Calving Edge","i18n-Katalog (src/i18n) — über t() aufgelöst","","done",""
"ability.SK_ICE_11.desc","i18n","Bricht ein Gletscher, brechen angrenzende Gletscher sofort mit, auch ohne ihre Schwelle erreicht zu haben.","一座冰川碎裂时，相邻的冰川会立刻跟着碎裂，即使还没到自己的阈值。","When a glacier bursts, adjacent glaciers burst with it immediately, even without reaching their threshold.","i18n-Katalog (src/i18n) — über t() aufgelöst","","done",""
"ability.SK_ICE_11.name","i18n","Kettenbruch","连锁碎裂","Chain Burst","i18n-Katalog (src/i18n) — über t() aufgelöst","","done",""
"ability.SK_ICE_12.desc","i18n","Trifft ein Bruch einen Gletscher-Nachbarn, zählt die Kollision stärker: Faktor ×2 statt ×1,5.","当碎裂波及相邻的冰川时，碰撞算得更重：系数×2而不是×1.5。","When a burst hits a glacier neighbour, the collision counts for more: factor ×2 instead of ×1.5.","i18n-Katalog (src/i18n) — über t() aufgelöst","","done",""
"ability.SK_ICE_12.name","i18n","Zermalmen","碾碎","Crush","i18n-Katalog (src/i18n) — über t() aufgelöst","","done",""
"ability.SK_ICE_13.desc","i18n","Ein Gletscher bricht schon ab 6 Masse statt 12.","一座冰川6质量就碎裂，而不是12。","A glacier bursts at 6 mass already, instead of 12.","i18n-Katalog (src/i18n) — über t() aufgelöst","","done",""
"ability.SK_ICE_13.name","i18n","Rissbildung","裂纹","Fracturing","i18n-Katalog (src/i18n) — über t() aufgelöst","","done",""
"ability.SK_ICE_14.desc","i18n","Jeder Bruch wird +5 % stärker je Gletscher, der im selben Durchlauf bricht.","同一轮里每多碎裂一座冰川，每次碎裂就再强+5%。","Every burst is +5% stronger per glacier that bursts in the same cycle.","i18n-Katalog (src/i18n) — über t() aufgelöst","","done",""
"ability.SK_ICE_14.name","i18n","Gletschersturz","冰川崩落","Glacier Collapse","i18n-Katalog (src/i18n) — über t() aufgelöst","","done",""
"ability.SK_ICE_15.desc","i18n","Bricht ein Gletscher auf eine Gegnerkarte, verliert diese ihren Stich im nächsten Durchlauf.","当一座冰川碎裂在一张对手卡牌上，那张卡牌会在下一轮失去它的那一墩。","When a glacier bursts onto an opponent card, that card loses its trick in the next cycle.","i18n-Katalog (src/i18n) — über t() aufgelöst","","done",""
"ability.SK_ICE_15.name","i18n","Einfrieren","冻住","Freeze","i18n-Katalog (src/i18n) — über t() aufgelöst","","done",""
"ability.SK_ICE_16.desc","i18n","Bricht ein Gletscher, bekommen seine Nicht-Gletscher-Nachbarn +3 Stichwert im nächsten Durchlauf. Mit Eisbrücke gilt das für die 8er-Nachbarschaft.","一座冰川碎裂时，它那些非冰川的邻居在下一轮获得+3墩值。有冰桥时，这适用于8向的邻居。","When a glacier bursts, its non-glacier neighbours get +3 trick value in the next cycle. With ice bridge, this applies to the 8-neighbourhood.","i18n-Katalog (src/i18n) — über t() aufgelöst","","done",""
"ability.SK_ICE_16.name","i18n","Frostbund","霜之盟","Frost Bond","i18n-Katalog (src/i18n) — über t() aufgelöst","","done",""
"ability.SK_ICE_17.desc","i18n","Eine Niederlage neben einem Gletscher bricht deine Serie nicht und gibt +1 Masse je angrenzendem Gletscher.","在冰川旁边输掉一墩不会中断你的连胜，并按每个相邻冰川给予+1质量。","A loss next to a glacier does not break your streak and gives +1 mass per adjacent glacier.","i18n-Katalog (src/i18n) — über t() aufgelöst","","done",""
"ability.SK_ICE_17.name","i18n","Eispanzer","冰甲","Ice Armour","i18n-Katalog (src/i18n) — über t() aufgelöst","","done",""
"ability.SK_ICE_L01.desc","i18n","Jeden Durchlauf +3 Schnee in die Boden-Reserve jedes ungefrorenen Felds. Das reservestärkste friert dann zum Gletscher ein und füllt sich aus seiner Reserve. Bis zu 16 Gletscher.","每轮给每个未冻结格子的地面储量+3积雪。之后储量最多的那个格子会冻结成冰川，并从自己的储量里填充。最多16座冰川。","Every cycle, +3 snow into the ground reserve of every unfrozen cell. The one with the largest reserve then freezes into a glacier and refills from its reserve. Up to 16 glaciers.","i18n-Katalog (src/i18n) — über t() aufgelöst","","done",""
"ability.SK_ICE_L01.name","i18n","Eiszeit","冰期","Ice Age","i18n-Katalog (src/i18n) — über t() aufgelöst","","done",""
"ability.SK_ICE_L02.desc","i18n","Jeden Durchlauf ziehen alle deine Gletscher auf die Masse des stärksten hoch, nie fallend, und bekommen +3 Masse obendrauf. Beim Bruch gilt jeder Gletscher als Nachbar aller anderen: volle Kaskade und Kollision, egal wo sie liegen.","每轮，你所有的冰川都会被拉到最强那座的质量，只升不降，并再获得+3质量。碎裂时，每座冰川都算作其他所有冰川的邻居：无论它们在哪，都是完整的级联和碰撞。","Every cycle, all your glaciers rise to the mass of the strongest, never dropping, and gain +3 mass on top. On a burst, every glacier counts as a neighbour of every other: full cascade and collision, wherever they sit.","i18n-Katalog (src/i18n) — über t() aufgelöst","","done",""
"ability.SK_ICE_L02.name","i18n","Ewiges Schild","永恒之盾","Eternal Shield","i18n-Katalog (src/i18n) — über t() aufgelöst","","done",""
"ability.SK_ICE_L03.desc","i18n","Im letzten Durchlauf brechen ALLE deine Gletscher auf einen Schlag, auch die noch nicht vollen, jeder mit der Wucht der höchsten Schwelle und massiv verstärkt.","在最后一轮，你所有的冰川会一次性全部碎裂，包括还没攒满的，每一座都以最高阈值的冲击力并大幅加强。","In the final cycle, ALL your glaciers burst at once, including those not yet full, each with the force of the highest threshold and massively amplified.","i18n-Katalog (src/i18n) — über t() aufgelöst","","done",""
"ability.SK_ICE_L03.name","i18n","Große Lawine","大雪崩","Great Avalanche","i18n-Katalog (src/i18n) — über t() aufgelöst","","done",""
"ability.SK_ICE_L04.desc","i18n","Jede vom Bruch getroffene Gegnerkarte verliert ihren Stich, und der Bruch greift über die vier Nachbarn hinaus ins Gegnerfeld. Jeder Bruch zählt ×3 Score.","每一张被碎裂波及的对手卡牌都会失去它的那一墩，而且碎裂会越过四个邻居继续深入对手场地。每次碎裂的得分算×3。","Every opponent card hit by the burst loses its trick, and the burst reaches beyond the four neighbours into the opponent's field. Every burst counts ×3 score.","i18n-Katalog (src/i18n) — über t() aufgelöst","","done",""
"ability.SK_ICE_L04.name","i18n","Erstarrung","凝固","Rigor","i18n-Katalog (src/i18n) — über t() aufgelöst","","done",""
"ability.SK_LIGHTNING_01.desc","i18n","Jeder Crit erzeugt +1 Ladung zusätzlich. Jeder volle Ladungsverbrauch gibt +1 Ladung zurück.","每次暴击额外产生+1充能。每次用满充能返还+1充能。","Every crit generates +1 extra charge. Every full charge consumption returns +1 charge.","i18n-Katalog (src/i18n) — über t() aufgelöst","","done",""
"ability.SK_LIGHTNING_01.name","i18n","Blitzableiter","避雷针","Lightning Rod","i18n-Katalog (src/i18n) — über t() aufgelöst","","done",""
"ability.SK_LIGHTNING_02.desc","i18n","Bei voller Ladung: 2 ungespielte Karten ionisieren.

▸ Sieg mit ionisierter Karte: +12 Score je Stapel.
▸ Jeder Stapel im Deck: +2 % Crit-Chance feldweit (max +18 %).
▸ Sind ~85 % der Karten ionisiert: alle Karten +1 Wert.","充能满时：电离2张还没出过的卡牌。

▸ 用被电离的卡牌获胜：每层+12得分。
▸ 卡组里每一层：全场+2%暴击率（最高+18%）。
▸ 当约85%的卡牌都被电离：所有卡牌+1数值。","At full charge: 2 unplayed cards become ionized.

▸ Win with an ionized card: +12 score per stack.
▸ Every stack in the deck: +2% crit chance field-wide (max +18%).
▸ Once ~85% of the cards are ionized: all cards +1 value.","i18n-Katalog (src/i18n) — über t() aufgelöst","","done",""
"ability.SK_LIGHTNING_02.name","i18n","Ionisierung","电离","Ionization","i18n-Katalog (src/i18n) — über t() aufgelöst","","done",""
"ability.SK_LIGHTNING_03.desc","i18n","Verstärker: Jede Ionisierung erfasst +2 weitere Karten.","增幅器：每次电离多波及+2张卡牌。","Amplifier: Every ionization catches +2 more cards.","i18n-Katalog (src/i18n) — über t() aufgelöst","","done",""
"ability.SK_LIGHTNING_03.name","i18n","Kettenblitz","连锁闪电","Chain Lightning","i18n-Katalog (src/i18n) — über t() aufgelöst","","done",""
"ability.SK_LIGHTNING_04.desc","i18n","Ein Crit auf oder direkt neben einer ionisierten Karte erzeugt +3 Ladung.","在一张被电离的卡牌上或紧邻它的位置发生暴击，产生+3充能。","A crit on or directly next to an ionized card generates +3 charge.","i18n-Katalog (src/i18n) — über t() aufgelöst","","done",""
"ability.SK_LIGHTNING_04.name","i18n","Überspannung","过压","Overvoltage","i18n-Katalog (src/i18n) — über t() aufgelöst","","done",""
"ability.SK_LIGHTNING_05.desc","i18n","Nach jedem vollen Ladungsverbrauch bleiben 4 Ladungen statt 0.","每次用满充能之后保留4点充能，而不是0。","After every full charge consumption, 4 charge is kept instead of 0.","i18n-Katalog (src/i18n) — über t() aufgelöst","","done",""
"ability.SK_LIGHTNING_05.name","i18n","Reststrom","余流","Residual Current","i18n-Katalog (src/i18n) — über t() aufgelöst","","done",""
"ability.SK_LIGHTNING_06.desc","i18n","Jeder volle Ladungsverbrauch gibt dauerhaft +1 % Crit-Chance (bis +50 %).","每次用满充能永久给予+1%暴击率（最高+50%）。","Every full charge consumption permanently grants +1% crit chance (up to +50%).","i18n-Katalog (src/i18n) — über t() aufgelöst","","done",""
"ability.SK_LIGHTNING_06.name","i18n","Gewitterfront","雷暴锋面","Storm Front","i18n-Katalog (src/i18n) — über t() aufgelöst","","done",""
"ability.SK_LIGHTNING_07.desc","i18n","Jeder Serienpunkt gibt +2 % Crit-Chance (bis +30 %). Verbraucht keine Ladung.","每个连胜点给予+2%暴击率（最高+30%）。不消耗充能。","Every streak point grants +2% crit chance (up to +30%). Consumes no charge.","i18n-Katalog (src/i18n) — über t() aufgelöst","","done",""
"ability.SK_LIGHTNING_07.name","i18n","Ladungsserie","充能连胜","Charge Streak","i18n-Katalog (src/i18n) — über t() aufgelöst","","done",""
"ability.SK_LIGHTNING_08.desc","i18n","Jeder Sieg ohne Crit erzeugt +1 Ladung. Jeder volle Ladungsverbrauch gibt +40 Direkt-Score.","每次无暴击的获胜产生+1充能。每次用满充能给予+40直接得分。","Every win without a crit generates +1 charge. Every full charge consumption gives +40 direct score.","i18n-Katalog (src/i18n) — über t() aufgelöst","","done",""
"ability.SK_LIGHTNING_08.name","i18n","Statische Aufladung","静电积累","Static Buildup","i18n-Katalog (src/i18n) — über t() aufgelöst","","done",""
"ability.SK_LIGHTNING_09.desc","i18n","Gewinnst du mit einer voll ionisierten Karte: +250 Score und +3 Ladung.","用一张电离已满的卡牌获胜：+250得分和+3充能。","When you win with a fully ionized card: +250 score and +3 charge.","i18n-Katalog (src/i18n) — über t() aufgelöst","","done",""
"ability.SK_LIGHTNING_09.name","i18n","Kurzschluss","短路","Short Circuit","i18n-Katalog (src/i18n) — über t() aufgelöst","","done",""
"ability.SK_LIGHTNING_10.desc","i18n","Jeder volle Ladungsverbrauch gibt dauerhaft +0,1× Crit-Multiplikator (bis +1×).","每次用满充能永久给予+0.1×暴击倍率（最高+1×）。","Every full charge consumption permanently grants +0.1× crit multiplier (up to +1×).","i18n-Katalog (src/i18n) — über t() aufgelöst","","done",""
"ability.SK_LIGHTNING_10.name","i18n","Entladung","放电","Discharge","i18n-Katalog (src/i18n) — über t() aufgelöst","","done",""
"ability.SK_LIGHTNING_11.desc","i18n","Trifft eine Ionisierung eine volle Karte: +2 Stichwert beim nächsten Auftauchen dieser Karte und +1 Ladung.","当电离落在一张已满的卡牌上：这张卡牌下次出场时+2墩值，并给予+1充能。","When an ionization hits a full card: +2 trick value the next time that card comes up, and +1 charge.","i18n-Katalog (src/i18n) — über t() aufgelöst","","done",""
"ability.SK_LIGHTNING_11.name","i18n","Blitzfänger","捕雷器","Lightning Catcher","i18n-Katalog (src/i18n) — über t() aufgelöst","","done",""
"ability.SK_LIGHTNING_12.desc","i18n","Gewinnt eine ionisierte Karte, springt ein Ionisierungsstapel auf eine noch nicht ionisierte Karte. Gibt es keine, auf den nächsten nicht-vollen Nachfolger.","当一张被电离的卡牌获胜时，一层电离会跳到一张还没被电离的卡牌上。如果没有，就跳到后面第一张还没满的卡牌上。","When an ionized card wins, an ionization stack jumps to a card that is not ionized yet; if there is none, to the next card that is not yet full.","i18n-Katalog (src/i18n) — über t() aufgelöst","","done",""
"ability.SK_LIGHTNING_12.name","i18n","Breitenbeschleuniger","广度加速器","Breadth Accelerator","i18n-Katalog (src/i18n) — über t() aufgelöst","","done",""
"ability.SK_LIGHTNING_13.desc","i18n","Jeder Sieg ohne Crit gibt +5 % Crit-Chance für den nächsten Sieg (bis +50 %). Ein Crit setzt sie zurück.","每次无暴击的获胜给予下一次获胜+5%暴击率（最高+50%）。一次暴击会把它清空。","Every win without a crit grants +5% crit chance for the next win (up to +50%). A crit resets it.","i18n-Katalog (src/i18n) — über t() aufgelöst","","done",""
"ability.SK_LIGHTNING_13.name","i18n","Spannungsstau","电压积压","Voltage Buildup","i18n-Katalog (src/i18n) — über t() aufgelöst","","done",""
"ability.SK_LIGHTNING_14.desc","i18n","Crit-Chance über 100 % wird bei jedem Sieg in Ladung umgewandelt: je 10 Prozentpunkte +1 Ladung. Sind ~85 % der Karten voll ionisiert, reichen 5 Prozentpunkte.","超过100%的暴击率会在每次获胜时换成充能：每10个百分点+1充能。当约85%的卡牌电离已满时，5个百分点就够。","Crit chance above 100% converts into charge on every win: every 10 percentage points give +1 charge. Once ~85% of the cards are fully ionized, 5 percentage points are enough.","i18n-Katalog (src/i18n) — über t() aufgelöst","","done",""
"ability.SK_LIGHTNING_14.name","i18n","Überschlag","跃弧","Arc-Over","i18n-Katalog (src/i18n) — über t() aufgelöst","","done",""
"ability.SK_LIGHTNING_15.desc","i18n","Jeder Crit ionisiert die gewonnene Karte (+1 Stapel).","每次暴击都会电离获胜的那张卡牌（+1层）。","Every crit ionizes the card it won with (+1 stack).","i18n-Katalog (src/i18n) — über t() aufgelöst","","done",""
"ability.SK_LIGHTNING_15.name","i18n","Blitzschlag","落雷","Lightning Strike","i18n-Katalog (src/i18n) — über t() aufgelöst","","done",""
"ability.SK_LIGHTNING_16.desc","i18n","Jeder Sieg in Folge gibt +1 Ladung je 3 Serienpunkte (höchstens +3/Sieg). Jeder volle Ladungsverbrauch gibt dauerhaft +2 % Crit-Chance (bis +40 %).","每连续获胜一次，每3个连胜点给予+1充能（每次获胜最多+3）。每次用满充能永久给予+2%暴击率（最高+40%）。","Every win in a row grants +1 charge per 3 streak points (at most +3 per win). Every full charge consumption permanently grants +2% crit chance (up to +40%).","i18n-Katalog (src/i18n) — über t() aufgelöst","","done",""
"ability.SK_LIGHTNING_16.name","i18n","Dauerstrom","恒流","Continuous Current","i18n-Katalog (src/i18n) — über t() aufgelöst","","done",""
"ability.SK_LIGHTNING_17.desc","i18n","Verlierst du einen Stich mit mindestens 50 % Ladung, bricht deine Serie nicht. Diese Ladung wird dafür verbraucht.","当你带着至少50%充能输掉一墩时，连胜不会中断。作为代价，这部分充能会被消耗掉。","If you lose a trick while holding at least 50% charge, your streak does not break. That charge is consumed instead.","i18n-Katalog (src/i18n) — über t() aufgelöst","","done",""
"ability.SK_LIGHTNING_17.name","i18n","Serienschutz","连胜保护","Streak Guard","i18n-Katalog (src/i18n) — über t() aufgelöst","","done",""
"ability.SK_LIGHTNING_L01.desc","i18n","Konsumenten lösen schon bei 70 % Ladung aus und geben dauerhaft +0,4× Crit-Multiplikator.","消耗者在充能70%时就会触发，并永久给予+0.4×暴击倍率。","Consumers already trigger at 70% charge and permanently grant +0.4× crit multiplier.","i18n-Katalog (src/i18n) — über t() aufgelöst","","done",""
"ability.SK_LIGHTNING_L01.name","i18n","Donnergott","雷神","Thunder God","i18n-Katalog (src/i18n) — über t() aufgelöst","","done",""
"ability.SK_LIGHTNING_L02.desc","i18n","Bei vollem Ladungsverbrauch ionisiert der Konsument 3× so viele Karten. Jeder Sieg mit einer ionisierten Karte gibt +40 Score je Ionisierungsstapel im Feld (bis 120), anteilig zu deinen gehaltenen Blitz-Skills.","用满充能时，消耗者电离的卡牌数量变成3倍。每次用被电离的卡牌获胜，按场上每层电离给予+40得分（最多120），并按你持有的闪电技能数量折算。","On a full charge consumption, the consumer ionizes 3× as many cards. Every win with an ionized card gives +40 score per ionization stack on the field (up to 120), in proportion to the lightning skills you hold.","i18n-Katalog (src/i18n) — über t() aufgelöst","","done",""
"ability.SK_LIGHTNING_L02.name","i18n","Doppelentladung","双重放电","Double Discharge","i18n-Katalog (src/i18n) — über t() aufgelöst","","done",""
"ability.SK_LIGHTNING_L03.desc","i18n","Gewinnst du mit einer ionisierten Karte, bekommen beide ungespielten Nachbarkarten je +1 Ionisierungsstapel, dazu +130 Score je ionisierter Karte im Feld (bis 30), anteilig zu deinen gehaltenen Blitz-Skills.","用被电离的卡牌获胜时，两侧还没出过的邻居各获得+1层电离，另外按场上每张被电离的卡牌给予+130得分（最多30），并按你持有的闪电技能数量折算。","When you win with an ionized card, both unplayed neighbour cards each get +1 ionization stack, plus +130 score per ionized card on the field (up to 30), in proportion to the lightning skills you hold.","i18n-Katalog (src/i18n) — über t() aufgelöst","","done",""
"ability.SK_LIGHTNING_L03.name","i18n","Flächenionisation","全域电离","Area Ionization","i18n-Katalog (src/i18n) — über t() aufgelöst","","done",""
"ability.SK_LIGHTNING_L04.desc","i18n","Gewinnt eine voll ionisierte Karte mit Crit, gibt sie dauerhaft +0,18× Crit-Multiplikator (bis +2×).","当一张电离已满的卡牌以暴击获胜，它永久给予+0.18×暴击倍率（最高+2×）。","When a fully ionized card wins with a crit, it permanently grants +0.18× crit multiplier (up to +2×).","i18n-Katalog (src/i18n) — über t() aufgelöst","","done",""
"ability.SK_LIGHTNING_L04.name","i18n","Durchschlag","击穿","Breakdown","i18n-Katalog (src/i18n) — über t() aufgelöst","","done",""
"ability.SK_PLANT_02.desc","i18n","Jeder Sieg einer grünen Karte gibt +15 Wurzel-Score, dazu einen Bonus, der mit dem Gesamtwachstum des Feldes steigt (max. +120 bei ~13.000 Wachstum).","绿色卡牌每次获胜给予+15根系得分，另外还有一份随场上总生长增长的加成（在约13,000生长时最多+120）。","Every win by a green card gives +15 root score, plus a bonus that rises with the total growth on the field (max +120 at ~13,000 growth).","i18n-Katalog (src/i18n) — über t() aufgelöst","","done",""
"ability.SK_PLANT_02.name","i18n","Wurzeltiefe","根深","Root Depth","i18n-Katalog (src/i18n) — über t() aufgelöst","","done",""
"ability.SK_PLANT_03.desc","i18n","Verstärker: Die Wurzel-Basis (15) ×2, wenn die grüne Karte in einer Formation gewinnt.","增幅器：绿色卡牌在阵型中获胜时，根系基数（15）×2。","Amplifier: The root base (15) ×2 when the green card wins inside a formation.","i18n-Katalog (src/i18n) — über t() aufgelöst","","done",""
"ability.SK_PLANT_03.name","i18n","Pfahlwurzel","主根","Taproot","i18n-Katalog (src/i18n) — über t() aufgelöst","","done",""
"ability.SK_PLANT_04.desc","i18n","Verstärker: Je volle 10 eigenes Wachstum gibt eine grüne Karte bei ihrem Sieg +35 Wurzel-Score extra.","增幅器：绿色卡牌自身每满10点生长，在它获胜时额外给予+35根系得分。","Amplifier: For every full 10 growth of its own, a green card gives +35 extra root score when it wins.","i18n-Katalog (src/i18n) — über t() aufgelöst","","done",""
"ability.SK_PLANT_04.name","i18n","Jahresringe","年轮","Growth Rings","i18n-Katalog (src/i18n) — über t() aufgelöst","","done",""
"ability.SK_PLANT_05.desc","i18n","Gewinnt eine grüne Karte, sät sie beide Nachbarn: +1 Wachstum je Seite.
Trimmen: beim Ersetzen des Skills dauerhaft +20 % Wurzel-/Blüten-Score (bis +150 %).","绿色卡牌获胜时，会给两侧邻居播种：每侧+1生长。
修剪：替换掉这个技能时，永久提高+20%根系和花朵得分（最高+150%）。","When a green card wins, it sows both neighbours: +1 growth per side.
Pruning: replacing the skill permanently grants +20% root/bloom score (up to +150%).","i18n-Katalog (src/i18n) — über t() aufgelöst","","done",""
"ability.SK_PLANT_05.name","i18n","Aussaat","播种","Sowing","i18n-Katalog (src/i18n) — über t() aufgelöst","","done",""
"ability.SK_PLANT_06.desc","i18n","Verstärker: Aussaat überspringt schon grüne Karten und sät die nächste noch-graue dahinter.
Trimmen: beim Ersetzen des Skills dauerhaft +20 % Wurzel-/Blüten-Score (bis +150 %).","增幅器：播种会跳过已经变绿的卡牌，播到它后面第一张还是灰色的卡牌上。
修剪：替换掉这个技能时，永久提高+20%根系和花朵得分（最高+150%）。","Amplifier: Sowing skips cards that are already green and sows the next still-grey card behind them.
Pruning: replacing the skill permanently grants +20% root/bloom score (up to +150%).","i18n-Katalog (src/i18n) — über t() aufgelöst","","done",""
"ability.SK_PLANT_06.name","i18n","Flugsamen","飞种","Wind Seeds","i18n-Katalog (src/i18n) — über t() aufgelöst","","done",""
"ability.SK_PLANT_07.desc","i18n","Die niedrigste Karte je Segment startet den Lauf mit +3 Wachstum Vorsprung.
Trimmen: beim Ersetzen des Skills dauerhaft +20 % Wurzel-/Blüten-Score (bis +150 %).","每个区段里数值最低的那张卡牌，开局就带着+3生长的领先。
修剪：替换掉这个技能时，永久提高+20%根系和花朵得分（最高+150%）。","The lowest card in each segment starts the run with +3 growth of a head start.
Pruning: replacing the skill permanently grants +20% root/bloom score (up to +150%).","i18n-Katalog (src/i18n) — über t() aufgelöst","","done",""
"ability.SK_PLANT_07.name","i18n","Setzlingsbeet","苗床","Seedbed","i18n-Katalog (src/i18n) — über t() aufgelöst","","done",""
"ability.SK_PLANT_08.desc","i18n","Unreife (graue) Karten wachsen auch bei Niederlage +1, bis sie grün sind.
Trimmen: beim Ersetzen des Skills dauerhaft +20 % Wurzel-/Blüten-Score (bis +150 %).","未成熟的（灰色）卡牌即使失败也会+1生长，直到它们变绿。
修剪：替换掉这个技能时，永久提高+20%根系和花朵得分（最高+150%）。","Unripe (grey) cards grow +1 even on a loss, until they are green.
Pruning: replacing the skill permanently grants +20% root/bloom score (up to +150%).","i18n-Katalog (src/i18n) — über t() aufgelöst","","done",""
"ability.SK_PLANT_08.name","i18n","Zäher Halm","韧茎","Tough Stalk","i18n-Katalog (src/i18n) — über t() aufgelöst","","done",""
"ability.SK_PLANT_09.desc","i18n","Gewinnt eine grüne Karte, färbt sie einen noch-grauen Nachbarn sofort grün.","绿色卡牌获胜时，会立刻把一张还是灰色的邻居染成绿色。","When a green card wins, it immediately turns a still-grey neighbour green.","i18n-Katalog (src/i18n) — über t() aufgelöst","","done",""
"ability.SK_PLANT_09.name","i18n","Ranken","藤蔓","Tendrils","i18n-Katalog (src/i18n) — über t() aufgelöst","","done",""
"ability.SK_PLANT_10.desc","i18n","Gewinnt eine grüne Karte, deren Nachbarn schon grün sind, blüht sie: +15 Blüte-Score je grüner Karte im Segment.","当一张绿色卡牌在邻居都已变绿的情况下获胜，它会开花：按区段里每张绿色卡牌+15花朵得分。","When a green card whose neighbours are already green wins, it blooms: +15 bloom score per green card in the segment.","i18n-Katalog (src/i18n) — über t() aufgelöst","","done",""
"ability.SK_PLANT_10.name","i18n","Blüte","开花","Bloom","i18n-Katalog (src/i18n) — über t() aufgelöst","","done",""
"ability.SK_PLANT_11.desc","i18n","Verstärker: Blüte-Score ×2, wenn die Karte in einer Formation gewinnt.","增幅器：卡牌在阵型中获胜时，花朵得分×2。","Amplifier: Bloom score ×2 when the card wins inside a formation.","i18n-Katalog (src/i18n) — über t() aufgelöst","","done",""
"ability.SK_PLANT_11.name","i18n","Blütezeit","花期","Blooming Season","i18n-Katalog (src/i18n) — über t() aufgelöst","","done",""
"ability.SK_PLANT_12.desc","i18n","Grüne Karten in einer Formation geben zusätzlich ×1,08 Score.","处在阵型中的绿色卡牌额外给予×1.08得分。","Green cards inside a formation give ×1.08 score on top.","i18n-Katalog (src/i18n) — über t() aufgelöst","","done",""
"ability.SK_PLANT_12.name","i18n","Photosynthese","光合作用","Photosynthesis","i18n-Katalog (src/i18n) — über t() aufgelöst","","done",""
"ability.SK_PLANT_13.desc","i18n","In einem grünen Farbblock ab 4 Karten gibt jede grüne Karte bei Sieg +8 Score je Karte im Block (bis 10).","在一个至少4张卡牌的绿色同花块里，每张绿色卡牌获胜时按块内每张卡牌给予+8得分（最多10张）。","In a green suit block of 4 cards or more, every green card gives +8 score per card in the block on a win (up to 10).","i18n-Katalog (src/i18n) — über t() aufgelöst","","done",""
"ability.SK_PLANT_13.name","i18n","Blätterdach","树冠","Canopy","i18n-Katalog (src/i18n) — über t() aufgelöst","","done",""
"ability.SK_PLANT_14.desc","i18n","Ist das Feld ≥66 % grün, geben alle Farbblöcke +0,2 Faktor und Blüte zählt doppelt.","当场上≥66%变绿时，所有同花块获得+0.2系数，花朵算双倍。","Once the field is 66% green or more, all suit blocks give +0.2 factor and bloom counts double.","i18n-Katalog (src/i18n) — über t() aufgelöst","","done",""
"ability.SK_PLANT_14.name","i18n","Überwucherung","疯长","Overgrowth","i18n-Katalog (src/i18n) — über t() aufgelöst","","done",""
"ability.SK_PLANT_15.desc","i18n","Gewinnt eine grüne Karte, kolonisiert sie die niedrigste Gegnerkarte. Besiegst du eine kolonisierte Karte, erntest du +2 Wachstum.
Trimmen: beim Ersetzen des Skills dauerhaft +20 % Wurzel-/Blüten-Score (bis +150 %).","绿色卡牌获胜时，会扩张到数值最低的那张对手卡牌上。当你战胜一张被扩张过的卡牌时，你会收获+2生长。
修剪：替换掉这个技能时，永久提高+20%根系和花朵得分（最高+150%）。","When a green card wins, it colonizes the lowest opponent card. Beat a colonized card and you harvest +2 growth.
Pruning: replacing the skill permanently grants +20% root/bloom score (up to +150%).","i18n-Katalog (src/i18n) — über t() aufgelöst","","done",""
"ability.SK_PLANT_15.name","i18n","Ausläufer","匍匐茎","Runners","i18n-Katalog (src/i18n) — über t() aufgelöst","","done",""
"ability.SK_PLANT_16.desc","i18n","Verstärker: Beim Ernten wird ein ebenfalls kolonisierter Gegner-Nachbar mitgeerntet: +2 Wachstum extra.
Trimmen: beim Ersetzen des Skills dauerhaft +20 % Wurzel-/Blüten-Score (bis +150 %).","增幅器：收获时，一个同样被扩张过的相邻对手也会被一起收获：额外+2生长。
修剪：替换掉这个技能时，永久提高+20%根系和花朵得分（最高+150%）。","Amplifier: When harvesting, an equally colonized opponent neighbour is harvested along with it: +2 extra growth.
Pruning: replacing the skill permanently grants +20% root/bloom score (up to +150%).","i18n-Katalog (src/i18n) — über t() aufgelöst","","done",""
"ability.SK_PLANT_16.name","i18n","Rhizom","根茎","Rhizome","i18n-Katalog (src/i18n) — über t() aufgelöst","","done",""
"ability.SK_PLANT_17.desc","i18n","Verstärker: Erntest du mit einer reifen Karte, gibt es zusätzlich +70 Score.","增幅器：用一张成熟的卡牌收获时，额外给予+70得分。","Amplifier: If you harvest with a ripe card, you also get +70 score.","i18n-Katalog (src/i18n) — über t() aufgelöst","","done",""
"ability.SK_PLANT_17.name","i18n","Erntedank","丰收祭","Harvest Feast","i18n-Katalog (src/i18n) — über t() aufgelöst","","done",""
"ability.SK_PLANT_18.desc","i18n","Jeder Sieg einer grünen Karte gibt +15 Score je Kartenwert-Punkt über ihrem Startwert (max. +150 von Wert 1 auf 11). Karten gewinnen Wert nur, solange du nur Pflanzen-Skills hältst.","绿色卡牌每次获胜，按它高出初始数值的每点卡牌数值给予+15得分（从数值1到11最多+150）。只有在你只持有植物技能时，卡牌才会获得数值。","Every win by a green card gives +15 score per point of card value above its starting value (max +150 from value 1 to 11). Cards only gain value while you hold nothing but plant skills.","i18n-Katalog (src/i18n) — über t() aufgelöst","","done",""
"ability.SK_PLANT_18.name","i18n","Kernholz","心材","Heartwood","i18n-Katalog (src/i18n) — über t() aufgelöst","","done",""
"ability.SK_PLANT_L01.desc","i18n","Am Ende jedes Durchlaufs wächst der ganze Wald: +1 Wachstum je 5 grüne Karten im Feld. Jeder grüne Sieg gibt +6,5 Score je Wachstum über dem Wert-Deckel, summiert über alle grünen Karten (bis 600).","每轮结束时整片森林都会生长：场上每5张绿色卡牌+1生长。每次绿色获胜，按所有绿色卡牌超出数值上限的生长总和给予+6.5得分（最多600）。","At the end of every cycle the whole forest grows: +1 growth per 5 green cards on the field. Every green win gives +6.5 score per growth above the value cap, summed over all green cards (up to 600).","i18n-Katalog (src/i18n) — über t() aufgelöst","","done",""
"ability.SK_PLANT_L01.name","i18n","Weltenbaum","世界树","World Tree","i18n-Katalog (src/i18n) — über t() aufgelöst","","done",""
"ability.SK_PLANT_L02.desc","i18n","Mit Wurzeltiefe: Ist deine höchstgewachsene Karte am Zug, verdoppelt sie ihren Wurzel-Score. Jeder grüne Sieg gibt +68 Score je Wachstum deines tiefsten Baums über dem Wert-Deckel (bis 60), auch ohne Wurzeltiefe.","配合根深：当你生长最高的那张卡牌出场时，它的根系得分翻倍。每次绿色获胜，按你最深的那棵树超出数值上限的生长给予+68得分（最多60），没有根深时也一样。","With Root Depth: when your most grown card is up, it doubles its root score. Every green win gives +68 score per growth of your deepest tree above the value cap (up to 60), even without Root Depth.","i18n-Katalog (src/i18n) — über t() aufgelöst","","done",""
"ability.SK_PLANT_L02.name","i18n","Mutterbaum","母树","Mother Tree","i18n-Katalog (src/i18n) — über t() aufgelöst","","done",""
"ability.SK_PLANT_L03.desc","i18n","Voll ausgewachsene grüne Karten (Wert 11) bilden eine positionsfreie Wiederholung, egal wo sie liegen: ab 2 solchen Karten ×1,3 auf ihre Stiche, je weitere +0,15, bis ×2. Jede darf zugleich in einer anderen Formation zählen.","完全长成的绿色卡牌（数值11）会构成一个不看位置的重复阵型，无论它们在哪：有2张这样的卡牌起，它们的墩×1.3，每多一张+0.15，最高到×2。每张卡牌同时还可以算在另一个阵型里。","Fully grown green cards (value 11) form a position-free repeat, wherever they sit: from 2 such cards ×1.3 on their tricks, +0.15 per further card, up to ×2. Each may count in a different formation at the same time.","i18n-Katalog (src/i18n) — über t() aufgelöst","","done",""
"ability.SK_PLANT_L03.name","i18n","Baumreihe","树列","Tree Line","i18n-Katalog (src/i18n) — über t() aufgelöst","","done",""
"ability.SK_PLANT_L04.desc","i18n","Jeder grüne Sieg gibt +80 Score je grüner Karte im Feld (bis 40). Bei voll grünem Feld zählt jede grüne Karte 1,5× (effektiv bis 60).","每次绿色获胜按场上每张绿色卡牌给予+80得分（最多40）。场上全绿时，每张绿色卡牌算1.5×（实际最高到60）。","Every green win gives +80 score per green card on the field (up to 40). On a fully green field, every green card counts 1.5× (effectively up to 60).","i18n-Katalog (src/i18n) — über t() aufgelöst","","done",""
"ability.SK_PLANT_L04.name","i18n","Ewiger Frühling","永恒之春","Eternal Spring","i18n-Katalog (src/i18n) — über t() aufgelöst","","done",""
"anchor.crit.label","i18n","Crit","暴击","Crit","i18n-Katalog (src/i18n) — über t() aufgelöst","","done",""
"anchor.formation.label","i18n","Formation","阵型","Formation","i18n-Katalog (src/i18n) — über t() aufgelöst","","done",""
"anchor.joker.label","i18n","Joker","万能牌","Wild","i18n-Katalog (src/i18n) — über t() aufgelöst","","done",""
"anchor.power.label","i18n","Kraft","力量","Power","i18n-Katalog (src/i18n) — über t() aufgelöst","","done",""
"anchor.score.label","i18n","Score","得分","Score","i18n-Katalog (src/i18n) — über t() aufgelöst","","done",""
"anchor.streak.label","i18n","Serie","连胜","Streak","i18n-Katalog (src/i18n) — über t() aufgelöst","","done",""
"app.abort.end.sub","i18n","Der Lauf wird gewertet und der Endscreen erscheint.","这一局会被结算，并显示结算画面。","The run is scored and the end screen appears.","i18n-Katalog (src/i18n) — über t() aufgelöst","","done",""
"app.abort.help","i18n","Beenden & speichern merkt sich den Lauf; du kannst ihn später im Menü fortsetzen. Beenden wertet ihn und zeigt den Endscreen.","「结束并保存」会记住这一局，你之后可以在菜单里继续。「结束」则直接结算并显示结算画面。","End & save remembers the run; you can continue it later from the menu. End scores it and shows the end screen.","i18n-Katalog (src/i18n) — über t() aufgelöst","","done",""
"app.abort.save","i18n","Beenden & speichern","结束并保存","End & save","i18n-Katalog (src/i18n) — über t() aufgelöst","","done",""
"app.abort.save.sub","i18n","Der Lauf wird gemerkt, du setzt ihn später im Menü fort.","这一局会被记住，你之后可以在菜单里继续。","The run is remembered, you continue it later from the menu.","i18n-Katalog (src/i18n) — über t() aufgelöst","","done",""
"app.abort.title","i18n","Lauf pausieren oder beenden?","暂停还是结束这一局？","Pause or end the run?","i18n-Katalog (src/i18n) — über t() aufgelöst","","done",""
"app.end","i18n","Beenden","结束","End","i18n-Katalog (src/i18n) — über t() aufgelöst","","done",""
"app.keepPlaying","i18n","Weiterspielen","继续游玩","Keep playing","i18n-Katalog (src/i18n) — über t() aufgelöst","","done",""
"app.keepPlaying.sub","i18n","Zurück ins Spiel, nichts passiert.","回到游戏，什么也不会发生。","Back into the game, nothing happens.","i18n-Katalog (src/i18n) — über t() aufgelöst","","done",""
"app.restart","i18n","Neustarten","重新开始","Restart","i18n-Katalog (src/i18n) — über t() aufgelöst","","done",""
"app.restart.help","i18n","Der aktuelle Lauf wird verworfen und ein neuer beginnt sofort. Das lässt sich nicht rückgängig machen.","当前这一局会被放弃，新的一局立即开始。此操作无法撤销。","The current run is discarded and a new one starts immediately. This cannot be undone.","i18n-Katalog (src/i18n) — über t() aufgelöst","","done",""
"app.restart.title","i18n","Wirklich neustarten?","确定要重新开始吗？","Really restart?","i18n-Katalog (src/i18n) — über t() aufgelöst","","done",""
"arch.after","i18n","Danach:","之后：","After:","i18n-Katalog (src/i18n) — über t() aufgelöst","","done",""
"arch.back","i18n","← Zurück","← 返回","← Back","i18n-Katalog (src/i18n) — über t() aufgelöst","","done",""
"arch.boost","i18n","Gebäude-Boost","建筑加成","Building boost","i18n-Katalog (src/i18n) — über t() aufgelöst","","done",""
"arch.boost.title","i18n","Score-Boost durch die Gebäude: Struktur-Kombis (volle Zeile/Spalte/Diagonale) + Distrikt (gleiche Kategorie aneinander) + neu gegründete Formationen. Aktualisiert live beim Bauen/Verschieben.","来自建筑的得分加成：结构组合（整行/整列/对角线）+街区（同类别相邻）+新形成的阵型。建造和移动时实时更新。","Score boost from your buildings: structure combos (full row/column/diagonal) + district (same category adjacent) + newly founded formations. Updates live while building/moving.","i18n-Katalog (src/i18n) — über t() aufgelöst","","done",""
"arch.boostDelta","i18n","Boost {arrow}{pct} %","加成{arrow}{pct}%","Boost {arrow}{pct}%","i18n-Katalog (src/i18n) — über t() aufgelöst","","done",""
"arch.boostDelta.phaseTitle","i18n","Änderung des Gebäude-Boosts seit Beginn dieser Bauphase","自本次建造阶段开始以来建筑加成的变化","Change of the building boost since this build phase began","i18n-Katalog (src/i18n) — über t() aufgelöst","","done",""
"arch.boostDelta.title","i18n","Änderung des Gebäude-Boosts an dieser Vorschau-Position","在这个预览位置上建筑加成的变化","Change of the building boost at this preview position","i18n-Katalog (src/i18n) — über t() aufgelöst","","done",""
"arch.buffsSuit","i18n","bufft Farbe {suit}","增益{suit}花色","buffs suit {suit}","i18n-Katalog (src/i18n) — über t() aufgelöst","","done",""
"arch.buffSuit","i18n","🎨 Bufft Farbe","🎨 增益花色","🎨 Buffs suit","i18n-Katalog (src/i18n) — über t() aufgelöst","","done",""
"arch.buildingCount","i18n","{n} Gebäude","{n}座建筑","{n} buildings","i18n-Katalog (src/i18n) — über t() aufgelöst","","done",""
"arch.buildingFallback","i18n","Gebäude","建筑","Building","i18n-Katalog (src/i18n) — über t() aufgelöst","","done",""
"arch.buildings","i18n","Gebäude","建筑","Buildings","i18n-Katalog (src/i18n) — über t() aufgelöst","","done",""
"arch.buildingsN","i18n","Gebäude ({n})","建筑（{n}）","Buildings ({n})","i18n-Katalog (src/i18n) — über t() aufgelöst","","done",""
"arch.buildNothing","i18n","Nichts bauen · Fortfahren →","不建造 · 继续 →","Build nothing · continue →","i18n-Katalog (src/i18n) — über t() aufgelöst","","done",""
"arch.cancel","i18n","Abbrechen","取消","Cancel","i18n-Katalog (src/i18n) — über t() aufgelöst","","done",""
"arch.cell.building","i18n","{name} ({tier})","{name}（{tier}）","{name} ({tier})","i18n-Katalog (src/i18n) — über t() aufgelöst","","done",""
"arch.cell.formation","i18n","· Formation ×{f}","· 阵型×{f}","· formation ×{f}","i18n-Katalog (src/i18n) — über t() aufgelöst","","done",""
"arch.cell.formationOnly","i18n","— Formation ×{f}","— 阵型×{f}","— formation ×{f}","i18n-Katalog (src/i18n) — über t() aufgelöst","","done",""
"arch.cell.pos","i18n","Pos {pos}","位次{pos}","Pos {pos}","i18n-Katalog (src/i18n) — über t() aufgelöst","","done",""
"arch.cell.preview","i18n","· Vorschau","· 预览","· preview","i18n-Katalog (src/i18n) — über t() aufgelöst","","done",""
"arch.cell.struct","i18n","· Struktur ×{f}","· 结构×{f}","· structure ×{f}","i18n-Katalog (src/i18n) — über t() aufgelöst","","done",""
"arch.cell.upgrade","i18n","→ Stufe {tier}: {eff}","→ {tier}阶：{eff}","→ tier {tier}: {eff}","i18n-Katalog (src/i18n) — über t() aufgelöst","","done",""
"arch.choose.head","i18n","Was baust du diese Phase?","这个阶段你要建什么？","What do you build this phase?","i18n-Katalog (src/i18n) — über t() aufgelöst","","done",""
"arch.collapse.less","i18n","▾ weniger","▾ 更少","▾ less","i18n-Katalog (src/i18n) — über t() aufgelöst","","done",""
"arch.collapse.more","i18n","▸ mehr","▸ 更多","▸ more","i18n-Katalog (src/i18n) — über t() aufgelöst","","done",""
"arch.combos","i18n","Kombis","组合","Combos","i18n-Katalog (src/i18n) — über t() aufgelöst","","done",""
"arch.combos.title","i18n","Gebäude mit Struktur-/Distrikt-Bonus glühen in ihrer Typ-Farbe","带有结构或街区加成的建筑会以自己的类型颜色发光","Buildings with a structure/district bonus glow in their type colour","i18n-Katalog (src/i18n) — über t() aufgelöst","","done",""
"arch.confirmStart","i18n","✓ Bestätigen · Durchlauf starten","✓ 确认 · 开始本轮","✓ Confirm · start the cycle","i18n-Katalog (src/i18n) — über t() aufgelöst","","done",""
"arch.cycleScore","i18n","Durchlauf-Score","本轮得分","Cycle score","i18n-Katalog (src/i18n) — über t() aufgelöst","","done",""
"arch.demolish","i18n","Abreißen ✓","拆除 ✓","Demolish ✓","i18n-Katalog (src/i18n) — über t() aufgelöst","","done",""
"arch.demolish.n","i18n","Abreißen ({n}) ✓","拆除（{n}） ✓","Demolish ({n}) ✓","i18n-Katalog (src/i18n) — über t() aufgelöst","","done",""
"arch.demolish.warn","i18n","Markierte Gebäude gehen beim Abriss verloren.","被标记的建筑会在拆除时失去。","Marked buildings are lost when demolished.","i18n-Katalog (src/i18n) — über t() aufgelöst","","done",""
"arch.dev.catalog","i18n","Voll-Katalog (Dev): Kategorie → Familie → Stufe. Ein Bau pro Phase (danach Verschieben/Bestätigen).","完整目录（Dev）：类别 → 系列 → 阶。每个阶段只能建造一次（之后移动/确认）。","Full catalogue (dev): category → family → tier. One build per phase (then move/confirm).","i18n-Katalog (src/i18n) — über t() aufgelöst","","done",""
"arch.eff.color","i18n","+{n} Score bei {suit}","{suit}时得分+{n}","+{n} score on {suit}","i18n-Katalog (src/i18n) — über t() aufgelöst","","done",""
"arch.eff.crit","i18n","+{n} Score bei Crit","暴击时得分+{n}","+{n} score on crit","i18n-Katalog (src/i18n) — über t() aufgelöst","","done",""
"arch.eff.gamble","i18n","+{crit} Score bei Crit, sonst −{penalty} Score","暴击时得分+{crit}，否则得分−{penalty}","+{crit} score on crit, otherwise −{penalty} score","i18n-Katalog (src/i18n) — über t() aufgelöst","","done",""
"arch.eff.milestone","i18n","+{n} Score alle {every} Siege","每{every}次获胜得分+{n}","+{n} score every {every} wins","i18n-Katalog (src/i18n) — über t() aufgelöst","","done",""
"arch.eff.relay","i18n","+{n} Score (Staffel)","得分+{n}（接力）","+{n} score (relay)","i18n-Katalog (src/i18n) — über t() aufgelöst","","done",""
"arch.eff.score","i18n","+{n} Score","得分+{n}","+{n} score","i18n-Katalog (src/i18n) — über t() aufgelöst","","done",""
"arch.eff.scoreMult","i18n","×{f} Score","得分×{f}","×{f} score","i18n-Katalog (src/i18n) — über t() aufgelöst","","done",""
"arch.eff.streak","i18n","+{n} Score je Serienpunkt","每点连胜得分+{n}","+{n} score per streak point","i18n-Katalog (src/i18n) — über t() aufgelöst","","done",""
"arch.eff.struct","i18n","Struktur ×{f}","结构×{f}","Structure ×{f}","i18n-Katalog (src/i18n) — über t() aufgelöst","","done",""
"arch.eff.value","i18n","+{n} Stichwert","墩值+{n}","+{n} trick value","i18n-Katalog (src/i18n) — über t() aufgelöst","","done",""
"arch.eyebrow","i18n","Architekt · Bauphase · Durchlauf {cycle}","建筑师 · 建造阶段 · 第{cycle}轮","Architect · build phase · cycle {cycle}","i18n-Katalog (src/i18n) — über t() aufgelöst","","done",""
"arch.firn.title","i18n","Schnee · Reserve {n} (füllt einen Gletscher hier zum Durchlauf-Beginn)","积雪 · 储量{n}（每轮开始时为此处的冰川回填）","Snow · reserve {n} (refills a glacier here at the start of the cycle)","i18n-Katalog (src/i18n) — über t() aufgelöst","","done",""
"arch.forms","i18n","Formationen","阵型","Formations","i18n-Katalog (src/i18n) — über t() aufgelöst","","done",""
"arch.forms.title","i18n","Formationsrahmen (Ring + Label) am Brett ein-/ausblenden","在棋盘上显示或隐藏阵型框（圆环与标签）","Show/hide formation frames (ring + label) on the board","i18n-Katalog (src/i18n) — über t() aufgelöst","","done",""
"arch.legend.frame","i18n","Rahmen = Typ:","边框代表类型：","Frame = type:","i18n-Katalog (src/i18n) — über t() aufgelöst","","done",""
"arch.legend.ring","i18n","Ring = aktive Formation (×mult)","圆环代表生效中的阵型（×倍率）","Ring = active formation (×mult)","i18n-Katalog (src/i18n) — über t() aufgelöst","","done",""
"arch.legend.tier","i18n","Stufe (Ecke):","阶（角标）：","Tier (corner):","i18n-Katalog (src/i18n) — über t() aufgelöst","","done",""
"arch.legendary","i18n","legendär","传说","legendary","i18n-Katalog (src/i18n) — über t() aufgelöst","","done",""
"arch.legendaryCap","i18n","Legendär","传说","Legendary","i18n-Katalog (src/i18n) — über t() aufgelöst","","done",""
"arch.marked","i18n","· markiert ✓","· 已标记 ✓","· marked ✓","i18n-Katalog (src/i18n) — über t() aufgelöst","","done",""
"arch.noRoom","i18n","Kein Platz für „{name}“.","没有地方放「{name}」。","No room for “{name}”.","i18n-Katalog (src/i18n) — über t() aufgelöst","","done",""
"arch.noRoom.enough_one","i18n","Abriss von {count} Gebäude schafft Platz. Bestätigen zum Bauen.","拆除{count}座建筑就能腾出地方。确认即可建造。","Demolishing {count} building makes room. Confirm to build.","i18n-Katalog (src/i18n) — über t() aufgelöst","","done",""
"arch.noRoom.enough_other","i18n","Abriss von {count} Gebäuden schafft Platz. Bestätigen zum Bauen.","拆除{count}座建筑就能腾出地方。确认即可建造。","Demolishing {count} buildings makes room. Confirm to build.","i18n-Katalog (src/i18n) — über t() aufgelöst","","done",""
"arch.noRoom.mark","i18n","Markiere ein Gebäude zum Abriss (am Brett oder unten), bei einem großen Bauplan evtl. mehrere. Abgerissen wird erst nach Bestätigen.","标记一座要拆除的建筑（在棋盘上或下方列表里）；蓝图较大时可能需要标记多座。确认之后才会真正拆除。","Mark a building for demolition (on the board or below), with a large plan possibly several. Nothing is torn down before you confirm.","i18n-Katalog (src/i18n) — über t() aufgelöst","","done",""
"arch.noRoom.more","i18n","Abriss reicht noch nicht. Markiere ein weiteres Gebäude.","拆除得还不够。再标记一座建筑。","Not enough yet. Mark another building.","i18n-Katalog (src/i18n) — über t() aufgelöst","","done",""
"arch.noRoom.replace","i18n","kein Platz → ersetzen","没有空位 → 替换","no room → replace","i18n-Katalog (src/i18n) — über t() aufgelöst","","done",""
"arch.noRotate","i18n","⟳ nicht drehbar","⟳ 不可旋转","⟳ not rotatable","i18n-Katalog (src/i18n) — über t() aufgelöst","","done",""
"arch.noRotate.big","i18n","⟳ Nicht drehbar","⟳ 不可旋转","⟳ Not rotatable","i18n-Katalog (src/i18n) — über t() aufgelöst","","done",""
"arch.noRotate.title","i18n","Diese Form lässt sich nicht drehen (belegt eine ganze Segment-Zeile bzw. ist symmetrisch).","这个形状无法旋转（它占满整行区段，或者本身是对称的）。","This shape cannot be rotated (it fills a whole segment row, or it is symmetric).","i18n-Katalog (src/i18n) — über t() aufgelöst","","done",""
"arch.now","i18n","Jetzt:","现在：","Now:","i18n-Katalog (src/i18n) — über t() aufgelöst","","done",""
"arch.otherPlan","i18n","← Anderer Bauplan","← 换一张蓝图","← Different blueprint","i18n-Katalog (src/i18n) — über t() aufgelöst","","done",""
"arch.pct","i18n","+{pct} %","+{pct}%","+{pct}%","i18n-Katalog (src/i18n) — über t() aufgelöst","","done",""
"arch.place.head","i18n","Platzieren & Verschieben","放置与移动","Place & move","i18n-Katalog (src/i18n) — über t() aufgelöst","","done",""
"arch.place.help","i18n","zieh Gebäude am Brett an ihren Platz (Griff überall, ⟳ Drehen oben), beliebig oft. Unten Bestätigen startet den Durchlauf.","在棋盘上把建筑拖到想要的位置（任意处都可拖动，⟳ 旋转在上方），次数不限。点击下方的「确认」开始本轮。","drag buildings into place on the board (grab them anywhere, ⟳ Rotate above), as often as you like. Confirm below starts the cycle.","i18n-Katalog (src/i18n) — über t() aufgelöst","","done",""
"arch.planFallback","i18n","Bauplan","蓝图","Blueprint","i18n-Katalog (src/i18n) — über t() aufgelöst","","done",""
"arch.plot","i18n","Baufeld","建造区","Plot","i18n-Katalog (src/i18n) — über t() aufgelöst","","done",""
"arch.plot.used","i18n","{n} belegt · {pct}%","已占用{n} · {pct}%","{n} taken · {pct}%","i18n-Katalog (src/i18n) — über t() aufgelöst","","done",""
"arch.preview.bad","i18n","passt hier nicht","这里放不下","does not fit here","i18n-Katalog (src/i18n) — über t() aufgelöst","","done",""
"arch.preview.head","i18n","Vorschau & Brett-Status","预览与棋盘状态","Preview & board status","i18n-Katalog (src/i18n) — über t() aufgelöst","","done",""
"arch.preview.ok","i18n","Vorschau","预览","Preview","i18n-Katalog (src/i18n) — über t() aufgelöst","","done",""
"arch.rearrange","i18n","↔ Gebäude umstellen","↔ 重新摆放建筑","↔ Rearrange buildings","i18n-Katalog (src/i18n) — über t() aufgelöst","","done",""
"arch.reroll","i18n","🎲 Baupläne neu würfeln · {n} übrig","🎲 重抽蓝图 · 还剩{n}次","🎲 Reroll blueprints · {n} left","i18n-Katalog (src/i18n) — über t() aufgelöst","","done",""
"arch.reset","i18n","Zurücksetzen","重置","Reset","i18n-Katalog (src/i18n) — über t() aufgelöst","","done",""
"arch.rotate","i18n","⟳ Drehen","⟳ 旋转","⟳ Rotate","i18n-Katalog (src/i18n) — über t() aufgelöst","","done",""
"arch.rotate.noRoom","i18n","Kein Platz zum Drehen. Zieh das Gebäude erst an eine freiere Stelle.","没有空间旋转。先把建筑拖到宽松一点的位置。","No room to rotate. Move the building somewhere freer first.","i18n-Katalog (src/i18n) — über t() aufgelöst","","done",""
"arch.scoreDiff","i18n","{sign}{pct} %","{sign}{pct}%","{sign}{pct}%","i18n-Katalog (src/i18n) — über t() aufgelöst","","done",""
"arch.soloEnough","i18n","· reicht allein","· 单独就够了","· enough on its own","i18n-Katalog (src/i18n) — über t() aufgelöst","","done",""
"arch.stat.plotUsed","i18n","Baufeld belegt","建造区占用","Plot used","i18n-Katalog (src/i18n) — über t() aufgelöst","","done",""
"arch.stat.rows","i18n","Häuserzeilen","房屋行","House rows","i18n-Katalog (src/i18n) — über t() aufgelöst","","done",""
"arch.stat.struct","i18n","Struktur-Bonus","结构加成","Structure bonus","i18n-Katalog (src/i18n) — über t() aufgelöst","","done",""
"arch.stat.sumValue","i18n","Σ Kartenwert","Σ 卡牌数值","Σ card value","i18n-Katalog (src/i18n) — über t() aufgelöst","","done",""
"arch.struct.col","i18n","volle Spalte ×{f}","整列×{f}","full column ×{f}","i18n-Katalog (src/i18n) — über t() aufgelöst","","done",""
"arch.struct.diag","i18n","Diagonale ×{f}","对角线×{f}","diagonal ×{f}","i18n-Katalog (src/i18n) — über t() aufgelöst","","done",""
"arch.struct.district","i18n","Distrikt +{pct} %/Nachbar","街区每个相邻+{pct}%","district +{pct}%/neighbour","i18n-Katalog (src/i18n) — über t() aufgelöst","","done",""
"arch.struct.districtNote","i18n","Distrikt: Gebäude gleicher Farbe (Kategorie) direkt aneinander geben je Nachbar +{pct} % Score auf ihre Felder (bis {cap} Nachbarn). Gleichartig zusammenbauen lohnt sich.","街区：同色（同类别）的建筑直接相邻时，每个相邻建筑让它们所在的格子得分+{pct}%（最多{cap}个相邻）。把同类的建在一起是划算的。","District: buildings of the same colour (category) directly adjacent give +{pct}% score on their cells per neighbour (up to {cap} neighbours). Building alike pays off.","i18n-Katalog (src/i18n) — über t() aufgelöst","","done",""
"arch.struct.head","i18n","Struktur & Distrikt · ×Score je Durchlauf","结构与街区 · 每轮得分倍率","Structure & district · ×score per cycle","i18n-Katalog (src/i18n) — über t() aufgelöst","","done",""
"arch.struct.note","i18n","Jede Karte auf einer vollständigen Zeile/Spalte/Diagonale macht bei einem Sieg entsprechend mehr Score. Faktoren stapeln multiplikativ.","位于完整的行、列或对角线上的每张卡牌，获胜时得分相应更高。各系数以乘法叠加。","Every card on a complete row/column/diagonal makes correspondingly more score on a win. Factors stack multiplicatively.","i18n-Katalog (src/i18n) — über t() aufgelöst","","done",""
"arch.struct.row","i18n","volle Zeile ×{f}","整行×{f}","full row ×{f}","i18n-Katalog (src/i18n) — über t() aufgelöst","","done",""
"arch.sumValue","i18n","Σ Wert","Σ 数值","Σ value","i18n-Katalog (src/i18n) — über t() aufgelöst","","done",""
"arch.tier","i18n","Stufe {tier}","{tier}阶","Tier {tier}","i18n-Katalog (src/i18n) — über t() aufgelöst","","done",""
"arch.tierArrow","i18n","Stufe {from} → {to}","{from}阶 → {to}阶","Tier {from} → {to}","i18n-Katalog (src/i18n) — über t() aufgelöst","","done",""
"arch.tierWord","i18n","Stufe","阶","Tier","i18n-Katalog (src/i18n) — über t() aufgelöst","","done",""
"arch.title","i18n","Der Architekt","建筑师","The Architect","i18n-Katalog (src/i18n) — über t() aufgelöst","","done",""
"arch.undo","i18n","↶ Rückgängig","↶ 撤销","↶ Undo","i18n-Katalog (src/i18n) — über t() aufgelöst","","done",""
"arch.upgrade","i18n","Aufwerten","升级","Upgrade","i18n-Katalog (src/i18n) — über t() aufgelöst","","done",""
"arch.upgrade.big","i18n","⬆ Aufwerten","⬆ 升级","⬆ Upgrade","i18n-Katalog (src/i18n) — über t() aufgelöst","","done",""
"arch.upgrade.confirm","i18n","⬆ Aufwerten bestätigen","⬆ 确认升级","⬆ Confirm upgrade","i18n-Katalog (src/i18n) — über t() aufgelöst","","done",""
"arch.upgrade.confirmHint","i18n","Unten bestätigen, dann wird aufgewertet.","在下方确认后才会升级。","Confirm below, then it is upgraded.","i18n-Katalog (src/i18n) — über t() aufgelöst","","done",""
"arch.upgrade.help","i18n","wähle unten ein Gebäude (oder tippe es am Brett an): es wird gold markiert, du siehst aktuellen und nächsten Effekt und bestätigst unten. Nicht aufwertbare (Legendär/No-op-Effekt/max) sind ausgegraut.","在下方选择一座建筑（或直接在棋盘上点击它）：它会被标成金色，你能看到当前效果和升级后的效果，然后在下方确认。无法升级的建筑（传说/效果无变化/已满级）显示为灰色。","pick a building below (or tap it on the board): it is marked gold, you see the current and the next effect, and you confirm below. Buildings that cannot be upgraded (legendary/no-op effect/max) are greyed out.","i18n-Katalog (src/i18n) — über t() aufgelöst","","done",""
"arch.upgrade.none","i18n","· nichts aufwertbar","· 没有可升级的","· nothing to upgrade","i18n-Katalog (src/i18n) — über t() aufgelöst","","done",""
"arch.upgrade.reason.acted","i18n","in dieser Bauphase ist die Hauptaktion (Bauen ODER Aufwerten) schon verbraucht","这个建造阶段的主要行动（建造或升级）已经用掉了","the main action of this build phase (build OR upgrade) is already spent","i18n-Katalog (src/i18n) — über t() aufgelöst","","done",""
"arch.upgrade.reason.generic","i18n","nicht aufwertbar","无法升级","not upgradable","i18n-Katalog (src/i18n) — über t() aufgelöst","","done",""
"arch.upgrade.reason.inert","i18n","keine Aufwertung, der Effekt hat keine Stufen","无法升级，这个效果没有分阶","no upgrade, this effect has no tiers","i18n-Katalog (src/i18n) — über t() aufgelöst","","done",""
"arch.upgrade.reason.legendary","i18n","Legendäre sind nicht aufwertbar","传说建筑无法升级","legendaries cannot be upgraded","i18n-Katalog (src/i18n) — über t() aufgelöst","","done",""
"arch.upgrade.reason.max","i18n","bereits auf höchster Stufe","已经是最高阶","already at the highest tier","i18n-Katalog (src/i18n) — über t() aufgelöst","","done",""
"arch.upgrade.sub","i18n","ein Gebäude +1 Stufe","一座建筑+1阶","one building +1 tier","i18n-Katalog (src/i18n) — über t() aufgelöst","","done",""
"arch.upgraded","i18n","aufgewertet:","已升级：","upgraded:","i18n-Katalog (src/i18n) — über t() aufgelöst","","done",""
"arch.yourBuildings","i18n","Deine Gebäude ({n})","你的建筑（{n}）","Your buildings ({n})","i18n-Katalog (src/i18n) — über t() aufgelöst","","done",""
"archcat.formation.label","i18n","Formation","阵型","Formation","i18n-Katalog (src/i18n) — über t() aufgelöst","10","done","gemessen (längstes Geschwister, de/en/es) — Bau-Kategorie im Chip"
"archcat.score.label","i18n","Score","得分","Score","i18n-Katalog (src/i18n) — über t() aufgelöst","10","done","gemessen (längstes Geschwister, de/en/es) — Bau-Kategorie im Chip"
"archcat.value.label","i18n","Wert","数值","Value","i18n-Katalog (src/i18n) — über t() aufgelöst","10","done","gemessen (längstes Geschwister, de/en/es) — Bau-Kategorie im Chip"
"archetype.fire.label","i18n","Feuer","火","Fire","i18n-Katalog (src/i18n) — über t() aufgelöst","9","done","gemessen (längstes Geschwister, de/en/es) — Archetyp-Name im Chip"
"archetype.ice.label","i18n","Eis","冰","Ice","i18n-Katalog (src/i18n) — über t() aufgelöst","9","done","gemessen (längstes Geschwister, de/en/es) — Archetyp-Name im Chip"
"archetype.lightning.label","i18n","Blitz","闪电","Lightning","i18n-Katalog (src/i18n) — über t() aufgelöst","9","done","gemessen (längstes Geschwister, de/en/es) — Archetyp-Name im Chip"
"archetype.plant.label","i18n","Pflanze","植物","Plant","i18n-Katalog (src/i18n) — über t() aufgelöst","9","done","gemessen (längstes Geschwister, de/en/es) — Archetyp-Name im Chip"
"archpanels.roleLegend","i18n","● Rolle: Ziel eines Perks/einer Familie an dieser Karte","● 角色：某个天赋或系列在这张卡牌上的目标","● Role: target of a perk/family on this card","i18n-Katalog (src/i18n) — über t() aufgelöst","","done",""
"archpanels.tapHint","i18n","Antippen zeigt am Brett, wo es liegt, und umgekehrt.","点击即可在棋盘上定位它，反之亦然。","Tapping shows where it sits on the board, and the other way round.","i18n-Katalog (src/i18n) — über t() aufgelöst","","done",""
"bar.fire.ash","i18n","Asche","灰烬","Ash","i18n-Katalog (src/i18n) — über t() aufgelöst","","done",""
"bar.fire.ash.title","i18n","Asche: {text}","灰烬：{text}","Ash: {text}","i18n-Katalog (src/i18n) — über t() aufgelöst","","done",""
"bar.fire.ashBurned","i18n","Asche verbrannt","燃烧的灰烬","Ash burnt","i18n-Katalog (src/i18n) — über t() aufgelöst","","done",""
"bar.fire.badge.fireRoll","i18n","Feuerwalze","火浪","Fire Roll","i18n-Katalog (src/i18n) — über t() aufgelöst","","done",""
"bar.fire.badge.fireRoll.n","i18n","Feuerwalze +{n}","火浪+{n}","Fire Roll +{n}","i18n-Katalog (src/i18n) — über t() aufgelöst","","done",""
"bar.fire.badge.glow","i18n","Glühende Klinge","炽刃","Glowing Blade","i18n-Katalog (src/i18n) — über t() aufgelöst","","done",""
"bar.fire.badge.glow.n","i18n","Glühende Klinge +{n}","炽刃+{n}","Glowing Blade +{n}","i18n-Katalog (src/i18n) — über t() aufgelöst","","done",""
"bar.fire.badge.glow.title","i18n","Glühende Klinge: +{v1} ab {h1} % Hitze · +{v2} ab {h2} % · +{v3} bei {h3} % Hitze. Die oberen Stufen verlangen je Segment einen Sieg über {m2} bzw. {m3} Kampfwert-Vorsprung; bleibt ein Segment ohne, fällst du zurück.","炽刃：热量达{h1}%起+{v1}，达{h2}%起+{v2}，达{h3}%时+{v3}。更高的档位要求每个区段都有一场战斗数值领先超过{m2}或{m3}的胜利；某个区段没有，就会掉档。","Glowing Blade: +{v1} from {h1}% heat · +{v2} from {h2}% · +{v3} at {h3}% heat. The upper steps need one win with a margin of {m2} resp. {m3} per segment; a segment without one drops you back.","i18n-Katalog (src/i18n) — über t() aufgelöst","","done",""
"bar.fire.badge.spark","i18n","Funkenflug","溅火","Spark Flight","i18n-Katalog (src/i18n) — über t() aufgelöst","","done",""
"bar.fire.badge.spark.n","i18n","Funkenflug {n}","溅火{n}","Spark Flight {n}","i18n-Katalog (src/i18n) — über t() aufgelöst","","done",""
"bar.fire.badge.spark.title","i18n","Funkenflug-Speicher: Siege unter {m} Kampfwert-Vorsprung zahlen ein, ein Sieg ab {m} schüttet ihn aus. Eine Niederlage halbiert ihn.","溅火储量：战斗数值领先不足{m}的胜利会存入，领先达到{m}的胜利把它全部释放。一次失败会让它减半。","Spark Flight store: wins below a margin of {m} pay in, a win from {m} pays it out. A loss halves it.","i18n-Katalog (src/i18n) — über t() aufgelöst","","done",""
"bar.fire.brand","i18n","Brand · Gegner","烙印 · 对手","Brand · opponent","i18n-Katalog (src/i18n) — über t() aufgelöst","","done",""
"bar.fire.conflagReady","i18n","· FLÄCHENBRAND BEREIT","· 燎原就绪","· WILDFIRE READY","i18n-Katalog (src/i18n) — über t() aufgelöst","","done",""
"bar.fire.forges","i18n","Schmiedungen","锻造次数","Forgings","i18n-Katalog (src/i18n) — über t() aufgelöst","","done",""
"bar.fire.forges.title","i18n","Geschmiedeter Kartenwert: Summe der ⚒-Aufwertungen über alle Karten.","锻造出的卡牌数值：所有卡牌上⚒提升的总和。","Forged card value: the sum of the ⚒ upgrades across all cards.","i18n-Katalog (src/i18n) — über t() aufgelöst","","done",""
"bar.fire.heat","i18n","Hitze","热量","Heat","i18n-Katalog (src/i18n) — über t() aufgelöst","","done",""
"bar.fire.overRun","i18n","über den Lauf","本局累计","over the run","i18n-Katalog (src/i18n) — über t() aufgelöst","","done",""
"bar.fire.state.conflag","i18n","Flächenbrand bereit","燎原就绪","Wildfire ready","i18n-Katalog (src/i18n) — über t() aufgelöst","","done",""
"bar.fire.state.heat","i18n","Hitze {value}/{max}","热量{value}/{max}","Heat {value}/{max}","i18n-Katalog (src/i18n) — über t() aufgelöst","","done",""
"bar.fire.state.over","i18n","Überhitzung +{n} % Feuer-Score","过热 火焰得分+{n}%","Overheat +{n}% fire score","i18n-Katalog (src/i18n) — über t() aufgelöst","","done",""
"bar.fire.state.white","i18n","Weißglut","白热","White heat","i18n-Katalog (src/i18n) — über t() aufgelöst","","done",""
"bar.fire.tick.full","i18n","100 % Hitze, darüber beginnt die Überhitzung","热量100%，再往上开始过热","100% heat, overheat begins above this","i18n-Katalog (src/i18n) — über t() aufgelöst","","done",""
"bar.fire.tick.glow","i18n","Glühende Klinge: +Wert ab {n} % Hitze","炽刃：热量达{n}%起加值","Glowing Blade: +value from {n}% heat","i18n-Katalog (src/i18n) — über t() aufgelöst","","done",""
"bar.fire.tick.white","i18n","Weißglut: Hitze über 100 % staut sich als Überhitzung auf (bis {max} %); je heißer, desto weniger kommt an. Jeder Punkt gibt +{n} % auf den gesamten Feuer-Score und baut sich je Stich wieder ab.","白热：超过100%的热量会积成过热（最高{max}%）；越热，进账越少。每一点给整体火焰得分+{n}%，并且每墩衰减一些。","White Heat: heat above 100% banks as overheat (up to {max}%); the hotter you are, the less arrives. Every point gives +{n}% on your entire fire score and decays again every trick.","i18n-Katalog (src/i18n) — über t() aufgelöst","","done",""
"bar.fire.whiteGlow","i18n","· WEISSGLUT","· 白热","· WHITE HEAT","i18n-Katalog (src/i18n) — über t() aufgelöst","","done",""
"bar.fire.yield","i18n","Feuer-Ertrag","火焰产出","Fire yield","i18n-Katalog (src/i18n) — über t() aufgelöst","","done",""
"bar.fire.yield.base","i18n","Feuer-Score","火焰得分","Fire score","i18n-Katalog (src/i18n) — über t() aufgelöst","","done",""
"bar.fire.yield.over","i18n","Überlauf","溢出","Overflow","i18n-Katalog (src/i18n) — über t() aufgelöst","","done",""
"bar.fire.yield.over.hint","i18n","Weißglut (Überhitzung über 100 % Hitze) + Ascheglut (Asche über die Schmiede-Kapazität)","白热（热量超过100%的过热）+灰烬辉光（超出锻造容量的灰烬）","White heat (overheat above 100% heat) + ash glow (ash above the forge capacity)","i18n-Katalog (src/i18n) — über t() aufgelöst","","done",""
"bar.ice.avalanche.ready","i18n","Große Lawine · bereit","大雪崩 · 就绪","Great Avalanche · ready","i18n-Katalog (src/i18n) — über t() aufgelöst","","done",""
"bar.ice.avalanche.used","i18n","Große Lawine · verbraucht","大雪崩 · 已用","Great Avalanche · spent","i18n-Katalog (src/i18n) — über t() aufgelöst","","done",""
"bar.ice.biggest","i18n","Größtes Cluster","最大集群","Largest cluster","i18n-Katalog (src/i18n) — über t() aufgelöst","","done",""
"bar.ice.bursting","i18n","Bricht","碎裂中","Bursting","i18n-Katalog (src/i18n) — über t() aufgelöst","","done",""
"bar.ice.cardValue","i18n","Kartenwert","卡牌数值","Card value","i18n-Katalog (src/i18n) — über t() aufgelöst","","done",""
"bar.ice.cascade","i18n","Kaskade","级联","Cascade","i18n-Katalog (src/i18n) — über t() aufgelöst","","done",""
"bar.ice.cascade.unit","i18n","brechen","碎裂","bursting","i18n-Katalog (src/i18n) — über t() aufgelöst","","done",""
"bar.ice.chip.title","i18n","Gletscher · Masse {mass} · Stufe {tier}","冰川 · 质量{mass} · {tier}阶","Glacier · mass {mass} · tier {tier}","i18n-Katalog (src/i18n) — über t() aufgelöst","","done",""
"bar.ice.chip.title.burst","i18n","Gletscher · Masse {mass} · Stufe {tier} · BRICHT","冰川 · 质量{mass} · {tier}阶 · 即将碎裂","Glacier · mass {mass} · tier {tier} · BURSTING","i18n-Katalog (src/i18n) — über t() aufgelöst","","done",""
"bar.ice.critical","i18n","kritisch","临界","critical","i18n-Katalog (src/i18n) — über t() aufgelöst","","done",""
"bar.ice.duoBuff","i18n","Duo-Buff","双子增益","Duo buff","i18n-Katalog (src/i18n) — über t() aufgelöst","","done",""
"bar.ice.empty","i18n","Noch keine Gletscher. Friere in der Aufstellung Karten fest.","还没有冰川。在布阵里把卡牌冻结起来。","No glaciers yet. Freeze cards in the order phase.","i18n-Katalog (src/i18n) — über t() aufgelöst","","done",""
"bar.ice.firnGround","i18n","Schnee sammelt sich","积雪正在累积","Snow gathering","i18n-Katalog (src/i18n) — über t() aufgelöst","","done",""
"bar.ice.firnReserve","i18n","Boden-Reserve","地面储量","Ground reserve","i18n-Katalog (src/i18n) — über t() aufgelöst","","done",""
"bar.ice.frozenOpp","i18n","Gegner eingefroren","对手已冻结","Opponents frozen","i18n-Katalog (src/i18n) — über t() aufgelöst","","done",""
"bar.ice.playOrder","i18n","Spielreihenfolge (Position)","出牌顺序（位次）","Play order (position)","i18n-Katalog (src/i18n) — über t() aufgelöst","","done",""
"bar.ice.state.count","i18n","{n} Gletscher","{n}座冰川","{n} glaciers","i18n-Katalog (src/i18n) — über t() aufgelöst","","done",""
"bar.ice.state.ready","i18n","Bruch bereit","可以碎裂","Burst ready","i18n-Katalog (src/i18n) — über t() aufgelöst","","done",""
"bar.ice.yield","i18n","Gletscher-Ertrag","冰川产出","Glacier yield","i18n-Katalog (src/i18n) — über t() aufgelöst","","done",""
"bar.lightning.breadth","i18n","Sturmgröße","风暴广度","Storm breadth","i18n-Katalog (src/i18n) — über t() aufgelöst","","done",""
"bar.lightning.breadth.payoff","i18n","+{n} Wert / Karte","每张卡牌+{n}数值","+{n} value / card","i18n-Katalog (src/i18n) — über t() aufgelöst","","done",""
"bar.lightning.chain","i18n","🔗 Serienkette","🔗 连胜锁链","🔗 Streak chain","i18n-Katalog (src/i18n) — über t() aufgelöst","","done",""
"bar.lightning.chain.holds","i18n","· hält","· 保持","· holding","i18n-Katalog (src/i18n) — über t() aufgelöst","","done",""
"bar.lightning.consumes","i18n","Entladungen","放电次数","Discharges","i18n-Katalog (src/i18n) — über t() aufgelöst","","done",""
"bar.lightning.consumes.title","i18n","Volle Ladungsverbräuche diesen Lauf: der Kern-Rhythmus des Sturms.","本局用满充能的次数：风暴的核心节奏。","Full charge consumptions this run: the core rhythm of the storm.","i18n-Katalog (src/i18n) — über t() aufgelöst","","done",""
"bar.lightning.depth","i18n","Sturmintensität","风暴强度","Storm depth","i18n-Katalog (src/i18n) — über t() aufgelöst","","done",""
"bar.lightning.depth.payoff","i18n","Überschlag: {n} Prozentpunkte → 1 Ladung","跃弧：{n}个百分点 → 1充能","Arc-over: {n} percentage points → 1 charge","i18n-Katalog (src/i18n) — über t() aufgelöst","","done",""
"bar.lightning.discharge","i18n","Entladung","放电","Discharge","i18n-Katalog (src/i18n) — über t() aufgelöst","","done",""
"bar.lightning.discharge.title","i18n","Entladung: dauerhaftes Crit-Multiplikator-Momentum je Entladung.","放电：每次放电积累的永久暴击倍率动能。","Discharge: permanent crit-multiplier momentum per discharge.","i18n-Katalog (src/i18n) — über t() aufgelöst","","done",""
"bar.lightning.frequency","i18n","Blitzfrequenz","闪电频率","Strike rate","i18n-Katalog (src/i18n) — über t() aufgelöst","","done",""
"bar.lightning.frequency.over","i18n","Crit voll: die Leiste zeigt jetzt den Crit-Multiplikator.","暴击已满：这条现在显示暴击倍率。","Crit is full: the bar now shows the crit multiplier.","i18n-Katalog (src/i18n) — über t() aufgelöst","","done",""
"bar.lightning.frequency.title","i18n","Crit-Chance des nächsten Siegs.","下一次获胜的暴击率。","Crit chance of the next win.","i18n-Katalog (src/i18n) — über t() aufgelöst","","done",""
"bar.lightning.fullBadge","i18n","· VOLL GELADEN","· 充能已满","· FULLY CHARGED","i18n-Katalog (src/i18n) — über t() aufgelöst","","done",""
"bar.lightning.noConsumer","i18n","Voll: ohne Konsument verpufft die Ladung. Wähle {skill}, um sie zu verbrauchen.","已满：没有消耗者，充能就白白流失。选择{skill}来消耗它。","Full: without a consumer the charge goes to waste. Pick {skill} to spend it.","i18n-Katalog (src/i18n) — über t() aufgelöst","","done",""
"bar.lightning.saturation","i18n","🌐 Sturm-Sättigung","🌐 风暴饱和","🌐 Storm saturation","i18n-Katalog (src/i18n) — über t() aufgelöst","","done",""
"bar.lightning.state.charge","i18n","Ladung {charge}/{max}","充能{charge}/{max}","Charge {charge}/{max}","i18n-Katalog (src/i18n) — über t() aufgelöst","","done",""
"bar.lightning.state.crit","i18n","Crit ×{mult}","暴击×{mult}","Crit ×{mult}","i18n-Katalog (src/i18n) — über t() aufgelöst","","done",""
"bar.lightning.state.full","i18n","Voll geladen","充能已满","Fully charged","i18n-Katalog (src/i18n) — über t() aufgelöst","","done",""
"bar.lightning.storm","i18n","Gewitterfront","雷暴锋面","Storm Front","i18n-Katalog (src/i18n) — über t() aufgelöst","","done",""
"bar.lightning.storm.title","i18n","Gewitterfront: Crit-Chance-Momentum je Entladung (bis +{cap} %).","雷暴锋面：每次放电积累的暴击率动能（最高+{cap}%）。","Storm Front: crit-chance momentum per discharge (up to +{cap}%).","i18n-Katalog (src/i18n) — über t() aufgelöst","","done",""
"bar.lightning.streak.broken","i18n","gerissen","已中断","broken","i18n-Katalog (src/i18n) — über t() aufgelöst","","done",""
"bar.lightning.streakGuard","i18n","Serienschutz: eine Niederlage mit genug Ladung hielt die Serie (½ Ladung verbraucht).","连胜保护：充能足够时，一次失败也保住了连胜（消耗½充能）。","Streak Guard: a loss with enough charge held the streak (½ charge spent).","i18n-Katalog (src/i18n) — über t() aufgelöst","","done",""
"bar.plant.bloom","i18n","Blüte","花朵","Bloom","i18n-Katalog (src/i18n) — über t() aufgelöst","","done",""
"bar.plant.forest","i18n","🌲 Wald","🌲 森林","🌲 Forest","i18n-Katalog (src/i18n) — über t() aufgelöst","","done",""
"bar.plant.forest.title","i18n","Weltenbaum: die Summe des Überlauf-Wachstums über alle grünen Karten zahlt je grünem Sieg (der ganze alte Wald).","世界树：所有绿色卡牌的溢出生长之和，会在每次绿色获胜时结算（整片老林一起算）。","World Tree: the total overflow growth across all green cards pays on every green win (the whole old forest).","i18n-Katalog (src/i18n) — über t() aufgelöst","","done",""
"bar.plant.forest.unit","i18n","Überlauf-Wachstum","溢出生长","overflow growth","i18n-Katalog (src/i18n) — über t() aufgelöst","","done",""
"bar.plant.grown","i18n","Gewachsen","生长总量","Grown","i18n-Katalog (src/i18n) — über t() aufgelöst","","done",""
"bar.plant.grown.unit","i18n","Wachstum gesamt","累计生长","total growth","i18n-Katalog (src/i18n) — über t() aufgelöst","","done",""
"bar.plant.harvest","i18n","Ernte","收获","Harvest","i18n-Katalog (src/i18n) — über t() aufgelöst","","done",""
"bar.plant.mark.overgrowth","i18n","Überwucherung","疯长","Overgrowth","i18n-Katalog (src/i18n) — über t() aufgelöst","","done",""
"bar.plant.mark.overgrowth.title","i18n","Überwucherung: ab {pct} % alle Farbblöcke +Faktor","疯长：达到{pct}%后所有同花块获得加成倍率","Overgrowth: from {pct}% on, all suit blocks get +factor","i18n-Katalog (src/i18n) — über t() aufgelöst","","done",""
"bar.plant.mark.spring","i18n","Ew. Frühling","永春","Etern. Spring","i18n-Katalog (src/i18n) — über t() aufgelöst","","done",""
"bar.plant.mark.spring.title","i18n","Ewiger Frühling: Überwucherung schon ab {pct} % Feld grün","永恒之春：场上绿色达{pct}%就进入疯长","Eternal Spring: overgrowth kicks in at {pct}% of the field green","i18n-Katalog (src/i18n) — über t() aufgelöst","","done",""
"bar.plant.maturing","i18n","Reifende Karten · {n}","正在成熟的卡牌 · {n}","Ripening cards · {n}","i18n-Katalog (src/i18n) — über t() aufgelöst","","done",""
"bar.plant.maturing.more","i18n","+{n} weitere","+{n}张","+{n} more","i18n-Katalog (src/i18n) — über t() aufgelöst","","done",""
"bar.plant.nextRipe","i18n","Nächste Reife","下一次成熟","Next Ripening","i18n-Katalog (src/i18n) — über t() aufgelöst","","done",""
"bar.plant.nextRipe.title","i18n","Grobe Schätzung: nächster Setzling wird grün (aus Wachstumsrate × Restdistanz).","粗略估算：下一棵树苗何时变绿（由生长速度×剩余差值推算）。","Rough estimate: the next seedling turns green (growth rate × remaining distance).","i18n-Katalog (src/i18n) — über t() aufgelöst","","done",""
"bar.plant.nextRipe.wins_one","i18n","~{count} Sieg","约{count}胜","~{count} win","i18n-Katalog (src/i18n) — über t() aufgelöst","","done",""
"bar.plant.nextRipe.wins_other","i18n","~{count} Siege","约{count}胜","~{count} wins","i18n-Katalog (src/i18n) — über t() aufgelöst","","done",""
"bar.plant.overflow","i18n","· Überlauf","· 溢出","· overflow","i18n-Katalog (src/i18n) — über t() aufgelöst","","done",""
"bar.plant.perWin","i18n","Score/Sieg","每胜得分","score/win","i18n-Katalog (src/i18n) — über t() aufgelöst","","done",""
"bar.plant.root","i18n","Wurzel","根系","Root","i18n-Katalog (src/i18n) — über t() aufgelöst","","done",""
"bar.plant.runners","i18n","Ausläufer · Kolonisiert","匍匐茎 · 已扩张","Runners · colonized","i18n-Katalog (src/i18n) — über t() aufgelöst","","done",""
"bar.plant.share","i18n","Grün-Anteil des Feldes","场上绿色占比","Green share of the field","i18n-Katalog (src/i18n) — über t() aufgelöst","","done",""
"bar.plant.share.badge","i18n","· ÜBERWUCHERT","· 疯长","· OVERGROWN","i18n-Katalog (src/i18n) — über t() aufgelöst","","done",""
"bar.plant.share.title","i18n","Anteil grüner (reifer + ausgewachsener) Karten am Feld.","场上绿色（成熟与完全长成）卡牌的占比。","Share of green (ripe + full-grown) cards on the field.","i18n-Katalog (src/i18n) — über t() aufgelöst","","done",""
"bar.plant.share.value","i18n","{green} / {total} · {pct} %","{green}/{total} · {pct}%","{green} / {total} · {pct}%","i18n-Katalog (src/i18n) — über t() aufgelöst","","done",""
"bar.plant.stage.full","i18n","Ausgewachsen","完全长成","Full-grown","i18n-Katalog (src/i18n) — über t() aufgelöst","","done",""
"bar.plant.stage.full.title","i18n","Voll ausgewachsen (Wert {cap}).","完全长成（数值{cap}）。","Fully grown (value {cap}).","i18n-Katalog (src/i18n) — über t() aufgelöst","","done",""
"bar.plant.stage.green","i18n","Grün","绿色","Green","i18n-Katalog (src/i18n) — über t() aufgelöst","","done",""
"bar.plant.stage.green.title","i18n","Reife grüne Karten, Wert unter dem Deckel (Balken = Ø Fortschritt zum Wert-Deckel).","已成熟的绿色卡牌，数值仍在上限之下（进度条为距离数值上限的平均进度）。","Ripe green cards below the value cap (bar = average progress to the value cap).","i18n-Katalog (src/i18n) — über t() aufgelöst","","done",""
"bar.plant.stage.seed","i18n","Setzling","树苗","Seedling","i18n-Katalog (src/i18n) — über t() aufgelöst","","done",""
"bar.plant.stage.seed.title","i18n","Wachsende, noch nicht reife Karten (Balken = Ø Fortschritt zur Reife).","正在生长、尚未成熟的卡牌（进度条为距离成熟的平均进度）。","Growing cards that are not ripe yet (bar = average progress to ripeness).","i18n-Katalog (src/i18n) — über t() aufgelöst","","done",""
"bar.plant.state.green","i18n","Grün {pct} %","绿色{pct}%","Green {pct}%","i18n-Katalog (src/i18n) — über t() aufgelöst","","done",""
"bar.plant.state.overgrown","i18n","Überwuchert","疯长","Overgrown","i18n-Katalog (src/i18n) — über t() aufgelöst","","done",""
"bar.plant.strip.green","i18n","Grün · W{value}","绿色 · 值{value}","Green · V{value}","i18n-Katalog (src/i18n) — über t() aufgelöst","","done",""
"bar.plant.strip.seed","i18n","Setzling {growth}/{need}","树苗{growth}/{need}","Seedling {growth}/{need}","i18n-Katalog (src/i18n) — über t() aufgelöst","","done",""
"bar.plant.tallest","i18n","🌳 Höchster Baum","🌳 最高的树","🌳 Tallest Tree","i18n-Katalog (src/i18n) — über t() aufgelöst","","done",""
"bar.plant.tallest.title","i18n","Mutterbaum: der tiefste Baum (Überlauf-Wachstum über dem Wert-Deckel) zahlt je grünem Sieg und verdoppelt seinen Wurzel-Score.","母树：你最深的那棵树（数值上限之上的溢出生长）在每次绿色获胜时结算，并让自己的根系得分翻倍。","Mother Tree: your deepest tree (overflow growth above the value cap) pays on every green win and doubles its root score.","i18n-Katalog (src/i18n) — über t() aufgelöst","","done",""
"bar.plant.tallest.value","i18n","Wert {value}","数值{value}","Value {value}","i18n-Katalog (src/i18n) — über t() aufgelöst","","done",""
"bar.plant.trimmed","i18n","✂ Getrimmt","✂ 已修剪","✂ Pruned","i18n-Katalog (src/i18n) — über t() aufgelöst","","done",""
"bar.plant.trimmed.title","i18n","Trimmen: jeder ersetzte Wachstums-Skill ({skills}) hebt dauerhaft den Wurzel- & Blüten-Score.","修剪：每个被替换掉的生长技能（{skills}）都会永久提高根系与花朵得分。","Pruning: every replaced growth skill ({skills}) permanently raises root & bloom score.","i18n-Katalog (src/i18n) — über t() aufgelöst","","done",""
"bar.plant.trimmed.unit","i18n","· Wurzel/Blüte","· 根系/花朵","· root/bloom","i18n-Katalog (src/i18n) — über t() aufgelöst","","done",""
"bar.plant.yield","i18n","Garten-Ertrag","花园产出","Garden Yield","i18n-Katalog (src/i18n) — über t() aufgelöst","","done",""
"bf.banner.loss","i18n","Verloren","失败","Lost","i18n-Katalog (src/i18n) — über t() aufgelöst","","done",""
"bf.banner.tie","i18n","Gleichstand","平局","Tie","i18n-Katalog (src/i18n) — über t() aufgelöst","","done",""
"bf.banner.win","i18n","Gewonnen","获胜","Won","i18n-Katalog (src/i18n) — über t() aufgelöst","","done",""
"bf.banner.winCrit","i18n","Gewonnen · Kritisch","获胜 · 暴击","Won · critical","i18n-Katalog (src/i18n) — über t() aufgelöst","","done",""
"bf.banner.winTie","i18n","Gleichstand → Sieg","平局 → 获胜","Tie → win","i18n-Katalog (src/i18n) — über t() aufgelöst","","done",""
"bf.bd.aria","i18n","Aufschlüsselung des Stich-Scores","单墩得分的拆解","Trick score breakdown","i18n-Katalog (src/i18n) — über t() aufgelöst","","done",""
"bf.bd.base","i18n","Basis","基础","Base","i18n-Katalog (src/i18n) — über t() aufgelöst","","done",""
"bf.bd.base.title","i18n","Grundwert des Siegs plus alle flachen Boni (Perks, Crit-Flats, Fraktions-Score).","获胜的基础值，加上所有固定加值（天赋、暴击固定值、流派得分）。","Base value of the win plus every flat bonus (perks, crit flats, faction score).","i18n-Katalog (src/i18n) — über t() aufgelöst","","done",""
"bf.bd.crit","i18n","Crit","暴击","Crit","i18n-Katalog (src/i18n) — über t() aufgelöst","","done",""
"bf.bd.crit.title","i18n","Crit-Multiplikator dieses Stichs.","这一墩的暴击倍率。","Crit multiplier of this trick.","i18n-Katalog (src/i18n) — über t() aufgelöst","","done",""
"bf.bd.direct","i18n","Direkt","直接","Direct","i18n-Katalog (src/i18n) — über t() aufgelöst","","done",""
"bf.bd.direct.title","i18n","Direkt-Score, der an der Kette vorbeiläuft: Glutdividende, Blitz, Pflanze, Gletscher, Vabanque.","绕过乘算链的直接得分：余烬分红、闪电、植物、冰川、孤注一掷。","Direct score that bypasses the chain: ember dividend, lightning, plant, glacier, All In.","i18n-Katalog (src/i18n) — über t() aufgelöst","","done",""
"bf.bd.form","i18n","Form","阵型","Form","i18n-Katalog (src/i18n) — über t() aufgelöst","","done",""
"bf.bd.form.title","i18n","Multiplikator der Formationen an dieser Position, samt Nachhall und Formationskern.","这个位次上各阵型的倍率，包含回响与阵型核心。","Multiplier of the formations at this position, including Echo and Core.","i18n-Katalog (src/i18n) — über t() aufgelöst","","done",""
"bf.bd.perks","i18n","Perks","天赋","Perks","i18n-Katalog (src/i18n) — über t() aufgelöst","","done",""
"bf.bd.perks.title","i18n","Multiplikator aus Perks und Familien, dazu Sonnenzorn und die Score-Gebäude des Architekten.","来自天赋与系列的倍率，还有烈日之怒和建筑师的得分建筑。","Multiplier from perks and families, plus Sun Wrath and the architect’s score buildings.","i18n-Katalog (src/i18n) — über t() aufgelöst","","done",""
"bf.bd.streak","i18n","Serie","连胜","Streak","i18n-Katalog (src/i18n) — über t() aufgelöst","","done",""
"bf.bd.streak.title","i18n","Multiplikator aus der laufenden Siegesserie.","来自当前连胜的倍率。","Multiplier from your running win streak.","i18n-Katalog (src/i18n) — über t() aufgelöst","","done",""
"bf.bd.total","i18n","Summe","总计","Total","i18n-Katalog (src/i18n) — über t() aufgelöst","","done",""
"bf.bd.total.title","i18n","Gesamter Score dieses Stichs.","这一墩的总得分。","Total score of this trick.","i18n-Katalog (src/i18n) — über t() aufgelöst","","done",""
"bf.big.avalanche","i18n","Lawine","雪崩","AVALANCHE","i18n-Katalog (src/i18n) — über t() aufgelöst","","done",""
"bf.big.brutal","i18n","Brutal","凶猛","BRUTAL","i18n-Katalog (src/i18n) — über t() aufgelöst","","done",""
"bf.big.fierce","i18n","Stark","强劲","NICE","i18n-Katalog (src/i18n) — über t() aufgelöst","","done",""
"bf.big.godlike","i18n","Gottgleich","神级","GODLIKE","i18n-Katalog (src/i18n) — über t() aufgelöst","","done",""
"bf.big.insane","i18n","Irre","疯狂","INSANE","i18n-Katalog (src/i18n) — über t() aufgelöst","","done",""
"bf.big.letsgo","i18n","Gönn dir","痛快！","LET’S GO!","i18n-Katalog (src/i18n) — über t() aufgelöst","","done",""
"bf.crit","i18n","Kritisch!","暴击！","Critical!","i18n-Katalog (src/i18n) — über t() aufgelöst","","done",""
"bf.crit.mult","i18n","Kritisch ×{n}","暴击×{n}","Critical ×{n}","i18n-Katalog (src/i18n) — über t() aufgelöst","","done",""
"bf.ready","i18n","Bereit: starte den Autobattler","就绪：开始自动对战","Ready: start the autobattler","i18n-Katalog (src/i18n) — über t() aufgelöst","","done",""
"bf.side.opponent","i18n","Gegner","对手","Opponent","i18n-Katalog (src/i18n) — über t() aufgelöst","","done",""
"bf.side.you","i18n","Du","你","You","i18n-Katalog (src/i18n) — über t() aufgelöst","","done",""
"bf.trickCount","i18n","Stich {n} / {total}","第{n}/{total}墩","Trick {n} / {total}","i18n-Katalog (src/i18n) — über t() aufgelöst","","done",""
"board.champions.empty","i18n","Noch keine Wochensieger. Die erste Wochen-Rangliste muss erst abgeschlossen sein.","还没有周冠军。第一个周排位榜得先结束。","No weekly winners yet. The first weekly ranking has to finish first.","i18n-Katalog (src/i18n) — über t() aufgelöst","","done",""
"board.champions.intro","i18n","Platz 1 jeder abgelaufenen Wochen-Rangliste landet hier, eine Person pro Woche.","每个已结束的周排位榜的第1名会留在这里，每周一人。","First place of every finished weekly ranking lands here, one person per week.","i18n-Katalog (src/i18n) — über t() aufgelöst","","done",""
"board.champions.loading","i18n","Lädt Champions …","正在加载挑战者……","Loading champions …","i18n-Katalog (src/i18n) — über t() aufgelöst","","done",""
"board.champions.unavailable","i18n","Champions sind nicht verfügbar.","挑战者榜暂时不可用。","Champions are unavailable.","i18n-Katalog (src/i18n) — über t() aufgelöst","","done",""
"board.col.pilot","i18n","Pilot","玩家","Pilot","i18n-Katalog (src/i18n) — über t() aufgelöst","","done",""
"board.col.rank","i18n","Rang","名次","Rank","i18n-Katalog (src/i18n) — über t() aufgelöst","","done",""
"board.col.score","i18n","Punkte","分数","Score","i18n-Katalog (src/i18n) — über t() aufgelöst","","done",""
"board.countdown","i18n","{d}t {h}h {m}m {s}s","{d}天{h}时{m}分{s}秒","{d}d {h}h {m}m {s}s","i18n-Katalog (src/i18n) — über t() aufgelöst","","done",""
"board.ctx.arch.s","i18n","Am Wochenende ins Challenger-Archiv.","周末进入挑战者档案。","Into the Challenger archive at the end of the week.","i18n-Katalog (src/i18n) — über t() aufgelöst","","done",""
"board.ctx.arch.t","i18n","Platz 1 wandert","第1名会移交","Rank 1 moves on","i18n-Katalog (src/i18n) — über t() aufgelöst","","done",""
"board.ctx.base.s","i18n","Der Upgrade-Baum hat keine Wirkung.","升级树在这里不生效。","The upgrade tree has no effect.","i18n-Katalog (src/i18n) — über t() aufgelöst","","done",""
"board.ctx.base.t","i18n","Faire Baseline","公平基准","Fair baseline","i18n-Katalog (src/i18n) — über t() aufgelöst","","done",""
"board.ctx.seed.s","i18n","Alle spielen dieselbe Kartenfolge.","所有人玩同一套牌序。","Everyone plays the same card order.","i18n-Katalog (src/i18n) — über t() aufgelöst","","done",""
"board.ctx.seed.t","i18n","Gleicher Seed","相同种子","Same seed","i18n-Katalog (src/i18n) — über t() aufgelöst","","done",""
"board.empty","i18n","Noch keine Einträge. Mach den Anfang.","还没有记录。你来开个头。","No entries yet. Be the first.","i18n-Katalog (src/i18n) — über t() aufgelöst","","done",""
"board.eyebrow.board","i18n","Vergleich","对比","Comparison","i18n-Katalog (src/i18n) — über t() aufgelöst","","done",""
"board.eyebrow.ranked","i18n","Rangliste","排位","Ranked","i18n-Katalog (src/i18n) — über t() aufgelöst","","done",""
"board.global.empty","i18n","Noch kein Lauf im Global-Board. Mach den Anfang.","全球榜上还没有对局。你来开个头。","No run on the global board yet. Be the first.","i18n-Katalog (src/i18n) — über t() aufgelöst","","done",""
"board.global.head","i18n","Allzeit · Top {n}","历史 · 前{n}名","All-time · Top {n}","i18n-Katalog (src/i18n) — über t() aufgelöst","","done",""
"board.global.sub","i18n","alle Läufe","全部对局","all runs","i18n-Katalog (src/i18n) — über t() aufgelöst","","done",""
"board.loading","i18n","Lädt Bestenliste …","正在加载排行榜……","Loading leaderboard …","i18n-Katalog (src/i18n) — über t() aufgelöst","","done",""
"board.locked","i18n","🔒 Frei, sobald alle Decks freigeschaltet sind und jeder der vier Archetypen einmal in einem bis zum Ende gespielten Lauf dabei war; ein Skill daraus genügt, und mehrere Archetypen zählen im selben Lauf. Abgebrochene Läufe zählen nicht.","🔒 解锁条件：所有卡组已解锁，并且四个流派都各自在一局完整打完的对局里出现过一次；其中一个技能即可，多个流派也可以算在同一局里。中途放弃的对局不算。","🔒 Unlocks once every deck is unlocked and each of the four archetypes has been part of a run you played to the end; one skill from it is enough, and several archetypes count in the same run. Abandoned runs don't count.","i18n-Katalog (src/i18n) — über t() aufgelöst","","done",""
"board.nav.champions.sub","i18n","Platz 1 jeder abgelaufenen Woche","每个已结束周的第1名","Rank 1 of every past week","i18n-Katalog (src/i18n) — über t() aufgelöst","","done",""
"board.nav.global.sub","i18n","Allzeit · alle Läufe","历史 · 全部对局","All-time · every run","i18n-Katalog (src/i18n) — über t() aufgelöst","","done",""
"board.nav.rules.sub","i18n","Baseline und alle Modifikatoren","基准与全部修正项","Baseline and all modifiers","i18n-Katalog (src/i18n) — über t() aufgelöst","","done",""
"board.play","i18n","▶ Spielen","▶ 开始","▶ Play","i18n-Katalog (src/i18n) — über t() aufgelöst","","done",""
"board.resetIn","i18n","Reset in {time}","{time}后重置","Reset in {time}","i18n-Katalog (src/i18n) — über t() aufgelöst","","done",""
"board.row.cycle","i18n","Durchlauf {n}","第{n}轮","Cycle {n}","i18n-Katalog (src/i18n) — über t() aufgelöst","","done",""
"board.rules.intro","i18n","Alle spielen wöchentlich denselben Seed unter fairer Baseline: der Upgrade-Baum hat keine Wirkung ({rerolls} Rerolls je Phase, alle Raritäten, Legendär-Phase in Durchlauf {legCycle}). Jede Woche verändern 3–5 zufällige Modifikatoren (≥2 positiv, ≥1 negativ) den Lauf, für alle identisch. Nur abgeschlossene Läufe zählen; am Wochenende wandert Platz 1 ins Challenger-Archiv, das Board startet neu.","每周所有人都在同一个种子、同一套公平基准下游玩：升级树在这里不生效（每阶段{rerolls}次重抽，全部稀有度开放，传说阶段出现在第{legCycle}轮）。每周有3–5个随机修正项改变这一局（≥2个正面、≥1个负面），对所有人完全相同。只有完成的对局才计入榜单；周末时第1名进入挑战者档案，榜单重新开始。","Everyone plays the same weekly seed on a fair baseline: the upgrade tree has no effect ({rerolls} rerolls per phase, all rarities, legendary phase in cycle {legCycle}). Every week 3–5 random modifiers (≥2 positive, ≥1 negative) change the run, identically for everyone. Only completed runs count; at the end of the week first place moves into the Challenger archive and the board starts over.","i18n-Katalog (src/i18n) — über t() aufgelöst","","done",""
"board.rules.neg","i18n","Negative Modifikatoren","负面修正项","Negative modifiers","i18n-Katalog (src/i18n) — über t() aufgelöst","","done",""
"board.rules.pairs","i18n","Ausschluss-Paare (nie zusammen)","互斥组合（不会同时出现）","Exclusive pairs (never together)","i18n-Katalog (src/i18n) — über t() aufgelöst","","done",""
"board.rules.pos","i18n","Positive Modifikatoren","正面修正项","Positive modifiers","i18n-Katalog (src/i18n) — über t() aufgelöst","","done",""
"board.sub.board","i18n","Die besten Läufe aller Spieler.","所有玩家的最佳对局。","The best runs from every player.","i18n-Katalog (src/i18n) — über t() aufgelöst","","done",""
"board.sub.ranked","i18n","Woche {week} — alle spielen denselben Seed.","第{week}周，所有人玩同一个种子。","Week {week} — everyone plays the same seed.","i18n-Katalog (src/i18n) — über t() aufgelöst","","done",""
"board.tab.challenger","i18n","Challenger","挑战者","Challenger","i18n-Katalog (src/i18n) — über t() aufgelöst","","done",""
"board.tab.global","i18n","Global","全球","Global","i18n-Katalog (src/i18n) — über t() aufgelöst","","done",""
"board.tab.rules","i18n","Regeln","规则","Rules","i18n-Katalog (src/i18n) — über t() aufgelöst","","done",""
"board.tab.week","i18n","Diese Woche","本周","This week","i18n-Katalog (src/i18n) — über t() aufgelöst","","done",""
"board.tab.weekShort","i18n","Woche","周","Week","i18n-Katalog (src/i18n) — über t() aufgelöst","","done",""
"board.title","i18n","Bestenliste","排行榜","Leaderboard","i18n-Katalog (src/i18n) — über t() aufgelöst","","done",""
"board.tree.none.title","i18n","Für diesen Lauf ist kein Baumstand gespeichert","这一局没有保存升级树的状态","No tree state was stored for this run","i18n-Katalog (src/i18n) — über t() aufgelöst","","done",""
"board.tree.title","i18n","{done} von {total} Knoten im Upgrade-Baum freigeschaltet","升级树已解锁{done}/{total}个节点","{done} of {total} upgrade tree nodes unlocked","i18n-Katalog (src/i18n) — über t() aufgelöst","","done",""
"board.unavailable","i18n","Bestenliste ist nicht verfügbar.","排行榜暂时不可用。","The leaderboard is unavailable.","i18n-Katalog (src/i18n) — über t() aufgelöst","","done",""
"board.week.viewOnly","i18n","Die Platzierung dieser Woche. Gespielt wird über den Ranglisten-Knopf im Menü.","这是本周的排名。要参与游玩，请用菜单里的排位按钮。","This week’s standings. Play via the ranked button in the menu.","i18n-Katalog (src/i18n) — über t() aufgelöst","","done",""
"board.weekLabel","i18n","Woche {week} · {year}","第{week}周 · {year}","Week {week} · {year}","i18n-Katalog (src/i18n) — über t() aufgelöst","","done",""
"board.weekMods","i18n","Modifikatoren dieser Woche","本周的修正项","This week’s modifiers","i18n-Katalog (src/i18n) — über t() aufgelöst","","done",""
"board.weekSeed","i18n","Seed der Woche","本周种子","Seed of the week","i18n-Katalog (src/i18n) — über t() aufgelöst","","done",""
"branch.deck.desc","i18n","Archetypen & Legendäre","流派与传说","Archetypes & legendaries","i18n-Katalog (src/i18n) — über t() aufgelöst","","done",""
"branch.deck.name","i18n","Decks","卡组","Decks","i18n-Katalog (src/i18n) — über t() aufgelöst","","done",""
"branch.gen.desc","i18n","Baufeld · Energie · Rarität · Drops","建造区 · 能量 · 稀有度 · 掉落","Build space · energy · rarity · drops","i18n-Katalog (src/i18n) — über t() aufgelöst","","done",""
"branch.gen.name","i18n","Allgemein","通用","General","i18n-Katalog (src/i18n) — über t() aufgelöst","","done",""
"build.deck.legend","i18n","Balken = Ø-Wert · violett ◆ = unschlagbar (>{over}, überbietet jede Gegnerkarte).","柱子代表平均数值 · 紫色◆代表无敌（大于{over}，压过任何对手卡牌）。","Bar = avg value · purple ◆ = unbeatable (>{over}, beats any opponent card).","i18n-Katalog (src/i18n) — über t() aufgelöst","","done",""
"build.perks.empty","i18n","Noch keine Perks.","还没有天赋。","No perks yet.","i18n-Katalog (src/i18n) — über t() aufgelöst","","done",""
"build.perks.emptyRun","i18n","Noch keine Perks. In manchen Durchläufen wählst du einen dazu.","还没有天赋。在某些轮次里你可以额外选一个。","No perks yet. Some cycles let you pick one.","i18n-Katalog (src/i18n) — über t() aufgelöst","","done",""
"build.perks.head","i18n","Perks: {count}","天赋：{count}","Perks: {count}","i18n-Katalog (src/i18n) — über t() aufgelöst","","done",""
"build.skill.spark.empty","i18n","noch keine Ausschüttung; **{store}** liegen im Speicher.","还没有释放过；储量里有**{store}**。","no payout yet; **{store}** sitting in the store.","i18n-Katalog (src/i18n) — über t() aufgelöst","","done",""
"build.skill.spark.yield","i18n","bisher **{score}** Score aus **{n}** Ausschüttungen; **{store}** liegen im Speicher.","目前从**{n}**次释放中得到**{score}**得分；储量里还有**{store}**。","**{score}** score so far from **{n}** payouts; **{store}** sitting in the store.","i18n-Katalog (src/i18n) — über t() aufgelöst","","done",""
"build.skill.yield.term","i18n","Ertrag","产出","Yield","i18n-Katalog (src/i18n) — über t() aufgelöst","","done",""
"build.skills.empty","i18n","Noch keine Skills.","还没有技能。","No skills yet.","i18n-Katalog (src/i18n) — über t() aufgelöst","","done",""
"build.skills.emptyRun","i18n","Noch keine Skills, ab Durchlauf {cycle} wählbar.","还没有技能，从第{cycle}轮起可以选择。","No skills yet, pickable from cycle {cycle}.","i18n-Katalog (src/i18n) — über t() aufgelöst","","done",""
"build.skills.head","i18n","Skills: {count}","技能：{count}","Skills: {count}","i18n-Katalog (src/i18n) — über t() aufgelöst","","done",""
"building.A_ARKADE.name","i18n","Arkade","拱廊","Arcade","i18n-Katalog (src/i18n) — über t() aufgelöst","","done",""
"building.A_BASILIKA.name","i18n","Basilika","巴西利卡","Basilica","i18n-Katalog (src/i18n) — über t() aufgelöst","","done",""
"building.A_BOLLWERK.name","i18n","Bollwerk","棱堡","Bulwark","i18n-Katalog (src/i18n) — über t() aufgelöst","","done",""
"building.A_BUNTGLAS.name","i18n","Buntglas","彩窗","Stained Glass","i18n-Katalog (src/i18n) — über t() aufgelöst","","done",""
"building.A_FIRST.name","i18n","Firstträger","脊梁","Ridge Beam","i18n-Katalog (src/i18n) — über t() aufgelöst","","done",""
"building.A_FRIES.name","i18n","Fries","檐壁","Frieze","i18n-Katalog (src/i18n) — über t() aufgelöst","","done",""
"building.A_FUNDAMENT.name","i18n","Fundamentplatte","基础板","Foundation Slab","i18n-Katalog (src/i18n) — über t() aufgelöst","","done",""
"building.A_GEWOELBE.name","i18n","Gewölbe","穹顶","Vault","i18n-Katalog (src/i18n) — über t() aufgelöst","","done",""
"building.A_GIEBEL.name","i18n","Giebel","山墙","Gable","i18n-Katalog (src/i18n) — über t() aufgelöst","","done",""
"building.A_GRUNDSTEIN.name","i18n","Grundstein","奠基石","Foundation Stone","i18n-Katalog (src/i18n) — über t() aufgelöst","","done",""
"building.A_KATHEDRALE.name","i18n","Kathedrale","大教堂","Cathedral","i18n-Katalog (src/i18n) — über t() aufgelöst","","done",""
"building.A_KLAMMER.name","i18n","Klammer","夹钳","Clamp","i18n-Katalog (src/i18n) — über t() aufgelöst","","done",""
"building.A_KONTOR.name","i18n","Kontor","商馆","Trading Post","i18n-Katalog (src/i18n) — über t() aufgelöst","","done",""
"building.A_KREUZGANG.name","i18n","Kreuzgang","回廊","Cloister","i18n-Katalog (src/i18n) — über t() aufgelöst","","done",""
"building.A_LAUFGANG.name","i18n","Laufgang","廊道","Gallery Walk","i18n-Katalog (src/i18n) — über t() aufgelöst","","done",""
"building.A_LEUCHTTURM.name","i18n","Leuchtturm","灯塔","Lighthouse","i18n-Katalog (src/i18n) — über t() aufgelöst","","done",""
"building.A_LOSBUDE.name","i18n","Losbude","抽奖摊","Raffle Booth","i18n-Katalog (src/i18n) — über t() aufgelöst","","done",""
"building.A_MARKT.name","i18n","Marktplatz","集市广场","Marketplace","i18n-Katalog (src/i18n) — über t() aufgelöst","","done",""
"building.A_MEILENSTEIN.name","i18n","Meilenstein","里程碑","Milestone","i18n-Katalog (src/i18n) — über t() aufgelöst","","done",""
"building.A_PFEILER.name","i18n","Pfeiler","石柱","Pillar","i18n-Katalog (src/i18n) — über t() aufgelöst","","done",""
"building.A_PRISMA.name","i18n","Prisma","棱镜","Prism","i18n-Katalog (src/i18n) — über t() aufgelöst","","done",""
"building.A_PRUNKSAAL.name","i18n","Prunksaal","华堂","State Hall","i18n-Katalog (src/i18n) — über t() aufgelöst","","done",""
"building.A_QUADER.name","i18n","Quader","方石","Ashlar","i18n-Katalog (src/i18n) — über t() aufgelöst","","done",""
"building.A_RAMPE.name","i18n","Rampe","坡道","Ramp","i18n-Katalog (src/i18n) — über t() aufgelöst","","done",""
"building.A_RATHAUS.name","i18n","Rathaus","市政厅","Town Hall","i18n-Katalog (src/i18n) — über t() aufgelöst","","done",""
"building.A_REIHENHAUS.name","i18n","Reihenhaus","连排屋","Terrace House","i18n-Katalog (src/i18n) — über t() aufgelöst","","done",""
"building.A_RIEGEL.name","i18n","Riegel","横栋","Crossbar","i18n-Katalog (src/i18n) — über t() aufgelöst","","done",""
"building.A_SCHATZ.name","i18n","Schatzkammer","宝库","Treasury","i18n-Katalog (src/i18n) — über t() aufgelöst","","done",""
"building.A_SOCKEL.name","i18n","Sockel","基座","Plinth","i18n-Katalog (src/i18n) — über t() aufgelöst","","done",""
"building.A_SPEICHER.name","i18n","Speicherstadt","仓库城","Warehouse District","i18n-Katalog (src/i18n) — über t() aufgelöst","","done",""
"building.A_SPIELBANK.name","i18n","Spielbank","赌场","Casino","i18n-Katalog (src/i18n) — über t() aufgelöst","","done",""
"building.A_STERNWARTE.name","i18n","Sternwarte","天文台","Observatory","i18n-Katalog (src/i18n) — über t() aufgelöst","","done",""
"building.A_STUETZE.name","i18n","Stützbalken","支撑梁","Support Beam","i18n-Katalog (src/i18n) — über t() aufgelöst","","done",""
"building.A_VORWERK.name","i18n","Vorwerk","前哨堡","Outwork","i18n-Katalog (src/i18n) — über t() aufgelöst","","done",""
"building.A_WEHRGANG.name","i18n","Wehrgang","城墙走道","Rampart Walk","i18n-Katalog (src/i18n) — über t() aufgelöst","","done",""
"building.A_WETTHALLE.name","i18n","Wetthalle","博彩厅","Betting Hall","i18n-Katalog (src/i18n) — über t() aufgelöst","","done",""
"building.A_ZINNE.name","i18n","Zinne","雉堞","Battlement","i18n-Katalog (src/i18n) — über t() aufgelöst","","done",""
"building.A_ZOLLHAUS.name","i18n","Zollhaus","关税所","Customs House","i18n-Katalog (src/i18n) — über t() aufgelöst","","done",""
"building.A_ZUNFTHAUS.name","i18n","Zunfthaus","行会大厅","Guildhall","i18n-Katalog (src/i18n) — über t() aufgelöst","","done",""
"building.A_ZUNFTV.name","i18n","Zunftviertel","行会街区","Guild Quarter","i18n-Katalog (src/i18n) — über t() aufgelöst","","done",""
"building.A_ZWINGER.name","i18n","Zwinger","外堡","Outer Ward","i18n-Katalog (src/i18n) — über t() aufgelöst","","done",""
"building.eff.anker","i18n","jede Zelle zählt als Anker (×{f})","每一格都算作锚点（×{f}）","every cell counts as an anchor (×{f})","i18n-Katalog (src/i18n) — über t() aufgelöst","","done",""
"building.eff.bind","i18n","Treppen-Bindeglied: Karte darf im Wert um ±{span} abweichen","阶梯连接件：卡牌数值可以相差±{span}","stair link: the card may differ in value by ±{span}","i18n-Katalog (src/i18n) — über t() aufgelöst","","done",""
"building.eff.color.score","i18n","passende Farbe +{n} Score","同花色得分+{n}","matching suit +{n} score","i18n-Katalog (src/i18n) — über t() aufgelöst","","done",""
"building.eff.color.value","i18n","passende Farbe +{n} Stichwert","同花色墩值+{n}","matching suit +{n} trick value","i18n-Katalog (src/i18n) — über t() aufgelöst","","done",""
"building.eff.compound","i18n","Sieg +{n} Score je vollendeter Struktur","每个完成的结构使获胜得分+{n}","win +{n} score per completed structure","i18n-Katalog (src/i18n) — über t() aufgelöst","","done",""
"building.eff.crit","i18n","Crit-Sieg +{n} Score","暴击获胜得分+{n}","crit win +{n} score","i18n-Katalog (src/i18n) — über t() aufgelöst","","done",""
"building.eff.crossSeg","i18n","öffnet die Segmentgrenze","打开区段边界","opens the segment boundary","i18n-Katalog (src/i18n) — über t() aufgelöst","","done",""
"building.eff.flat.score","i18n","Sieg +{n} Score","获胜得分+{n}","win +{n} score","i18n-Katalog (src/i18n) — über t() aufgelöst","","done",""
"building.eff.flat.value","i18n","alle Abgedeckten +{n} Stichwert","所有被覆盖的卡牌墩值+{n}","all covered cards +{n} trick value","i18n-Katalog (src/i18n) — über t() aufgelöst","","done",""
"building.eff.formMult","i18n","Formationen hier ×{f}","这里的阵型×{f}","formations here ×{f}","i18n-Katalog (src/i18n) — über t() aufgelöst","","done",""
"building.eff.gamble","i18n","Crit-Sieg +{n} Score · Sieg ohne Crit −{penalty} Score","暴击获胜得分+{n} · 无暴击获胜得分−{penalty}","crit win +{n} score · win without a crit −{penalty} score","i18n-Katalog (src/i18n) — über t() aufgelöst","","done",""
"building.eff.joker","i18n","Formations-Joker ({types})","阵型万能牌（{types}）","formation wild ({types})","i18n-Katalog (src/i18n) — über t() aufgelöst","","done",""
"building.eff.lowValue","i18n","niedrige Karten +{n} Stichwert","低数值卡牌墩值+{n}","low cards +{n} trick value","i18n-Katalog (src/i18n) — über t() aufgelöst","","done",""
"building.eff.milestone","i18n","jeder {every}. Sieg auf diesem Gebäude +{n} Score","在这座建筑上每{every}次获胜得分+{n}","every {every}th win on this building +{n} score","i18n-Katalog (src/i18n) — über t() aufgelöst","","done",""
"building.eff.mult","i18n","Siege hier ×{f} Score","这里的获胜得分×{f}","wins here ×{f} score","i18n-Katalog (src/i18n) — über t() aufgelöst","","done",""
"building.eff.neighbor.score","i18n","Sieg +{n} Score je Nachbargebäude (max {cap})","每有一座相邻建筑使获胜得分+{n}（最多{cap}）","win +{n} score per adjacent building (max {cap})","i18n-Katalog (src/i18n) — über t() aufgelöst","","done",""
"building.eff.neighbor.value","i18n","+{n} Stichwert je Nachbargebäude (max {cap})","每有一座相邻建筑墩值+{n}（最多{cap}）","+{n} trick value per adjacent building (max {cap})","i18n-Katalog (src/i18n) — über t() aufgelöst","","done",""
"building.eff.relay.both","i18n","strahlt +{n} Score in beide Nachbarfelder","向两侧相邻格各辐射+{n}得分","radiates +{n} score into both neighbouring cells","i18n-Katalog (src/i18n) — über t() aufgelöst","","done",""
"building.eff.relay.right","i18n","reicht +{n} Score ans Feld rechts weiter","向右侧的格传递+{n}得分","passes +{n} score on to the cell to the right","i18n-Katalog (src/i18n) — über t() aufgelöst","","done",""
"building.eff.segment.early","i18n","frühe","靠前的","early","i18n-Katalog (src/i18n) — über t() aufgelöst","","done",""
"building.eff.segment.late","i18n","späte","靠后的","late","i18n-Katalog (src/i18n) — über t() aufgelöst","","done",""
"building.eff.segment.score","i18n","{half} Segmente +{n} Score","{half}区段得分+{n}","{half} segments +{n} score","i18n-Katalog (src/i18n) — über t() aufgelöst","","done",""
"building.eff.segment.value","i18n","{half} Segmente +{n} Stichwert","{half}区段墩值+{n}","{half} segments +{n} trick value","i18n-Katalog (src/i18n) — über t() aufgelöst","","done",""
"building.eff.streak","i18n","Sieg +{n} Score je Serienpunkt (max {cap})","每点连胜使获胜得分+{n}（最多{cap}）","win +{n} score per streak point (max {cap})","i18n-Katalog (src/i18n) — über t() aufgelöst","","done",""
"building.eff.target.highest","i18n","höchste","最高的","highest","i18n-Katalog (src/i18n) — über t() aufgelöst","","done",""
"building.eff.target.lowest","i18n","niedrigste","最低的","lowest","i18n-Katalog (src/i18n) — über t() aufgelöst","","done",""
"building.eff.target.score","i18n","{which} Karte +{n} Score","{which}卡牌得分+{n}","{which} card +{n} score","i18n-Katalog (src/i18n) — über t() aufgelöst","","done",""
"building.eff.target.value","i18n","{which} Karte +{n} Stichwert","{which}卡牌墩值+{n}","{which} card +{n} trick value","i18n-Katalog (src/i18n) — über t() aufgelöst","","done",""
"building.eff.transparentFarb","i18n","Farbblock-Transparenz","同花块通透","suit-block transparency","i18n-Katalog (src/i18n) — über t() aufgelöst","","done",""
"building.kick.active","i18n","{base} · {kick}","{base} · {kick}","{base} · {kick}","i18n-Katalog (src/i18n) — über t() aufgelöst","","done",""
"building.kick.addType","i18n","zweiter Joker-Typ: {type}","第二种万能牌类型：{type}","second wild type: {type}","i18n-Katalog (src/i18n) — über t() aufgelöst","","done",""
"building.kick.ankerValue","i18n","+{n} Stichwert je Ankerzelle","每个锚点格墩值+{n}","+{n} trick value per anchor cell","i18n-Katalog (src/i18n) — über t() aufgelöst","","done",""
"building.kick.critFlatMult","i18n","bei Crit ×{n} Direkt-Score","暴击时直接得分×{n}","×{n} direct score on a crit","i18n-Katalog (src/i18n) — über t() aufgelöst","","done",""
"building.kick.mult","i18n","zusätzlich ×{f} Score","得分额外×{f}","×{f} score on top","i18n-Katalog (src/i18n) — über t() aufgelöst","","done",""
"building.kick.preview","i18n","{base} (Stufe {tier}: {kick})","{base}（{tier}阶：{kick}）","{base} (tier {tier}: {kick})","i18n-Katalog (src/i18n) — über t() aufgelöst","","done",""
"building.kick.streakDoubleFrom","i18n","ab Serie {n} doppelt","连胜达{n}起翻倍","double from streak {n}","i18n-Katalog (src/i18n) — über t() aufgelöst","","done",""
"carddetail.building","i18n","🏗 Gebäude:","🏗 建筑：","🏗 Building:","i18n-Katalog (src/i18n) — über t() aufgelöst","","done",""
"carddetail.building.none","i18n","keine direkte Wirkung an dieser Karte","对这张卡牌没有直接作用","no direct effect on this card","i18n-Katalog (src/i18n) — über t() aufgelöst","","done",""
"carddetail.building.tier","i18n","· Stufe {tier}","· {tier}阶","· tier {tier}","i18n-Katalog (src/i18n) — über t() aufgelöst","","done",""
"carddetail.cardValue","i18n","Kartenwert {value} / {cap}","卡牌数值{value}/{cap}","Card value {value} / {cap}","i18n-Katalog (src/i18n) — über t() aufgelöst","","done",""
"carddetail.empty","i18n","Karte antippen für Rolle & Modifikatoren …","点击卡牌查看角色与修正……","Tap a card for role & modifiers …","i18n-Katalog (src/i18n) — über t() aufgelöst","","done",""
"carddetail.fieldCrit","i18n","+{pct} % Feld-Crit","+{pct}%全场暴击","+{pct}% field crit","i18n-Katalog (src/i18n) — über t() aufgelöst","","done",""
"carddetail.fire","i18n","Feuer:","火：","Fire:","i18n-Katalog (src/i18n) — über t() aufgelöst","","done",""
"carddetail.forged","i18n","⚒ Geschmiedet +{n} Kartenwert","⚒ 已锻造，卡牌数值+{n}","⚒ Forged +{n} card value","i18n-Katalog (src/i18n) — über t() aufgelöst","","done",""
"carddetail.formations","i18n","Formationen:","阵型：","Formations:","i18n-Katalog (src/i18n) — über t() aufgelöst","","done",""
"carddetail.growth","i18n","Wachstum {n}","生长{n}","Growth {n}","i18n-Katalog (src/i18n) — über t() aufgelöst","","done",""
"carddetail.ion","i18n","Ionisierung:","电离：","Ionization:","i18n-Katalog (src/i18n) — über t() aufgelöst","","done",""
"carddetail.member","i18n","(Mitglied)","（成员）","(member)","i18n-Katalog (src/i18n) — über t() aufgelöst","","done",""
"carddetail.none","i18n","keine","无","none","i18n-Katalog (src/i18n) — über t() aufgelöst","","done",""
"carddetail.origin","i18n","Ursprung {base} (+{boost} Kartenwert)","初始{base}（卡牌数值+{boost}）","Originally {base} (+{boost} card value)","i18n-Katalog (src/i18n) — über t() aufgelöst","","done",""
"carddetail.overflow","i18n","Überlauf {n}","溢出{n}","Overflow {n}","i18n-Katalog (src/i18n) — über t() aufgelöst","","done",""
"carddetail.plant","i18n","Pflanze:","植物：","Plant:","i18n-Katalog (src/i18n) — über t() aufgelöst","","done",""
"carddetail.plant.full","i18n","Ausgewachsen","完全长成","Full-grown","i18n-Katalog (src/i18n) — über t() aufgelöst","","done",""
"carddetail.plant.ripe","i18n","Grün (reif)","绿色（成熟）","Green (ripe)","i18n-Katalog (src/i18n) — über t() aufgelöst","","done",""
"carddetail.plant.seed","i18n","Setzling","树苗","Seedling","i18n-Katalog (src/i18n) — über t() aufgelöst","","done",""
"carddetail.roles","i18n","Rollen:","角色：","Roles:","i18n-Katalog (src/i18n) — über t() aufgelöst","","done",""
"carddetail.rootScore","i18n","+{n} Wurzel-Score/Sieg","每胜+{n}根系得分","+{n} root score/win","i18n-Katalog (src/i18n) — über t() aufgelöst","","done",""
"carddetail.rootScore.tap","i18n","(×2 Form.)","（阵型×2）","(×2 form.)","i18n-Katalog (src/i18n) — über t() aufgelöst","","done",""
"cardgrid.anchor.title","i18n","⚓ Anker · {type}","⚓ 锚点 · {type}","⚓ Anchor · {type}","i18n-Katalog (src/i18n) — über t() aufgelöst","","done",""
"cardgrid.arch.title","i18n","🏗 {name} · +{boost} Wert","🏗 {name} · 数值+{boost}","🏗 {name} · +{boost} value","i18n-Katalog (src/i18n) — über t() aufgelöst","","done",""
"cardgrid.glacier.title","i18n","Teil einer aktiven Gletscher-Formation (2D)","属于一个生效的冰川阵型（2D）","Part of an active glacier formation (2D)","i18n-Katalog (src/i18n) — über t() aufgelöst","","done",""
"cardgrid.openBoundary","i18n","⇕ Grenze offen","⇕ 边界开放","⇕ boundary open","i18n-Katalog (src/i18n) — über t() aufgelöst","","done",""
"cardgrid.ripe.title","i18n","Grün (reif): zählt für den Farbblock","绿色（成熟）：计入同花块","Green (ripe): counts towards the suit block","i18n-Katalog (src/i18n) — über t() aufgelöst","","done",""
"chronik.anchor.row","i18n","⚓ Pos {pos} · {type}","⚓ 位次{pos} · {type}","⚓ Pos {pos} · {type}","i18n-Katalog (src/i18n) — über t() aufgelöst","","done",""
"chronik.anchors","i18n","Anker","锚点","Anchors","i18n-Katalog (src/i18n) — über t() aufgelöst","","done",""
"chronik.archCount","i18n","{n} Gebäude · {used}/{max} Zellen","{n}座建筑 · {used}/{max}格","{n} buildings · {used}/{max} cells","i18n-Katalog (src/i18n) — über t() aufgelöst","","done",""
"chronik.archPhase","i18n","🏗 Architektenphase","🏗 建筑师阶段","🏗 Architect phase","i18n-Katalog (src/i18n) — über t() aufgelöst","","done",""
"chronik.eyebrow","i18n","Chronik","卡牌志","Chronicle","i18n-Katalog (src/i18n) — über t() aufgelöst","","done",""
"chronik.formations","i18n","Aktuelle Formationen","当前阵型","Current formations","i18n-Katalog (src/i18n) — über t() aufgelöst","","done",""
"chronik.noFormations","i18n","Keine aktiven Formationen mit Multiplikator.","没有带倍率的生效阵型。","No active formations with a multiplier.","i18n-Katalog (src/i18n) — über t() aufgelöst","","done",""
"chronik.title","i18n","Kartenübersicht","卡牌总览","Card overview","i18n-Katalog (src/i18n) — über t() aufgelöst","","done",""
"common.chosen","i18n","{n} / {need} gewählt","已选{n}/{need}","{n} / {need} chosen","i18n-Katalog (src/i18n) — über t() aufgelöst","","done",""
"common.close","i18n","Schließen","关闭","Close","i18n-Katalog (src/i18n) — über t() aufgelöst","","done",""
"common.confirm","i18n","Bestätigen","确认","Confirm","i18n-Katalog (src/i18n) — über t() aufgelöst","","done",""
"common.cur.dp","i18n","DP","DP","DP","i18n-Katalog (src/i18n) — über t() aufgelöst","","done",""
"common.cur.sp","i18n","SP","SP","TP","i18n-Katalog (src/i18n) — über t() aufgelöst","","done",""
"controls.options","i18n","⚙ Optionen","⚙ 选项","⚙ Options","i18n-Katalog (src/i18n) — über t() aufgelöst","","done",""
"controls.options.aria","i18n","Optionen","选项","Options","i18n-Katalog (src/i18n) — über t() aufgelöst","","done",""
"controls.quit","i18n","Beenden","结束","End","i18n-Katalog (src/i18n) — über t() aufgelöst","","done",""
"controls.restart","i18n","Neustart","重新开始","Restart","i18n-Katalog (src/i18n) — über t() aufgelöst","","done",""
"cosmetic.bf.suffix","i18n","· Battlefield","· 战场","· Battlefield","i18n-Katalog (src/i18n) — über t() aufgelöst","","done",""
"cosmetic.deck_arcade.name","i18n","Beryll","绿柱石","Beryl","i18n-Katalog (src/i18n) — über t() aufgelöst","","done",""
"cosmetic.deck_beach.name","i18n","Malibu Wave","Malibu Wave","Malibu Wave","i18n-Katalog (src/i18n) — über t() aufgelöst","","done",""
"cosmetic.deck_blitz.name","i18n","Blitz","闪电","Lightning","i18n-Katalog (src/i18n) — über t() aufgelöst","","done",""
"cosmetic.deck_cat.name","i18n","Biolumen","Biolumen","Biolumen","i18n-Katalog (src/i18n) — über t() aufgelöst","","done",""
"cosmetic.deck_drache.name","i18n","Laternenfest","灯节","Lantern Festival","i18n-Katalog (src/i18n) — über t() aufgelöst","","done",""
"cosmetic.deck_eis.name","i18n","Eis","冰","Ice","i18n-Katalog (src/i18n) — über t() aufgelöst","","done",""
"cosmetic.deck_elementar.name","i18n","Prisma","棱镜","Prism","i18n-Katalog (src/i18n) — über t() aufgelöst","","done",""
"cosmetic.deck_feuer.name","i18n","Feuer","火","Fire","i18n-Katalog (src/i18n) — über t() aufgelöst","","done",""
"cosmetic.deck_gaia.name","i18n","Gaia","盖亚","Gaia","i18n-Katalog (src/i18n) — über t() aufgelöst","","done",""
"cosmetic.deck_geometrie.name","i18n","Seraph","炽天使","Seraph","i18n-Katalog (src/i18n) — über t() aufgelöst","","done",""
"cosmetic.deck_glazius.name","i18n","Glazius","Glazius","Glazius","i18n-Katalog (src/i18n) — über t() aufgelöst","","done",""
"cosmetic.deck_gottgleich.name","i18n","Ascension","Ascension","Ascension","i18n-Katalog (src/i18n) — über t() aufgelöst","","done",""
"cosmetic.deck_hanami.name","i18n","Hanami","花见","Hanami","i18n-Katalog (src/i18n) — über t() aufgelöst","","done",""
"cosmetic.deck_hirsch1.name","i18n","Hirsch · Sternbild","鹿 · 星座","Stag · Constellation","i18n-Katalog (src/i18n) — über t() aufgelöst","","done",""
"cosmetic.deck_hirsch2.name","i18n","Hirsch · Erwacht","鹿 · 苏醒","Stag · Awakened","i18n-Katalog (src/i18n) — über t() aufgelöst","","done",""
"cosmetic.deck_hirsch3.name","i18n","Hirsch · Sternenlauf","鹿 · 星轨","Stag · Starfall","i18n-Katalog (src/i18n) — über t() aufgelöst","","done",""
"cosmetic.deck_insertcoin.name","i18n","Insert Coin","Insert Coin","Insert Coin","i18n-Katalog (src/i18n) — über t() aufgelöst","","done",""
"cosmetic.deck_kataklysmus1.name","i18n","Kataklysmus · Einschlag","灾变 · 撞击","Cataclysm · Impact","i18n-Katalog (src/i18n) — über t() aufgelöst","","done",""
"cosmetic.deck_kataklysmus2.name","i18n","Kataklysmus · Bruch","灾变 · 断裂","Cataclysm · Fracture","i18n-Katalog (src/i18n) — über t() aufgelöst","","done",""
"cosmetic.deck_kataklysmus3.name","i18n","Kataklysmus · Singularität","灾变 · 奇点","Cataclysm · Singularity","i18n-Katalog (src/i18n) — über t() aufgelöst","","done",""
"cosmetic.deck_kintsugi.name","i18n","Kintsugi","金缮","Kintsugi","i18n-Katalog (src/i18n) — über t() aufgelöst","","done",""
"cosmetic.deck_kosmos.name","i18n","Schwarzes Loch","黑洞","Black Hole","i18n-Katalog (src/i18n) — über t() aufgelöst","","done",""
"cosmetic.deck_lofi.name","i18n","Kitsune","Kitsune","Kitsune","i18n-Katalog (src/i18n) — über t() aufgelöst","","done",""
"cosmetic.deck_nachtklinge.name","i18n","Nachtklinge","夜刃","Nightblade","i18n-Katalog (src/i18n) — über t() aufgelöst","","done",""
"cosmetic.deck_nimbus.name","i18n","Nimbus","光轮","Nimbus","i18n-Katalog (src/i18n) — über t() aufgelöst","","done",""
"cosmetic.deck_obsidian.name","i18n","Obsidian","黑曜石","Obsidian","i18n-Katalog (src/i18n) — über t() aufgelöst","","done",""
"cosmetic.deck_onboarding.name","i18n","Genesis","Genesis","Genesis","i18n-Katalog (src/i18n) — über t() aufgelöst","","done",""
"cosmetic.deck_oni.name","i18n","Roter Oni","红鬼","Red Oni","i18n-Katalog (src/i18n) — über t() aufgelöst","","done",""
"cosmetic.deck_origami.name","i18n","Origami","折纸","Origami","i18n-Katalog (src/i18n) — über t() aufgelöst","","done",""
"cosmetic.deck_paradox.name","i18n","Paradox","悖论","Paradox","i18n-Katalog (src/i18n) — über t() aufgelöst","","done",""
"cosmetic.deck_pflanze.name","i18n","Pflanze","植物","Plant","i18n-Katalog (src/i18n) — über t() aufgelöst","","done",""
"cosmetic.deck_polarlicht.name","i18n","Scarab","圣甲虫","Scarab","i18n-Katalog (src/i18n) — über t() aufgelöst","","done",""
"cosmetic.deck_pyrros.name","i18n","Pyrros","Pyrros","Pyrros","i18n-Katalog (src/i18n) — über t() aufgelöst","","done",""
"cosmetic.deck_quecksilber.name","i18n","Quecksilber","水银","Quicksilver","i18n-Katalog (src/i18n) — über t() aufgelöst","","done",""
"cosmetic.deck_ronin.name","i18n","Ronin","浪人","Ronin","i18n-Katalog (src/i18n) — über t() aufgelöst","","done",""
"cosmetic.deck_salar.name","i18n","Salar","Salar","Salar","i18n-Katalog (src/i18n) — über t() aufgelöst","","done",""
"cosmetic.deck_seedrache.name","i18n","Eldritch","Eldritch","Eldritch","i18n-Katalog (src/i18n) — über t() aufgelöst","","done",""
"cosmetic.deck_serie1500.name","i18n","Königspfau","帝王孔雀","Royal Peacock","i18n-Katalog (src/i18n) — über t() aufgelöst","","done",""
"cosmetic.deck_serie300.name","i18n","Flamingo","火烈鸟","Flamingo","i18n-Katalog (src/i18n) — über t() aufgelöst","","done",""
"cosmetic.deck_serie600.name","i18n","Peacock","孔雀","Peacock","i18n-Katalog (src/i18n) — über t() aufgelöst","","done",""
"cosmetic.deck_solfatara.name","i18n","Solfatara","Solfatara","Solfatara","i18n-Katalog (src/i18n) — über t() aufgelöst","","done",""
"cosmetic.deck_sonne.name","i18n","Kolossus","巨像","Colossus","i18n-Katalog (src/i18n) — über t() aufgelöst","","done",""
"cosmetic.deck_spacedog.name","i18n","Kosmospanther","宇宙黑豹","Cosmos Panther","i18n-Katalog (src/i18n) — über t() aufgelöst","","done",""
"cosmetic.deck_sparfuchs.name","i18n","Sparfuchs","省钱狐","Penny Pincher","i18n-Katalog (src/i18n) — über t() aufgelöst","","done",""
"cosmetic.deck_sunset.name","i18n","Sunset Rider","Sunset Rider","Sunset Rider","i18n-Katalog (src/i18n) — über t() aufgelöst","","done",""
"cosmetic.deck_thron1.name","i18n","Thron · Anwärter","王座 · 候选者","Throne · Contender","i18n-Katalog (src/i18n) — über t() aufgelöst","","done",""
"cosmetic.deck_thron2.name","i18n","Thron · Souverän","王座 · 君主","Throne · Sovereign","i18n-Katalog (src/i18n) — über t() aufgelöst","","done",""
"cosmetic.deck_thron3.name","i18n","Thron · Unsterblich","王座 · 不朽","Throne · Immortal","i18n-Katalog (src/i18n) — über t() aufgelöst","","done",""
"cosmetic.deck_titan1.name","i18n","Titan · Erwachen","泰坦 · 觉醒","Titan · Awakening","i18n-Katalog (src/i18n) — über t() aufgelöst","","done",""
"cosmetic.deck_titan2.name","i18n","Titan · Aufstieg","泰坦 · 飞升","Titan · Ascent","i18n-Katalog (src/i18n) — über t() aufgelöst","","done",""
"cosmetic.deck_titan3.name","i18n","Titan · Entfesselt","泰坦 · 解放","Titan · Unbound","i18n-Katalog (src/i18n) — über t() aufgelöst","","done",""
"cosmetic.deck_voltaris.name","i18n","Voltaris","Voltaris","Voltaris","i18n-Katalog (src/i18n) — über t() aufgelöst","","done",""
"cosmetic.deck_wale.name","i18n","Moonwhale","Moonwhale","Moonwhale","i18n-Katalog (src/i18n) — über t() aufgelöst","","done",""
"cosmetic.default.name","i18n","Standard","标准","Standard","i18n-Katalog (src/i18n) — über t() aufgelöst","","done",""
"deckdetail.back","i18n","‹ Zurück","‹ 返回","‹ Back","i18n-Katalog (src/i18n) — über t() aufgelöst","","done",""
"deckdetail.back.title","i18n","Zurück","返回","Back","i18n-Katalog (src/i18n) — über t() aufgelöst","","done",""
"deckdetail.consumer","i18n","Konsument","消耗者","Consumer","i18n-Katalog (src/i18n) — über t() aufgelöst","","done",""
"deckdetail.deck","i18n","Deck","卡组","Deck","i18n-Katalog (src/i18n) — über t() aufgelöst","","done",""
"deckdetail.legendaries","i18n","Legendäre","传说","Legendaries","i18n-Katalog (src/i18n) — über t() aufgelöst","","done",""
"deckdetail.needs","i18n","braucht {name}","需要{name}","needs {name}","i18n-Katalog (src/i18n) — über t() aufgelöst","","done",""
"deckdetail.noUnlocks","i18n","Keine deck-gebundenen Freischaltungen.","没有与卡组绑定的解锁。","No deck-bound unlocks.","i18n-Katalog (src/i18n) — über t() aufgelöst","","done",""
"deckdetail.tab.challenges","i18n","Herausforderungen","挑战","Challenges","i18n-Katalog (src/i18n) — über t() aufgelöst","","done",""
"deckdetail.tab.skills","i18n","Skills","技能","Skills","i18n-Katalog (src/i18n) — über t() aufgelöst","","done",""
"deckdetail.trimmable","i18n","trimmbar","可修剪","prunable","i18n-Katalog (src/i18n) — über t() aufgelöst","","done",""
"dev.legendary","i18n","★ Legendär","★ 传说","★ Legendary","i18n-Katalog (src/i18n) — über t() aufgelöst","","done",""
"dev.run.cycles","i18n","Durchläufe","轮数","Cycles","i18n-Katalog (src/i18n) — über t() aufgelöst","","done",""
"dev.run.distribute","i18n","⇄ Gleichmäßig verteilen","⇄ 平均分配","⇄ Distribute evenly","i18n-Katalog (src/i18n) — über t() aufgelöst","","done",""
"dev.run.energy","i18n","Formations-Energie","布阵能量","Order energy","i18n-Katalog (src/i18n) — über t() aufgelöst","","done",""
"dev.run.offerTypes","i18n","Angebotstypen im Plan","计划中的提供类型","Offer types in the plan","i18n-Katalog (src/i18n) — über t() aufgelöst","","done",""
"dev.run.plan","i18n","Plan je Durchlauf","每轮的计划","Plan per cycle","i18n-Katalog (src/i18n) — über t() aufgelöst","","done",""
"dev.run.sub","i18n","Frei konfigurierbarer Testlauf, nur für Devs.","可自由配置的测试对局，仅供开发者使用。","A freely configurable test run, for devs only.","i18n-Katalog (src/i18n) — über t() aufgelöst","","done",""
"dev.run.title","i18n","DEV RUN","DEV RUN","DEV RUN","i18n-Katalog (src/i18n) — über t() aufgelöst","","done",""
"family.A_BOTTOM.name","i18n","Nachzügler","","Bottom Cards","i18n-Katalog (src/i18n) — über t() aufgelöst","","new",""
"family.A_BOTTOM.tier1.desc","i18n","Die zwei aktuell niedrigsten Karten: dauerhaft je +3 Kartenwert.","","The two currently lowest cards: permanently +3 card value each.","i18n-Katalog (src/i18n) — über t() aufgelöst","","new",""
"family.A_BOTTOM.tier2.desc","i18n","Die drei aktuell niedrigsten Karten: dauerhaft je +4 Kartenwert.","","The three currently lowest cards: permanently +4 card value each.","i18n-Katalog (src/i18n) — über t() aufgelöst","","new",""
"family.A_BOTTOM.tier3.desc","i18n","Die vier aktuell niedrigsten Karten: dauerhaft je +5 Kartenwert.","","The four currently lowest cards: permanently +5 card value each.","i18n-Katalog (src/i18n) — über t() aufgelöst","","new",""
"family.A_BOTTOM.tier4.desc","i18n","Die fünf aktuell niedrigsten Karten: dauerhaft je +6 Kartenwert.","","The five currently lowest cards: permanently +6 card value each.","i18n-Katalog (src/i18n) — über t() aufgelöst","","new",""
"family.A_CONDENSE.name","i18n","Verdichtung","","Condensation","i18n-Katalog (src/i18n) — über t() aufgelöst","","new",""
"family.A_CONDENSE.tier1.desc","i18n","Zwei zufällige Karten aus mehrfach vorkommenden Wertgruppen: dauerhaft +1 Kartenwert.","","Two random cards from value groups that occur more than once: permanently +1 card value.","i18n-Katalog (src/i18n) — über t() aufgelöst","","new",""
"family.A_CONDENSE.tier2.desc","i18n","Vier zufällige Karten aus mehrfach vorkommenden Wertgruppen: dauerhaft +1 Kartenwert.","","Four random cards from value groups that occur more than once: permanently +1 card value.","i18n-Katalog (src/i18n) — über t() aufgelöst","","new",""
"family.A_CONDENSE.tier3.desc","i18n","Alle Karten aus Wertgruppen mit ≥3 Vorkommen: dauerhaft +1 Kartenwert.","","All cards from value groups with 3 or more occurrences: permanently +1 card value.","i18n-Katalog (src/i18n) — über t() aufgelöst","","new",""
"family.A_CONDENSE.tier4.desc","i18n","Alle Karten aus mehrfach vorkommenden Wertgruppen: dauerhaft +1 Kartenwert.","","All cards from value groups that occur more than once: permanently +1 card value.","i18n-Katalog (src/i18n) — über t() aufgelöst","","new",""
"family.A_EVEN.name","i18n","Gerade Stärke","","Even Strength","i18n-Katalog (src/i18n) — über t() aufgelöst","","new",""
"family.A_EVEN.tier1.desc","i18n","Vier zufällige gerade Karten: dauerhaft +1 Kartenwert.","","Four random even cards: permanently +1 card value.","i18n-Katalog (src/i18n) — über t() aufgelöst","","new",""
"family.A_EVEN.tier2.desc","i18n","Alle ursprünglichen 2er und 8er: dauerhaft +1 Kartenwert.","","All original 2s and 8s: permanently +1 card value.","i18n-Katalog (src/i18n) — über t() aufgelöst","","new",""
"family.A_EVEN.tier3.desc","i18n","Alle ursprünglichen 4er und 6er: dauerhaft +1 Kartenwert.","","All original 4s and 6s: permanently +1 card value.","i18n-Katalog (src/i18n) — über t() aufgelöst","","new",""
"family.A_EVEN.tier4.desc","i18n","Alle geraden Karten: dauerhaft +1 Kartenwert (zusätzlich zu den Stufen davor).","","All even cards: permanently +1 card value (on top of the tiers before).","i18n-Katalog (src/i18n) — über t() aufgelöst","","new",""
"family.A_HIGH_STRONG.name","i18n","Starke Karten werden stärker","","Strong Made Stronger","i18n-Katalog (src/i18n) — über t() aufgelöst","","new",""
"family.A_HIGH_STRONG.tier1.desc","i18n","Alle ursprünglichen 6er: dauerhaft +1 Kartenwert.","","All original 6s: permanently +1 card value.","i18n-Katalog (src/i18n) — über t() aufgelöst","","new",""
"family.A_HIGH_STRONG.tier2.desc","i18n","Alle ursprünglichen 7er: dauerhaft +2 Kartenwert.","","All original 7s: permanently +2 card value.","i18n-Katalog (src/i18n) — über t() aufgelöst","","new",""
"family.A_HIGH_STRONG.tier3.desc","i18n","Alle ursprünglichen 8er: dauerhaft +3 Kartenwert.","","All original 8s: permanently +3 card value.","i18n-Katalog (src/i18n) — über t() aufgelöst","","new",""
"family.A_HIGH_STRONG.tier4.desc","i18n","Alle ursprünglichen 9er und 10er: dauerhaft +4 Kartenwert.","","All original 9s and 10s: permanently +4 card value.","i18n-Katalog (src/i18n) — über t() aufgelöst","","new",""
"family.A_MIDRANGE.name","i18n","Mittelklasse","","Midrange","i18n-Katalog (src/i18n) — über t() aufgelöst","","new",""
"family.A_MIDRANGE.tier1.desc","i18n","Drei zufällige Karten mit aktuellem Wert 4–7: dauerhaft +1 Kartenwert.","","Three random cards currently at value 4–7: permanently +1 card value.","i18n-Katalog (src/i18n) — über t() aufgelöst","","new",""
"family.A_MIDRANGE.tier2.desc","i18n","Fünf zufällige Karten mit aktuellem Wert 4–7: dauerhaft +1 Kartenwert.","","Five random cards currently at value 4–7: permanently +1 card value.","i18n-Katalog (src/i18n) — über t() aufgelöst","","new",""
"family.A_MIDRANGE.tier3.desc","i18n","Alle Karten mit aktuellem Wert 4–7: dauerhaft +1 Kartenwert.","","All cards currently at value 4–7: permanently +1 card value.","i18n-Katalog (src/i18n) — über t() aufgelöst","","new",""
"family.A_MIDRANGE.tier4.desc","i18n","Alle Karten mit aktuellem Wert 3–8: dauerhaft +1 Kartenwert.","","All cards currently at value 3–8: permanently +1 card value.","i18n-Katalog (src/i18n) — über t() aufgelöst","","new",""
"family.A_ODD.name","i18n","Ungerade Stärke","","Odd Strength","i18n-Katalog (src/i18n) — über t() aufgelöst","","new",""
"family.A_ODD.tier1.desc","i18n","Vier zufällige ungerade Karten: dauerhaft +1 Kartenwert.","","Four random odd cards: permanently +1 card value.","i18n-Katalog (src/i18n) — über t() aufgelöst","","new",""
"family.A_ODD.tier2.desc","i18n","Alle ursprünglichen 3er und 7er: dauerhaft +1 Kartenwert.","","All original 3s and 7s: permanently +1 card value.","i18n-Katalog (src/i18n) — über t() aufgelöst","","new",""
"family.A_ODD.tier3.desc","i18n","Alle ursprünglichen 1er und 9er: dauerhaft +1 Kartenwert.","","All original 1s and 9s: permanently +1 card value.","i18n-Katalog (src/i18n) — über t() aufgelöst","","new",""
"family.A_ODD.tier4.desc","i18n","Alle ungeraden Karten: dauerhaft +1 Kartenwert (zusätzlich zu den Stufen davor).","","All odd cards: permanently +1 card value (on top of the tiers before).","i18n-Katalog (src/i18n) — über t() aufgelöst","","new",""
"family.A_SMALL_BIG.name","i18n","Kleine ganz groß","","Small but Mighty","i18n-Katalog (src/i18n) — über t() aufgelöst","","new",""
"family.A_SMALL_BIG.tier1.desc","i18n","Zwei zufällige ursprüngliche 1–3er: dauerhaft je +3 Kartenwert.","","Two random original 1s–3s: permanently +3 card value each.","i18n-Katalog (src/i18n) — über t() aufgelöst","","new",""
"family.A_SMALL_BIG.tier2.desc","i18n","Drei zufällige ursprüngliche 1–3er: dauerhaft je +4 Kartenwert.","","Three random original 1s–3s: permanently +4 card value each.","i18n-Katalog (src/i18n) — über t() aufgelöst","","new",""
"family.A_SMALL_BIG.tier3.desc","i18n","Vier zufällige ursprüngliche 1–3er: dauerhaft je +5 Kartenwert.","","Four random original 1s–3s: permanently +5 card value each.","i18n-Katalog (src/i18n) — über t() aufgelöst","","new",""
"family.A_SMALL_BIG.tier4.desc","i18n","Alle ursprünglichen 1–3er: dauerhaft je +3 Kartenwert.","","All original 1s–3s: permanently +3 card value each.","i18n-Katalog (src/i18n) — über t() aufgelöst","","new",""
"family.A_SUIT_BOOST.name","i18n","Farbverstärkung","","Suit Boost","i18n-Katalog (src/i18n) — über t() aufgelöst","","new",""
"family.A_SUIT_BOOST.tier1.desc","i18n","Eine zufällige Farbe: vier zufällige Karten dauerhaft +1 Kartenwert.","","One random suit: four random cards permanently +1 card value.","i18n-Katalog (src/i18n) — über t() aufgelöst","","new",""
"family.A_SUIT_BOOST.tier2.desc","i18n","Eine zufällige Farbe: alle Karten dauerhaft +1 Kartenwert.","","One random suit: all its cards permanently +1 card value.","i18n-Katalog (src/i18n) — über t() aufgelöst","","new",""
"family.A_SUIT_BOOST.tier3.desc","i18n","Wähle eine Farbe: alle ihre Karten dauerhaft +1 Kartenwert.","","Choose a suit: all its cards permanently +1 card value.","i18n-Katalog (src/i18n) — über t() aufgelöst","","new",""
"family.A_SUIT_BOOST.tier4.desc","i18n","Wähle eine Farbe: alle ihre Karten dauerhaft +2 Kartenwert.","","Choose a suit: all its cards permanently +2 card value.","i18n-Katalog (src/i18n) — über t() aufgelöst","","new",""
"family.A_SUIT_DUEL.name","i18n","Farbduell","","Suit Duel","i18n-Katalog (src/i18n) — über t() aufgelöst","","new",""
"family.A_SUIT_DUEL.tier1.desc","i18n","Eine zufällige Farbe +1 Kartenwert dauerhaft, eine andere −1 Kartenwert.","","One random suit permanently +1 card value, another one −1 card value.","i18n-Katalog (src/i18n) — über t() aufgelöst","","new",""
"family.A_SUIT_DUEL.tier2.desc","i18n","Eine zufällige Farbe +2 Kartenwert dauerhaft, eine andere −1 Kartenwert.","","One random suit permanently +2 card value, another one −1 card value.","i18n-Katalog (src/i18n) — über t() aufgelöst","","new",""
"family.A_SUIT_DUEL.tier3.desc","i18n","Wähle die Gewinnerfarbe (+3 Kartenwert); eine zufällige andere Farbe verliert 1 Kartenwert.","","Choose the winning suit (+3 card value); another random suit loses 1 card value.","i18n-Katalog (src/i18n) — über t() aufgelöst","","new",""
"family.A_SUIT_DUEL.tier4.desc","i18n","Wähle Gewinner- und Verliererfarbe: +4 / −1 Kartenwert.","","Choose the winning and the losing suit: +4 / −1 card value.","i18n-Katalog (src/i18n) — über t() aufgelöst","","new",""
"family.A_TOP.name","i18n","Spitzenförderung","","Top Cards","i18n-Katalog (src/i18n) — über t() aufgelöst","","new",""
"family.A_TOP.tier1.desc","i18n","Die zwei aktuell höchsten Karten: dauerhaft je +2 Kartenwert.","","The two currently highest cards: permanently +2 card value each.","i18n-Katalog (src/i18n) — über t() aufgelöst","","new",""
"family.A_TOP.tier2.desc","i18n","Die drei aktuell höchsten Karten: dauerhaft je +3 Kartenwert.","","The three currently highest cards: permanently +3 card value each.","i18n-Katalog (src/i18n) — über t() aufgelöst","","new",""
"family.A_TOP.tier3.desc","i18n","Die vier aktuell höchsten Karten: dauerhaft je +4 Kartenwert.","","The four currently highest cards: permanently +4 card value each.","i18n-Katalog (src/i18n) — über t() aufgelöst","","new",""
"family.A_TOP.tier4.desc","i18n","Die fünf aktuell höchsten Karten: dauerhaft je +5 Kartenwert.","","The five currently highest cards: permanently +5 card value each.","i18n-Katalog (src/i18n) — über t() aufgelöst","","new",""
"family.A_WEAK_STRONG.name","i18n","Schwache Karten sind stark","","Weak Made Strong","i18n-Katalog (src/i18n) — über t() aufgelöst","","new",""
"family.A_WEAK_STRONG.tier1.desc","i18n","Alle ursprünglichen 5er: dauerhaft +1 Kartenwert.","","All original 5s: permanently +1 card value.","i18n-Katalog (src/i18n) — über t() aufgelöst","","new",""
"family.A_WEAK_STRONG.tier2.desc","i18n","Alle ursprünglichen 4er: dauerhaft +2 Kartenwert.","","All original 4s: permanently +2 card value.","i18n-Katalog (src/i18n) — über t() aufgelöst","","new",""
"family.A_WEAK_STRONG.tier3.desc","i18n","Alle ursprünglichen 3er: dauerhaft +3 Kartenwert.","","All original 3s: permanently +3 card value.","i18n-Katalog (src/i18n) — über t() aufgelöst","","new",""
"family.A_WEAK_STRONG.tier4.desc","i18n","Alle ursprünglichen 1er und 2er: dauerhaft +4 Kartenwert.","","All original 1s and 2s: permanently +4 card value.","i18n-Katalog (src/i18n) — über t() aufgelöst","","new",""
"family.B_BREAKTHROUGH.name","i18n","Durchbruch","","Breakthrough","i18n-Katalog (src/i18n) — über t() aufgelöst","","new",""
"family.B_BREAKTHROUGH.tier1.desc","i18n","Nach 6 Stichen ohne Sieg: nächste Karte +7 Stichwert.","","After 6 tricks without a win: next card +7 trick value.","i18n-Katalog (src/i18n) — über t() aufgelöst","","new",""
"family.B_BREAKTHROUGH.tier2.desc","i18n","Nach 5 Stichen ohne Sieg: nächste Karte +10 Stichwert.","","After 5 tricks without a win: next card +10 trick value.","i18n-Katalog (src/i18n) — über t() aufgelöst","","new",""
"family.B_BREAKTHROUGH.tier3.desc","i18n","Nach 4 Stichen ohne Sieg: nächste Karte +12 Stichwert.","","After 4 tricks without a win: next card +12 trick value.","i18n-Katalog (src/i18n) — über t() aufgelöst","","new",""
"family.B_BREAKTHROUGH.tier4.desc","i18n","Nach 3 Stichen ohne Sieg: nächste Karte +15 Stichwert.","","After 3 tricks without a win: next card +15 trick value.","i18n-Katalog (src/i18n) — über t() aufgelöst","","new",""
"family.B_COUNTER.name","i18n","Gegenangriff","","Counter","i18n-Katalog (src/i18n) — über t() aufgelöst","","new",""
"family.B_COUNTER.tier1.desc","i18n","Nach einer Niederlage: nächste Karte +3 Stichwert.","","After a loss: next card +3 trick value.","i18n-Katalog (src/i18n) — über t() aufgelöst","","new",""
"family.B_COUNTER.tier2.desc","i18n","Nach einer Niederlage: nächste Karte +5 Stichwert.","","After a loss: next card +5 trick value.","i18n-Katalog (src/i18n) — über t() aufgelöst","","new",""
"family.B_COUNTER.tier3.desc","i18n","Nach einer Niederlage: nächste Karte +7 Stichwert.","","After a loss: next card +7 trick value.","i18n-Katalog (src/i18n) — über t() aufgelöst","","new",""
"family.B_COUNTER.tier4.desc","i18n","Nach einer Niederlage: nächste Karte +10 Stichwert.","","After a loss: next card +10 trick value.","i18n-Katalog (src/i18n) — über t() aufgelöst","","new",""
"family.B_FINALE.name","i18n","Starkes Finale","","Finale","i18n-Katalog (src/i18n) — über t() aufgelöst","","new",""
"family.B_FINALE.tier1.desc","i18n","Die letzten 2 Karten jedes Durchlaufs: je +2 Stichwert.","","The last 2 cards of every cycle: +2 trick value each.","i18n-Katalog (src/i18n) — über t() aufgelöst","","new",""
"family.B_FINALE.tier2.desc","i18n","Die letzten 3 Karten jedes Durchlaufs: je +3 Stichwert.","","The last 3 cards of every cycle: +3 trick value each.","i18n-Katalog (src/i18n) — über t() aufgelöst","","new",""
"family.B_FINALE.tier3.desc","i18n","Die letzten 4 Karten jedes Durchlaufs: je +4 Stichwert.","","The last 4 cards of every cycle: +4 trick value each.","i18n-Katalog (src/i18n) — über t() aufgelöst","","new",""
"family.B_FINALE.tier4.desc","i18n","Die letzten 5 Karten jedes Durchlaufs: je +5 Stichwert.","","The last 5 cards of every cycle: +5 trick value each.","i18n-Katalog (src/i18n) — über t() aufgelöst","","new",""
"family.B_INITIATIVE.name","i18n","Initiative","","Initiative","i18n-Katalog (src/i18n) — über t() aufgelöst","","new",""
"family.B_INITIATIVE.tier1.desc","i18n","Nach zwei Niederlagen gewinnst du den nächsten Gleichstand.","","After two losses you win the next tie.","i18n-Katalog (src/i18n) — über t() aufgelöst","","new",""
"family.B_INITIATIVE.tier2.desc","i18n","Nach einer Niederlage gewinnst du den nächsten Gleichstand.","","After a loss you win the next tie.","i18n-Katalog (src/i18n) — über t() aufgelöst","","new",""
"family.B_INITIATIVE.tier3.desc","i18n","Nach einer Niederlage: nächste Karte +1 Stichwert und gewinnt den nächsten Gleichstand.","","After a loss: next card +1 trick value and wins the next tie.","i18n-Katalog (src/i18n) — über t() aufgelöst","","new",""
"family.B_INITIATIVE.tier4.desc","i18n","Nach einer Niederlage: nächste Karte +2 Stichwert und gewinnt den nächsten Gleichstand.","","After a loss: next card +2 trick value and wins the next tie.","i18n-Katalog (src/i18n) — über t() aufgelöst","","new",""
"family.B_MOMENTUM.name","i18n","Momentum","","Momentum","i18n-Katalog (src/i18n) — über t() aufgelöst","","new",""
"family.B_MOMENTUM.tier1.desc","i18n","Nach genau 4 Siegen in Folge: nächste Karte +4 Stichwert.","","After exactly 4 wins in a row: next card +4 trick value.","i18n-Katalog (src/i18n) — über t() aufgelöst","","new",""
"family.B_MOMENTUM.tier2.desc","i18n","Nach genau 3 Siegen in Folge: nächste Karte +5 Stichwert.","","After exactly 3 wins in a row: next card +5 trick value.","i18n-Katalog (src/i18n) — über t() aufgelöst","","new",""
"family.B_MOMENTUM.tier3.desc","i18n","Nach genau 3 Siegen in Folge: nächste Karte +7 Stichwert.","","After exactly 3 wins in a row: next card +7 trick value.","i18n-Katalog (src/i18n) — über t() aufgelöst","","new",""
"family.B_MOMENTUM.tier4.desc","i18n","Nach genau 3 Siegen in Folge: nächste Karte +10 Stichwert.","","After exactly 3 wins in a row: next card +10 trick value.","i18n-Katalog (src/i18n) — über t() aufgelöst","","new",""
"family.B_OPENING.name","i18n","Starker Auftakt","","Opening","i18n-Katalog (src/i18n) — über t() aufgelöst","","new",""
"family.B_OPENING.tier1.desc","i18n","Die ersten 2 Karten jedes Durchlaufs: je +2 Stichwert.","","The first 2 cards of every cycle: +2 trick value each.","i18n-Katalog (src/i18n) — über t() aufgelöst","","new",""
"family.B_OPENING.tier2.desc","i18n","Die ersten 3 Karten jedes Durchlaufs: je +3 Stichwert.","","The first 3 cards of every cycle: +3 trick value each.","i18n-Katalog (src/i18n) — über t() aufgelöst","","new",""
"family.B_OPENING.tier3.desc","i18n","Die ersten 4 Karten jedes Durchlaufs: je +4 Stichwert.","","The first 4 cards of every cycle: +4 trick value each.","i18n-Katalog (src/i18n) — über t() aufgelöst","","new",""
"family.B_OPENING.tier4.desc","i18n","Die ersten 5 Karten jedes Durchlaufs: je +5 Stichwert.","","The first 5 cards of every cycle: +5 trick value each.","i18n-Katalog (src/i18n) — über t() aufgelöst","","new",""
"family.B_PERFECT.name","i18n","Perfekte Folge","","Perfect Run","i18n-Katalog (src/i18n) — über t() aufgelöst","","new",""
"family.B_PERFECT.tier1.desc","i18n","Treppenkarten: +0/+0/+1, danach +2 Stichwert.","","Stair cards: +0/+0/+1, then +2 trick value.","i18n-Katalog (src/i18n) — über t() aufgelöst","","new",""
"family.B_PERFECT.tier2.desc","i18n","Treppenkarten: +1/+2/+3, danach +4 Stichwert.","","Stair cards: +1/+2/+3, then +4 trick value.","i18n-Katalog (src/i18n) — über t() aufgelöst","","new",""
"family.B_PERFECT.tier3.desc","i18n","Treppenkarten: +2/+3/+4, danach +5 Stichwert.","","Stair cards: +2/+3/+4, then +5 trick value.","i18n-Katalog (src/i18n) — über t() aufgelöst","","new",""
"family.B_PERFECT.tier4.desc","i18n","Treppenkarten: +3/+4/+5, danach +6 Stichwert.","","Stair cards: +3/+4/+5, then +6 trick value.","i18n-Katalog (src/i18n) — über t() aufgelöst","","new",""
"family.B_REVENGE.name","i18n","Revanche","","Revenge","i18n-Katalog (src/i18n) — über t() aufgelöst","","new",""
"family.B_REVENGE.tier1.desc","i18n","Nach drei Niederlagen in Folge: nächste Karte +6 Stichwert.","","After three losses in a row: next card +6 trick value.","i18n-Katalog (src/i18n) — über t() aufgelöst","","new",""
"family.B_REVENGE.tier2.desc","i18n","Nach zwei Niederlagen in Folge: nächste Karte +7 Stichwert.","","After two losses in a row: next card +7 trick value.","i18n-Katalog (src/i18n) — über t() aufgelöst","","new",""
"family.B_REVENGE.tier3.desc","i18n","Nach zwei Niederlagen in Folge: die nächsten zwei Karten je +6 Stichwert.","","After two losses in a row: the next two cards +6 trick value each.","i18n-Katalog (src/i18n) — über t() aufgelöst","","new",""
"family.B_REVENGE.tier4.desc","i18n","Nach jeder Niederlage: nächste Karte +8 Stichwert.","","After any loss: next card +8 trick value.","i18n-Katalog (src/i18n) — über t() aufgelöst","","new",""
"family.B_SUPERIOR.name","i18n","Überzahl","","Superiority","i18n-Katalog (src/i18n) — über t() aufgelöst","","new",""
"family.B_SUPERIOR.tier1.desc","i18n","Kartenwert ≥2 höher als der Vorgänger: +2 Stichwert.","","Card value 2 or more above the previous one: +2 trick value.","i18n-Katalog (src/i18n) — über t() aufgelöst","","new",""
"family.B_SUPERIOR.tier2.desc","i18n","Kartenwert höher als der Vorgänger: +3 Stichwert.","","Card value above the previous one: +3 trick value.","i18n-Katalog (src/i18n) — über t() aufgelöst","","new",""
"family.B_SUPERIOR.tier3.desc","i18n","Kartenwert nicht niedriger als der Vorgänger: +3 Stichwert.","","Card value not below the previous one: +3 trick value.","i18n-Katalog (src/i18n) — über t() aufgelöst","","new",""
"family.B_SUPERIOR.tier4.desc","i18n","Kartenwert höher als der Vorgänger: +5 Stichwert; genau gleich: +2.","","Card value above the previous one: +5 trick value; exactly equal: +2.","i18n-Katalog (src/i18n) — über t() aufgelöst","","new",""
"family.B_TENTH_STRIKE.name","i18n","Markstein","","Milestone","i18n-Katalog (src/i18n) — über t() aufgelöst","","new",""
"family.B_TENTH_STRIKE.tier1.desc","i18n","Karten auf Position 20 und 40: +6 Stichwert.","","Cards on positions 20 and 40: +6 trick value.","i18n-Katalog (src/i18n) — über t() aufgelöst","","new",""
"family.B_TENTH_STRIKE.tier2.desc","i18n","Karten auf Position 10, 20, 30 und 40: +6 Stichwert.","","Cards on positions 10, 20, 30 and 40: +6 trick value.","i18n-Katalog (src/i18n) — über t() aufgelöst","","new",""
"family.B_TENTH_STRIKE.tier3.desc","i18n","Jede fünfte Position (5, 10 … 40): +6 Stichwert.","","Every fifth position (5, 10 … 40): +6 trick value.","i18n-Katalog (src/i18n) — über t() aufgelöst","","new",""
"family.B_TENTH_STRIKE.tier4.desc","i18n","Jede fünfte Position: +8 Stichwert.","","Every fifth position: +8 trick value.","i18n-Katalog (src/i18n) — über t() aufgelöst","","new",""
"family.B_TIGHT.name","i18n","Knappe Kiste","","Close Call","i18n-Katalog (src/i18n) — über t() aufgelöst","","new",""
"family.B_TIGHT.tier1.desc","i18n","Liegt die Karte in einer Wiederholung: +1 Stichwert.","","If the card sits in a repeat: +1 trick value.","i18n-Katalog (src/i18n) — über t() aufgelöst","","new",""
"family.B_TIGHT.tier2.desc","i18n","Liegt die Karte in einer Wiederholung: +2 Stichwert.","","If the card sits in a repeat: +2 trick value.","i18n-Katalog (src/i18n) — über t() aufgelöst","","new",""
"family.B_TIGHT.tier3.desc","i18n","Liegt die Karte in ≥1 Formation: +2 Stichwert.","","If the card sits in 1 or more formations: +2 trick value.","i18n-Katalog (src/i18n) — über t() aufgelöst","","new",""
"family.B_TIGHT.tier4.desc","i18n","Liegt die Karte in ≥1 Formation: +3 Stichwert.","","If the card sits in 1 or more formations: +3 trick value.","i18n-Katalog (src/i18n) — über t() aufgelöst","","new",""
"family.C_BRIDGE.name","i18n","Bindeglied","","Link","i18n-Katalog (src/i18n) — über t() aufgelöst","","new",""
"family.C_BRIDGE.tier1.desc","i18n","Wähle 1 Karte: darf für eine Treppe ±1 Wert gelten.","","Choose 1 card: may count as ±1 value for a stair.","i18n-Katalog (src/i18n) — über t() aufgelöst","","new",""
"family.C_BRIDGE.tier2.desc","i18n","Wähle 2 Karten: dürfen für eine Treppe ±1 Wert gelten.","","Choose 2 cards: may count as ±1 value for a stair.","i18n-Katalog (src/i18n) — über t() aufgelöst","","new",""
"family.C_BRIDGE.tier3.desc","i18n","Wähle 3 Karten: dürfen für eine Treppe um 1 oder 2 abweichen.","","Choose 3 cards: may differ by 1 or 2 for a stair.","i18n-Katalog (src/i18n) — über t() aufgelöst","","new",""
"family.C_BRIDGE.tier4.desc","i18n","Wähle 4 Karten: dürfen für eine Treppe jeden Wert zwischen ihren Nachbarn annehmen.","","Choose 4 cards: may take any value between their neighbours for a stair.","i18n-Katalog (src/i18n) — über t() aufgelöst","","new",""
"family.C_ECKPFEILER.name","i18n","Eckpfeiler","","Cornerstone","i18n-Katalog (src/i18n) — über t() aufgelöst","","new",""
"family.C_ECKPFEILER.tier1.desc","i18n","Wähle 1 Karte: liegt sie in ≥1 Formation, +3 Stichwert.","","Choose 1 card: if it sits in 1 or more formations, +3 trick value.","i18n-Katalog (src/i18n) — über t() aufgelöst","","new",""
"family.C_ECKPFEILER.tier2.desc","i18n","Wähle 2 Karten: in ≥1 Formation, +4 Stichwert.","","Choose 2 cards: in 1 or more formations, +4 trick value.","i18n-Katalog (src/i18n) — über t() aufgelöst","","new",""
"family.C_ECKPFEILER.tier3.desc","i18n","Wähle 3 Karten: in ≥1 Formation, +5 Stichwert.","","Choose 3 cards: in 1 or more formations, +5 trick value.","i18n-Katalog (src/i18n) — über t() aufgelöst","","new",""
"family.C_ECKPFEILER.tier4.desc","i18n","Wähle 4 Karten: in ≥1 Formation +6; liegt die Karte in ≥2 Formationen, +9 Stichwert.","","Choose 4 cards: in 1 or more formations +6; if the card sits in 2 or more formations, +9 trick value.","i18n-Katalog (src/i18n) — über t() aufgelöst","","new",""
"family.C_ECKSTEIN.name","i18n","Eckstein","","Keystone","i18n-Katalog (src/i18n) — über t() aufgelöst","","new",""
"family.C_ECKSTEIN.tier1.desc","i18n","Wähle 1 Karte: liegt sie in einem Gebäude, +3 Stichwert.","","Choose 1 card: if it sits in a building, +3 trick value.","i18n-Katalog (src/i18n) — über t() aufgelöst","","new",""
"family.C_ECKSTEIN.tier2.desc","i18n","Wähle 2 Karten: in einem Gebäude, +4 Stichwert.","","Choose 2 cards: in a building, +4 trick value.","i18n-Katalog (src/i18n) — über t() aufgelöst","","new",""
"family.C_ECKSTEIN.tier3.desc","i18n","Wähle 3 Karten: in einem Gebäude, +5 Stichwert.","","Choose 3 cards: in a building, +5 trick value.","i18n-Katalog (src/i18n) — über t() aufgelöst","","new",""
"family.C_ECKSTEIN.tier4.desc","i18n","Wähle 4 Karten: in einem Gebäude +6; in einer vollendeten Struktur +9 Stichwert.","","Choose 4 cards: in a building +6; in a completed structure +9 trick value.","i18n-Katalog (src/i18n) — über t() aufgelöst","","new",""
"family.C_FINISHER.name","i18n","Finisher","","Finisher","i18n-Katalog (src/i18n) — über t() aufgelöst","","new",""
"family.C_FINISHER.tier1.desc","i18n","Wähle 1 Karte: auf der letzten Segmentposition +3 Stichwert.","","Choose 1 card: +3 trick value on the last position of a segment.","i18n-Katalog (src/i18n) — über t() aufgelöst","","new",""
"family.C_FINISHER.tier2.desc","i18n","Wähle 2 Karten: auf der letzten Segmentposition +4 Stichwert.","","Choose 2 cards: +4 trick value on the last position of a segment.","i18n-Katalog (src/i18n) — über t() aufgelöst","","new",""
"family.C_FINISHER.tier3.desc","i18n","Wähle 3 Karten: auf der letzten Segmentposition +5 Stichwert.","","Choose 3 cards: +5 trick value on the last position of a segment.","i18n-Katalog (src/i18n) — über t() aufgelöst","","new",""
"family.C_FINISHER.tier4.desc","i18n","Wähle 4 Karten: auf den letzten zwei Segmentpositionen +5 Stichwert.","","Choose 4 cards: +5 trick value on the last two positions of a segment.","i18n-Katalog (src/i18n) — über t() aufgelöst","","new",""
"family.C_GUARD.name","i18n","Leibwache","","Bodyguard","i18n-Katalog (src/i18n) — über t() aufgelöst","","new",""
"family.C_GUARD.tier1.desc","i18n","Wähle 1 Karte: verliert ihr Vorgänger, +3 Stichwert.","","Choose 1 card: if the card before it loses, +3 trick value.","i18n-Katalog (src/i18n) — über t() aufgelöst","","new",""
"family.C_GUARD.tier2.desc","i18n","Wähle 2 Karten: verliert ihr Vorgänger, +4 Stichwert.","","Choose 2 cards: if the card before them loses, +4 trick value.","i18n-Katalog (src/i18n) — über t() aufgelöst","","new",""
"family.C_GUARD.tier3.desc","i18n","Wähle 3 Karten: verliert ihr Vorgänger, +5 Stichwert.","","Choose 3 cards: if the card before them loses, +5 trick value.","i18n-Katalog (src/i18n) — über t() aufgelöst","","new",""
"family.C_GUARD.tier4.desc","i18n","Wähle 4 Karten: verliert einer ihrer zwei Vorgänger, +6 Stichwert.","","Choose 4 cards: if one of the two cards before them loses, +6 trick value.","i18n-Katalog (src/i18n) — über t() aufgelöst","","new",""
"family.C_JOKER.name","i18n","Joker","","Wild","i18n-Katalog (src/i18n) — über t() aufgelöst","","new",""
"family.C_JOKER.tier1.desc","i18n","Wähle 1 Karte: zählt für einen Farbblock als Farbe ihres Vorgängers.","","Choose 1 card: counts for a suit block as the suit of the card before it.","i18n-Katalog (src/i18n) — über t() aufgelöst","","new",""
"family.C_JOKER.tier2.desc","i18n","Wähle 2 Karten: zählen für einen Farbblock als Farbe ihres Vorgängers.","","Choose 2 cards: count for a suit block as the suit of the card before them.","i18n-Katalog (src/i18n) — über t() aufgelöst","","new",""
"family.C_JOKER.tier3.desc","i18n","Wähle 3 Karten: zählen für einen Farbblock als Vorgänger- oder Nachfolgerfarbe.","","Choose 3 cards: count for a suit block as the suit before or after them.","i18n-Katalog (src/i18n) — über t() aufgelöst","","new",""
"family.C_JOKER.tier4.desc","i18n","Wähle 4 Karten: zählen für einen Farbblock als beliebige Farbe.","","Choose 4 cards: count for a suit block as any suit.","i18n-Katalog (src/i18n) — über t() aufgelöst","","new",""
"family.C_LEADER.name","i18n","Anführer","","Leader","i18n-Katalog (src/i18n) — über t() aufgelöst","","new",""
"family.C_LEADER.tier1.desc","i18n","Wähle 1 Karte: nach ihrem Sieg nächste Karte +2 Stichwert.","","Choose 1 card: after it wins, the next card +2 trick value.","i18n-Katalog (src/i18n) — über t() aufgelöst","","new",""
"family.C_LEADER.tier2.desc","i18n","Wähle 1 Karte: nach ihrem Sieg die nächsten zwei Karten je +2 Stichwert.","","Choose 1 card: after it wins, the next two cards +2 trick value each.","i18n-Katalog (src/i18n) — über t() aufgelöst","","new",""
"family.C_LEADER.tier3.desc","i18n","Wähle 2 Karten: nach ihrem Sieg die nächsten zwei Karten je +3 Stichwert.","","Choose 2 cards: after they win, the next two cards +3 trick value each.","i18n-Katalog (src/i18n) — über t() aufgelöst","","new",""
"family.C_LEADER.tier4.desc","i18n","Wähle 2 Karten: nach ihrem Sieg die nächsten drei Karten je +4 Stichwert.","","Choose 2 cards: after they win, the next three cards +4 trick value each.","i18n-Katalog (src/i18n) — über t() aufgelöst","","new",""
"family.C_RELAY.name","i18n","Staffelläufer","","Relay Runner","i18n-Katalog (src/i18n) — über t() aufgelöst","","new",""
"family.C_RELAY.tier1.desc","i18n","Wähle 1 Karte: nach ihrem Sieg direkter Nachfolger +2 Stichwert.","","Choose 1 card: after it wins, the card right after it +2 trick value.","i18n-Katalog (src/i18n) — über t() aufgelöst","","new",""
"family.C_RELAY.tier2.desc","i18n","Wähle 2 Karten: nach ihrem Sieg direkter Nachfolger +2 Stichwert.","","Choose 2 cards: after they win, the card right after them +2 trick value.","i18n-Katalog (src/i18n) — über t() aufgelöst","","new",""
"family.C_RELAY.tier3.desc","i18n","Wähle 3 Karten: nach ihrem Sieg direkter Nachfolger +3 Stichwert.","","Choose 3 cards: after they win, the card right after them +3 trick value.","i18n-Katalog (src/i18n) — über t() aufgelöst","","new",""
"family.C_RELAY.tier4.desc","i18n","Wähle 4 Karten: nach ihrem Sieg die nächsten zwei Karten je +3 Stichwert.","","Choose 4 cards: after they win, the next two cards +3 trick value each.","i18n-Katalog (src/i18n) — über t() aufgelöst","","new",""
"family.C_SACRIFICE.name","i18n","Opfergabe","","Sacrifice","i18n-Katalog (src/i18n) — über t() aufgelöst","","new",""
"family.C_SACRIFICE.tier1.desc","i18n","Wähle 1 Karte: −2 Kartenwert dauerhaft, direkter Nachfolger +3 Kartenwert.","","Choose 1 card: −2 card value permanently, the card right after it +3 card value.","i18n-Katalog (src/i18n) — über t() aufgelöst","","new",""
"family.C_SACRIFICE.tier2.desc","i18n","Wähle 1 Karte: −2 Kartenwert dauerhaft, direkter Nachfolger +4 Kartenwert.","","Choose 1 card: −2 card value permanently, the card right after it +4 card value.","i18n-Katalog (src/i18n) — über t() aufgelöst","","new",""
"family.C_SACRIFICE.tier3.desc","i18n","Wähle 1 Karte: −3 Kartenwert dauerhaft, direkter Nachfolger +6 Kartenwert.","","Choose 1 card: −3 card value permanently, the card right after it +6 card value.","i18n-Katalog (src/i18n) — über t() aufgelöst","","new",""
"family.C_SACRIFICE.tier4.desc","i18n","Wähle 2 Karten: je −3 Kartenwert dauerhaft, direkter Nachfolger je +7 Kartenwert.","","Choose 2 cards: −3 card value each permanently, the card right after each +7 card value.","i18n-Katalog (src/i18n) — über t() aufgelöst","","new",""
"family.C_SURVIVOR.name","i18n","Überlebensvorteil","","Survivor's Edge","i18n-Katalog (src/i18n) — über t() aufgelöst","","new",""
"family.C_SURVIVOR.tier1.desc","i18n","Die niedrigste Karte der ersten vier Segmente: +2 Stichwert.","","The lowest card of the first four segments: +2 trick value.","i18n-Katalog (src/i18n) — über t() aufgelöst","","new",""
"family.C_SURVIVOR.tier2.desc","i18n","Die niedrigste Karte jedes Segments: +2 Stichwert.","","The lowest card of every segment: +2 trick value.","i18n-Katalog (src/i18n) — über t() aufgelöst","","new",""
"family.C_SURVIVOR.tier3.desc","i18n","Die zwei niedrigsten Karten jedes Segments: +3 Stichwert.","","The two lowest cards of every segment: +3 trick value.","i18n-Katalog (src/i18n) — über t() aufgelöst","","new",""
"family.C_SURVIVOR.tier4.desc","i18n","Die zwei niedrigsten Karten jedes Segments: +5 Stichwert.","","The two lowest cards of every segment: +5 trick value.","i18n-Katalog (src/i18n) — über t() aufgelöst","","new",""
"family.C_TRIUMPH.name","i18n","Triumph","","Triumph","i18n-Katalog (src/i18n) — über t() aufgelöst","","new",""
"family.C_TRIUMPH.tier1.desc","i18n","Wähle 1 Karte: nach einem Sieg beim nächsten Auftauchen +2 Stichwert.","","Choose 1 card: after a win, +2 trick value the next time it comes up.","i18n-Katalog (src/i18n) — über t() aufgelöst","","new",""
"family.C_TRIUMPH.tier2.desc","i18n","Wähle 2 Karten: nach einem Sieg beim nächsten Auftauchen +2 Stichwert.","","Choose 2 cards: after a win, +2 trick value the next time it comes up.","i18n-Katalog (src/i18n) — über t() aufgelöst","","new",""
"family.C_TRIUMPH.tier3.desc","i18n","Wähle 3 Karten: nach einem Sieg beim nächsten Auftauchen +3 Stichwert.","","Choose 3 cards: after a win, +3 trick value the next time it comes up.","i18n-Katalog (src/i18n) — über t() aufgelöst","","new",""
"family.C_TRIUMPH.tier4.desc","i18n","Wähle 4 Karten: nach einem Sieg beim nächsten Auftauchen +4 Stichwert.","","Choose 4 cards: after a win, +4 trick value the next time it comes up.","i18n-Katalog (src/i18n) — über t() aufgelöst","","new",""
"family.C_VANGUARD.name","i18n","Vorhut","","Vanguard","i18n-Katalog (src/i18n) — über t() aufgelöst","","new",""
"family.C_VANGUARD.tier1.desc","i18n","Wähle 1 Karte: auf Position 1–5 +2 Stichwert.","","Choose 1 card: +2 trick value on position 1–5.","i18n-Katalog (src/i18n) — über t() aufgelöst","","new",""
"family.C_VANGUARD.tier2.desc","i18n","Wähle 2 Karten: auf Position 1–5 +3 Stichwert.","","Choose 2 cards: +3 trick value on position 1–5.","i18n-Katalog (src/i18n) — über t() aufgelöst","","new",""
"family.C_VANGUARD.tier3.desc","i18n","Wähle 3 Karten: auf Position 1–5 +4 Stichwert.","","Choose 3 cards: +4 trick value on position 1–5.","i18n-Katalog (src/i18n) — über t() aufgelöst","","new",""
"family.C_VANGUARD.tier4.desc","i18n","Wähle 4 Karten: auf Position 1–10 +4 Stichwert.","","Choose 4 cards: +4 trick value on position 1–10.","i18n-Katalog (src/i18n) — über t() aufgelöst","","new",""
"family.D_BEBAUUNG.name","i18n","Dichte Bebauung","","Dense Development","i18n-Katalog (src/i18n) — über t() aufgelöst","","new",""
"family.D_BEBAUUNG.tier1.desc","i18n","Jeder Sieg: +4 Score je abgedeckter Zelle (max +100).","","Every win: +4 score per covered cell (max +100).","i18n-Katalog (src/i18n) — über t() aufgelöst","","new",""
"family.D_BEBAUUNG.tier2.desc","i18n","Jeder Sieg: +6 Score je abgedeckter Zelle (max +160).","","Every win: +6 score per covered cell (max +160).","i18n-Katalog (src/i18n) — über t() aufgelöst","","new",""
"family.D_BEBAUUNG.tier3.desc","i18n","Jeder Sieg: +9 Score je abgedeckter Zelle (max +240).","","Every win: +9 score per covered cell (max +240).","i18n-Katalog (src/i18n) — über t() aufgelöst","","new",""
"family.D_BEBAUUNG.tier4.desc","i18n","Jeder Sieg: +12 Score je abgedeckter Zelle (max +360).","","Every win: +12 score per covered cell (max +360).","i18n-Katalog (src/i18n) — über t() aufgelöst","","new",""
"family.D_CRIT_FOLLOW.name","i18n","Crit-Folge","","Crit Follow-Up","i18n-Katalog (src/i18n) — über t() aufgelöst","","new",""
"family.D_CRIT_FOLLOW.tier1.desc","i18n","Sieg direkt nach einem Crit: +150 Score.","","Win directly after a crit: +150 score.","i18n-Katalog (src/i18n) — über t() aufgelöst","","new",""
"family.D_CRIT_FOLLOW.tier2.desc","i18n","Sieg direkt nach einem Crit: +275 Score.","","Win directly after a crit: +275 score.","i18n-Katalog (src/i18n) — über t() aufgelöst","","new",""
"family.D_CRIT_FOLLOW.tier3.desc","i18n","Sieg direkt nach einem Crit: +450 Score.","","Win directly after a crit: +450 score.","i18n-Katalog (src/i18n) — über t() aufgelöst","","new",""
"family.D_CRIT_FOLLOW.tier4.desc","i18n","Sieg direkt nach einem Crit: +700 Score; ist der Folgesieg selbst ein Crit, zusätzlich +300.","","Win directly after a crit: +700 score; if that follow-up win is itself a crit, +300 more.","i18n-Katalog (src/i18n) — über t() aufgelöst","","new",""
"family.D_CRIT_HARVEST.name","i18n","Kritische Ernte","","Crit Harvest","i18n-Katalog (src/i18n) — über t() aufgelöst","","new",""
"family.D_CRIT_HARVEST.tier1.desc","i18n","Crit in ≥1 aktiver Formation: +175 Score.","","Crit in 1 or more active formations: +175 score.","i18n-Katalog (src/i18n) — über t() aufgelöst","","new",""
"family.D_CRIT_HARVEST.tier2.desc","i18n","Crit in ≥1 aktiver Formation: +300 Score.","","Crit in 1 or more active formations: +300 score.","i18n-Katalog (src/i18n) — über t() aufgelöst","","new",""
"family.D_CRIT_HARVEST.tier3.desc","i18n","Crit in ≥1 aktiver Formation: +475 Score.","","Crit in 1 or more active formations: +475 score.","i18n-Katalog (src/i18n) — über t() aufgelöst","","new",""
"family.D_CRIT_HARVEST.tier4.desc","i18n","Crit in ≥1 aktiver Formation: +750 Score.","","Crit in 1 or more active formations: +750 score.","i18n-Katalog (src/i18n) — über t() aufgelöst","","new",""
"family.D_CRIT_MOMENTUM.name","i18n","Kritisches Momentum","","Critical Momentum","i18n-Katalog (src/i18n) — über t() aufgelöst","","new",""
"family.D_CRIT_MOMENTUM.tier1.desc","i18n","Jeder Crit in einer Serie ab 3: +150 Score.","","Every crit on a streak of 3 or more: +150 score.","i18n-Katalog (src/i18n) — über t() aufgelöst","","new",""
"family.D_CRIT_MOMENTUM.tier2.desc","i18n","Jeder Crit in einer Serie ab 2: +250 Score.","","Every crit on a streak of 2 or more: +250 score.","i18n-Katalog (src/i18n) — über t() aufgelöst","","new",""
"family.D_CRIT_MOMENTUM.tier3.desc","i18n","Jeder Crit in einer Serie: +350 Score.","","Every crit on a streak: +350 score.","i18n-Katalog (src/i18n) — über t() aufgelöst","","new",""
"family.D_CRIT_MOMENTUM.tier4.desc","i18n","Jeder Crit in einer Serie: +500 Score; die Serie steigt zusätzlich um 1.","","Every crit on a streak: +500 score; the streak also rises by 1.","i18n-Katalog (src/i18n) — über t() aufgelöst","","new",""
"family.D_CRIT_SCORE.name","i18n","Kritische Chance","","Crit Score","i18n-Katalog (src/i18n) — über t() aufgelöst","","new",""
"family.D_CRIT_SCORE.tier1.desc","i18n","Jeder Crit: +100 Score.","","Every crit: +100 score.","i18n-Katalog (src/i18n) — über t() aufgelöst","","new",""
"family.D_CRIT_SCORE.tier2.desc","i18n","Jeder Crit: +175 Score.","","Every crit: +175 score.","i18n-Katalog (src/i18n) — über t() aufgelöst","","new",""
"family.D_CRIT_SCORE.tier3.desc","i18n","Jeder Crit: +275 Score.","","Every crit: +275 score.","i18n-Katalog (src/i18n) — über t() aufgelöst","","new",""
"family.D_CRIT_SCORE.tier4.desc","i18n","Jeder Crit: +450 Score.","","Every crit: +450 score.","i18n-Katalog (src/i18n) — über t() aufgelöst","","new",""
"family.D_FORMATION_BONUS.name","i18n","Score-Bonus","","Score Bonus","i18n-Katalog (src/i18n) — über t() aufgelöst","","new",""
"family.D_FORMATION_BONUS.tier1.desc","i18n","Sieg mit ≥1 aktiver Formation: +50 Score.","","Win with 1 or more active formations: +50 score.","i18n-Katalog (src/i18n) — über t() aufgelöst","","new",""
"family.D_FORMATION_BONUS.tier2.desc","i18n","Sieg mit ≥1 aktiver Formation: +100 Score.","","Win with 1 or more active formations: +100 score.","i18n-Katalog (src/i18n) — über t() aufgelöst","","new",""
"family.D_FORMATION_BONUS.tier3.desc","i18n","Sieg mit ≥1 aktiver Formation: +175 Score.","","Win with 1 or more active formations: +175 score.","i18n-Katalog (src/i18n) — über t() aufgelöst","","new",""
"family.D_FORMATION_BONUS.tier4.desc","i18n","Sieg mit ≥1 aktiver Formation: +300 Score.","","Win with 1 or more active formations: +300 score.","i18n-Katalog (src/i18n) — über t() aufgelöst","","new",""
"family.D_FULL_HOUSE.name","i18n","Volles Haus","","Full House","i18n-Katalog (src/i18n) — über t() aufgelöst","","new",""
"family.D_FULL_HOUSE.tier1.desc","i18n","Fünf Siege in einem Segment: +500 Score auf den fünften.","","Five wins in one segment: +500 score on the fifth.","i18n-Katalog (src/i18n) — über t() aufgelöst","","new",""
"family.D_FULL_HOUSE.tier2.desc","i18n","Vier Siege in einem Segment: +650 Score auf den vierten.","","Four wins in one segment: +650 score on the fourth.","i18n-Katalog (src/i18n) — über t() aufgelöst","","new",""
"family.D_FULL_HOUSE.tier3.desc","i18n","Vier Siege in einem Segment: +900 Score auf den vierten.","","Four wins in one segment: +900 score on the fourth.","i18n-Katalog (src/i18n) — über t() aufgelöst","","new",""
"family.D_FULL_HOUSE.tier4.desc","i18n","Drei Siege in einem Segment: +1.000 Score auf den dritten; der fünfte Sieg zusätzlich +1.000 Score.","","Three wins in one segment: +1,000 score on the third; the fifth win gives +1,000 score on top.","i18n-Katalog (src/i18n) — über t() aufgelöst","","new",""
"family.D_HIGH.name","i18n","Hohe Karten, hohe Belohnung","","High Cards, High Reward","i18n-Katalog (src/i18n) — über t() aufgelöst","","new",""
"family.D_HIGH.tier1.desc","i18n","Sieg mit Kartenwert ≥9: +100 Score.","","Win with card value 9 or more: +100 score.","i18n-Katalog (src/i18n) — über t() aufgelöst","","new",""
"family.D_HIGH.tier2.desc","i18n","Sieg mit Kartenwert ≥8: +150 Score.","","Win with card value 8 or more: +150 score.","i18n-Katalog (src/i18n) — über t() aufgelöst","","new",""
"family.D_HIGH.tier3.desc","i18n","Sieg mit Kartenwert ≥7: +225 Score.","","Win with card value 7 or more: +225 score.","i18n-Katalog (src/i18n) — über t() aufgelöst","","new",""
"family.D_HIGH.tier4.desc","i18n","Sieg mit Kartenwert ≥6: +350 Score.","","Win with card value 6 or more: +350 score.","i18n-Katalog (src/i18n) — über t() aufgelöst","","new",""
"family.D_INTERPLAY.name","i18n","Wechselspiel","","Interplay","i18n-Katalog (src/i18n) — über t() aufgelöst","","new",""
"family.D_INTERPLAY.tier1.desc","i18n","Sieg direkt nach einer Niederlage: +150 Score.","","Win directly after a loss: +150 score.","i18n-Katalog (src/i18n) — über t() aufgelöst","","new",""
"family.D_INTERPLAY.tier2.desc","i18n","Sieg direkt nach einer Niederlage: +275 Score.","","Win directly after a loss: +275 score.","i18n-Katalog (src/i18n) — über t() aufgelöst","","new",""
"family.D_INTERPLAY.tier3.desc","i18n","Sieg direkt nach einer Niederlage: +450 Score.","","Win directly after a loss: +450 score.","i18n-Katalog (src/i18n) — über t() aufgelöst","","new",""
"family.D_INTERPLAY.tier4.desc","i18n","Sieg direkt nach einer Niederlage: +700 Score; die nächste Niederlage gibt +200 gespeicherten Score.","","Win directly after a loss: +700 score; the next loss gives +200 stored score.","i18n-Katalog (src/i18n) — über t() aufgelöst","","new",""
"family.D_MISFIRE.name","i18n","Fehlzündung","","Misfire","i18n-Katalog (src/i18n) — über t() aufgelöst","","new",""
"family.D_MISFIRE.tier1.desc","i18n","Jeder Sieg ohne Crit lädt +20 Score für den nächsten Crit (max +200).","","Every win without a crit charges +20 score for the next crit (max +200).","i18n-Katalog (src/i18n) — über t() aufgelöst","","new",""
"family.D_MISFIRE.tier2.desc","i18n","Jeder Sieg ohne Crit lädt +35 Score für den nächsten Crit (max +350).","","Every win without a crit charges +35 score for the next crit (max +350).","i18n-Katalog (src/i18n) — über t() aufgelöst","","new",""
"family.D_MISFIRE.tier3.desc","i18n","Jeder Sieg ohne Crit lädt +50 Score für den nächsten Crit (max +500).","","Every win without a crit charges +50 score for the next crit (max +500).","i18n-Katalog (src/i18n) — über t() aufgelöst","","new",""
"family.D_MISFIRE.tier4.desc","i18n","Jeder Sieg ohne Crit lädt +75 Score (max +750); nach einem Crit bleiben 25 % der Ladung.","","Every win without a crit charges +75 score (max +750); after a crit, 25% of the charge remains.","i18n-Katalog (src/i18n) — über t() aufgelöst","","new",""
"family.D_OVERCRIT.name","i18n","Überschusskrit","","Surplus Crit","i18n-Katalog (src/i18n) — über t() aufgelöst","","new",""
"family.D_OVERCRIT.tier1.desc","i18n","Crit über 110 % effektiver Crit-Chance: +200 Score.","","Crit above 110% effective crit chance: +200 score.","i18n-Katalog (src/i18n) — über t() aufgelöst","","new",""
"family.D_OVERCRIT.tier2.desc","i18n","Crit über 100 % effektiver Crit-Chance: +300 Score.","","Crit above 100% effective crit chance: +300 score.","i18n-Katalog (src/i18n) — über t() aufgelöst","","new",""
"family.D_OVERCRIT.tier3.desc","i18n","Jeder Überschuss-Crit (über 100 %): +500 Score.","","Every surplus crit (above 100%): +500 score.","i18n-Katalog (src/i18n) — über t() aufgelöst","","new",""
"family.D_OVERCRIT.tier4.desc","i18n","Jeder Überschuss-Crit: +500 Score plus 5 je Prozentpunkt über 100 % (höchstens 100 Prozentpunkte gezählt).","","Every surplus crit: +500 score plus 5 per percentage point above 100% (at most 100 percentage points counted).","i18n-Katalog (src/i18n) — über t() aufgelöst","","new",""
"family.D_OVERPOWER.name","i18n","Übermacht","","Overpower","i18n-Katalog (src/i18n) — über t() aufgelöst","","new",""
"family.D_OVERPOWER.tier1.desc","i18n","Sieg mit ≥10 Kampfwert-Vorsprung: +300 Score.","","Win with a margin of 10 or more: +300 score.","i18n-Katalog (src/i18n) — über t() aufgelöst","","new",""
"family.D_OVERPOWER.tier2.desc","i18n","Sieg mit ≥8 Kampfwert-Vorsprung: +400 Score.","","Win with a margin of 8 or more: +400 score.","i18n-Katalog (src/i18n) — über t() aufgelöst","","new",""
"family.D_OVERPOWER.tier3.desc","i18n","Sieg mit ≥6 Kampfwert-Vorsprung: +550 Score.","","Win with a margin of 6 or more: +550 score.","i18n-Katalog (src/i18n) — über t() aufgelöst","","new",""
"family.D_OVERPOWER.tier4.desc","i18n","Sieg mit ≥4 Kampfwert-Vorsprung: +750 Score.","","Win with a margin of 4 or more: +750 score.","i18n-Katalog (src/i18n) — über t() aufgelöst","","new",""
"family.D_PRECISION.name","i18n","Gleichklang","","Unison","i18n-Katalog (src/i18n) — über t() aufgelöst","","new",""
"family.D_PRECISION.tier1.desc","i18n","Zwei Siege in Folge mit gleichem Kartenwert: +250 Score auf den zweiten.","","Two wins in a row with the same card value: +250 score on the second.","i18n-Katalog (src/i18n) — über t() aufgelöst","","new",""
"family.D_PRECISION.tier2.desc","i18n","Zwei Siege in Folge mit gleichem Kartenwert: +450 Score auf den zweiten.","","Two wins in a row with the same card value: +450 score on the second.","i18n-Katalog (src/i18n) — über t() aufgelöst","","new",""
"family.D_PRECISION.tier3.desc","i18n","Zwei Siege in Folge mit gleichem oder um 1 abweichendem Wert: +550 Score auf den zweiten.","","Two wins in a row with the same value or 1 apart: +550 score on the second.","i18n-Katalog (src/i18n) — über t() aufgelöst","","new",""
"family.D_PRECISION.tier4.desc","i18n","Zwei Siege in Folge mit gleichem oder um 1 abweichendem Wert: +800 Score; die Kette läuft weiter (jeder wertgleiche Folgesieg zahlt).","","Two wins in a row with the same value or 1 apart: +800 score; the chain keeps running (every matching follow-up win pays).","i18n-Katalog (src/i18n) — über t() aufgelöst","","new",""
"family.D_RHYTHM.name","i18n","Perfekter Rhythmus","","Rhythm","i18n-Katalog (src/i18n) — über t() aufgelöst","","new",""
"family.D_RHYTHM.tier1.desc","i18n","Im Takt: jeder 7. Sieg gibt +250 Score.","","In rhythm: every 7th win gives +250 score.","i18n-Katalog (src/i18n) — über t() aufgelöst","","new",""
"family.D_RHYTHM.tier2.desc","i18n","Im Takt: jeder 5. Sieg gibt +350 Score.","","In rhythm: every 5th win gives +350 score.","i18n-Katalog (src/i18n) — über t() aufgelöst","","new",""
"family.D_RHYTHM.tier3.desc","i18n","Im Takt: jeder 4. Sieg gibt +450 Score.","","In rhythm: every 4th win gives +450 score.","i18n-Katalog (src/i18n) — über t() aufgelöst","","new",""
"family.D_RHYTHM.tier4.desc","i18n","Im Takt: jeder 3. Sieg gibt +600 Score.","","In rhythm: every 3th win gives +600 score.","i18n-Katalog (src/i18n) — über t() aufgelöst","","new",""
"family.D_SHARP_EYE.name","i18n","Geschärfter Blick","","Sharp Eye","i18n-Katalog (src/i18n) — über t() aufgelöst","","new",""
"family.D_SHARP_EYE.tier1.desc","i18n","Crit mit Kartenwert ≥9: +225 Score.","","Crit with card value 9 or more: +225 score.","i18n-Katalog (src/i18n) — über t() aufgelöst","","new",""
"family.D_SHARP_EYE.tier2.desc","i18n","Crit mit Kartenwert ≥8: +350 Score.","","Crit with card value 8 or more: +350 score.","i18n-Katalog (src/i18n) — über t() aufgelöst","","new",""
"family.D_SHARP_EYE.tier3.desc","i18n","Crit mit Kartenwert ≥7: +500 Score.","","Crit with card value 7 or more: +500 score.","i18n-Katalog (src/i18n) — über t() aufgelöst","","new",""
"family.D_SHARP_EYE.tier4.desc","i18n","Crit mit Kartenwert ≥6: +750 Score.","","Crit with card value 6 or more: +750 score.","i18n-Katalog (src/i18n) — über t() aufgelöst","","new",""
"family.D_STREAK.name","i18n","Siegesserie","","Win Streak","i18n-Katalog (src/i18n) — über t() aufgelöst","","new",""
"family.D_STREAK.tier1.desc","i18n","Jeder Sieg: +15 Score je Serienpunkt (max +150).","","Every win: +15 score per streak point (max +150).","i18n-Katalog (src/i18n) — über t() aufgelöst","","new",""
"family.D_STREAK.tier2.desc","i18n","Jeder Sieg: +25 Score je Serienpunkt (max +250).","","Every win: +25 score per streak point (max +250).","i18n-Katalog (src/i18n) — über t() aufgelöst","","new",""
"family.D_STREAK.tier3.desc","i18n","Jeder Sieg: +35 Score je Serienpunkt (max +420).","","Every win: +35 score per streak point (max +420).","i18n-Katalog (src/i18n) — über t() aufgelöst","","new",""
"family.D_STREAK.tier4.desc","i18n","Jeder Sieg: +50 Score je Serienpunkt (max +750).","","Every win: +50 score per streak point (max +750).","i18n-Katalog (src/i18n) — über t() aufgelöst","","new",""
"family.D_SUIT_STREAK.name","i18n","Farbrausch","","Suit Rush","i18n-Katalog (src/i18n) — über t() aufgelöst","","new",""
"family.D_SUIT_STREAK.tier1.desc","i18n","Siege in Folge derselben Farbe: je +75 mehr Score (max +300).","","Wins in a row in the same suit: +75 more score each (max +300).","i18n-Katalog (src/i18n) — über t() aufgelöst","","new",""
"family.D_SUIT_STREAK.tier2.desc","i18n","Siege in Folge derselben Farbe: je +100 mehr Score (max +500).","","Wins in a row in the same suit: +100 more score each (max +500).","i18n-Katalog (src/i18n) — über t() aufgelöst","","new",""
"family.D_SUIT_STREAK.tier3.desc","i18n","Siege in Folge derselben Farbe: je +150 mehr Score (max +750).","","Wins in a row in the same suit: +150 more score each (max +750).","i18n-Katalog (src/i18n) — über t() aufgelöst","","new",""
"family.D_SUIT_STREAK.tier4.desc","i18n","Siege in Folge derselben Farbe: je +200 mehr Score (max +1.200); ein Farbwechsel halbiert die Farbserie, statt sie zurückzusetzen.","","Wins in a row in the same suit: +200 more score each (max +1,200); a change of suit halves the suit streak instead of resetting it.","i18n-Katalog (src/i18n) — über t() aufgelöst","","new",""
"family.D_TENTH_WIN.name","i18n","Beutezug","","Raid","i18n-Katalog (src/i18n) — über t() aufgelöst","","new",""
"family.D_TENTH_WIN.tier1.desc","i18n","Jeder 12. Sieg des Laufs: +600 Score.","","Every 12th win of the run: +600 score.","i18n-Katalog (src/i18n) — über t() aufgelöst","","new",""
"family.D_TENTH_WIN.tier2.desc","i18n","Jeder 10. Sieg des Laufs: +800 Score.","","Every 10th win of the run: +800 score.","i18n-Katalog (src/i18n) — über t() aufgelöst","","new",""
"family.D_TENTH_WIN.tier3.desc","i18n","Jeder 8. Sieg des Laufs: +900 Score.","","Every 8th win of the run: +900 score.","i18n-Katalog (src/i18n) — über t() aufgelöst","","new",""
"family.D_TENTH_WIN.tier4.desc","i18n","Jeder 5. Sieg des Laufs: +1.000 Score.","","Every 5th win of the run: +1,000 score.","i18n-Katalog (src/i18n) — über t() aufgelöst","","new",""
"family.D_UNDERDOG.name","i18n","Außenseitersieg","","Underdog Win","i18n-Katalog (src/i18n) — über t() aufgelöst","","new",""
"family.D_UNDERDOG.tier1.desc","i18n","Sieg mit Kartenwert ≤2: +250 Score.","","Win with card value 2 or less: +250 score.","i18n-Katalog (src/i18n) — über t() aufgelöst","","new",""
"family.D_UNDERDOG.tier2.desc","i18n","Sieg mit Kartenwert ≤3: +350 Score.","","Win with card value 3 or less: +350 score.","i18n-Katalog (src/i18n) — über t() aufgelöst","","new",""
"family.D_UNDERDOG.tier3.desc","i18n","Sieg mit Kartenwert ≤4: +500 Score.","","Win with card value 4 or less: +500 score.","i18n-Katalog (src/i18n) — über t() aufgelöst","","new",""
"family.D_UNDERDOG.tier4.desc","i18n","Sieg mit Kartenwert ≤5: +750 Score.","","Win with card value 5 or less: +750 score.","i18n-Katalog (src/i18n) — über t() aufgelöst","","new",""
"family.D_WEAKNESS.name","i18n","Schwachstellenanalyse","","Weakness Analysis","i18n-Katalog (src/i18n) — über t() aufgelöst","","new",""
"family.D_WEAKNESS.tier1.desc","i18n","Nach einer Niederlage mit ≥7 Wertabstand: nächster Sieg +250 Score.","","After a loss by 7 value or more: next win +250 score.","i18n-Katalog (src/i18n) — über t() aufgelöst","","new",""
"family.D_WEAKNESS.tier2.desc","i18n","Nach einer Niederlage mit ≥5 Wertabstand: nächster Sieg +350 Score.","","After a loss by 5 value or more: next win +350 score.","i18n-Katalog (src/i18n) — über t() aufgelöst","","new",""
"family.D_WEAKNESS.tier3.desc","i18n","Nach einer Niederlage mit ≥4 Wertabstand: nächster Sieg +500 Score.","","After a loss by 4 value or more: next win +500 score.","i18n-Katalog (src/i18n) — über t() aufgelöst","","new",""
"family.D_WEAKNESS.tier4.desc","i18n","Nach jeder Niederlage: nächster Sieg +600 Score; bei ≥5 Wertabstand +900.","","After any loss: next win +600 score; by 5 value or more, +900.","i18n-Katalog (src/i18n) — über t() aufgelöst","","new",""
"family.E_AFTERGLOW.name","i18n","Nachhall","","Afterglow","i18n-Katalog (src/i18n) — über t() aufgelöst","","new",""
"family.E_AFTERGLOW.tier1.desc","i18n","Der Formations-Faktor deiner Wiederholung überträgt sich auf die nächste Karte (höchstens ×1,20), auch wenn sie selbst nicht Teil der Formation ist.","","The formation factor of your repeat carries over to the next card (at most ×1.20), even if that card is not part of the formation itself.","i18n-Katalog (src/i18n) — über t() aufgelöst","","new",""
"family.E_AFTERGLOW.tier2.desc","i18n","Wirkt bei allen Formationen; Faktor höchstens ×1,25.","","Works for all formations; factor at most ×1.25.","i18n-Katalog (src/i18n) — über t() aufgelöst","","new",""
"family.E_AFTERGLOW.tier3.desc","i18n","Übernimmt den stärksten Einzelfaktor vollständig.","","Carries the strongest single factor over in full.","i18n-Katalog (src/i18n) — über t() aufgelöst","","new",""
"family.E_AFTERGLOW.tier4.desc","i18n","Übernimmt den stärksten Einzelfaktor und hält für die nächsten zwei Karten.","","Carries the strongest single factor over and holds it for the next two cards.","i18n-Katalog (src/i18n) — über t() aufgelöst","","new",""
"family.E_BIGSTEP.name","i18n","Großer Schritt","","Big Step","i18n-Katalog (src/i18n) — über t() aufgelöst","","new",""
"family.E_BIGSTEP.tier1.desc","i18n","Einmal pro Segment darf eine Treppe einen Rückschritt enthalten.","","Once per segment, a stair may contain one step back.","i18n-Katalog (src/i18n) — über t() aufgelöst","","new",""
"family.E_BIGSTEP.tier2.desc","i18n","Jede Treppe darf einen Rückschritt enthalten.","","Every stair may contain one step back.","i18n-Katalog (src/i18n) — über t() aufgelöst","","new",""
"family.E_BIGSTEP.tier3.desc","i18n","Jede Treppe darf zwei Rückschritte enthalten.","","Every stair may contain two steps back.","i18n-Katalog (src/i18n) — über t() aufgelöst","","new",""
"family.E_BIGSTEP.tier4.desc","i18n","Treppen dürfen die Richtung wechseln.","","Stairs may change direction.","i18n-Katalog (src/i18n) — über t() aufgelöst","","new",""
"family.E_COLOR_ALLIANCE.name","i18n","Farballianz","","Suit Alliance","i18n-Katalog (src/i18n) — über t() aufgelöst","","new",""
"family.E_COLOR_ALLIANCE.tier1.desc","i18n","Wähle 2 Farben: sie zählen in allen Farb-Wertungen als dieselbe Farbe, außer bei Farbverstärkung/Farbduell.","","Choose 2 suits: they count as the same suit in all suit scoring, except for Suit Boost and Suit Duel.","i18n-Katalog (src/i18n) — über t() aufgelöst","","new",""
"family.E_COLOR_ALLIANCE.tier2.desc","i18n","Wähle 3 Farben: sie zählen in allen Farb-Wertungen als dieselbe Farbe, außer bei Farbverstärkung/Farbduell.","","Choose 3 suits: they count as the same suit in all suit scoring, except for Suit Boost and Suit Duel.","i18n-Katalog (src/i18n) — über t() aufgelöst","","new",""
"family.E_COLOR_ALLIANCE.tier3.desc","i18n","Alle vier zählen in allen Farb-Wertungen als dieselbe Farbe, außer bei Farbverstärkung/Farbduell.","","All four count as the same suit in all suit scoring, except for Suit Boost and Suit Duel.","i18n-Katalog (src/i18n) — über t() aufgelöst","","new",""
"family.E_COLOR_ALLIANCE.tier4.desc","i18n","Alle vier zählen als dieselbe Farbe, Farbblöcke starten bei ×1,55 (statt ×1,35), außer bei Farbverstärkung/Farbduell.","","All four count as the same suit, and suit blocks start at ×1.55 (instead of ×1.35), except for Suit Boost and Suit Duel.","i18n-Katalog (src/i18n) — über t() aufgelöst","","new",""
"family.E_COLORBRIDGE.name","i18n","Farbbrücke","","Suit Bridge","i18n-Katalog (src/i18n) — über t() aufgelöst","","new",""
"family.E_COLORBRIDGE.tier1.desc","i18n","Einmal pro Segment darf ein Farbblock eine Fremdfarbe überbrücken.","","Once per segment, a suit block may bridge one foreign suit.","i18n-Katalog (src/i18n) — über t() aufgelöst","","new",""
"family.E_COLORBRIDGE.tier2.desc","i18n","Jeder Farbblock darf eine Fremdfarbe enthalten.","","Every suit block may contain one foreign suit.","i18n-Katalog (src/i18n) — über t() aufgelöst","","new",""
"family.E_COLORBRIDGE.tier3.desc","i18n","Jeder Farbblock darf zwei Fremdfarben enthalten.","","Every suit block may contain two foreign suits.","i18n-Katalog (src/i18n) — über t() aufgelöst","","new",""
"family.E_COLORBRIDGE.tier4.desc","i18n","Fremdfarben unterbrechen Farbblöcke nicht (zählen nicht mit).","","Foreign suits do not interrupt suit blocks (they do not count towards them).","i18n-Katalog (src/i18n) — über t() aufgelöst","","new",""
"family.E_CORE.name","i18n","Formationskern","","Formation Core","i18n-Katalog (src/i18n) — über t() aufgelöst","","new",""
"family.E_CORE.tier1.desc","i18n","Wähle 1 Formationstyp: seine aktiven Formationen zusätzlich ×1,15.","","Choose 1 formation type: its active formations ×1.15 on top.","i18n-Katalog (src/i18n) — über t() aufgelöst","","new",""
"family.E_CORE.tier2.desc","i18n","Wähle 1 Formationstyp: seine aktiven Formationen zusätzlich ×1,25.","","Choose 1 formation type: its active formations ×1.25 on top.","i18n-Katalog (src/i18n) — über t() aufgelöst","","new",""
"family.E_CORE.tier3.desc","i18n","Wähle 1 Formationstyp: seine aktiven Formationen zusätzlich ×1,40.","","Choose 1 formation type: its active formations ×1.40 on top.","i18n-Katalog (src/i18n) — über t() aufgelöst","","new",""
"family.E_CORE.tier4.desc","i18n","Wähle 1 Formationstyp: seine aktiven Formationen zusätzlich ×1,50 (inkl. Nachhall).","","Choose 1 formation type: its active formations ×1.50 on top (echo included).","i18n-Katalog (src/i18n) — über t() aufgelöst","","new",""
"family.E_GENTLE.name","i18n","Sanfter Anstieg","","Gentle Slope","i18n-Katalog (src/i18n) — über t() aufgelöst","","new",""
"family.E_GENTLE.tier1.desc","i18n","Einmal pro Segment darf eine Treppe einen Gleichstand enthalten.","","Once per segment, a stair may contain one tie.","i18n-Katalog (src/i18n) — über t() aufgelöst","","new",""
"family.E_GENTLE.tier2.desc","i18n","Jede Treppe darf einen Gleichstand enthalten.","","Every stair may contain one tie.","i18n-Katalog (src/i18n) — über t() aufgelöst","","new",""
"family.E_GENTLE.tier3.desc","i18n","Jede Treppe darf zwei Gleichstände enthalten.","","Every stair may contain two ties.","i18n-Katalog (src/i18n) — über t() aufgelöst","","new",""
"family.E_GENTLE.tier4.desc","i18n","Gleiche Werte gelten in Treppen als ein Schritt, wenn nötig.","","Equal values count as one step in stairs when needed.","i18n-Katalog (src/i18n) — über t() aufgelöst","","new",""
"family.E_LOSS.name","i18n","Kontrollverlust","","Loss of Control","i18n-Katalog (src/i18n) — über t() aufgelöst","","new",""
"family.E_LOSS.tier1.desc","i18n","Positionen 20 und 40 zählen als Anker (×1,25).","","Positions 20 and 40 count as anchors (×1.25).","i18n-Katalog (src/i18n) — über t() aufgelöst","","new",""
"family.E_LOSS.tier2.desc","i18n","Positionen 10, 20, 30 und 40 zählen als Anker (×1,25).","","Positions 10, 20, 30 and 40 count as anchors (×1.25).","i18n-Katalog (src/i18n) — über t() aufgelöst","","new",""
"family.E_LOSS.tier3.desc","i18n","Jede Segment-Endposition zählt als Anker (×1,25).","","Every segment-end position counts as an anchor (×1.25).","i18n-Katalog (src/i18n) — über t() aufgelöst","","new",""
"family.E_LOSS.tier4.desc","i18n","Jede Segment-Endposition zählt als Anker (×1,35).","","Every segment-end position counts as an anchor (×1.35).","i18n-Katalog (src/i18n) — über t() aufgelöst","","new",""
"family.E_PACE.name","i18n","Schrittmacher","","Pacemaker","i18n-Katalog (src/i18n) — über t() aufgelöst","","new",""
"family.E_PACE.tier1.desc","i18n","Einmal pro Segment darf eine Wiederholung eine fremde Karte überbrücken.","","Once per segment, a repeat may bridge one foreign card.","i18n-Katalog (src/i18n) — über t() aufgelöst","","new",""
"family.E_PACE.tier2.desc","i18n","Jede Wiederholung darf eine fremde Karte überbrücken.","","Every repeat may bridge one foreign card.","i18n-Katalog (src/i18n) — über t() aufgelöst","","new",""
"family.E_PACE.tier3.desc","i18n","Jede Wiederholung darf bis zu zwei fremde Karten überbrücken.","","Every repeat may bridge up to two foreign cards.","i18n-Katalog (src/i18n) — über t() aufgelöst","","new",""
"family.E_PACE.tier4.desc","i18n","Fremde Karten unterbrechen Wiederholungen nicht (zählen nicht mit).","","Foreign cards do not interrupt repeats (they do not count towards them).","i18n-Katalog (src/i18n) — über t() aufgelöst","","new",""
"family.E_PENDULUM.name","i18n","Pendelwerk","","Pendulum","i18n-Katalog (src/i18n) — über t() aufgelöst","","new",""
"family.E_PENDULUM.tier1.desc","i18n","Für einen Wechsel genügt eine Nachbardifferenz von 3 (statt 4); weiterhin ab 3 Karten.","","A zigzag needs a neighbour difference of only 3 (instead of 4); still from 3 cards.","i18n-Katalog (src/i18n) — über t() aufgelöst","","new",""
"family.E_PENDULUM.tier2.desc","i18n","Ein Wechsel braucht nur noch 2 Karten (Nachbardifferenz weiterhin ≥4).","","A zigzag needs only 2 cards (neighbour difference still 4 or more).","i18n-Katalog (src/i18n) — über t() aufgelöst","","new",""
"family.E_PENDULUM.tier3.desc","i18n","Ein Wechsel braucht nur noch 2 Karten, und eine Nachbardifferenz von 3 genügt.","","A zigzag needs only 2 cards, and a neighbour difference of 3 is enough.","i18n-Katalog (src/i18n) — über t() aufgelöst","","new",""
"family.E_PENDULUM.tier4.desc","i18n","Ein Wechsel braucht nur noch 2 Karten, und eine Nachbardifferenz von 2 genügt; Zweier-Wechsel zählen ab ×1,35.","","A zigzag needs only 2 cards, and a neighbour difference of 2 is enough; two-card zigzags count from ×1.35.","i18n-Katalog (src/i18n) — über t() aufgelöst","","new",""
"family.E_QUICKSHOT.name","i18n","Schnellschuss","","Quick Shot","i18n-Katalog (src/i18n) — über t() aufgelöst","","new",""
"family.E_QUICKSHOT.tier1.desc","i18n","Positionen 5 und 25 zählen als Anker (×1,25).","","Positions 5 and 25 count as anchors (×1.25).","i18n-Katalog (src/i18n) — über t() aufgelöst","","new",""
"family.E_QUICKSHOT.tier2.desc","i18n","Positionen 5, 15, 25 und 35 zählen als Anker (×1,25).","","Positions 5, 15, 25 and 35 count as anchors (×1.25).","i18n-Katalog (src/i18n) — über t() aufgelöst","","new",""
"family.E_QUICKSHOT.tier3.desc","i18n","Jede fünfte Position (5, 10 … 40) zählt als Anker (×1,25).","","Every fifth position (5, 10 … 40) counts as an anchor (×1.25).","i18n-Katalog (src/i18n) — über t() aufgelöst","","new",""
"family.E_QUICKSHOT.tier4.desc","i18n","Jede fünfte Position zählt als Anker (×1,35) und erhält +2 Stichwert.","","Every fifth position counts as an anchor (×1.35) and gets +2 trick value.","i18n-Katalog (src/i18n) — über t() aufgelöst","","new",""
"family.E_RPM.name","i18n","Drehzahl","","Revolutions","i18n-Katalog (src/i18n) — über t() aufgelöst","","new",""
"family.E_RPM.tier1.desc","i18n","Einmal pro Segment darf eine Karte zu zwei Treppen gehören.","","Once per segment, a card may belong to two stairs.","i18n-Katalog (src/i18n) — über t() aufgelöst","","new",""
"family.E_RPM.tier2.desc","i18n","Bis zu zwei Karten pro Segment dürfen zu zwei Treppen gehören.","","Up to two cards per segment may belong to two stairs.","i18n-Katalog (src/i18n) — über t() aufgelöst","","new",""
"family.E_RPM.tier3.desc","i18n","Bis zu drei Karten pro Segment dürfen zu zwei Treppen gehören.","","Up to three cards per segment may belong to two stairs.","i18n-Katalog (src/i18n) — über t() aufgelöst","","new",""
"family.E_RPM.tier4.desc","i18n","Jede Karte darf gleichzeitig zu zwei Treppen gehören.","","Every card may belong to two stairs at once.","i18n-Katalog (src/i18n) — über t() aufgelöst","","new",""
"family.E_SEGMENT.name","i18n","Segmentarbeit","","Segment Work","i18n-Katalog (src/i18n) — über t() aufgelöst","","new",""
"family.E_SEGMENT.tier1.desc","i18n","Eine Segmentgrenze ist offen; Formationen dürfen sie überschreiten.","","One segment boundary is open; formations may cross it.","i18n-Katalog (src/i18n) — über t() aufgelöst","","new",""
"family.E_SEGMENT.tier2.desc","i18n","Zwei Segmentgrenzen sind offen.","","Two segment boundaries are open.","i18n-Katalog (src/i18n) — über t() aufgelöst","","new",""
"family.E_SEGMENT.tier3.desc","i18n","Alle Segmentgrenzen sind offen.","","All segment boundaries are open.","i18n-Katalog (src/i18n) — über t() aufgelöst","","new",""
"family.E_SEGMENT.tier4.desc","i18n","Alle Segmentgrenzen sind offen; Karten einer segmentüberschreitenden Formation geben zusätzlich ×1,25 Score.","","All segment boundaries are open; cards of a formation crossing a boundary give ×1.25 score on top.","i18n-Katalog (src/i18n) — über t() aufgelöst","","new",""
"family.E_STRONG_REP.name","i18n","Verstärkte Wiederholung","","Reinforced Repeat","i18n-Katalog (src/i18n) — über t() aufgelöst","","new",""
"family.E_STRONG_REP.tier1.desc","i18n","Zweite Karte einer Wiederholung: ×1,30 (statt ×1,25).","","Second card of a repeat: ×1.30 (instead of ×1.25).","i18n-Katalog (src/i18n) — über t() aufgelöst","","new",""
"family.E_STRONG_REP.tier2.desc","i18n","Zweite Karte einer Wiederholung: ×1,35.","","Second card of a repeat: ×1.35.","i18n-Katalog (src/i18n) — über t() aufgelöst","","new",""
"family.E_STRONG_REP.tier3.desc","i18n","Zweite und dritte Wiederholungskarte: je +0,10 auf ihren Formations-Faktor.","","Second and third repeat card: +0.10 on their formation factor each.","i18n-Katalog (src/i18n) — über t() aufgelöst","","new",""
"family.E_STRONG_REP.tier4.desc","i18n","Alle Wiederholungsfaktoren: zusätzlich ×1,20.","","All repeat factors: ×1.20 on top.","i18n-Katalog (src/i18n) — über t() aufgelöst","","new",""
"family.E_TUNING.name","i18n","Feinjustierung","","Tuning","i18n-Katalog (src/i18n) — über t() aufgelöst","","new",""
"family.E_TUNING.tier1.desc","i18n","Jede zweite Aufstellungsphase: +1 Energie.","","Every second order phase: +1 energy.","i18n-Katalog (src/i18n) — über t() aufgelöst","","new",""
"family.E_TUNING.tier2.desc","i18n","Jede Aufstellungsphase: +1 Energie.","","Every order phase: +1 energy.","i18n-Katalog (src/i18n) — über t() aufgelöst","","new",""
"family.E_TUNING.tier3.desc","i18n","Jede Aufstellungsphase: +2 Energie.","","Every order phase: +2 energy.","i18n-Katalog (src/i18n) — über t() aufgelöst","","new",""
"family.E_TUNING.tier4.desc","i18n","Jede Aufstellungsphase: +3 Energie.","","Every order phase: +3 energy.","i18n-Katalog (src/i18n) — über t() aufgelöst","","new",""
"family.P_AIM.name","i18n","Zielsicherheit","","Accuracy","i18n-Katalog (src/i18n) — über t() aufgelöst","","new",""
"family.P_AIM.tier1.desc","i18n","Karten mit Wert ≥ 9: +15 % Crit-Chance.","","Cards with value 9 or more: +15% crit chance.","i18n-Katalog (src/i18n) — über t() aufgelöst","","new",""
"family.P_AIM.tier2.desc","i18n","Karten mit Wert ≥ 8: +15 % Crit-Chance.","","Cards with value 8 or more: +15% crit chance.","i18n-Katalog (src/i18n) — über t() aufgelöst","","new",""
"family.P_AIM.tier3.desc","i18n","Karten mit Wert ≥ 7: +15 % Crit-Chance.","","Cards with value 7 or more: +15% crit chance.","i18n-Katalog (src/i18n) — über t() aufgelöst","","new",""
"family.P_AIM.tier4.desc","i18n","Karten mit Wert ≥ 6: +15 % Crit-Chance.","","Cards with value 6 or more: +15% crit chance.","i18n-Katalog (src/i18n) — über t() aufgelöst","","new",""
"family.P_COLORFOCUS.name","i18n","Farbfokus","","Suit Focus","i18n-Katalog (src/i18n) — über t() aufgelöst","","new",""
"family.P_COLORFOCUS.tier1.desc","i18n","Wähle eine Farbe: Karten dieser Farbe +10 % Crit-Chance.","","Choose a suit: cards of that suit +10% crit chance.","i18n-Katalog (src/i18n) — über t() aufgelöst","","new",""
"family.P_COLORFOCUS.tier2.desc","i18n","Wähle eine Farbe: Karten dieser Farbe +14 % Crit-Chance.","","Choose a suit: cards of that suit +14% crit chance.","i18n-Katalog (src/i18n) — über t() aufgelöst","","new",""
"family.P_COLORFOCUS.tier3.desc","i18n","Wähle eine Farbe: Karten dieser Farbe +18 % Crit-Chance.","","Choose a suit: cards of that suit +18% crit chance.","i18n-Katalog (src/i18n) — über t() aufgelöst","","new",""
"family.P_COLORFOCUS.tier4.desc","i18n","Wähle ZWEI Farben: Karten dieser Farben je +18 % Crit-Chance.","","Choose TWO suits: cards of those suits +18% crit chance each.","i18n-Katalog (src/i18n) — über t() aufgelöst","","new",""
"family.P_FORCE.name","i18n","Wucht","","Force","i18n-Katalog (src/i18n) — über t() aufgelöst","","new",""
"family.P_FORCE.tier1.desc","i18n","+0,25× Crit-Multiplikator (auf Basis 2,25×).","","+0.25× crit multiplier (on a base of 2.25×).","i18n-Katalog (src/i18n) — über t() aufgelöst","","new",""
"family.P_FORCE.tier2.desc","i18n","+0,4× Crit-Multiplikator (auf Basis 2,25×).","","+0.4× crit multiplier (on a base of 2.25×).","i18n-Katalog (src/i18n) — über t() aufgelöst","","new",""
"family.P_FORCE.tier3.desc","i18n","+0,6× Crit-Multiplikator (auf Basis 2,25×).","","+0.6× crit multiplier (on a base of 2.25×).","i18n-Katalog (src/i18n) — über t() aufgelöst","","new",""
"family.P_FORCE.tier4.desc","i18n","+0,9× Crit-Multiplikator (auf Basis 2,25×).","","+0.9× crit multiplier (on a base of 2.25×).","i18n-Katalog (src/i18n) — über t() aufgelöst","","new",""
"family.P_LENS.name","i18n","Brennglas","","Burning Glass","i18n-Katalog (src/i18n) — über t() aufgelöst","","new",""
"family.P_LENS.tier1.desc","i18n","+6 % Crit-Chance je gleichzeitiger Formation ab der zweiten an der Siegposition (max 3 extra).","","+6% crit chance per simultaneous formation beyond the first at the winning position (max 3 extra).","i18n-Katalog (src/i18n) — über t() aufgelöst","","new",""
"family.P_LENS.tier2.desc","i18n","+8 % Crit-Chance je gleichzeitiger Formation ab der zweiten an der Siegposition (max 3 extra).","","+8% crit chance per simultaneous formation beyond the first at the winning position (max 3 extra).","i18n-Katalog (src/i18n) — über t() aufgelöst","","new",""
"family.P_LENS.tier3.desc","i18n","+10 % Crit-Chance je gleichzeitiger Formation ab der zweiten an der Siegposition (max 3 extra).","","+10% crit chance per simultaneous formation beyond the first at the winning position (max 3 extra).","i18n-Katalog (src/i18n) — über t() aufgelöst","","new",""
"family.P_LENS.tier4.desc","i18n","+13 % Crit-Chance je gleichzeitiger Formation ab der zweiten an der Siegposition (max 3 extra).","","+13% crit chance per simultaneous formation beyond the first at the winning position (max 3 extra).","i18n-Katalog (src/i18n) — über t() aufgelöst","","new",""
"family.P_SHARPNESS.name","i18n","Schärfe","","Sharpness","i18n-Katalog (src/i18n) — über t() aufgelöst","","new",""
"family.P_SHARPNESS.tier1.desc","i18n","Alle Karten: +6 % Crit-Chance.","","All cards: +6% crit chance.","i18n-Katalog (src/i18n) — über t() aufgelöst","","new",""
"family.P_SHARPNESS.tier2.desc","i18n","Alle Karten: +9 % Crit-Chance.","","All cards: +9% crit chance.","i18n-Katalog (src/i18n) — über t() aufgelöst","","new",""
"family.P_SHARPNESS.tier3.desc","i18n","Alle Karten: +12 % Crit-Chance.","","All cards: +12% crit chance.","i18n-Katalog (src/i18n) — über t() aufgelöst","","new",""
"family.P_SHARPNESS.tier4.desc","i18n","Alle Karten: +15 % Crit-Chance.","","All cards: +15% crit chance.","i18n-Katalog (src/i18n) — über t() aufgelöst","","new",""
"famtarget.alreadyBound","i18n","({n} bereits als Rolle gebunden)","（已有{n}张绑定为角色）","({n} already bound as a role)","i18n-Katalog (src/i18n) — über t() aufgelöst","","done",""
"famtarget.deck","i18n","Dein Deck · aktuelle Formationen","你的卡组 · 当前阵型","Your deck · current formations","i18n-Katalog (src/i18n) — über t() aufgelöst","","done",""
"famtarget.deck.arch","i18n","Dein Deck · aktuelle Formationen & Gebäude","你的卡组 · 当前阵型与建筑","Your deck · current formations & buildings","i18n-Katalog (src/i18n) — über t() aufgelöst","","done",""
"famtarget.deckValues","i18n","Deck-Werte je Farbe","各花色的卡组数值","Deck values per suit","i18n-Katalog (src/i18n) — über t() aufgelöst","","done",""
"famtarget.ordered","i18n","Reihenfolge: erste Farbe = Gewinner (+), zweite = Verlierer (−)","顺序：第一个花色是赢家（+），第二个是输家（−）","Order matters: first suit = winner (+), second = loser (−)","i18n-Katalog (src/i18n) — über t() aufgelöst","","done",""
"famtarget.pickSuits_one","i18n","Wähle eine Farbe","选择一个花色","Choose one suit","i18n-Katalog (src/i18n) — über t() aufgelöst","","done",""
"famtarget.pickSuits_other","i18n","Wähle {count} Farben","选择{count}个花色","Choose {count} suits","i18n-Katalog (src/i18n) — über t() aufgelöst","","done",""
"famtarget.pickType","i18n","Wähle einen Formationstyp","选择一种阵型","Choose a formation type","i18n-Katalog (src/i18n) — über t() aufgelöst","","done",""
"famtarget.strength","i18n","Formations-Stärke:","阵型强度：","Formation strength:","i18n-Katalog (src/i18n) — über t() aufgelöst","","done",""
"feedback.desk.readout","i18n","Geht direkt an die Entwicklung. Seed und Durchlauf des letzten Laufs hängen automatisch mit dran.","直接发给开发者。上一局的种子和轮次会自动附上。","Goes straight to the developers. Seed and cycle of your last run are attached automatically.","i18n-Katalog (src/i18n) — über t() aufgelöst","","done",""
"feedback.detailHint","i18n","Je mehr Details, desto schneller können wir helfen.","细节越多，我们越快能帮上忙。","The more detail, the faster we can help.","i18n-Katalog (src/i18n) — über t() aufgelöst","","done",""
"feedback.draftSent","i18n","Dein zuletzt hängengebliebener Report ist jetzt rausgegangen.","你上次卡住没发出去的报告，现在已经发送了。","Your last stuck report has now gone out.","i18n-Katalog (src/i18n) — über t() aufgelöst","","done",""
"feedback.err.dailyCap","i18n","Für heute ist genug gemeldet. Morgen geht es weiter.","今天反馈得够多了。明天再继续。","That is enough for today. Tomorrow it continues.","i18n-Katalog (src/i18n) — über t() aufgelöst","","done",""
"feedback.err.offline","i18n","Der Melder ist in diesem Build nicht konfiguriert; dein Text geht hier gerade nirgendwohin.","这个版本没有配置反馈通道；你写的内容现在不会送到任何地方。","The reporter is not configured in this build; your text is not going anywhere right now.","i18n-Katalog (src/i18n) — über t() aufgelöst","","done",""
"feedback.err.send","i18n","Konnte nicht gesendet werden. Dein Text ist gespeichert (und in der Zwischenablage) und geht beim nächsten Öffnen automatisch raus.","发送失败。你的文字已保存（也在剪贴板里），下次打开时会自动发出。","Could not be sent. Your text is saved (and in the clipboard) and goes out automatically next time you open this.","i18n-Katalog (src/i18n) — über t() aufgelöst","","done",""
"feedback.err.tooSoon","i18n","Kurz warten: noch {s} Sekunden bis zum nächsten Report.","请稍等：距离下一次反馈还有{s}秒。","Hold on: {s} seconds until the next report.","i18n-Katalog (src/i18n) — über t() aufgelöst","","done",""
"feedback.eyebrow","i18n","Playtest","试玩测试","Playtest","i18n-Katalog (src/i18n) — über t() aufgelöst","","done",""
"feedback.kind","i18n","Art","类型","Type","i18n-Katalog (src/i18n) — über t() aufgelöst","","done",""
"feedback.kind.balance","i18n","Balance","平衡","Balance","i18n-Katalog (src/i18n) — über t() aufgelöst","","done",""
"feedback.kind.bug","i18n","Bug","缺陷","Bug","i18n-Katalog (src/i18n) — über t() aufgelöst","","done",""
"feedback.kind.idea","i18n","Idee","想法","Idea","i18n-Katalog (src/i18n) — über t() aufgelöst","","done",""
"feedback.kind.other","i18n","Sonstiges","其他","Other","i18n-Katalog (src/i18n) — über t() aufgelöst","","done",""
"feedback.message","i18n","Was ist passiert?","发生了什么？","What happened?","i18n-Katalog (src/i18n) — über t() aufgelöst","","done",""
"feedback.message.placeholder","i18n","Je genauer, desto besser: was hast du gemacht, was ist passiert, was hättest du erwartet?","越具体越好：你做了什么，发生了什么，你原本期待什么？","The more precise the better: what did you do, what happened, what did you expect?","i18n-Katalog (src/i18n) — über t() aufgelöst","","done",""
"feedback.name","i18n","Name","名字","Name","i18n-Katalog (src/i18n) — über t() aufgelöst","","done",""
"feedback.name.placeholder","i18n","optional","选填","optional","i18n-Katalog (src/i18n) — über t() aufgelöst","","done",""
"feedback.run.hint","i18n","Seed und Durchlauf gehen mit; ohne sie lässt sich ein Bug meist nicht nachstellen.","种子和轮次会一起发送；没有它们，缺陷通常无法复现。","Seed and cycle are sent along; without them a bug usually cannot be reproduced.","i18n-Katalog (src/i18n) — über t() aufgelöst","","done",""
"feedback.run.none","i18n","Kein Lauf zum Anhängen gefunden","没有找到可附加的对局","No run found to attach","i18n-Katalog (src/i18n) — über t() aufgelöst","","done",""
"feedback.run.with","i18n","Bezieht sich auf: Lauf Seed {seed}, Durchlauf {cycle}","关联对局：种子{seed}，第{cycle}轮","Refers to: run seed {seed}, cycle {cycle}","i18n-Katalog (src/i18n) — über t() aufgelöst","","done",""
"feedback.send","i18n","Absenden","发送","Send","i18n-Katalog (src/i18n) — über t() aufgelöst","","done",""
"feedback.sending","i18n","Wird gesendet …","正在发送……","Sending …","i18n-Katalog (src/i18n) — über t() aufgelöst","","done",""
"feedback.thanks","i18n","Danke, ist angekommen.","谢谢，已收到。","Thanks, it arrived.","i18n-Katalog (src/i18n) — über t() aufgelöst","","done",""
"feedback.title","i18n","Feedback senden","发送反馈","Send feedback","i18n-Katalog (src/i18n) — über t() aufgelöst","","done",""
"feedback.tooShort","i18n","Noch mindestens {n} Zeichen.","至少还需要{n}个字符。","At least {n} more characters.","i18n-Katalog (src/i18n) — über t() aufgelöst","","done",""
"form.arch.off","i18n","🏗 Gebäude aus","🏗 建筑关","🏗 Buildings off","i18n-Katalog (src/i18n) — über t() aufgelöst","","done",""
"form.arch.on","i18n","🏗 Gebäude an","🏗 建筑开","🏗 Buildings on","i18n-Katalog (src/i18n) — über t() aufgelöst","","done",""
"form.bonus","i18n","Formations-Bonus","阵型加成","Formation bonus","i18n-Katalog (src/i18n) — über t() aufgelöst","","done",""
"form.bonus.value","i18n","+{pct} %","+{pct}%","+{pct}%","i18n-Katalog (src/i18n) — über t() aufgelöst","","done",""
"form.collapse.close","i18n","{label} einklappen","收起{label}","Collapse {label}","i18n-Katalog (src/i18n) — über t() aufgelöst","","done",""
"form.collapse.less","i18n","weniger","更少","less","i18n-Katalog (src/i18n) — über t() aufgelöst","","done",""
"form.collapse.more","i18n","mehr","更多","more","i18n-Katalog (src/i18n) — über t() aufgelöst","","done",""
"form.collapse.open","i18n","{label} ausklappen","展开{label}","Expand {label}","i18n-Katalog (src/i18n) — über t() aufgelöst","","done",""
"form.confirm","i18n","Fortfahren","继续","Continue","i18n-Katalog (src/i18n) — über t() aufgelöst","","done",""
"form.confirm.title","i18n","Formations-Differenz seit Durchlaufbeginn · verbleibende Formations-Energie","自本轮开始以来的阵型差值 · 剩余布阵能量","Formation difference since the start of the cycle · remaining order energy","i18n-Katalog (src/i18n) — über t() aufgelöst","","done",""
"form.count","i18n","Formationen","阵型","Formations","i18n-Katalog (src/i18n) — über t() aufgelöst","","done",""
"form.delta","i18n","{sign}{pct} %","{sign}{pct}%","{sign}{pct}%","i18n-Katalog (src/i18n) — über t() aufgelöst","","done",""
"form.details.arch","i18n","🏗 Deine Gebäude ({n}) · Perks","🏗 你的建筑（{n}） · 天赋","🏗 Your buildings ({n}) · perks","i18n-Katalog (src/i18n) — über t() aufgelöst","","done",""
"form.details.plain","i18n","Perks & Effekte","天赋与效果","Perks & effects","i18n-Katalog (src/i18n) — über t() aufgelöst","","done",""
"form.energyLeft","i18n","· noch {n} Energie","· 还剩{n}能量","· {n} energy left","i18n-Katalog (src/i18n) — über t() aufgelöst","","done",""
"form.eyebrow","i18n","Aufstellung · Durchlauf {cycle}","布阵 · 第{cycle}轮","Order phase · cycle {cycle}","i18n-Katalog (src/i18n) — über t() aufgelöst","","done",""
"form.hint","i18n","Tippe zwei Karten zum Tauschen (1 Energie) · Formationen entstehen nur **innerhalb** der {size}er-Segmente","点击两张卡牌交换位置（1能量） · 阵型只能**在段内**形成（每段{size}张）","Tap two cards to swap them (1 energy) · formations only form **inside** the segments of {size}","i18n-Katalog (src/i18n) — über t() aufgelöst","","done",""
"form.iceEffects","i18n","Eis-Effekte auf Formationen","冰对阵型的影响","Ice effects on formations","i18n-Katalog (src/i18n) — über t() aufgelöst","","done",""
"form.legend","i18n","Formationen & Rahmenfarben","阵型与边框颜色","Formations & frame colours","i18n-Katalog (src/i18n) — über t() aufgelöst","","done",""
"form.legend.chip","i18n","Legende","图例","Legend","i18n-Katalog (src/i18n) — über t() aufgelöst","","done",""
"form.reset","i18n","Zurücksetzen","重置","Reset","i18n-Katalog (src/i18n) — über t() aufgelöst","","done",""
"form.seg.strength","i18n","+{pct} %","+{pct}%","+{pct}%","i18n-Katalog (src/i18n) — über t() aufgelöst","","done",""
"form.seg.strength.title","i18n","Formations-Bonus dieses Segments in Prozent. Grün: seit Durchlaufbeginn stärker, rot: schwächer","该区段的阵型加成百分比。绿色表示比本轮开始时更强，红色表示更弱","Formation bonus of this segment in percent. Green: stronger than at the start of the cycle, red: weaker","i18n-Katalog (src/i18n) — über t() aufgelöst","","done",""
"form.segwork","i18n","Segmentarbeit:","区段作业：","Segment work:","i18n-Katalog (src/i18n) — über t() aufgelöst","","done",""
"form.segwork.all","i18n","alle Grenzen offen, segmentübergreifend","所有边界开放，可跨区段","all boundaries open, across segments","i18n-Katalog (src/i18n) — über t() aufgelöst","","done",""
"form.segwork.marked","i18n","die mit ⇕ markierten Grenzen dürfen überschritten werden","标有⇕的边界可以跨越","boundaries marked with ⇕ may be crossed","i18n-Katalog (src/i18n) — über t() aufgelöst","","done",""
"form.title","i18n","Deck aufstellen","布置卡组","Order your deck","i18n-Katalog (src/i18n) — über t() aufgelöst","","done",""
"form.undo","i18n","↶ Rückgängig","↶ 撤销","↶ Undo","i18n-Katalog (src/i18n) — über t() aufgelöst","","done",""
"format.short.giga","i18n","{n} Mrd.","{n}十亿","{n}B","i18n-Katalog (src/i18n) — über t() aufgelöst","","done",""
"format.short.mega","i18n","{n} Mio.","{n}百万","{n}M","i18n-Katalog (src/i18n) — über t() aufgelöst","","done",""
"format.short.tera","i18n","{n} Bio.","{n}万亿","{n}T","i18n-Katalog (src/i18n) — über t() aufgelöst","","done",""
"formation.anker.abbr","i18n","A","锚","A","i18n-Katalog (src/i18n) — über t() aufgelöst","1","done","hart — Badge auf der Karte — genau ein Zeichen, paarweise verschieden"
"formation.anker.label","i18n","Anker","锚点","Anchor","i18n-Katalog (src/i18n) — über t() aufgelöst","","done",""
"formation.farbblock.abbr","i18n","F","花","B","i18n-Katalog (src/i18n) — über t() aufgelöst","1","done","hart — Badge auf der Karte — genau ein Zeichen, paarweise verschieden"
"formation.farbblock.label","i18n","Farbblock","同花块","Suit block","i18n-Katalog (src/i18n) — über t() aufgelöst","","done",""
"formation.formationskern.abbr","i18n","K","核","C","i18n-Katalog (src/i18n) — über t() aufgelöst","1","done","hart — Badge auf der Karte — genau ein Zeichen, paarweise verschieden"
"formation.formationskern.label","i18n","Kern","核心","Core","i18n-Katalog (src/i18n) — über t() aufgelöst","","done",""
"formation.grenzbonus.abbr","i18n","G","跨","X","i18n-Katalog (src/i18n) — über t() aufgelöst","1","done","hart — Badge auf der Karte — genau ein Zeichen, paarweise verschieden"
"formation.grenzbonus.label","i18n","Grenzbonus","跨界奖励","Crossover bonus","i18n-Katalog (src/i18n) — über t() aufgelöst","","done",""
"formation.nachhall.abbr","i18n","N","回","E","i18n-Katalog (src/i18n) — über t() aufgelöst","1","done","hart — Badge auf der Karte — genau ein Zeichen, paarweise verschieden"
"formation.nachhall.label","i18n","Nachhall","回响","Echo","i18n-Katalog (src/i18n) — über t() aufgelöst","","done",""
"formation.treppe.abbr","i18n","T","梯","S","i18n-Katalog (src/i18n) — über t() aufgelöst","1","done","hart — Badge auf der Karte — genau ein Zeichen, paarweise verschieden"
"formation.treppe.label","i18n","Treppe","阶梯","Stair","i18n-Katalog (src/i18n) — über t() aufgelöst","","done",""
"formation.wechsel.abbr","i18n","Z","交","Z","i18n-Katalog (src/i18n) — über t() aufgelöst","1","done","hart — Badge auf der Karte — genau ein Zeichen, paarweise verschieden"
"formation.wechsel.label","i18n","Wechsel","交错","Zigzag","i18n-Katalog (src/i18n) — über t() aufgelöst","","done",""
"formation.wiederholung.abbr","i18n","W","重","R","i18n-Katalog (src/i18n) — über t() aufgelöst","1","done","hart — Badge auf der Karte — genau ein Zeichen, paarweise verschieden"
"formation.wiederholung.label","i18n","Wiederholung","重复","Repeat","i18n-Katalog (src/i18n) — über t() aufgelöst","","done",""
"formlegend.anker","i18n","eine einzelne Position zählt als Formation (Faktor je Quelle)","单个位次也算作阵型（系数取决于来源）","a single position counts as a formation (factor depends on the source)","i18n-Katalog (src/i18n) — über t() aufgelöst","","done",""
"formlegend.farbblock","i18n","≥3 Karten gleicher Farbe (ab ×{base}, +{step} je weitere)","≥3张同花色卡牌（从×{base}起，每多一张+{step}）","≥3 cards of the same suit (from ×{base}, +{step} for each further one)","i18n-Katalog (src/i18n) — über t() aufgelöst","","done",""
"formlegend.formationskern","i18n","dein gewählter Formationstyp bekommt einen Zusatzfaktor","你选定的阵型类型获得一个额外系数","your chosen formation type gets an extra factor","i18n-Katalog (src/i18n) — über t() aufgelöst","","done",""
"formlegend.frame","i18n","Rahmenfarbe = Anzahl Formationen","边框颜色代表阵型数量","Frame colour = number of formations","i18n-Katalog (src/i18n) — über t() aufgelöst","","done",""
"formlegend.frame.hint","i18n","mehr Rahmen = mehr Multi · gestrichelt = ohne Multiplikator","边框越多倍率越高 · 虚线代表没有倍率","more frames = more multi · dashed = no multiplier","i18n-Katalog (src/i18n) — über t() aufgelöst","","done",""
"formlegend.grenzbonus","i18n","eine Formation läuft über eine Segmentgrenze und zahlt zusätzlich ×{f}","一个阵型跨过区段边界，额外结算×{f}","a formation runs across a segment boundary and pays an extra ×{f}","i18n-Katalog (src/i18n) — über t() aufgelöst","","done",""
"formlegend.nachhall","i18n","der Faktor einer endenden Formation wirkt auf die nächste Karte nach","结束的阵型的系数会延续到下一张卡牌上","the factor of an ending formation carries over to the next card","i18n-Katalog (src/i18n) — über t() aufgelöst","","done",""
"formlegend.overlap","i18n","⧉ Überlappung: mehr Formationen = mehr Multiplikator: 2 ×{f2} · 3 ×{f3} · 4 ×{f4}","⧉ 重叠：阵型越多倍率越高：2个×{f2} · 3个×{f3} · 4个×{f4}","⧉ Overlap: more formations = more multiplier: 2 ×{f2} · 3 ×{f3} · 4 ×{f4}","i18n-Katalog (src/i18n) — über t() aufgelöst","","done",""
"formlegend.treppe","i18n","≥3 streng steigende Werte, Schritt ≤{max} (ab ×{base}, +{step} je weitere)","≥3个严格递增的数值，步长≤{max}（从×{base}起，每多一张+{step}）","≥3 strictly rising values, step ≤{max} (from ×{base}, +{step} for each further one)","i18n-Katalog (src/i18n) — über t() aufgelöst","","done",""
"formlegend.wechsel","i18n","≥3 im Zick-Zack, Nachbardifferenz ≥{diff} (ab ×{base}, +{step} je weitere)","≥3张呈锯齿排列，相邻差值≥{diff}（从×{base}起，每多一张+{step}）","≥3 in a zigzag, neighbour difference ≥{diff} (from ×{base}, +{step} for each further one)","i18n-Katalog (src/i18n) — über t() aufgelöst","","done",""
"formlegend.wiederholung","i18n","≥2 gleiche Werte nebeneinander (×{f2} / ×{f3} / ×{f4}, dann +{step} je weitere)","相邻有≥2个相同数值（×{f2}/×{f3}/×{f4}，之后每多一张+{step}）","≥2 identical values next to each other (×{f2} / ×{f3} / ×{f4}, then +{step} for each further one)","i18n-Katalog (src/i18n) — über t() aufgelöst","","done",""
"formpanel.archToggle","i18n","🏗 Gebäude","🏗 建筑","🏗 Buildings","i18n-Katalog (src/i18n) — über t() aufgelöst","","done",""
"formpanel.archToggle.title","i18n","Platzierte Architekt-Gebäude als Rahmen über dem Brett anzeigen","在棋盘上把已放置的建筑师建筑显示为框","Show placed architect buildings as frames over the board","i18n-Katalog (src/i18n) — über t() aufgelöst","","done",""
"formpanel.count","i18n","{n} · max ×{max}","{n} · 最高×{max}","{n} · max ×{max}","i18n-Katalog (src/i18n) — über t() aufgelöst","","done",""
"formpanel.title","i18n","Deine aktiven Formationen","你生效中的阵型","Your active formations","i18n-Katalog (src/i18n) — über t() aufgelöst","","done",""
"fx.aurora.desc","i18n","Weiche Polarlicht-Schleier driften übers Feld; je Stich ein sanfter Bloom-Puls in der Deckfarbe.","柔和的极光帷幕在场地上飘移；每一墩都有一次温和的辉光脉冲，颜色跟随卡组。","Soft aurora veils drift across the field; a gentle bloom pulse with every trick, in the deck colour.","i18n-Katalog (src/i18n) — über t() aufgelöst","","done",""
"fx.aurora.name","i18n","Aurora","极光","Aurora","i18n-Katalog (src/i18n) — über t() aufgelöst","","done",""
"fx.aurora.short","i18n","Weiche Schleier; je Stich ein Bloom-Puls.","柔和的帷幕；每一墩一次辉光脉冲。","Soft veils; one bloom pulse per trick.","i18n-Katalog (src/i18n) — über t() aufgelöst","","done",""
"fx.blackhole.short","i18n","Schwarzes Loch saugt die Gegnerkarte ein.","黑洞把对手卡牌吸进去。","A black hole swallows the opponent card.","i18n-Katalog (src/i18n) — über t() aufgelöst","","done",""
"fx.cubematrix.desc","i18n","Ein perspektivisches Feld aus Neon-Würfeln auf einem Synthwave-Boden. Jeder Würfel schlägt zu einem eigenen Frequenzband der laufenden Musik nach oben aus. Dazu Scheinwerfer von oben, die zum Bass pulsieren. In der Deckfarbe.","合成波地面上一片透视排布的霓虹方块。每个方块跟着当前音乐的一个频段向上跳动。上方还有随低音脉动的聚光灯。颜色跟随卡组。","A perspective field of neon cubes on a synthwave floor. Each cube rises to its own frequency band of the music playing. Plus spotlights from above that pulse to the bass. In the deck colour.","i18n-Katalog (src/i18n) — über t() aufgelöst","","done",""
"fx.cubematrix.name","i18n","Würfel-Matrix","方块矩阵","Cube Matrix","i18n-Katalog (src/i18n) — über t() aufgelöst","","done",""
"fx.cubematrix.short","i18n","Neon-Würfelfeld, reagiert auf die Musik.","霓虹方块阵，跟着音乐反应。","A neon cube field that reacts to the music.","i18n-Katalog (src/i18n) — über t() aufgelöst","","done",""
"fx.edgeglow.desc","i18n","Ein weicher Neon-Rand umglüht die Karte in der Deckfarbe: dauerhaft, ruhig atmend, additiv gestapelt (kein Blur). Ohne Stich-Bezug.","一圈柔和的霓虹边缘以卡组配色环绕卡牌：持续存在，安静地呼吸，叠加式发光（不用模糊）。与单墩无关。","A soft neon edge glows around the card in the deck colour: permanent, calmly breathing, additively stacked (no blur). Not tied to the trick.","i18n-Katalog (src/i18n) — über t() aufgelöst","","done",""
"fx.edgeglow.name","i18n","Neonrahmen","霓虹边框","Edge Glow","i18n-Katalog (src/i18n) — über t() aufgelöst","","done",""
"fx.edgeglow.short","i18n","Dauerhafter Neon-Rand in der Deckfarbe.","持续的霓虹边框，跟随卡组配色。","A permanent neon rim in your deck colour.","i18n-Katalog (src/i18n) — über t() aufgelöst","","done",""
"fx.glitch.desc","i18n","Cyberpunk-Digital-Glitch über der ganzen Karte inkl. Zahl: Chroma-Split, Tear-Slices, Scanlines und Farb-Bars, mit ruhiger Grundlast und gelegentlichen Bursts.","整张卡牌连同数字都覆盖赛博朋克式数字故障：色彩分离、撕裂条、扫描线和色带，平时安静，偶尔爆发。","A cyberpunk digital glitch across the whole card including its number: chroma split, tear slices, scanlines and colour bars, with a calm baseline and occasional bursts.","i18n-Katalog (src/i18n) — über t() aufgelöst","","done",""
"fx.glitch.name","i18n","Glitch","故障","Glitch","i18n-Katalog (src/i18n) — über t() aufgelöst","","done",""
"fx.glitch.short","i18n","Cyberpunk-Glitch mit gelegentlichen Bursts.","赛博朋克故障，偶尔爆发。","Cyberpunk glitch with occasional bursts.","i18n-Katalog (src/i18n) — über t() aufgelöst","","done",""
"fx.holo.desc","i18n","Ein prismatisches Lichtband wandert diagonal über die Karte: Regenbogen-Töne in der Deckfarbe, reagiert auf Neigung (Zeiger/Gyro). Dauerhaft, additiv.","一条棱镜光带斜着扫过卡牌：以卡组配色呈现彩虹色调，并对倾斜（指针或陀螺仪）作出反应。持续存在，叠加式发光。","A prismatic band of light travels diagonally across the card: rainbow hues in the deck colour, reacting to tilt (pointer/gyro). Permanent, additive.","i18n-Katalog (src/i18n) — über t() aufgelöst","","done",""
"fx.holo.name","i18n","Holo-Sweep","全息扫光","Holo","i18n-Katalog (src/i18n) — über t() aufgelöst","","done",""
"fx.holo.short","i18n","Prismatisches Lichtband, tilt-reaktiv.","棱镜光带，随倾斜变化。","A prismatic band of light, tilt-reactive.","i18n-Katalog (src/i18n) — über t() aufgelöst","","done",""
"fx.holoCube.desc","i18n","Ein Holowürfel aus Wireframe-Blöcken baut sich aus der Ferne zusammen, dreht sich frei, blitzt im Kern und zerspringt taumelnd nach außen. Holo-Cyan→Magenta oder Deckfarbe.","一个由线框块组成的全息方块从远处拼合起来，自由旋转，核心闪光，然后翻滚着向外炸开。全息青→品红，或跟随卡组配色。","A holo cube of wireframe blocks assembles itself out of the distance, rotates freely, flashes at its core and shatters tumbling outwards. Holo cyan→magenta or deck colour.","i18n-Katalog (src/i18n) — über t() aufgelöst","","done",""
"fx.holoCube.name","i18n","Holo-Würfel","全息方块","Holo Cube","i18n-Katalog (src/i18n) — über t() aufgelöst","","done",""
"fx.holoCube.short","i18n","Holowürfel zerspringt beim gottgleichen Sieg.","神级获胜时全息方块炸开。","A holo cube shatters on a godlike win.","i18n-Katalog (src/i18n) — über t() aufgelöst","","done",""
"fx.klinge.short","i18n","Klingenschnitt, skaliert mit der Serie.","刀锋切割，随连胜加码。","A blade cut that scales with your streak.","i18n-Katalog (src/i18n) — über t() aufgelöst","","done",""
"fx.laserFaecher.desc","i18n","Scharfe Neon-Laser fächern aus der Kartenmitte auf: lange Haupt- und kurze Nebenstrahlen mit Kernlinie und leuchtender Nabe, öffnen mit Pop und drehen langsam. Standard-Neon oder Deckfarbe.","锐利的霓虹激光从卡牌中心呈扇形张开：长的主射线和短的副射线，带核心线和发光的中枢，弹开时有一记爆点，然后缓慢旋转。默认霓虹配色或卡组配色。","Sharp neon lasers fan out from the centre of the card: long main and short secondary beams with a core line and a glowing hub, opening with a pop and rotating slowly. Default neon or deck colour.","i18n-Katalog (src/i18n) — über t() aufgelöst","","done",""
"fx.laserFaecher.name","i18n","Laserfächer","激光扇","Laser Fan","i18n-Katalog (src/i18n) — über t() aufgelöst","","done",""
"fx.laserFaecher.short","i18n","Laser fächern beim gottgleichen Sieg auf.","神级获胜时激光呈扇形张开。","Lasers fan out on a godlike win.","i18n-Katalog (src/i18n) — über t() aufgelöst","","done",""
"fx.neonsurf.desc","i18n","Eine Plasma-See am unteren Rand: Neon-Fluss mit heller Wasserlinie; bei starken Ansagen drückt ein Puls das Wasser mittig ein und lässt es an den Seitenrändern hochsteigen. In der Deckfarbe.","屏幕下缘的等离子海：霓虹流体与明亮的水线；遇到强力提示时，一次脉冲把水面从中间压下去，并让它顺着两侧边缘涌起。颜色跟随卡组。","A plasma sea along the bottom edge: a neon river with a bright waterline; on big announcements a pulse presses the water down in the middle and sends it climbing up the sides. In the deck colour.","i18n-Katalog (src/i18n) — über t() aufgelöst","","done",""
"fx.neonsurf.name","i18n","Neon-Brandung","霓虹浪潮","Neon Surf","i18n-Katalog (src/i18n) — über t() aufgelöst","","done",""
"fx.neonsurf.short","i18n","Plasma-See am unteren Rand. Starke Ansagen drücken das Wasser mittig ein, es steigt an den Rändern hoch.","屏幕下缘的等离子海。强力提示把水面从中间压下去，它顺着边缘涌起。","A plasma sea along the bottom. Strong call-outs push the water down in the middle and it rises at the edges.","i18n-Katalog (src/i18n) — über t() aufgelöst","","done",""
"fx.prismaKaskade.desc","i18n","Mehrere prismatische Schockwellen-Ringe zünden zeitversetzt und laufen chromatisch (Regenbogen-Split) übers Feld, jeder mit Geburts-Blitz. Standard = volles Spektrum, Deckfarbe = Duoton.","多道棱镜冲击波环错开时间点燃，带着色散（彩虹分离）掠过场地，每一道诞生时都有一记闪光。默认是全光谱，卡组配色则是双色调。","Several prismatic shockwave rings fire in sequence and run chromatically (rainbow split) across the field, each with a flash at birth. Default = full spectrum, deck colour = duotone.","i18n-Katalog (src/i18n) — über t() aufgelöst","","done",""
"fx.prismaKaskade.name","i18n","Prisma","棱镜","Prism Cascade","i18n-Katalog (src/i18n) — über t() aufgelöst","","done",""
"fx.prismaKaskade.short","i18n","Prismatische Schockwellen beim gottgleichen Sieg.","神级获胜时的棱镜冲击波。","Prismatic shockwaves on a godlike win.","i18n-Katalog (src/i18n) — über t() aufgelöst","","done",""
"fx.scorch.short","i18n","Laser + organischer Burn; Tempo mit dem Turbo.","激光加有机燃烧；速度随加速档。","Laser + organic burn; speed follows the turbo.","i18n-Katalog (src/i18n) — über t() aufgelöst","","done",""
"fx.short.gottStandard","i18n","Gottgleicher Sieg ohne Prunk-Effekt.","神级获胜但不带华彩效果。","A godlike win without a flourish effect.","i18n-Katalog (src/i18n) — über t() aufgelöst","","done",""
"fx.short.noAnim","i18n","Alle Karten-Animationen aus.","关闭全部卡牌动画。","All card animations off.","i18n-Katalog (src/i18n) — über t() aufgelöst","","done",""
"fx.short.noBg","i18n","Kein Hintergrund-Effekt (Leuchten bleibt möglich).","没有背景特效（发光仍然可以开着）。","No background effect (glow stays possible).","i18n-Katalog (src/i18n) — über t() aufgelöst","","done",""
"fx.short.spezial","i18n","Feuer · Blitz · Eis · Pflanze: immer aktiv, nur Farbwahl (Standard/Deckfarbe).","火 · 闪电 · 冰 · 植物：始终生效，只选颜色（标准或卡组配色）。","Fire · lightning · ice · plant: always active, colour choice only (standard/deck colour).","i18n-Katalog (src/i18n) — über t() aufgelöst","","done",""
"fx.short.standard","i18n","Verliererkarte fliegt einfach zur Seite weg.","落败的卡牌直接飞向一侧。","The losing card simply flies off to the side.","i18n-Katalog (src/i18n) — über t() aufgelöst","","done",""
"fx.sonnenPuls.desc","i18n","Die Outrun-Sonne bloomt hinter der geschlagenen Karte auf: Sunset-Verlauf mit Scanline-Lücken, heißem Kern, Korona und drehenden Strahlen. Standard-Sunset oder Deckfarbe. Der freie Gottgleich-Prunk.","Outrun风格的太阳在被击败的卡牌后方绽放：带扫描线间隙的落日渐变、炽热的核心、日冕和旋转的光芒。默认落日配色或卡组配色。免费的神级华彩。","The outrun sun blooms behind the beaten card: a sunset gradient with scanline gaps, a hot core, a corona and rotating rays. Default sunset or deck colour. The free GODLIKE flourish.","i18n-Katalog (src/i18n) — über t() aufgelöst","","done",""
"fx.sonnenPuls.name","i18n","Sonne","太阳","Sun Pulse","i18n-Katalog (src/i18n) — über t() aufgelöst","","done",""
"fx.sonnenPuls.short","i18n","Die Outrun-Sonne feuert beim gottgleichen Sieg.","神级获胜时Outrun太阳点火。","The outrun sun fires on a godlike win.","i18n-Katalog (src/i18n) — über t() aufgelöst","","done",""
"fx.starfield.desc","i18n","Ein dichtes Sternenfeld driftet über drei Tiefen-Ebenen mit Nebel-Schleier; je Stich schießt ein Meteor durchs Feld. Er wird größer mit jeder Score-Stufe, ab der Stufe Stark mit Einschlag-Blitz und Funken, die mit Schweif davonstieben. Standard weiß-blau, wahlweise in der Deckfarbe.","密集的星野在三层景深上飘移，覆着薄雾；每一墩都有一颗流星划过场地。它随着得分档位变大，从强劲档起还带撞击闪光和拖尾飞散的火花。默认为白蓝配色，也可跟随卡组配色。","A dense starfield drifts across three depth layers behind a veil of nebula; every trick a meteor shoots through the field. It grows with each score tier, and from NICE upwards with an impact flash and sparks that scatter with trails. White-blue by default, in the deck colour if you prefer.","i18n-Katalog (src/i18n) — über t() aufgelöst","","done",""
"fx.starfield.name","i18n","Meteor","流星","Starfield","i18n-Katalog (src/i18n) — über t() aufgelöst","","done",""
"fx.starfield.short","i18n","Sternschnuppe je Stich, größer mit dem Score.","每一墩一颗流星，随得分变大。","A shooting star per trick, bigger with the score.","i18n-Katalog (src/i18n) — über t() aufgelöst","","done",""
"fx.supernova.desc","i18n","Kollaps → Detonation (Flash, Zoom-Punch) → Boom-Schockwelle mit chromatischen Ringen, Strahlenkranz, Sternenregen und einem Grid-Tunnel durch den Einschlag. Der legendäre Showstopper. Gold→Magenta oder Deckfarbe.","坍缩 → 引爆（闪光、镜头猛推）→ 轰鸣冲击波，带色散光环、放射光冠、星雨，以及一条穿过撞击点的网格隧道。传说级的压轴演出。金→品红，或跟随卡组配色。","Collapse → detonation (flash, zoom punch) → boom shockwave with chromatic rings, a crown of rays, a rain of stars and a grid tunnel through the impact. The legendary showstopper. Gold→magenta or deck colour.","i18n-Katalog (src/i18n) — über t() aufgelöst","","done",""
"fx.supernova.name","i18n","Supernova","超新星","Supernova","i18n-Katalog (src/i18n) — über t() aufgelöst","","done",""
"fx.supernova.short","i18n","Beim gottgleichen Sieg: Kollaps, dann Detonation, dann Tunnel.","神级获胜时：坍缩，引爆，然后是隧道。","On a godlike win: collapse, then detonation, then tunnel.","i18n-Katalog (src/i18n) — über t() aufgelöst","","done",""
"fxgroup.hintergrund.hint","i18n","einer aktiv · Leuchten frei","一个生效 · 发光自由","one active · glow is free","i18n-Katalog (src/i18n) — über t() aufgelöst","","done",""
"fxgroup.hintergrund.title","i18n","Hintergrund","背景","Background","i18n-Katalog (src/i18n) — über t() aufgelöst","","done",""
"fxgroup.karten.hint","i18n","Skill immer an · eine Animation","技能始终开启 · 一种动画","skill always on · one animation","i18n-Katalog (src/i18n) — über t() aufgelöst","","done",""
"fxgroup.karten.title","i18n","Karten","卡牌","Cards","i18n-Katalog (src/i18n) — über t() aufgelöst","","done",""
"fxgroup.score.hint","i18n","nur einer aktiv","只有一个生效","only one active","i18n-Katalog (src/i18n) — über t() aufgelöst","","done",""
"fxgroup.score.title","i18n","Score","得分","Score","i18n-Katalog (src/i18n) — über t() aufgelöst","","done",""
"fxgroup.stich.hint","i18n","nur einer aktiv","只有一个生效","only one active","i18n-Katalog (src/i18n) — über t() aufgelöst","","done",""
"fxgroup.stich.title","i18n","Stich","墩","Trick","i18n-Katalog (src/i18n) — über t() aufgelöst","","done",""
"fxsyn.animNone.desc","i18n","Keine Karten-Animation: die Karten bleiben schlicht. Anwählen schaltet alle Karten-Animationen ab (immer verfügbar).","没有卡牌动画：卡牌保持朴素。选中它会关闭所有卡牌动画（始终可用）。","No card animation: the cards stay plain. Selecting this switches every card animation off (always available).","i18n-Katalog (src/i18n) — über t() aufgelöst","","done",""
"fxsyn.animNone.name","i18n","Keine Animation","没有动画","No animation","i18n-Katalog (src/i18n) — über t() aufgelöst","","done",""
"fxsyn.blackhole.desc","i18n","Ein persistentes Schwarzes Loch mitten im Feld, das über deine Siegesserie wächst: Jeder Sieg zieht die geschlagene Gegnerkarte spiralförmig in den Ereignishorizont und speist die rotierende Akkretionsscheibe, eine Niederlage lässt das Loch schrumpfen. Ist es groß genug gewachsen und kollabiert, zerreißt eine Supernova das Feld. In Standard blau/pink oder in der Deckfarbe.","场地中央有一个持续存在的黑洞，它会随着你的连胜不断变大：每次获胜都会把被击败的对手卡牌螺旋吸入事件视界，为旋转的吸积盘补充能量；失败则让黑洞缩小。当它长得足够大并坍缩时，一场超新星会撕裂整个场地。默认为蓝/粉配色，也可跟随卡组配色。","A persistent black hole in the middle of the field that grows with your winning streak: every win pulls the beaten opponent card spiralling into the event horizon and feeds the rotating accretion disc, a loss makes the hole shrink. Once it has grown big enough and collapses, a supernova tears the field apart. In standard blue/pink or in your deck colour.","i18n-Katalog (src/i18n) — über t() aufgelöst","","done",""
"fxsyn.blackhole.name","i18n","Schwarzes Loch","黑洞","Black Hole","i18n-Katalog (src/i18n) — über t() aufgelöst","","done",""
"fxsyn.fieldNone.desc","i18n","Kein Hintergrund-Effekt: nur das Spielfeld-Bild (immer verfügbar). Leuchten kann zusätzlich aktiv bleiben.","没有背景特效：只有战场图片（始终可用）。发光仍然可以另外开着。","No background effect: just the battlefield image (always available). Glow can stay active on top.","i18n-Katalog (src/i18n) — über t() aufgelöst","","done",""
"fxsyn.fieldNone.name","i18n","Kein Effekt","没有特效","No effect","i18n-Katalog (src/i18n) — über t() aufgelöst","","done",""
"fxsyn.gottStandard.desc","i18n","Gottgleicher Sieg OHNE Prunk-Effekt: die Basis zum Vergleichen (Standard-Auswahl, kein Kauf).","神级获胜但不带华彩效果：用来对比的基准（默认选择，无需购买）。","A godlike win WITHOUT a flourish effect: the baseline for comparison (the default choice, no purchase).","i18n-Katalog (src/i18n) — über t() aufgelöst","","done",""
"fxsyn.gottStandard.name","i18n","Standard","标准","Standard","i18n-Katalog (src/i18n) — über t() aufgelöst","","done",""
"fxsyn.hologridSlice.desc","i18n","Eine Laserlinie fährt achsen-parallel über die geschlagene Gegnerkarte und deckt dabei ein Nahtraster auf. Danach zerfällt die Karte in ein Kachelgitter: die Stücke fliegen mit Rotation weg und prallen vom Boden ab, während das Kartenbild früh verblasst, sodass nur noch der leuchtende Hologrid-Rahmen bleibt. In Standard-Cyan/Magenta oder in der Deckfarbe.","一道激光线沿轴向扫过被击败的对手卡牌，露出一层接缝网格。随后卡牌碎成方格阵列：碎片一边旋转一边飞散，并从地面弹起；卡面图案很早就淡出，最后只剩下发光的全息网格边框。默认为青/品红配色，也可跟随卡组配色。","A laser line travels axis-parallel across the beaten opponent card and reveals a seam grid. The card then falls apart into a tile grid: the pieces spin away and bounce off the ground while the card art fades early, leaving only the glowing hologrid frame. In standard cyan/magenta or in your deck colour.","i18n-Katalog (src/i18n) — über t() aufgelöst","","done",""
"fxsyn.hologridSlice.name","i18n","Hologrid-Laser","全息网格激光","Hologrid Laser","i18n-Katalog (src/i18n) — über t() aufgelöst","","done",""
"fxsyn.klinge.desc","i18n","Eine choreografierte Klinge zerteilt die Gegnerkarte. Grundzug ist ein Schnitt von links; je höher dein Serien-Multiplikator, desto mehr Richtungen fahren nacheinander ein (ab ×1,25 links/rechts im Wechsel, ab ×1,5 zusätzlich von oben, ab ×2,0 alle vier inkl. Z-Schnitt). Die Klinge schneidet dann auch härter. Eine Niederlage setzt die Serie zurück. In kühlem Stahlweiß oder in der Deckfarbe.","一把编排好的利刃将对手卡牌斩开。基础动作是从左侧一刀；连胜倍率越高，依次入场的方向就越多（×1.25起左右交替，×1.5起额外从上方，×2.0起四个方向齐上并加入Z形斩）。刀锋也会随之切得更狠。一次失败会重置连胜。默认为冷调钢白，也可跟随卡组配色。","A choreographed blade cuts the opponent card apart. The base move is a slash from the left; the higher your streak multiplier, the more directions come in one after another (from ×1.25 alternating left/right, from ×1.5 additionally from above, from ×2.0 all four including the Z cut). The blade also cuts harder. A loss resets the streak. In cool steel white or in your deck colour.","i18n-Katalog (src/i18n) — über t() aufgelöst","","done",""
"fxsyn.klinge.name","i18n","Klinge","利刃","Blade","i18n-Katalog (src/i18n) — über t() aufgelöst","","done",""
"fxsyn.scorch.desc","i18n","Ein Laser schießt einmalig aus zufälliger Richtung in die Gegnerkarte. Dann verglüht sie organisch: eine zerklüftete Brennkante frisst sich mit glühendem Rand über die Karte, während weiche Glut aufsteigt, Asche fällt und Funken sprühen. In Standard-Feuer oder in der Deckfarbe.","一道激光从随机方向单次射入对手卡牌。随后卡牌有机地烧尽：一条参差的燃烧边缘带着炽热的轮廓吞噬整张卡牌，同时柔和的余烬升起、灰烬落下、火花四溅。默认火焰配色或卡组配色。","A laser fires once from a random direction into the opponent card. Then it burns away organically: a jagged burn edge eats across the card with a glowing rim while soft embers rise, ash falls and sparks fly. In standard fire or in your deck colour.","i18n-Katalog (src/i18n) — über t() aufgelöst","","done",""
"fxsyn.scorch.name","i18n","Laser","激光","Laser","i18n-Katalog (src/i18n) — über t() aufgelöst","","done",""
"fxsyn.spezial.desc","i18n","Die vier Archetyp-Effekte (Feuer · Blitz · Eis · Pflanze) sind immer aktiv. Wähle die Farbe: feste Neon-Standardfarbe oder die Farbe deines aktiven Decks.","四个流派特效（火 · 闪电 · 冰 · 植物）始终生效。你只选颜色：固定的霓虹标准色，或者当前卡组的颜色。","The four archetype effects (fire · lightning · ice · plant) are always active. Pick the colour: fixed neon standard or the colour of your active deck.","i18n-Katalog (src/i18n) — über t() aufgelöst","","done",""
"fxsyn.spezial.name","i18n","Skill-Effekt","技能特效","Skill effect","i18n-Katalog (src/i18n) — über t() aufgelöst","","done",""
"fxsyn.standard.desc","i18n","Der schlichte Grund-Finisher (immer verfügbar, Standard-Auswahl): Die geschlagene Gegnerkarte fliegt nach dem Stich einfach zur Seite weg, genau wie deine eigene Karte bei einer Niederlage. Beim Sieg wird der Aufdeck-Sound leicht höher gestimmt. Kein Schnitt, kein Prunk.","最朴素的基础终结演出（始终可用，默认选择）：被击败的对手卡牌在这一墩之后直接飞向一侧，就像你自己的卡牌在失败时那样。获胜时翻牌音效会略微升高。没有切割，没有华彩。","The plain base finisher (always available, the default choice): the beaten opponent card simply flies off to the side after the trick, exactly like your own card on a loss. On a win the reveal sound is pitched slightly higher. No cut, no flourish.","i18n-Katalog (src/i18n) — über t() aufgelöst","","done",""
"fxsyn.standard.name","i18n","Standard","标准","Standard","i18n-Katalog (src/i18n) — über t() aufgelöst","","done",""
"gameover.best","i18n","Bestleistungen","最佳成绩","Personal bests","i18n-Katalog (src/i18n) — über t() aufgelöst","","done",""
"gameover.best.crits","i18n","Meiste kritische Treffer","最多暴击","Most critical hits","i18n-Katalog (src/i18n) — über t() aufgelöst","","done",""
"gameover.best.new","i18n","Neu","新","New","i18n-Katalog (src/i18n) — über t() aufgelöst","","done",""
"gameover.best.score","i18n","Bisheriger Höchstwert","历史最高","Previous high score","i18n-Katalog (src/i18n) — über t() aufgelöst","","done",""
"gameover.best.streak","i18n","Beste Serie","最佳连胜","Best streak","i18n-Katalog (src/i18n) — über t() aufgelöst","","done",""
"gameover.best.trick","i18n","Bester Stich","最佳单墩","Best trick","i18n-Katalog (src/i18n) — über t() aufgelöst","","done",""
"gameover.build","i18n","Build","构筑","Build","i18n-Katalog (src/i18n) — über t() aufgelöst","","done",""
"gameover.chart.first","i18n","erster Lauf","第一局","first run","i18n-Katalog (src/i18n) — über t() aufgelöst","","done",""
"gameover.chart.record","i18n","Rekord","纪录","Record","i18n-Katalog (src/i18n) — über t() aufgelöst","","done",""
"gameover.chart.run","i18n","Lauf","对局","Run","i18n-Katalog (src/i18n) — über t() aufgelöst","","done",""
"gameover.chart.title","i18n","Score-Verlauf","得分走势","Score history","i18n-Katalog (src/i18n) — über t() aufgelöst","","done",""
"gameover.cycles_one","i18n","{count} Durchlauf","{count}轮","{count} cycle","i18n-Katalog (src/i18n) — über t() aufgelöst","","done",""
"gameover.cycles_other","i18n","{count} Durchläufe","{count}轮","{count} cycles","i18n-Katalog (src/i18n) — über t() aufgelöst","","done",""
"gameover.dp","i18n","Deck-Punkte","卡组点","Deck Points","i18n-Katalog (src/i18n) — über t() aufgelöst","","done",""
"gameover.engine","i18n","Motor-Kennzahlen","引擎数据","Engine stats","i18n-Katalog (src/i18n) — über t() aufgelöst","","done",""
"gameover.eyebrow","i18n","Lauf beendet","对局结束","Run over","i18n-Katalog (src/i18n) — über t() aufgelöst","","done",""
"gameover.kpi.cycles","i18n","Durchläufe","轮数","Cycles","i18n-Katalog (src/i18n) — über t() aufgelöst","","done",""
"gameover.kpi.duration","i18n","Dauer","时长","Duration","i18n-Katalog (src/i18n) — über t() aufgelöst","","done",""
"gameover.kpi.perTrick","i18n","Je Stich","每墩","Per trick","i18n-Katalog (src/i18n) — über t() aufgelöst","","done",""
"gameover.kpi.tricks","i18n","Stiche","墩数","Tricks","i18n-Katalog (src/i18n) — über t() aufgelöst","","done",""
"gameover.layout.hint","i18n","Antippen zeigt am Brett, wo es liegt.","点击即可在棋盘上定位它。","Tap to see where it sits on the board.","i18n-Katalog (src/i18n) — über t() aufgelöst","","done",""
"gameover.layout.open","i18n","Finale Aufstellung ansehen","查看最终布阵","View the final draw order","i18n-Katalog (src/i18n) — über t() aufgelöst","","done",""
"gameover.menu","i18n","Menü","菜单","Menu","i18n-Katalog (src/i18n) — über t() aufgelöst","","done",""
"gameover.metric.ashBurned","i18n","Asche verbrannt","燃烧的灰烬","Ash burnt","i18n-Katalog (src/i18n) — über t() aufgelöst","","done",""
"gameover.metric.brands","i18n","Brände","烙印","Brands","i18n-Katalog (src/i18n) — über t() aufgelöst","","done",""
"gameover.metric.growth","i18n","Gewachsen","生长总量","Grown","i18n-Katalog (src/i18n) — über t() aufgelöst","","done",""
"gameover.metric.ionizations","i18n","Ionisierungen","电离次数","Ionizations","i18n-Katalog (src/i18n) — über t() aufgelöst","","done",""
"gameover.milestones","i18n","💠 Meilensteine {done}/{total}","💠 里程碑{done}/{total}","💠 Milestones {done}/{total}","i18n-Katalog (src/i18n) — über t() aufgelöst","","done",""
"gameover.milestones.max","i18n","Maximum","已达上限","Maximum","i18n-Katalog (src/i18n) — über t() aufgelöst","","done",""
"gameover.milestones.next","i18n","nächster bei {n} Mio","下一个在{n}百万","next at {n}M","i18n-Katalog (src/i18n) — über t() aufgelöst","","done",""
"gameover.nav.leaderboard","i18n","Zur Rangliste","前往排位","To the ranking","i18n-Katalog (src/i18n) — über t() aufgelöst","","done",""
"gameover.nav.upgrades","i18n","Zu den Upgrades","前往升级","To the upgrades","i18n-Katalog (src/i18n) — über t() aufgelöst","","done",""
"gameover.nav.workshop","i18n","Zur Werkstatt","前往工坊","To the workshop","i18n-Katalog (src/i18n) — über t() aufgelöst","","done",""
"gameover.newRun","i18n","Neuer Lauf","新的一局","New run","i18n-Katalog (src/i18n) — über t() aufgelöst","","done",""
"gameover.perTrick","i18n","Ø {score}/Stich","Ø {score}/墩","Ø {score}/trick","i18n-Katalog (src/i18n) — über t() aufgelöst","","done",""
"gameover.perTrick.title","i18n","Durchschnittlicher Score je Stich","每墩平均得分","Average score per trick","i18n-Katalog (src/i18n) — über t() aufgelöst","","done",""
"gameover.progress.done","i18n","Lauf abgeschlossen","对局已完成","Run complete","i18n-Katalog (src/i18n) — über t() aufgelöst","","done",""
"gameover.progress.saved","i18n","Fortschritt gesichert","进度已保存","Progress saved","i18n-Katalog (src/i18n) — über t() aufgelöst","","done",""
"gameover.record.from","i18n","zum Rekord","距离纪录","from record","i18n-Katalog (src/i18n) — über t() aufgelöst","","done",""
"gameover.record.new","i18n","Neuer Rekord","新纪录","New record","i18n-Katalog (src/i18n) — über t() aufgelöst","","done",""
"gameover.skins.hint","i18n","Auswählbar im Menü unter „Deck“.","可在菜单的「卡组」里选择。","Selectable from the menu under “Deck”.","i18n-Katalog (src/i18n) — über t() aufgelöst","","done",""
"gameover.skins.title","i18n","★ Neu freigeschaltet","★ 新解锁","★ Newly unlocked","i18n-Katalog (src/i18n) — über t() aufgelöst","","done",""
"gameover.sp","i18n","Stichpunkte","墩点","Trick Points","i18n-Katalog (src/i18n) — über t() aufgelöst","","done",""
"gameover.stats","i18n","Stats & Verlauf","数据与走势","Stats & history","i18n-Katalog (src/i18n) — über t() aufgelöst","","done",""
"gameover.unlocked.inline","i18n","✦ Freigeschaltet: {label}","✦ 已解锁：{label}","✦ Unlocked: {label}","i18n-Katalog (src/i18n) — über t() aufgelöst","","done",""
"gameover.unlocked.title","i18n","✦ Freigeschaltet","✦ 已解锁","✦ Unlocked","i18n-Katalog (src/i18n) — über t() aufgelöst","","done",""
"gameover.welcome","i18n","✦ Willkommensbonus","✦ 欢迎奖励","✦ Welcome bonus","i18n-Katalog (src/i18n) — über t() aufgelöst","","done",""
"gameover.welcome.hint","i18n","für deinen ersten abgeschlossenen Lauf. Steck sie in die Deck-Werkstatt und hol dir ein Pack.","送给你第一局打完的对局。把它投进卡组工坊，换一个套装。","for your first completed run. Spend it in the deck workshop and grab a pack.","i18n-Katalog (src/i18n) — über t() aufgelöst","","done",""
"gameover.welcome.value","i18n","+{n} DP","+{n} DP","+{n} DP","i18n-Katalog (src/i18n) — über t() aufgelöst","","done",""
"glacierform.block.name","i18n","Block","方块","Block","i18n-Katalog (src/i18n) — über t() aufgelöst","","done",""
"glacierform.flaeche.name","i18n","Große Fläche","大面","Great Field","i18n-Katalog (src/i18n) — über t() aufgelöst","","done",""
"glacierform.kreuz.name","i18n","Kreuz","十字","Cross","i18n-Katalog (src/i18n) — über t() aufgelöst","","done",""
"glacierform.linie.name","i18n","Linie","直线","Line","i18n-Katalog (src/i18n) — über t() aufgelöst","","done",""
"glacierlegend.block","i18n","2×2-Quadrat (4 Gletscher)","2×2方块（4座冰川）","2×2 square (4 glaciers)","i18n-Katalog (src/i18n) — über t() aufgelöst","","done",""
"glacierlegend.flaeche","i18n","gefülltes 3×3 (9 Gletscher)","填满的3×3（9座冰川）","filled 3×3 (9 glaciers)","i18n-Katalog (src/i18n) — über t() aufgelöst","","done",""
"glacierlegend.head","i18n","Gletscher-Formationen (2D)","冰川阵型（2D）","Glacier formations (2D)","i18n-Katalog (src/i18n) — über t() aufgelöst","","done",""
"glacierlegend.head.compact","i18n","Gletscher-Formationen (2D):","冰川阵型（2D）：","Glacier formations (2D):","i18n-Katalog (src/i18n) — über t() aufgelöst","","done",""
"glacierlegend.kreuz","i18n","Zentrum + 4 Nachbarn (5 Gletscher)","中心加4个相邻（5座冰川）","centre + 4 neighbours (5 glaciers)","i18n-Katalog (src/i18n) — über t() aufgelöst","","done",""
"glacierlegend.linie","i18n","volle Reihe (5) oder Spalte (8)","整行（5）或整列（8）","full row (5) or column (8)","i18n-Katalog (src/i18n) — über t() aufgelöst","","done",""
"glacierlegend.linie.wall","i18n","volle Reihe (5) oder Spalte (8) · Eiswall","整行（5）或整列（8） · 冰墙","full row (5) or column (8) · Ice Wall","i18n-Katalog (src/i18n) — über t() aufgelöst","","done",""
"glacierlegend.mark.a","i18n","blaues","蓝色的","a blue","i18n-Katalog (src/i18n) — über t() aufgelöst","","done",""
"glacierlegend.mark.compact","i18n","= Karte in aktiver Formation","代表生效阵型中的卡牌","= card in an active formation","i18n-Katalog (src/i18n) — über t() aufgelöst","","done",""
"glacierlegend.mark.post","i18n","· höchster Faktor je Typ zählt.","· 每种类型取最高系数。","· the highest factor per type counts.","i18n-Katalog (src/i18n) — über t() aufgelöst","","done",""
"glacierlegend.mark.pre","i18n","Karten in einer aktiven Formation tragen ein blaues","处于生效阵型中的卡牌带有一个蓝色的","Cards in an active formation carry a blue","i18n-Katalog (src/i18n) — über t() aufgelöst","","done",""
"glacierpick.chosen","i18n","{n} / 1 gewählt","已选{n}/1","{n} / 1 chosen","i18n-Katalog (src/i18n) — über t() aufgelöst","","done",""
"glacierpick.eyebrow","i18n","Gletscher","冰川","Glacier","i18n-Katalog (src/i18n) — über t() aufgelöst","","done",""
"glacierpick.intro","i18n","Sie friert auf ihrer Zelle fest. Ab dann **starr** (nicht mehr verschiebbar) und sammelt Masse, bis sie bricht. Entscheide zwischen Position und Wert.","它会冻结在所在的格子上，从此**僵固**（无法再移动），并每轮积累质量，直到碎裂。请在位置和数值之间做出取舍。","It freezes onto its cell. From then on **rigid** (no longer movable) and gathering mass until it bursts. Weigh position against value.","i18n-Katalog (src/i18n) — über t() aufgelöst","","done",""
"glacierpick.title","i18n","Wähle eine Karte als Gletscher","选择一张卡牌作为冰川","Choose a card to become a glacier","i18n-Katalog (src/i18n) — über t() aufgelöst","","done",""
"glossary.abgedecktezelle.label","i18n","Abgedeckte Zelle","被覆盖的格","Covered cell","i18n-Katalog (src/i18n) — über t() aufgelöst","","done",""
"glossary.abgedecktezelle.match","i18n","abgedeckte Zelle|abgedeckter Zelle|abgedeckte Zellen|unter einem Gebäude","被覆盖的格|建筑下面","covered cell|covered cells|under a building","i18n-Katalog (src/i18n) — über t() aufgelöst","","done",""
"glossary.abgedecktezelle.text","i18n","Eine Brettzelle, die unter einem platzierten Gebäude liegt. Dichte Bebauung zahlt Score je abgedeckter Zelle; Eckstein gibt seiner Rollenkarte Stichwert, solange sie unter einem Gebäude liegt.","位于一座已放置建筑下方的棋盘格。密集建造会按每个被覆盖的格给分；角石只要它的角色卡牌待在建筑下面，就给它墩值。","A board cell that lies under a placed building. Dense Development pays score per covered cell; Keystone gives its role card trick value as long as it lies under a building.","i18n-Katalog (src/i18n) — über t() aufgelöst","","done",""
"glossary.all","i18n","Alle","全部","All","i18n-Katalog (src/i18n) — über t() aufgelöst","","done",""
"glossary.allTitle","i18n","Alle Begriffe","全部术语","All entries","i18n-Katalog (src/i18n) — über t() aufgelöst","","done",""
"glossary.anker.label","i18n","Anker","锚点","Anchor","i18n-Katalog (src/i18n) — über t() aufgelöst","","done",""
"glossary.anker.match","i18n","Anker|Ankerzelle|Ankerzellen","锚点|锚|锚点格","anchor|anchors|anchor cell|anchor cells","i18n-Katalog (src/i18n) — über t() aufgelöst","","done",""
"glossary.anker.text","i18n","Eine einzelne Position zählt als aktive Formation (Faktor je Quelle). Kommt aus den Anker-Familien oder vom Architekt-Gebäude Grundstein. Höchstens ein Anker je Position. Grundstein legt ab Stufe III zusätzlich Stichwert auf jede Ankerzelle.","单个位次也算作生效的阵型（系数取决于来源）。它来自锚点系列，或者来自建筑师的建筑奠基石。每个位次最多一个锚点。奠基石从III阶起还会给每个锚点格加上墩值。","A single position counts as an active formation (factor depends on the source). Comes from the anchor families or from the Architect building Foundation Stone. At most one anchor per position. From tier III, Foundation Stone also puts trick value on every anchor cell.","i18n-Katalog (src/i18n) — über t() aufgelöst","","done",""
"glossary.archetyp.label","i18n","Archetyp","流派","Archetype","i18n-Katalog (src/i18n) — über t() aufgelöst","","done",""
"glossary.archetyp.match","i18n","Archetyp|Archetypen|Archetyps|Fraktion|Fraktionen","流派|派系","archetype|archetypes","i18n-Katalog (src/i18n) — über t() aufgelöst","","done",""
"glossary.archetyp.text","i18n","Eine Skill-Familie mit eigener Identität (Feuer · Blitz · Eis · Pflanze). Der erste Skill schaltet sie frei; bis zu 4 mischbar.","一组有自己特色的技能家族（火 · 闪电 · 冰 · 植物）。第一个技能会解锁它；最多可以混4个。","A skill family with its own identity (Fire · Lightning · Ice · Plant). The first skill unlocks it; up to 4 can be mixed.","i18n-Katalog (src/i18n) — über t() aufgelöst","","done",""
"glossary.ash.label","i18n","Asche","灰烬","Ash","i18n-Katalog (src/i18n) — über t() aufgelöst","","done",""
"glossary.ash.match","i18n","Asche","灰烬","ash","i18n-Katalog (src/i18n) — über t() aufgelöst","","done",""
"glossary.ash.text","i18n","Rohstoff der Feuer-Schmiede: Brände geben +1 Asche. Die Ascheschmiede verbraucht 20 Asche je Schmiedung (+3 Kartenwert); ist die Schmiede voll, verglüht restliche Asche als Ascheglut zu Score.","火焰锻炉的原料：烙印给予+1灰烬。灰烬锻炉每次锻造消耗20灰烬（卡牌数值+3）；锻炉满了以后，剩下的灰烬会作为灰烬辉光烧成得分。","Raw material of the fire forge: brands give +1 ash. The Ash Forge consumes 20 ash per forging (+3 card value); once the forge is full, remaining ash burns off as ash glow into score.","i18n-Katalog (src/i18n) — über t() aufgelöst","","done",""
"glossary.ashglow.label","i18n","Ascheglut","灰烬辉光","Ash glow","i18n-Katalog (src/i18n) — über t() aufgelöst","","done",""
"glossary.ashglow.match","i18n","Ascheglut","灰烬辉光","ash glow","i18n-Katalog (src/i18n) — über t() aufgelöst","","done",""
"glossary.ashglow.text","i18n","Der Asche-Überlauf: Ist die Schmiede-Kapazität voll, wird restliche Asche am Durchlauf-Ende in Score-Häppchen verbrannt (+2.000 Score je 20 Asche). Asche wird so jeden Durchlauf vollständig ausgegeben, kein toter Haufen mehr.","灰烬的溢出：锻炉容量满了以后，剩下的灰烬会在轮末烧成一小份一小份的得分（每20灰烬+2,000得分）。灰烬因此每轮都会被完全用掉，不再堆着不动。","The ash overflow: once the forge capacity is full, remaining ash is burnt into score at the end of the cycle (+2,000 score per 20 ash). Ash is thus fully spent every cycle, no dead pile left over.","i18n-Katalog (src/i18n) — über t() aufgelöst","","done",""
"glossary.aufruesten.label","i18n","Aufwerten","升级","Upgrade","i18n-Katalog (src/i18n) — über t() aufgelöst","","done",""
"glossary.aufruesten.match","i18n","Aufwerten|Ausbauen","升级|扩建","upgrade|upgrading","i18n-Katalog (src/i18n) — über t() aufgelöst","","done",""
"glossary.aufruesten.text","i18n","Ein bestehendes Gebäude um +1 Stufe erhöhen statt neu zu bauen (Legendäre haben keine Stufen).","把一座已有的建筑提高+1阶，而不是新建（传说建筑没有分阶）。","Raise an existing building by +1 tier instead of building anew (legendaries have no tiers).","i18n-Katalog (src/i18n) — über t() aufgelöst","","done",""
"glossary.aufstellung.label","i18n","Aufstellungsphase","布阵阶段","Order phase","i18n-Katalog (src/i18n) — über t() aufgelöst","","done",""
"glossary.aufstellung.match","i18n","Aufstellungsphase|Aufstellung","布阵阶段|布阵|排序","order phase|draw order","i18n-Katalog (src/i18n) — über t() aufgelöst","","done",""
"glossary.aufstellung.text","i18n","Zwischen zwei Durchläufen stellst du deine Kartenreihenfolge um. Jeder Tausch kostet Formations-Energie.","两轮之间你可以调整自己的牌序。每次交换都要花布阵能量。","Between two cycles you rearrange your draw order. Every swap costs order energy.","i18n-Katalog (src/i18n) — über t() aufgelöst","","done",""
"glossary.baufeld.label","i18n","Baufeld (Deckel)","建造区（上限）","Build space (cap)","i18n-Katalog (src/i18n) — über t() aufgelöst","","done",""
"glossary.baufeld.match","i18n","Baufeld","建造区","build space","i18n-Katalog (src/i18n) — über t() aufgelöst","","done",""
"glossary.baufeld.text","i18n","Die begrenzte Zahl belegbarer Brettzellen. Die Knappheit macht das Platzieren zur Entscheidung (der Upgrade-Baum und der Perk Bauhütte heben den Deckel).","可占用的棋盘格数量上限。稀缺让放置成为一个决定（升级树和天赋营造所可以抬高这个上限）。","The limited number of board cells you may occupy. The scarcity makes placement a decision (the upgrade tree and the perk Masons' Lodge raise the cap).","i18n-Katalog (src/i18n) — über t() aufgelöst","","done",""
"glossary.baukat.label","i18n","Bau-Kategorien","建筑类别","Build categories","i18n-Katalog (src/i18n) — über t() aufgelöst","","done",""
"glossary.baukat.match","i18n","Bau-Kategorien","建筑类别","build categories","i18n-Katalog (src/i18n) — über t() aufgelöst","","done",""
"glossary.baukat.text","i18n","Drei Effekt-Arten: Wert (Tragwerk, +Stichwert) · Score (Handelsbau, +Score) · Formation (Sakralbau, biegt die Erkennung).","三种效果类型：数值（承重类，加墩值） · 得分（商业类，加得分） · 阵型（宗教类，改变判定）。","Three kinds of effect: value (structural, +trick value) · score (commercial, +score) · formation (sacral, bends the recognition).","i18n-Katalog (src/i18n) — über t() aufgelöst","","done",""
"glossary.bauphase.label","i18n","Bauphase / Der Architekt","建造阶段 / 建筑师","Build phase / the Architect","i18n-Katalog (src/i18n) — über t() aufgelöst","","done",""
"glossary.bauphase.match","i18n","Bauphase|Architekt|Architekten","建造阶段|建筑师","build phase|Architect","i18n-Katalog (src/i18n) — über t() aufgelöst","","done",""
"glossary.bauphase.text","i18n","Der Architekt ersetzt den Shop: statt zu kaufen legst du geometrische Gebäude als Overlay aufs Kartenbrett. Kein Geld, keine Münzen.","建筑师取代了商店：你不是去买，而是把几何形状的建筑作为一层覆盖放到卡牌棋盘上。没有钱，也没有硬币。","The Architect replaces the shop: instead of buying, you lay geometric buildings onto the card board as an overlay. No money, no coins.","i18n-Katalog (src/i18n) — über t() aufgelöst","","done",""
"glossary.bauplan.label","i18n","Bauplan","蓝图","Blueprint","i18n-Katalog (src/i18n) — über t() aufgelöst","","done",""
"glossary.bauplan.match","i18n","Bauplan|Baupläne","蓝图","blueprint|blueprints","i18n-Katalog (src/i18n) — über t() aufgelöst","","done",""
"glossary.bauplan.text","i18n","Ein Angebots-Eintrag, aus dem du ein Gebäude errichtest. 3 Baupläne je Bauphase.","提供列表里的一条，你从中建起一座建筑。每个建造阶段有3张蓝图。","An offer entry from which you erect a building. 3 blueprints per build phase.","i18n-Katalog (src/i18n) — über t() aufgelöst","","done",""
"glossary.bekenntnis.label","i18n","Bekenntnis","投入度","Commitment","i18n-Katalog (src/i18n) — über t() aufgelöst","","done",""
"glossary.bekenntnis.match","i18n","Bekenntnis|Blitz-Bekenntnis|Feuer-Bekenntnis","投入度|专精","commitment|lightning commitment|fire commitment","i18n-Katalog (src/i18n) — über t() aufgelöst","","done",""
"glossary.bekenntnis.text","i18n","Wie stark du dich einem Archetyp verschrieben hast: der Anteil deiner Skill-Slots, den seine Skills belegen. Viele Effekte, vor allem Legendäre, zahlen anteilig danach, voll erst bei reinem Deck.","你对一个流派投入得有多深：它的技能占了你多少技能槽位。许多效果，尤其是传说，会按这个比例结算，只有纯卡组才给满。","How far you have committed to an archetype: the share of your skill slots its skills occupy. Many effects, legendaries above all, pay proportionally to it, in full only on a pure deck.","i18n-Katalog (src/i18n) — über t() aufgelöst","","done",""
"glossary.bersten.label","i18n","Bersten","碎裂","Burst","i18n-Katalog (src/i18n) — über t() aufgelöst","","done",""
"glossary.bersten.match","i18n","Bersten|bricht|brechen|Bruch|Brüche|Bruchs|brechendem|Berst-Score|Berst-Schwelle","碎裂|碎裂得分|碎裂阈值","burst|bursts|bursting|burst score|burst threshold","i18n-Katalog (src/i18n) — über t() aufgelöst","","done",""
"glossary.bersten.text","i18n","Erreicht ein Gletscher 12 Masse, bricht er: Berst-Score aus Masse × Wucht der erreichten Schwelle (Schwellen 4 / 8 / 12), verstärkt um +25 % je angrenzendem Gletscher und Kollision, wenn der Bruch einen Gletscher-Nachbarn trifft. Danach fällt er auf 0 ab und füllt sich zum Durchlauf-Beginn aus seiner Boden-Reserve wieder auf.","当冰川的质量达到12时，它就会碎裂：碎裂得分由质量×所达阈值的冲击力得出（阈值为4/8/12），每有一座相邻冰川就再增强+25%；若碎裂波及相邻的冰川，还会触发碰撞。之后它的质量归0，并在每轮开始时从自己的地面储量重新补充。","When a glacier reaches 12 mass, it bursts: burst score from mass × the force of the threshold reached (thresholds 4 / 8 / 12), amplified by +25% per adjacent glacier, plus a collision when the burst hits a glacier neighbour. Afterwards it drops to 0 and refills from its ground reserve at the start of the cycle.","i18n-Katalog (src/i18n) — über t() aufgelöst","","done",""
"glossary.bestenliste.label","i18n","Bestenliste","排行榜","Leaderboard","i18n-Katalog (src/i18n) — über t() aufgelöst","","done",""
"glossary.bestenliste.match","i18n","Bestenliste","排行榜","leaderboard","i18n-Katalog (src/i18n) — über t() aufgelöst","","done",""
"glossary.bestenliste.text","i18n","Deine lokalen Läufe plus die globale Rangliste.","你的本地对局，加上全球排位。","Your local runs plus the global ranking.","i18n-Katalog (src/i18n) — über t() aufgelöst","","done",""
"glossary.bindeglied.label","i18n","Bindeglied","连接件","Link","i18n-Katalog (src/i18n) — über t() aufgelöst","","done",""
"glossary.bindeglied.match","i18n","Bindeglied","连接件|连接","link|links","i18n-Katalog (src/i18n) — über t() aufgelöst","","done",""
"glossary.bindeglied.text","i18n","Eine Karte darf für eine Treppe im Wert abweichen. Perk-Familie Bindeglied: I/II ±1 · III um 1 oder 2 · IV jeder Wert zwischen den Nachbarn. Architekt-Gebäude Kreuzgang: ±1, ab Stufe III ±2.","一张卡牌在阶梯里可以在数值上有偏差。天赋系列连接件：I/II为±1 · III为1或2 · IV为两个邻居之间的任意数值。建筑师的建筑回廊：±1，从III阶起±2。","A card may differ in value for a stair. Perk family Link: I/II ±1 · III by 1 or 2 · IV any value between its neighbours. Architect building Cloister: ±1, from tier III ±2.","i18n-Katalog (src/i18n) — über t() aufgelöst","","done",""
"glossary.bluete.label","i18n","Blüte","花朵","Bloom","i18n-Katalog (src/i18n) — über t() aufgelöst","","done",""
"glossary.bluete.match","i18n","Blüte|Blüte-Score|Blütezeit","花朵|花朵得分|花期","bloom|bloom score|blooming season","i18n-Katalog (src/i18n) — über t() aufgelöst","","done",""
"glossary.bluete.text","i18n","Ein Grün-Payoff: Siegt eine grüne Karte mit grünen Nachbarn, gibt sie +15 Blüte-Score je grüner Karte im Segment (Blütezeit ×2 in Formation, Überwucherung nochmals ×2).","一种绿色回报：当一张绿色卡牌在邻居也是绿色时获胜，它按区段里每张绿色卡牌给予+15花朵得分（花期在阵型中×2，疯长再×2）。","A green payoff: when a green card with green neighbours wins, it gives +15 bloom score per green card in the segment (Blooming Season ×2 inside a formation, Overgrowth ×2 again).","i18n-Katalog (src/i18n) — über t() aufgelöst","","done",""
"glossary.brand.label","i18n","Brandmal","烙印","Brand","i18n-Katalog (src/i18n) — über t() aufgelöst","","done",""
"glossary.brand.match","i18n","Brandmal|Brand|Brände|gebrandmarkte","烙印|被烙印的","brand|brands|branded","i18n-Katalog (src/i18n) — über t() aufgelöst","","done",""
"glossary.brand.text","i18n","Eine gebrandmarkte Gegnerkarte verliert Wert; jeder Brand gibt +1 Asche, den Rohstoff der Feuer-Schmiede.","被打上烙印的对手卡牌会掉数值；每个烙印给予+1灰烬，那是火焰锻炉的原料。","A branded opponent card loses value; every brand gives +1 ash, the raw material of the fire forge.","i18n-Katalog (src/i18n) — über t() aufgelöst","","done",""
"glossary.brett.label","i18n","Brett (8×5)","棋盘（8×5）","Board (8×5)","i18n-Katalog (src/i18n) — über t() aufgelöst","","done",""
"glossary.brett.match","i18n","Brett","棋盘","board","i18n-Katalog (src/i18n) — über t() aufgelöst","","done",""
"glossary.brett.text","i18n","Deine 40 Deckpositionen als 8 Zeilen × 5 Spalten. Formationen laufen weiter auf der 1D-Reihenfolge.","你的40个卡组位次排成8行×5列。阵型仍然按1D的牌序来判定。","Your 40 deck positions as 8 rows × 5 columns. Formations still run along the 1D order.","i18n-Katalog (src/i18n) — über t() aufgelöst","","done",""
"glossary.cat.arch","i18n","Der Architekt","建筑师","The Architect","i18n-Katalog (src/i18n) — über t() aufgelöst","","done",""
"glossary.cat.deck","i18n","Deck & Karten","卡组与卡牌","Deck & cards","i18n-Katalog (src/i18n) — über t() aufgelöst","","done",""
"glossary.cat.form","i18n","Formationen","阵型","Formations","i18n-Katalog (src/i18n) — über t() aufgelöst","","done",""
"glossary.cat.frak","i18n","Archetypen","流派","Archetypes","i18n-Katalog (src/i18n) — über t() aufgelöst","","done",""
"glossary.cat.grund","i18n","Grundbegriffe","基础术语","Basics","i18n-Katalog (src/i18n) — über t() aufgelöst","","done",""
"glossary.cat.meta","i18n","Fortschritt & Meta","进度与局外","Progress & meta","i18n-Katalog (src/i18n) — über t() aufgelöst","","done",""
"glossary.cat.perk","i18n","Perks & Rarität","天赋与稀有度","Perks & rarity","i18n-Katalog (src/i18n) — über t() aufgelöst","","done",""
"glossary.cat.praez","i18n","Präzision · Crit","精准 · 暴击","Precision · crit","i18n-Katalog (src/i18n) — über t() aufgelöst","","done",""
"glossary.cathint.arch","i18n","Bauphase, Brett, Gebäude, Struktur.","建造阶段、棋盘、建筑、结构。","Build phase, board, buildings, structure.","i18n-Katalog (src/i18n) — über t() aufgelöst","","done",""
"glossary.cathint.deck","i18n","Woraus dein Deck besteht und wie es gelesen wird.","你的卡组由什么组成，以及怎么读它。","What your deck is made of and how it is read.","i18n-Katalog (src/i18n) — über t() aufgelöst","","done",""
"glossary.cathint.form","i18n","Muster in der Kartenreihenfolge und was sie zahlen.","牌序里的图案，以及它们给多少。","Patterns in the card order and what they pay.","i18n-Katalog (src/i18n) — über t() aufgelöst","","done",""
"glossary.cathint.frak","i18n","Die vier Ressourcen, nach Archetyp gruppiert.","四种资源，按流派分组。","The four resources, grouped by archetype.","i18n-Katalog (src/i18n) — über t() aufgelöst","","done",""
"glossary.cathint.grund","i18n","Stich, Serie, Kampfwert: die Vokabeln jedes Laufs.","墩、连胜、战斗数值：每一局都要用的词。","Trick, streak, battle value: the vocabulary of every run.","i18n-Katalog (src/i18n) — über t() aufgelöst","","done",""
"glossary.cathint.meta","i18n","Was über den einzelnen Lauf hinaus zählt.","超出单独一局之外还算数的东西。","What counts beyond the single run.","i18n-Katalog (src/i18n) — über t() aufgelöst","","done",""
"glossary.cathint.perk","i18n","Familien, Stufen, Raritäten, Legendäre.","系列、阶、稀有度、传说。","Families, tiers, rarities, legendaries.","i18n-Katalog (src/i18n) — über t() aufgelöst","","done",""
"glossary.cathint.praez","i18n","Woher Crit-Chance und Crit-Multiplikator kommen.","暴击率和暴击倍率从哪来。","Where crit chance and crit multiplier come from.","i18n-Katalog (src/i18n) — über t() aufgelöst","","done",""
"glossary.challenger.label","i18n","Challenger / Seed","挑战者 / 种子","Challenger / seed","i18n-Katalog (src/i18n) — über t() aufgelöst","","done",""
"glossary.challenger.match","i18n","Challenger|Seed|Nachspielen","挑战者|种子|重玩","challenger|seed|replay","i18n-Katalog (src/i18n) — über t() aufgelöst","","done",""
"glossary.challenger.text","i18n","Teile einen Lauf über seinen Seed (kurzer Code); andere spielen exakt dieselben Karten nach und vergleichen den Score.","通过种子（一小段代码）分享一局；别人可以打完全相同的牌，并比较得分。","Share a run through its seed (a short code); others replay exactly the same cards and compare scores.","i18n-Katalog (src/i18n) — über t() aufgelöst","","done",""
"glossary.charge.label","i18n","Ladung","充能","Charge","i18n-Katalog (src/i18n) — über t() aufgelöst","","done",""
"glossary.charge.match","i18n","Ladung|Ladungen","充能|充能点","charge|charges","i18n-Katalog (src/i18n) — über t() aufgelöst","","done",""
"glossary.charge.text","i18n","Crits erzeugen Ladung (max 10). Bei voller Ladung lösen Blitz-Konsumenten ihren Effekt aus und verbrauchen sie.","暴击会产生充能（最多10）。充能满时，闪电消耗者会触发自己的效果并把它用掉。","Crits generate charge (max 10). At full charge, lightning consumers trigger their effect and spend it.","i18n-Katalog (src/i18n) — über t() aufgelöst","","done",""
"glossary.chronik.label","i18n","Chronik","卡牌志","Chronicle","i18n-Katalog (src/i18n) — über t() aufgelöst","","done",""
"glossary.chronik.match","i18n","Chronik","卡牌志","chronicle","i18n-Katalog (src/i18n) — über t() aufgelöst","","done",""
"glossary.chronik.text","i18n","Lesende Übersicht aller 40 Karten des Laufs in aktueller Reihenfolge, mit Formations-, Rollen- und Ankermarkern.","按当前顺序通读本局全部40张卡牌的总览，带阵型、角色和锚点标记。","A read-only overview of all 40 cards of the run in their current order, with formation, role and anchor markers.","i18n-Katalog (src/i18n) — über t() aufgelöst","","done",""
"glossary.clear","i18n","Suche löschen","清除搜索","Clear the search","i18n-Katalog (src/i18n) — über t() aufgelöst","","done",""
"glossary.cluster.label","i18n","Cluster","集群","Cluster","i18n-Katalog (src/i18n) — über t() aufgelöst","","done",""
"glossary.cluster.match","i18n","Cluster|Clusters|Clustern","集群|冰川集群","cluster|clusters","i18n-Katalog (src/i18n) — über t() aufgelöst","","done",""
"glossary.cluster.text","i18n","Eine Gruppe direkt aneinandergrenzender Gletscher. Viele Eis-Skills messen die Cluster-Größe (z. B. Verschmelzen, Verzahnung); Eisbrücke zählt auch die Diagonalen dazu.","直接彼此相邻的一组冰川。许多冰技能会看集群大小（例如融合、咬合）；冰桥还会把对角线也算进来。","A group of directly adjacent glaciers. Many ice skills measure the cluster size (Fusion and Interlock for instance); Ice Bridge counts the diagonals too.","i18n-Katalog (src/i18n) — über t() aufgelöst","","done",""
"glossary.colonize.label","i18n","Kolonisieren / Ausläufer","扩张 / 匍匐茎","Colonize / runner","i18n-Katalog (src/i18n) — über t() aufgelöst","","done",""
"glossary.colonize.match","i18n","Kolonisieren|kolonisierte|Ausläufer","扩张|被扩张的|匍匐茎","colonize|colonized|runner|runners","i18n-Katalog (src/i18n) — über t() aufgelöst","","done",""
"glossary.colonize.text","i18n","Markiert gegnerische Karten grün (Ausläufer/Rhizom). Besiegst du eine kolonisierte Karte, erntest du Wachstum.","把对手卡牌标记成绿色（匍匐茎、根茎）。当你战胜一张被扩张过的卡牌时，你会收获生长。","Marks opponent cards green (Runners/Rhizome). Beat a colonized card and you harvest growth.","i18n-Katalog (src/i18n) — über t() aufgelöst","","done",""
"glossary.consume.label","i18n","Konsument","消耗者","Consumer","i18n-Katalog (src/i18n) — über t() aufgelöst","","done",""
"glossary.consume.match","i18n","Konsument|Konsumenten|Hitze-Konsument","消耗者|热量消耗者","consumer|consumers|heat consumer","i18n-Katalog (src/i18n) — über t() aufgelöst","","done",""
"glossary.consume.text","i18n","Ein Skill, der eine angesammelte Ressource für einen starken Effekt verbraucht: Feuer verbrennt Hitze, Blitz verbraucht Ladung. Mehrere Feuer-Konsumenten wirken gleichzeitig; von den Blitz-Konsumenten immer nur einer, ein neuer ersetzt den alten.","一种会花掉积累资源来换强力效果的技能：火烧掉热量，闪电用掉充能。多个火焰消耗者可以同时生效；闪电消耗者始终只有一个，新的会替换旧的。","A skill that spends an accumulated resource for a strong effect: fire burns heat, lightning spends charge. Several fire consumers work at once; of the lightning consumers only ever one, and a new one replaces the old.","i18n-Katalog (src/i18n) — über t() aufgelöst","","done",""
"glossary.count_one","i18n","{count} Begriff","{count}个术语","{count} entry","i18n-Katalog (src/i18n) — über t() aufgelöst","","done",""
"glossary.count_other","i18n","{count} Begriffe","{count}个术语","{count} entries","i18n-Katalog (src/i18n) — über t() aufgelöst","","done",""
"glossary.crit.label","i18n","Crit","暴击","Crit","i18n-Katalog (src/i18n) — über t() aufgelöst","","done",""
"glossary.crit.match","i18n","Crit|Crits|kritischer Treffer|kritischen Treffer","暴击|暴击率|会心","crit|crits|critical hit|critical hits","i18n-Katalog (src/i18n) — über t() aufgelöst","","done",""
"glossary.crit.text","i18n","Kritischer Treffer: der Sieg zählt mit dem Crit-Multiplikator (Basis ×2,25). Der Basis-Crit ist 0. Crit-Chance kommt aus den Präzision-Familien und aus Blitz-Skills. Jeder Blitz-Skill hebt zudem den Crit-Multiplikator um +0,1×.","暴击：这次获胜按暴击倍率结算（基础×2.25）。基础暴击为0。暴击率来自精准系列和闪电技能。每个闪电技能还会把暴击倍率提高+0.1×。","Critical hit: the win counts with the crit multiplier (base ×2.25). Base crit is 0. Crit chance comes from the Precision families and from lightning skills. Every lightning skill also raises the crit multiplier by +0.1×.","i18n-Katalog (src/i18n) — über t() aufgelöst","","done",""
"glossary.critwette.label","i18n","Crit-Wette","暴击赌注","Crit bet","i18n-Katalog (src/i18n) — über t() aufgelöst","","done",""
"glossary.critwette.match","i18n","Crit-Wette|Wette|Wetten|Jackpot","暴击赌注|赌注|头奖","crit bet|bet|bets|jackpot","i18n-Katalog (src/i18n) — über t() aufgelöst","","done",""
"glossary.critwette.text","i18n","Eine Wette auf den Crit: Sieg mit Crit zahlt den Jackpot, Sieg ohne Crit kostet Abzug (nie unter 0). Aufwerten hebt nur den Jackpot, nicht den Abzug (z. B. Losbude, Spielbank).","一场押暴击的赌：带暴击获胜支付头奖，不带暴击获胜要扣分（永不低于0）。升级只抬高头奖，不抬高扣分（例如抽奖摊、赌场）。","A bet on the crit: a win with a crit pays the jackpot, a win without one costs a deduction (never below 0). Upgrading raises only the jackpot, not the deduction (Raffle Booth, Casino for instance).","i18n-Katalog (src/i18n) — über t() aufgelöst","","done",""
"glossary.deck.label","i18n","Deck","卡组","Deck","i18n-Katalog (src/i18n) — über t() aufgelöst","","done",""
"glossary.deck.match","i18n","Deck","卡组|牌组","deck|decks","i18n-Katalog (src/i18n) — über t() aufgelöst","","done",""
"glossary.deck.text","i18n","40 Karten = 4 Farben × Werte 1–10. Dein Deck ist durch Perks/Architekt veränderbar; der Gegner mischt je Durchlauf neu.","40张卡牌，也就是4种花色×数值1–10。你的卡组可以通过天赋和建筑师改变；对手每轮都重新洗牌。","40 cards = 4 suits × values 1–10. Your deck can be changed by perks and the Architect; the opponent reshuffles every cycle.","i18n-Katalog (src/i18n) — über t() aufgelöst","","done",""
"glossary.deckpunkte.label","i18n","Deckpunkte (DP)","卡组点（DP）","Deck Points (DP)","i18n-Katalog (src/i18n) — über t() aufgelöst","","done",""
"glossary.deckpunkte.match","i18n","Deckpunkt|Deckpunkte|DP","卡组点|DP","Deck Point|Deck Points|DP","i18n-Katalog (src/i18n) — über t() aufgelöst","","done",""
"glossary.deckpunkte.text","i18n","Die Währung der Deck-Werkstatt, rein kosmetisch. Damit kaufst du Karten-/Spielfeld-Pakete und Effekte; auf das Gameplay wirken sie nicht.","卡组工坊的货币，纯外观用途。你用它购买卡牌和战场套装以及特效；它们不影响玩法。","The currency of the deck workshop, purely cosmetic. You buy card and battlefield packs and effects with it; it does not affect gameplay.","i18n-Katalog (src/i18n) — über t() aufgelöst","","done",""
"glossary.direktscore.label","i18n","Direkt-Score","直接得分","Direct score","i18n-Katalog (src/i18n) — über t() aufgelöst","","done",""
"glossary.direktscore.match","i18n","Direkt-Score","直接得分","direct score","i18n-Katalog (src/i18n) — über t() aufgelöst","","done",""
"glossary.direktscore.text","i18n","Score, der direkt zählt, ohne durch Serie, Crit oder Formation multipliziert zu werden. Wirkt flach und sofort, oft stark im frühen Spiel.","直接计入的得分，不经过连胜、暴击或阵型的倍率。它平铺且立刻生效，在前期往往很强。","Score that counts directly, without passing through streak, crit or formation multipliers. Flat and immediate, often strong early.","i18n-Katalog (src/i18n) — über t() aufgelöst","","done",""
"glossary.distrikt.label","i18n","Nachbargebäude / Distrikt","相邻建筑 / 街区","Adjacent building / district","i18n-Katalog (src/i18n) — über t() aufgelöst","","done",""
"glossary.distrikt.match","i18n","Nachbargebäude|Distrikt|Distrikte","相邻建筑|街区","adjacent building|adjacent buildings|district|districts","i18n-Katalog (src/i18n) — über t() aufgelöst","","done",""
"glossary.distrikt.text","i18n","Ein Gebäude, das orthogonal an ein anderes angrenzt. Distrikt-Baupläne (z. B. Zunftviertel, Marktplatz) zahlen je Nachbargebäude, bis zu einem Deckel. Sie belohnen dichtes Bauen.","一座与另一座正交相邻的建筑。街区蓝图（例如行会街区、集市广场）按每座相邻建筑结算，直到一个上限。它们奖励密集建造。","A building that borders another orthogonally. District blueprints (Guild Quarter, Marketplace for instance) pay per adjacent building, up to a cap. They reward dense building.","i18n-Katalog (src/i18n) — über t() aufgelöst","","done",""
"glossary.durchlauf.label","i18n","Durchlauf","轮","Cycle","i18n-Katalog (src/i18n) — über t() aufgelöst","","done",""
"glossary.durchlauf.match","i18n","Durchlauf|Durchläufe|Durchlaufs|Durchläufen|Deck-Durchlauf","轮|轮次|一轮|卡组循环","cycle|cycles|deck cycle","i18n-Katalog (src/i18n) — über t() aufgelöst","","done",""
"glossary.durchlauf.text","i18n","Alle 40 Karten des Decks einmal durchgespielt (40 Stiche). Danach mischt der Gegner neu und eine Entscheidung steht an.","把卡组的全部40张卡牌走一遍（40墩）。之后对手重新洗牌，并且有一个决定等着你。","All 40 cards of the deck played through once (40 tricks). Then the opponent reshuffles and a decision is due.","i18n-Katalog (src/i18n) — über t() aufgelöst","","done",""
"glossary.eisformation.label","i18n","Gletscher-Formationen","冰川阵型","Ice formations","i18n-Katalog (src/i18n) — über t() aufgelöst","","done",""
"glossary.eisformation.match","i18n","Gletscher-Formationen|Gletscher-Formation|Eis-Formationen|Eis-Formation","冰川阵型|冰阵型","ice formations|ice formation","i18n-Katalog (src/i18n) — über t() aufgelöst","","done",""
"glossary.eisformation.text","i18n","Eis ist das einzige Deck mit Gletscher-Formationen: geometrische Formen aus festgefrorenen Gletschern verstärken deren Bersten: Block = 2×2 (4 Gletscher, ×1,15), Kreuz = Zentrum + 4 Nachbarn (5, ×1,25), Linie = volle Reihe (5) oder Spalte (8) (×1,3), Große Fläche = 3×3 (9, ×1,5). Überlappende Formen stapeln.","冰是唯一带冰川阵型的卡组：由冻结的冰川组成的几何形状会加强它们的碎裂：方块为2×2（4座冰川，×1.15），十字为中心加4个相邻（5座，×1.25），直线为整行（5）或整列（8）（×1.3），大面为3×3（9座，×1.5）。重叠的形状会叠加。","Ice is the only deck with ice formations: geometric shapes of frozen glaciers strengthen their bursts: block = 2×2 (4 glaciers, ×1.15), cross = centre + 4 neighbours (5, ×1.25), line = full row (5) or column (8) (×1.3), great field = 3×3 (9, ×1.5). Overlapping shapes stack.","i18n-Katalog (src/i18n) — über t() aufgelöst","","done",""
"glossary.eternalSpring.label","i18n","Ewiger Frühling","永恒之春","Eternal Spring","i18n-Katalog (src/i18n) — über t() aufgelöst","","done",""
"glossary.eternalSpring.match","i18n","Ewiger Frühling","永恒之春|永春","Eternal Spring","i18n-Katalog (src/i18n) — über t() aufgelöst","","done",""
"glossary.eternalSpring.text","i18n","Farbblock zählt Grün schon ab 2 Karten und Überwucherung schon ab 25 % Feld. Je größer dein ewig-grünes Feld, desto mehr Score zahlt jeder grüne Sieg direkt.","同花块从2张卡牌起就把绿色算进来，疯长也从场上25%起就触发。你常绿的场面越大，每次绿色获胜直接给出的得分就越多。","Suit block counts green from 2 cards already, and overgrowth from 25% of the field. The bigger your evergreen field, the more score every green win pays directly.","i18n-Katalog (src/i18n) — über t() aufgelöst","","done",""
"glossary.familie.label","i18n","Familie","系列","Family","i18n-Katalog (src/i18n) — über t() aufgelöst","","done",""
"glossary.familie.match","i18n","Familie|Familien","系列|家族","family|families","i18n-Katalog (src/i18n) — über t() aufgelöst","","done",""
"glossary.familie.text","i18n","Ein Perk oder Bau als aufwertbare Einheit mit bis zu vier Stufen (I–IV). Du wertest ihn Stufe für Stufe auf.","一个天赋或建筑作为可升级的单位，最多四阶（I–IV）。你一阶一阶地把它升上去。","A perk or building as an upgradeable unit with up to four tiers (I–IV). You upgrade it tier by tier.","i18n-Katalog (src/i18n) — über t() aufgelöst","","done",""
"glossary.farballianz.label","i18n","Farballianz","花色同盟","Suit alliance","i18n-Katalog (src/i18n) — über t() aufgelöst","","done",""
"glossary.farballianz.match","i18n","Farballianz|Allianz","花色同盟|同盟","suit alliance|alliance","i18n-Katalog (src/i18n) — über t() aufgelöst","","done",""
"glossary.farballianz.text","i18n","Von dir verbundene Farben zählen für Farbblöcke als dieselbe Farbe.","被你连起来的花色，在同花块判定里算作同一种花色。","Suits you have linked count as the same suit for suit blocks.","i18n-Katalog (src/i18n) — über t() aufgelöst","","done",""
"glossary.farbblock.label","i18n","Farbblock","同花块","Suit block","i18n-Katalog (src/i18n) — über t() aufgelöst","","done",""
"glossary.farbblock.match","i18n","Farbblock|Farbblöcke|Farbblocks","同花块|同花色块","suit block|suit blocks","i18n-Katalog (src/i18n) — über t() aufgelöst","","done",""
"glossary.farbblock.text","i18n","≥3 Karten gleicher Farbe. Ab der 3. ×1,35, je weitere +0,20.","≥3张同花色卡牌。从第3张起×1.35，每多一张+0.20。","3 or more cards of the same suit. From the 3rd ×1.35, +0.20 for each further one.","i18n-Katalog (src/i18n) — über t() aufgelöst","","done",""
"glossary.farbe.label","i18n","Farbe","花色","Suit","i18n-Katalog (src/i18n) — über t() aufgelöst","","done",""
"glossary.farbe.match","i18n","Farbe|Farben","花色|颜色","suit|suits","i18n-Katalog (src/i18n) — über t() aufgelöst","","done",""
"glossary.farbe.text","i18n","Rot, Blau, Grün, Gelb. Relevant vor allem für Farbblock-Formationen.","红、蓝、绿、黄。主要在同花块阵型里起作用。","Red, Blue, Green, Yellow. Mainly relevant for suit-block formations.","i18n-Katalog (src/i18n) — über t() aufgelöst","","done",""
"glossary.farbserie.label","i18n","Farbserie","花色连胜","Suit streak","i18n-Katalog (src/i18n) — über t() aufgelöst","","done",""
"glossary.farbserie.match","i18n","Farbserie|Farbserien","花色连胜|同花色连胜","suit streak|suit streaks","i18n-Katalog (src/i18n) — über t() aufgelöst","","done",""
"glossary.farbserie.text","i18n","Aufeinanderfolgende Siege derselben Kartenfarbe. Ein Farbwechsel oder eine Niederlage setzt sie zurück. Pflanzen-grüne Karten zählen dabei als Grün. Speist u. a. den Perk Monochrom und die Familie Farbrausch.","同一种卡牌花色的连续获胜。换花色或者失败都会重置它。植物的绿色卡牌在这里算作绿色。它是天赋「单色」和系列「花色狂热」等效果的来源。","Consecutive wins in the same card suit. A change of suit or a loss resets it. Plant-green cards count as Green here. Feeds the perk Monochrome and the family Suit Rush, among others.","i18n-Katalog (src/i18n) — über t() aufgelöst","","done",""
"glossary.farbtransparenz.label","i18n","Farbblock-Transparenz","同花块通透","Suit-block transparency","i18n-Katalog (src/i18n) — über t() aufgelöst","","done",""
"glossary.farbtransparenz.match","i18n","Farbblock-Transparenz","同花块通透|通透","suit-block transparency","i18n-Katalog (src/i18n) — über t() aufgelöst","","done",""
"glossary.farbtransparenz.text","i18n","Eine so markierte Karte unterbricht einen Farbblock nicht: der Block läuft über sie hinweg, als wäre sie nicht da (sie selbst zählt aber nicht mit). Kommt vom Architekt-Gebäude Arkade.","被这样标记的卡牌不会打断同花块：块会越过它继续延伸，就像它不在那里一样（它自己不计入）。来自建筑师的建筑拱廊。","A card marked this way does not interrupt a suit block: the block runs straight over it as if it were not there (it does not count towards the block itself). Comes from the Architect building Arcade.","i18n-Katalog (src/i18n) — über t() aufgelöst","","done",""
"glossary.forge.label","i18n","Schmieden","锻造","Forging","i18n-Katalog (src/i18n) — über t() aufgelöst","","done",""
"glossary.forge.match","i18n","Schmieden|geschmiedet|Schmiede|Ascheschmiede","锻造|锻造过的|锻炉|灰烬锻炉","forging|forged|forge|ash forge","i18n-Katalog (src/i18n) — über t() aufgelöst","","done",""
"glossary.forge.text","i18n","Asche wird zu dauerhaftem Kartenwert (Ascheschmiede: 20 Asche → +3 Wert auf die niedrigste Karte).","灰烬变成永久的卡牌数值（灰烬锻炉：20灰烬 → 最低的那张卡牌+3数值）。","Ash becomes permanent card value (Ash Forge: 20 ash → +3 value on the lowest card).","i18n-Katalog (src/i18n) — über t() aufgelöst","","done",""
"glossary.formation.label","i18n","Formation","阵型","Formation","i18n-Katalog (src/i18n) — über t() aufgelöst","","done",""
"glossary.formation.match","i18n","Formation|Formationen","阵型|阵形|队形","formation|formations","i18n-Katalog (src/i18n) — über t() aufgelöst","","done",""
"glossary.formation.text","i18n","Ein erkanntes Muster benachbarter Karten in deiner Ziehreihenfolge (Wiederholung, Treppe, Farbblock, Wechsel). Ein Sieg in einer Formation zählt mit einem Formations-Faktor. Nicht zu verwechseln mit den Eis-Formationen, die aus Gletschern auf dem Brett entstehen.","在你的牌序里识别出的相邻卡牌图案（重复、阶梯、同花块、交错）。在阵型中获胜的一墩会带上一个阵型系数。不要和冰的阵型混淆，后者由棋盘上的冰川构成。","A recognised pattern of neighbouring cards in your draw order (repeat, stair, suit block, zigzag). A win inside a formation counts with a formation factor. Not to be confused with ice formations, which are made of glaciers on the board.","i18n-Katalog (src/i18n) — über t() aufgelöst","","done",""
"glossary.formationskern.label","i18n","Formationskern","阵型核心","Formation core","i18n-Katalog (src/i18n) — über t() aufgelöst","","done",""
"glossary.formationskern.match","i18n","Formationskern","阵型核心|核心","formation core","i18n-Katalog (src/i18n) — über t() aufgelöst","","done",""
"glossary.formationskern.text","i18n","Ein von dir gewählter Formationstyp bekommt auf all seinen aktiven Formationen einen Zusatzfaktor.","你选定的一种阵型，会在它所有生效的阵型上获得一个额外系数。","A formation type of your choosing gets an extra factor on all of its active formations.","i18n-Katalog (src/i18n) — über t() aufgelöst","","done",""
"glossary.formenergie.label","i18n","Formations-Energie","布阵能量","Order energy","i18n-Katalog (src/i18n) — über t() aufgelöst","","done",""
"glossary.formenergie.match","i18n","Formations-Energie|Tausch|Tausche","布阵能量|交换|交换次数","order energy|swap|swaps","i18n-Katalog (src/i18n) — über t() aufgelöst","","done",""
"glossary.formenergie.text","i18n","Das Tausch-Budget der Aufstellungsphase (4 je Phase). Jeder Tausch zweier Karten kostet 1.","布阵阶段的交换预算（每阶段4点）。每交换两张卡牌花1点。","The swap budget of the order phase (4 per phase). Every swap of two cards costs 1.","i18n-Katalog (src/i18n) — über t() aufgelöst","","done",""
"glossary.freeze.label","i18n","Schnee","积雪","Snow","i18n-Katalog (src/i18n) — über t() aufgelöst","","done",""
"glossary.freeze.match","i18n","Schnee","积雪|雪","snow","i18n-Katalog (src/i18n) — über t() aufgelöst","","done",""
"glossary.freeze.text","i18n","Schnee liegt als Reserve auf dem Brettfeld, getrennt von der Gletschermasse. Frierst du einen Gletscher auf ein aufgeladenes Feld, wird der angesammelte Schnee zu seiner Boden-Reserve; der Gletscher startet leer und zieht daraus jeden Durchlauf wieder auf volle 12 Masse nach (nur die Differenz, nie darüber), bis die Reserve leer ist. Offenen Boden laden Dauerfrost, Schneetreiben und Eiszeit auf, nie unter einen Gletscher.","积雪以储量的形式留在棋盘格上，与冰川质量分开计算。当你把一座冰川冻结在已积雪的格子上时，格子上攒下的雪就成为它的地面储量；冰川从空的状态开始，每轮都从储量中补充，直到质量回到满值12（只补差额，绝不超过），直至储量耗尽。永冻、暴雪和冰期只会给空着的地面积雪，永远不会积到冰川下面。","Snow sits as a reserve on the board cell, separate from the glacier's mass. Freeze a glacier onto a charged cell and the accumulated snow becomes its ground reserve; the glacier starts empty and draws from it every cycle back up to a full 12 mass (only the difference, never beyond), until the reserve is empty. Open ground is charged by Permafrost, Snowdrift and Ice Age, never under a glacier.","i18n-Katalog (src/i18n) — über t() aufgelöst","","done",""
"glossary.gebaeude.label","i18n","Gebäude","建筑","Building","i18n-Katalog (src/i18n) — über t() aufgelöst","","done",""
"glossary.gebaeude.match","i18n","Gebäude","建筑","building|buildings","i18n-Katalog (src/i18n) — über t() aufgelöst","","done",""
"glossary.gebaeude.text","i18n","Ein platziertes Gebäude. Es bufft die Karte, die auf seiner Position im Stich steht. Es überlappt nie mit anderen.","一座已放置的建筑。它会增益在它位次上参与这一墩的那张卡牌。它从不与其他建筑重叠。","A placed building. It buffs the card sitting on its position in the trick. It never overlaps with others.","i18n-Katalog (src/i18n) — über t() aufgelöst","","done",""
"glossary.geist.label","i18n","Geist / Rekord","幽灵 / 纪录","Ghost / record","i18n-Katalog (src/i18n) — über t() aufgelöst","","done",""
"glossary.geist.match","i18n","Geist|Rekord","幽灵|纪录|最佳对局","ghost|record","i18n-Katalog (src/i18n) — über t() aufgelöst","","done",""
"glossary.geist.text","i18n","Dein gespeicherter Bestlauf als Vergleich. Sein Score-Stand blitzt alle paar Stiche als Messlatte auf.","你保存下来的最佳对局，用来作对比。它的得分进度每隔几墩会闪一下，当作标尺。","Your saved best run as a benchmark. Its score flashes up every few tricks as a yardstick.","i18n-Katalog (src/i18n) — über t() aufgelöst","","done",""
"glossary.glacier.label","i18n","Gletscher","冰川","Glacier","i18n-Katalog (src/i18n) — über t() aufgelöst","","done",""
"glossary.glacier.match","i18n","Gletscher|Gletschern","冰川","glacier|glaciers","i18n-Katalog (src/i18n) — über t() aufgelöst","","done",""
"glossary.glacier.text","i18n","Eis ist der Gletscher-Archetyp: du frierst eine Karte auf ihrem Brettfeld fest. Ab dann ist sie starr (in keiner künftigen Aufstellung mehr verschiebbar), sammelt dafür aber Masse an. Genug Masse, und der Gletscher bricht über seine Nachbarn.","冰是冰川流派：你把一张卡牌冻结在它的棋盘格上。从那以后它就僵固了（在之后的任何布阵里都不能再移动），但会开始积累质量。质量够了，冰川就会碎裂并波及它的邻居。","Ice is the glacier archetype: you freeze a card onto its board cell. From then on it is rigid (no longer movable in any future order phase), but in exchange it accumulates mass. Enough mass, and the glacier bursts over its neighbours.","i18n-Katalog (src/i18n) — über t() aufgelöst","","done",""
"glossary.gleichstand.label","i18n","Gleichstand","平局","Tie","i18n-Katalog (src/i18n) — über t() aufgelöst","","done",""
"glossary.gleichstand.match","i18n","Gleichstand","平局|打平|数值相同","tie|ties","i18n-Katalog (src/i18n) — über t() aufgelöst","","done",""
"glossary.gleichstand.text","i18n","Gleiche Kampfwerte im Stich, normalerweise ohne Sieg (kein Score).","这一墩双方战斗数值相同，通常没有人获胜（没有得分）。","Equal combat values in a trick, normally no win (no score).","i18n-Katalog (src/i18n) — über t() aufgelöst","","done",""
"glossary.glutdividende.label","i18n","Glutdividende","余烬分红","Ember dividend","i18n-Katalog (src/i18n) — über t() aufgelöst","","done",""
"glossary.glutdividende.match","i18n","Glutdividende","余烬分红|分红","ember dividend","i18n-Katalog (src/i18n) — über t() aufgelöst","","done",""
"glossary.glutdividende.text","i18n","Zusätzlicher Score bei jedem Feuer-Sieg, der direkt zählt (ohne Serie/Crit/Formation zu durchlaufen). Je mehr Hitze du hältst, desto mehr, bis zu einem Deckel. Stark im frühen Spiel.","每次火焰获胜时额外给出的得分，直接计入（不经过连胜、暴击或阵型）。你持有的热量越多给得越多，直到一个上限。前期很强。","Extra score on every fire win that counts directly (without passing through streak, crit or formation). The more heat you hold, the more, up to a cap. Strong early.","i18n-Katalog (src/i18n) — über t() aufgelöst","","done",""
"glossary.green.label","i18n","Grün (reif)","绿色（成熟）","Green (ripe)","i18n-Katalog (src/i18n) — über t() aufgelöst","","done",""
"glossary.green.match","i18n","Grün|grüne|grünen|grüner|Reife|reif","绿色|绿|成熟|变绿","green|ripe","i18n-Katalog (src/i18n) — über t() aufgelöst","","done",""
"glossary.green.text","i18n","Grüne Karten sind dauerhaft und bilden einen gemeinsamen Farbblock: je größer der Block, desto mehr Score. Der Farbblock-Multiplikator für grüne Karten wird auf max. ×1,35 gedeckelt.","绿色卡牌是永久的，并共同构成一个同花块：块越大，得分越多。绿色卡牌的同花块倍率最高被压在×1.35。","Green cards are permanent and form one shared suit block: the bigger the block, the more score. The suit-block multiplier for green cards is capped at ×1.35.","i18n-Katalog (src/i18n) — über t() aufgelöst","","done",""
"glossary.grenzbonus.label","i18n","Grenzbonus","跨界奖励","Crossover bonus","i18n-Katalog (src/i18n) — über t() aufgelöst","","done",""
"glossary.grenzbonus.match","i18n","Grenzbonus","跨界奖励|跨段","crossover bonus","i18n-Katalog (src/i18n) — über t() aufgelöst","","done",""
"glossary.grenzbonus.text","i18n","Läuft eine Formation über eine Segmentgrenze hinweg, geben ihre Karten zusätzlich ×1,25 Score. Kommt vom Perk Segmentarbeit (Stufe IV).","当一个阵型跨过区段边界时，它的卡牌额外给予×1.25得分。来自天赋「区段作业」（IV阶）。","If a formation runs across a segment boundary, its cards give ×1.25 score on top. Comes from the perk Segment Work (tier IV).","i18n-Katalog (src/i18n) — über t() aufgelöst","","done",""
"glossary.group.fire","i18n","Feuer","火","Fire","i18n-Katalog (src/i18n) — über t() aufgelöst","","done",""
"glossary.group.gen","i18n","Allgemein","通用","General","i18n-Katalog (src/i18n) — über t() aufgelöst","","done",""
"glossary.group.ice","i18n","Eis","冰","Ice","i18n-Katalog (src/i18n) — über t() aufgelöst","","done",""
"glossary.group.lightning","i18n","Blitz","闪电","Lightning","i18n-Katalog (src/i18n) — über t() aufgelöst","","done",""
"glossary.group.plant","i18n","Pflanze","植物","Plant","i18n-Katalog (src/i18n) — über t() aufgelöst","","done",""
"glossary.growth.label","i18n","Wachstum","生长","Growth","i18n-Katalog (src/i18n) — über t() aufgelöst","","done",""
"glossary.growth.match","i18n","Wachstum","生长|成长","growth","i18n-Katalog (src/i18n) — über t() aufgelöst","","done",""
"glossary.growth.text","i18n","Eigene Karten wachsen bei Siegen (nur steigend), und zwar umso schneller, je mehr Pflanze-Skills du hältst (volles Tempo ab 3 Skills, darunter anteilig). Ab 8 Wachstum wird eine Karte dauerhaft grün (reif); darunter ist sie ein Setzling.","自己的卡牌在获胜时会生长（只升不降），而且你持有的植物技能越多，长得越快（3个技能起达到满速，不足则按比例）。生长达到8时，卡牌永久变绿（成熟）；在那之前它是树苗。","Your own cards grow on wins (rising only), and the faster the more plant skills you hold (full pace from 3 skills, proportional below that). From 8 growth a card turns permanently green (ripe); below that it is a seedling.","i18n-Katalog (src/i18n) — über t() aufgelöst","","done",""
"glossary.heat.label","i18n","Hitze","热量","Heat","i18n-Katalog (src/i18n) — über t() aufgelöst","","done",""
"glossary.heat.match","i18n","Hitze|Hitzeleiste","热量|热量条","heat|heat bar","i18n-Katalog (src/i18n) — über t() aufgelöst","","done",""
"glossary.heat.text","i18n","Siege mit klarem Kampfwert-Vorsprung heizen die Hitzeleiste (0–100 %) auf und geben Feuer-Score = (Vorsprung − 2) × 25 (+5 je weiterem Feuer-Skill). Großer Vorsprung zahlt weiter, ohne Deckel, mit abnehmendem Zuwachs; klare Niederlagen kühlen ab.","带明显战斗数值领先的获胜会给热量条（0–100%）加温，并给出火焰得分，为（领先−2）×25（每多一个火技能再+5）。领先很大时还会继续给，没有上限，但增幅递减；输得明显会降温。","Wins with a clear margin heat up the heat bar (0–100%) and give fire score = (margin − 2) × 25 (+5 per further fire skill). A large margin keeps paying without a cap, with diminishing gains; clear losses cool you down.","i18n-Katalog (src/i18n) — über t() aufgelöst","","done",""
"glossary.hits","i18n","Treffer für „{q}“","「{q}」的搜索结果","Hits for “{q}”","i18n-Katalog (src/i18n) — über t() aufgelöst","","done",""
"glossary.ionize.label","i18n","Ionisierung","电离","Ionization","i18n-Katalog (src/i18n) — über t() aufgelöst","","done",""
"glossary.ionize.match","i18n","Ionisierung|ionisierte|ionisierten|ionisiert","电离|被电离的|电离过的","ionization|ionized|ionize","i18n-Katalog (src/i18n) — über t() aufgelöst","","done",""
"glossary.ionize.text","i18n","Dauerhafte Kartenmarkierung: eine ionisierte Karte gibt bei Sieg +12 Score je Stapel und erhält danach +1 Stapel (max 5). Zusätzlich lädt das ionisierte Feld die Luft auf: jeder Ionisierungsstapel im Deck hebt die Crit-Chance JEDER Siegkarte um +2 % (feldweit, bis +18 %). Wie viele Karten je Ladungsverbrauch ionisieren, wächst mit dem Archetyp: +1 je Blitz-Skill über 2.","永久性的卡牌标记：被电离的卡牌每次获胜时按层数给予每层+12得分，之后自身再+1层（最多5层）。此外，电离还会让整个场地的空气带电：卡组里每一层电离都会让任意一张获胜卡牌的暴击率提高+2%（全场生效，最高+18%）。每次消耗充能能电离多少张卡牌，取决于流派：闪电技能每超过2个就多电离1张。","A permanent card marking: an ionized card gives +12 score per stack on a win and then gains +1 stack (max 5). On top of that the ionized field charges the air: every ionization stack in the deck raises the crit chance of EVERY winning card by +2% (field-wide, up to +18%). How many cards ionize per charge consumption grows with the archetype: +1 per lightning skill beyond 2.","i18n-Katalog (src/i18n) — über t() aufgelöst","","done",""
"glossary.joker.label","i18n","Joker","万能牌","Wild","i18n-Katalog (src/i18n) — über t() aufgelöst","","done",""
"glossary.joker.match","i18n","Joker","万能牌|百搭","wild|wilds","i18n-Katalog (src/i18n) — über t() aufgelöst","","done",""
"glossary.joker.text","i18n","Eine Karte darf bei der Erkennung den benötigten Wert oder die Farbe annehmen. Bildet allein keine Formation.","一张卡牌在判定时可以取所需的数值或花色。它自己单独不构成阵型。","A card may take on the value or suit required by the recognition. On its own it forms no formation.","i18n-Katalog (src/i18n) — über t() aufgelöst","","done",""
"glossary.kampfwert.label","i18n","Kampfwert","战斗数值","Combat value","i18n-Katalog (src/i18n) — über t() aufgelöst","","done",""
"glossary.kampfwert.match","i18n","Kampfwert","战斗数值|战力","combat value","i18n-Katalog (src/i18n) — über t() aufgelöst","","done",""
"glossary.kampfwert.text","i18n","Der effektive Wert einer Karte im Stich: Kartenwert plus alle Stichwert-Boni. Der höhere gewinnt.","一张卡牌在这一墩里的实际数值：卡牌数值加上所有墩值加成。高的一方获胜。","A card's effective value in a trick: card value plus all trick-value bonuses. The higher one wins.","i18n-Katalog (src/i18n) — über t() aufgelöst","","done",""
"glossary.kartenwert.label","i18n","Kartenwert","卡牌数值","Card value","i18n-Katalog (src/i18n) — über t() aufgelöst","","done",""
"glossary.kartenwert.match","i18n","Kartenwert|Dauerwert","卡牌数值|永久数值","card value|card values","i18n-Katalog (src/i18n) — über t() aufgelöst","","done",""
"glossary.kartenwert.text","i18n","Der bleibende Grundwert einer Karte, durch Perks, Schmieden, Schichten oder den Architekten dauerhaft veränderbar.","一张卡牌留得住的基础数值，可以通过天赋、锻造、层数或建筑师永久改变。","A card's lasting base value, permanently changeable through perks, forging, layering or the Architect.","i18n-Katalog (src/i18n) — über t() aufgelöst","","done",""
"glossary.kaskade.label","i18n","Kaskade","级联","Cascade","i18n-Katalog (src/i18n) — über t() aufgelöst","","done",""
"glossary.kaskade.match","i18n","Kaskade|Kaskaden","级联|连锁","cascade|cascades","i18n-Katalog (src/i18n) — über t() aufgelöst","","done",""
"glossary.kaskade.text","i18n","Ein Ereignis zündet das nächste. Bei Blitz: ein Crit auf oder neben einer ionisierten Karte erzeugt zusätzliche Ladung. Bei Eis: ein berstender Gletscher reißt seine Nachbarn mit, sodass eine Bruchwelle durchs Cluster läuft.","一个事件点燃下一个。在闪电这边：在被电离的卡牌上或旁边发生的暴击会产生额外充能。在冰这边：一座碎裂的冰川会带上它的邻居，让一波碎裂滚过整个集群。","One event sets off the next. With lightning: a crit on or next to an ionized card generates extra charge. With ice: a bursting glacier drags its neighbours along, so a wave of bursts runs through the cluster.","i18n-Katalog (src/i18n) — über t() aufgelöst","","done",""
"glossary.kategorien.label","i18n","Kategorien A–E","类别A–E","Categories A–E","i18n-Katalog (src/i18n) — über t() aufgelöst","","done",""
"glossary.kategorien.match","i18n","Kategorien","类别","categories","i18n-Katalog (src/i18n) — über t() aufgelöst","","done",""
"glossary.kategorien.text","i18n","Die fünf Perk-Sorten: A Deck · B Stich · C Rolle · D Score · E Form (Formationswerkzeuge).","五种天赋类型：A卡组 · B墩 · C角色 · D得分 · E阵型（阵型工具）。","The five perk kinds: A Deck · B Trick · C Role · D Score · E Form (formation tools).","i18n-Katalog (src/i18n) — über t() aufgelöst","","done",""
"glossary.kicker.label","i18n","Stufen-Kicker","阶段附加","Tier kicker","i18n-Katalog (src/i18n) — über t() aufgelöst","","done",""
"glossary.kicker.match","i18n","Stufen-Kicker|Kicker","阶段附加|附加","tier kicker|kicker","i18n-Katalog (src/i18n) — über t() aufgelöst","","done",""
"glossary.kicker.text","i18n","Manche Gebäude schalten beim Aufwerten ab einer bestimmten Stufe einen zusätzlichen Effekt frei, nicht nur eine größere Zahl.","有些建筑升到某一阶时会解锁一个额外效果，而不只是把数字变大。","Some buildings unlock an additional effect when upgraded past a certain tier, not just a bigger number.","i18n-Katalog (src/i18n) — über t() aufgelöst","","done",""
"glossary.kosmetik.label","i18n","Kosmetik / Deck","外观 / 卡组","Cosmetics / deck","i18n-Katalog (src/i18n) — über t() aufgelöst","","done",""
"glossary.kosmetik.match","i18n","Kosmetik","外观","cosmetics","i18n-Katalog (src/i18n) — über t() aufgelöst","","done",""
"glossary.kosmetik.text","i18n","Rein kosmetische Freischaltungen (Kartenrücken, Spielfeld-Skins) ohne Gameplay-Effekt, z. B. Rang-Decks.","纯外观的解锁（卡背、战场皮肤），不影响玩法，例如段位卡组。","Purely cosmetic unlocks (card backs, battlefield skins) with no gameplay effect, rank decks for instance.","i18n-Katalog (src/i18n) — über t() aufgelöst","","done",""
"glossary.lage.label","i18n","Lage","位置","Placement","i18n-Katalog (src/i18n) — über t() aufgelöst","","done",""
"glossary.lage.match","i18n","Lage","位置","placement","i18n-Katalog (src/i18n) — über t() aufgelöst","","done",""
"glossary.lage.text","i18n","Manche Gebäude wirken nur in den frühen oder nur in den späten Segmenten des Bretts; die Platzierung entscheidet (z. B. Wehrgang, Vorwerk).","有些建筑只在棋盘靠前或只在靠后的区段里生效；放在哪里就是决定（例如城墙走道、前哨堡）。","Some buildings only work in the early or only in the late segments of the board; placement decides (Rampart Walk, Outwork for instance).","i18n-Katalog (src/i18n) — über t() aufgelöst","","done",""
"glossary.legendaer.label","i18n","Legendär","传说","Legendary","i18n-Katalog (src/i18n) — über t() aufgelöst","","done",""
"glossary.legendaer.match","i18n","Legendär|Legendäre|Legendärer|legendäres|legendären|Legendaries","传说|传说的","legendary|legendaries","i18n-Katalog (src/i18n) — über t() aufgelöst","","done",""
"glossary.legendaer.text","i18n","Ein mächtiger Effekt mit Nachteil, außerhalb des Stufen-Systems: eigener Wurf, goldener Rahmen, höchstens einer je Angebot.","一个带缺点的强力效果，处在分阶体系之外：单独抽取，金色边框，每次提供最多一个。","A powerful effect with a drawback, outside the tier system: its own roll, golden frame, at most one per offer.","i18n-Katalog (src/i18n) — über t() aufgelöst","","done",""
"glossary.legskill.label","i18n","Legendärer Skill","传说技能","Legendary skill","i18n-Katalog (src/i18n) — über t() aufgelöst","","done",""
"glossary.legskill.match","i18n","Legendärer Skill|legendäre Skills","传说技能|传说","legendary skill|legendary skills","i18n-Katalog (src/i18n) — über t() aufgelöst","","done",""
"glossary.legskill.text","i18n","Eine seltene, besonders mächtige Skill-Stufe (mit ★ markiert). Legendäre Skills kommen ausschließlich aus der Legendär-Phase (Durchlauf 29). Welche Archetypen dort antreten, entscheidet der Upgrade-Baum.","一档罕见而特别强力的技能（用★标记）。传说技能只会来自传说阶段（第29轮）。哪些流派会出现在那里，由升级树决定。","A rare, especially powerful skill tier (marked with ★). Legendary skills come exclusively from the legendary phase (cycle 29). Which archetypes appear there is decided by the upgrade tree.","i18n-Katalog (src/i18n) — über t() aufgelöst","","done",""
"glossary.masse.label","i18n","Masse","质量","Mass","i18n-Katalog (src/i18n) — über t() aufgelöst","","done",""
"glossary.masse.match","i18n","Masse","质量","mass","i18n-Katalog (src/i18n) — über t() aufgelöst","","done",""
"glossary.masse.text","i18n","Die Eis-Ressource: Masse liegt auf dem Brettfeld. Jeder Gletscher gewinnt jeden Durchlauf +1 Masse, bedingungslos bei Sieg wie Niederlage; ein Sieg bringt +1 Masse zusätzlich.","冰的资源：质量积在棋盘格上。每座冰川每轮都无条件获得+1质量，无论胜负；一次获胜再额外+1质量。","The ice resource: mass sits on the board cell. Every glacier gains +1 mass every cycle, unconditionally on a win or a loss; a win brings +1 mass on top.","i18n-Katalog (src/i18n) — über t() aufgelöst","","done",""
"glossary.nachhall.label","i18n","Nachhall","回响","Echo","i18n-Katalog (src/i18n) — über t() aufgelöst","","done",""
"glossary.nachhall.match","i18n","Nachhall","回响|余响","echo","i18n-Katalog (src/i18n) — über t() aufgelöst","","done",""
"glossary.nachhall.text","i18n","Endet eine Formation, überträgt sich ihr Formations-Faktor noch einmal auf die direkt nächste Karte. Der Bonus wirkt nach.","一个阵型结束时，它的阵型系数会再传递到紧接着的下一张卡牌上。加成会延续一次。","When a formation ends, its formation factor carries over once more to the very next card. The bonus lingers.","i18n-Katalog (src/i18n) — über t() aufgelöst","","done",""
"glossary.nav.categories","i18n","Kategorien","分类","Categories","i18n-Katalog (src/i18n) — über t() aufgelöst","","done",""
"glossary.nav.note","i18n","Die Suche greift über alle Kategorien; die Zähler zeigen, wo die Treffer liegen.","搜索会跨所有分类；计数显示命中落在哪里。","Search covers every category; the counters show where the hits are.","i18n-Katalog (src/i18n) — über t() aufgelöst","","done",""
"glossary.noHit.post","i18n","Andere Schreibweise probieren?","换个写法试试？","Try a different spelling?","i18n-Katalog (src/i18n) — über t() aufgelöst","","done",""
"glossary.noHit.pre","i18n","Kein Begriff zu","没有找到关于","No entry for","i18n-Katalog (src/i18n) — über t() aufgelöst","","done",""
"glossary.open","i18n","Glossar öffnen","打开术语表","Open the glossary","i18n-Katalog (src/i18n) — über t() aufgelöst","","done",""
"glossary.opfergabe.label","i18n","Opfergabe","献品","Sacrifice","i18n-Katalog (src/i18n) — über t() aufgelöst","","done",""
"glossary.opfergabe.match","i18n","Opfergabe","献品|供奉","Sacrifice","i18n-Katalog (src/i18n) — über t() aufgelöst","","done",""
"glossary.opfergabe.text","i18n","Eine gewählte Karte verliert dauerhaft Wert, ihr direkter Nachfolger gewinnt ihn.","一张选定的卡牌永久失去数值，紧跟在它后面的那张卡牌得到这份数值。","A chosen card permanently loses value, the card right after it gains it.","i18n-Katalog (src/i18n) — über t() aufgelöst","","done",""
"glossary.overgrowth.label","i18n","Überwucherung","疯长","Overgrowth","i18n-Katalog (src/i18n) — über t() aufgelöst","","done",""
"glossary.overgrowth.match","i18n","Überwucherung","疯长","overgrowth","i18n-Katalog (src/i18n) — über t() aufgelöst","","done",""
"glossary.overgrowth.text","i18n","Ist das Feld ≥66 % grün, werden alle Farbblöcke stärker (+0,2 Faktor) und Blüte zählt doppelt.","当场上≥66%变绿时，所有同花块都变强（系数+0.2），花朵算双倍。","Once the field is 66% green or more, all suit blocks get stronger (+0.2 factor) and bloom counts double.","i18n-Katalog (src/i18n) — über t() aufgelöst","","done",""
"glossary.perk.label","i18n","Perk","天赋","Perk","i18n-Katalog (src/i18n) — über t() aufgelöst","","done",""
"glossary.perk.match","i18n","Perk|Perks","天赋","perk|perks","i18n-Katalog (src/i18n) — über t() aufgelöst","","done",""
"glossary.perk.text","i18n","Ein wählbarer, dauerhafter Effekt. Jeder Perk ist pro Lauf nur einmal wählbar.","一个可选的永久效果。每个天赋在一局里只能选一次。","A choosable, permanent effect. Every perk can be chosen only once per run.","i18n-Katalog (src/i18n) — über t() aufgelöst","","done",""
"glossary.polyomino.label","i18n","Polyomino / Form","多联骨牌 / 形状","Polyomino / shape","i18n-Katalog (src/i18n) — über t() aufgelöst","","done",""
"glossary.polyomino.match","i18n","Polyomino|Polyominoes","多联骨牌|形状","polyomino|polyominoes","i18n-Katalog (src/i18n) — über t() aufgelöst","","done",""
"glossary.polyomino.text","i18n","Die Zellenform eines Gebäudes (Tetris-artig), in mehreren Drehlagen platzierbar.","一座建筑占格的形状（类似俄罗斯方块），可以按多个旋转方向放置。","The cell shape of a building (Tetris-like), placeable in several rotations.","i18n-Katalog (src/i18n) — über t() aufgelöst","","done",""
"glossary.position.label","i18n","Position","位次","Position","i18n-Katalog (src/i18n) — über t() aufgelöst","","done",""
"glossary.position.match","i18n","Position|Positionen|Segmentposition|Segmentpositionen","位次|位置|区段位次","position|positions|segment position|segment positions","i18n-Katalog (src/i18n) — über t() aufgelöst","","done",""
"glossary.position.text","i18n","Der feste Platz einer Karte in der Ziehreihenfolge (1–40). Viele Perks, Anker und Gebäude hängen an der Position, nicht an der Karte: wer dort liegt, bekommt den Effekt. Nicht zu verwechseln mit dem Stich-Zähler, der nur sagt, wie weit der Durchlauf ist.","一张卡牌在牌序里的固定位置（1–40）。许多天赋、锚点和建筑挂在位次上，而不是卡牌上：谁待在那里，谁就拿到效果。不要和墩的计数混淆，后者只说明这一轮走到哪了。","A card's fixed slot in the draw order (1–40). Many perks, anchors and buildings hang on the position, not on the card: whoever sits there gets the effect. Not to be confused with the trick counter, which only says how far the cycle has come.","i18n-Katalog (src/i18n) — über t() aufgelöst","","done",""
"glossary.praez_aim.label","i18n","Zielsicherheit","准头","Accuracy","i18n-Katalog (src/i18n) — über t() aufgelöst","","done",""
"glossary.praez_aim.match","i18n","Zielsicherheit","准头|瞄准","Accuracy","i18n-Katalog (src/i18n) — über t() aufgelöst","","done",""
"glossary.praez_aim.text","i18n","+15 % Crit-Chance auf hohe Karten; die Schwelle weitet sich je Stufe (Wert ≥ 9/8/7/6).","对高数值卡牌+15%暴击率；阈值随阶数放宽（数值≥9/8/7/6）。","+15% crit chance on high cards; the threshold widens per tier (value ≥ 9/8/7/6).","i18n-Katalog (src/i18n) — über t() aufgelöst","","done",""
"glossary.praez_color.label","i18n","Farbfokus","花色专注","Suit focus","i18n-Katalog (src/i18n) — über t() aufgelöst","","done",""
"glossary.praez_color.match","i18n","Farbfokus","花色专注","Suit focus","i18n-Katalog (src/i18n) — über t() aufgelöst","","done",""
"glossary.praez_color.text","i18n","Wähle eine Farbe → +Crit-Chance auf diese Farbe (10/14/18 %); Stufe IV gibt stattdessen eine ZWEITE wählbare Farbe (beide +18 %).","选一种花色 → 对这种花色加暴击率（10/14/18%）；IV阶改为再给一个可选的第二花色（两种各+18%）。","Choose a suit → +crit chance on that suit (10/14/18%); tier IV instead gives a SECOND suit of your choosing (both +18%).","i18n-Katalog (src/i18n) — über t() aufgelöst","","done",""
"glossary.praez_force.label","i18n","Wucht","冲击","Force","i18n-Katalog (src/i18n) — über t() aufgelöst","","done",""
"glossary.praez_force.match","i18n","Wucht|Crit-Multiplikator","冲击|暴击倍率","Force|crit multiplier","i18n-Katalog (src/i18n) — über t() aufgelöst","","done",""
"glossary.praez_force.text","i18n","+Crit-Multiplikator auf Basis 2,25× (+0,25/0,4/0,6/0,9× je Stufe).","在2.25×的基础上加暴击倍率（每阶+0.25/0.4/0.6/0.9×）。","+crit multiplier on a base of 2.25× (+0.25/0.4/0.6/0.9× per tier).","i18n-Katalog (src/i18n) — über t() aufgelöst","","done",""
"glossary.praez_intro.label","i18n","Präzision","精准","Precision","i18n-Katalog (src/i18n) — über t() aufgelöst","","done",""
"glossary.praez_intro.match","i18n","Präzision","精准","Precision","i18n-Katalog (src/i18n) — über t() aufgelöst","","done",""
"glossary.praez_intro.text","i18n","Crit als Perk-Kategorie. Der Basis-Crit ist 0; für Nicht-Blitz-Builds kommt Crit-Chance/-Schaden aus den fünf RNG-gegateten Präzision-Familien (kein Legendär). Blitz bleibt der verlässliche, selbst-generierte Crit-Archetyp; Präzision ist additiv obendrauf.","作为天赋类别的暴击。基础暴击为0；对非闪电构筑来说，暴击率和暴击倍率来自五个受随机门控的精准系列（没有传说）。闪电仍然是那个可靠的、自己造暴击的流派；精准是叠加在上面的。","Crit as a perk category. Base crit is 0; for non-lightning builds, crit chance and crit damage come from the five RNG-gated Precision families (no legendary). Lightning remains the reliable, self-generating crit archetype; Precision is additive on top.","i18n-Katalog (src/i18n) — über t() aufgelöst","","done",""
"glossary.praez_lens.label","i18n","Brennglas","聚光镜","Burning glass","i18n-Katalog (src/i18n) — über t() aufgelöst","","done",""
"glossary.praez_lens.match","i18n","Brennglas","聚光镜|凸透镜","Burning glass","i18n-Katalog (src/i18n) — über t() aufgelöst","","done",""
"glossary.praez_lens.text","i18n","+Crit-Chance je gleichzeitiger Formation ab der zweiten an der Siegposition (6/8/10/13 % je Formation, max 3 extra). Belohnt Formations-Tiefe.","在获胜位次上，从第二个同时生效的阵型起，每个阵型都加暴击率（每个阵型6/8/10/13%，最多额外3个）。奖励阵型的厚度。","+crit chance per simultaneous formation beyond the first at the winning position (6/8/10/13% per formation, max 3 extra). Rewards formation depth.","i18n-Katalog (src/i18n) — über t() aufgelöst","","done",""
"glossary.praez_sharp.label","i18n","Schärfe","锋锐","Sharpness","i18n-Katalog (src/i18n) — über t() aufgelöst","","done",""
"glossary.praez_sharp.match","i18n","Schärfe|Crit-Chance","锋锐|暴击率","Sharpness|crit chance","i18n-Katalog (src/i18n) — über t() aufgelöst","","done",""
"glossary.praez_sharp.text","i18n","Flat +Crit-Chance auf alle Karten (6/9/12/15 % je Stufe). Der Grund-Crit-Motor.","给所有卡牌固定加暴击率（每阶6/9/12/15%）。最基础的暴击引擎。","Flat +crit chance on all cards (6/9/12/15% per tier). The basic crit engine.","i18n-Katalog (src/i18n) — über t() aufgelöst","","done",""
"glossary.rankedrun.label","i18n","Ranglisten-Lauf","排位对局","Ranked run","i18n-Katalog (src/i18n) — über t() aufgelöst","","done",""
"glossary.rankedrun.match","i18n","Ranglisten-Lauf|Ranglisten-Läufe|Wochen-Rangliste","排位对局|周排位榜","ranked run|ranked runs|weekly ranking","i18n-Katalog (src/i18n) — über t() aufgelöst","","done",""
"glossary.rankedrun.text","i18n","Der wöchentliche Wettbewerbs-Modus: alle spielen denselben Seed unter derselben, baum-unabhängigen Baseline. Nur abgeschlossene Läufe zählen; am Wochenende wandert Platz 1 ins Challenger-Archiv.","每周的竞技模式：所有人在同一个种子、同一套与升级树无关的基准下游玩。只有完成的对局才算数；周末时第1名进入挑战者档案。","The weekly competitive mode: everyone plays the same seed under the same tree-independent baseline. Only finished runs count; at the weekend first place moves into the challenger archive.","i18n-Katalog (src/i18n) — über t() aufgelöst","","done",""
"glossary.raritaet.label","i18n","Rarität","稀有度","Rarity","i18n-Katalog (src/i18n) — über t() aufgelöst","","done",""
"glossary.raritaet.match","i18n","Rarität|Raritäten","稀有度","rarity|rarities","i18n-Katalog (src/i18n) — über t() aufgelöst","","done",""
"glossary.raritaet.text","i18n","Normal · Selten · Sehr selten · Episch: die vier Familien-Stufen, farblich markiert.","普通 · 罕见 · 稀有 · 史诗：四个系列档次，用颜色区分。","Common · Uncommon · Rare · Epic: the four family tiers, colour-coded.","i18n-Katalog (src/i18n) — über t() aufgelöst","","done",""
"glossary.reroll.label","i18n","Neuwurf (Reroll)","重抽","Reroll","i18n-Katalog (src/i18n) — über t() aufgelöst","","done",""
"glossary.reroll.match","i18n","Neuwurf|Neuwürfe|Reroll|Rerolls","重抽|重新抽取|刷新","reroll|rerolls","i18n-Katalog (src/i18n) — über t() aufgelöst","","done",""
"glossary.reroll.text","i18n","Würfelt ein Angebot komplett neu. Drei getrennte Vorräte je Lauf: Perks · Gebäude · Skills, nicht untereinander teilbar, kein Nachschub. Der Upgrade-Baum hebt sie; im Ranglisten-Lauf sind es fest 2 je Vorrat.","把一次提供整个重新抽一遍。每局有三份互相独立的次数：天赋、建筑、技能，彼此不能挪用，也不会补充。升级树可以提高它们；在排位对局里固定为每份2次。","Rolls an offer completely anew. Three separate pools per run: perks · buildings · skills, not shared between each other, no resupply. The upgrade tree raises them; in a ranked run there are exactly 2 per pool.","i18n-Katalog (src/i18n) — über t() aufgelöst","","done",""
"glossary.scoreherkunft.label","i18n","Score-Herkunft","得分来源","Score sources","i18n-Katalog (src/i18n) — über t() aufgelöst","","done",""
"glossary.scoreherkunft.match","i18n","Score-Herkunft","得分来源","score sources","i18n-Katalog (src/i18n) — über t() aufgelöst","","done",""
"glossary.scoreherkunft.text","i18n","Aufteilung deines Scores auf Formationen / Crits / Übrige; zeigt, woher dein Build seinen Score zieht.","把你的得分拆到阵型、暴击和其他上；它显示你的构筑从哪里拿分。","How your score splits across formations / crits / the rest; shows where your build draws its score from.","i18n-Katalog (src/i18n) — über t() aufgelöst","","done",""
"glossary.search","i18n","Suchen … z. B. Nachhall, Schichten, Hitze","搜索……例如回响、层数、热量","Search … e.g. echo, layers, heat","i18n-Katalog (src/i18n) — über t() aufgelöst","","done",""
"glossary.segment.label","i18n","Segment","区段","Segment","i18n-Katalog (src/i18n) — über t() aufgelöst","","done",""
"glossary.segment.match","i18n","Segment|Segmente|Segments|Segmentgrenze|Segmentgrenzen","区段|区段边界|段","segment|segments|segment boundary|segment boundaries","i18n-Katalog (src/i18n) — über t() aufgelöst","","done",""
"glossary.segment.text","i18n","Ein Block aus 5 Positionen. Basis-Formationen sind segmentgebunden: ein Lauf endet an jeder Segmentgrenze.","由5个位次组成的一块。基础阵型是绑定区段的：一段连续到每个区段边界就结束。","A block of 5 positions. Base formations are segment-bound: a run ends at every segment boundary.","i18n-Katalog (src/i18n) — über t() aufgelöst","","done",""
"glossary.serienpunkt.label","i18n","Serienpunkt","连胜点","Streak point","i18n-Katalog (src/i18n) — über t() aufgelöst","","done",""
"glossary.serienpunkt.match","i18n","Serienpunkt|Serienpunkte|Serienpunkten","连胜点|连胜点数","streak point|streak points","i18n-Katalog (src/i18n) — über t() aufgelöst","","done",""
"glossary.serienpunkt.text","i18n","Die Zähleinheit der Siegesserie: jeder Sieg in Folge ist ein Serienpunkt. Effekte, die „je Serienpunkt“ zahlen, skalieren also mit der Länge deiner aktuellen Serie.","连胜的计数单位：每连续获胜一次就是一个连胜点。那些按「每个连胜点」结算的效果，因此随你当前连胜的长度增长。","The counting unit of the win streak: every win in a row is one streak point. Effects that pay “per streak point” therefore scale with the length of your current streak.","i18n-Katalog (src/i18n) — über t() aufgelöst","","done",""
"glossary.setzling.label","i18n","Setzling","树苗","Seedling","i18n-Katalog (src/i18n) — über t() aufgelöst","","done",""
"glossary.setzling.match","i18n","Setzling|Setzlinge|Setzlingen","树苗|幼苗","seedling|seedlings","i18n-Katalog (src/i18n) — über t() aufgelöst","","done",""
"glossary.setzling.text","i18n","Eine Karte, die schon wächst, aber noch nicht reif ist (Wachstum unter 8). Ein Setzling zählt noch NICHT zum grünen Farbblock; erst ab 8 Wachstum wird er grün (reif). Setzlingsbeet gibt der niedrigsten Karte je Segment +3 Wachstum Vorsprung.","已经在生长但还没成熟的卡牌（生长不足8）。树苗还不计入绿色同花块；要到生长8才变绿（成熟）。苗床会让每个区段里最低的那张卡牌带着+3生长的领先。","A card that is already growing but not yet ripe (growth below 8). A seedling does NOT yet count towards the green suit block; only from 8 growth does it turn green (ripe). Seedbed gives the lowest card of each segment a +3 growth head start.","i18n-Katalog (src/i18n) — über t() aufgelöst","","done",""
"glossary.skillrunde.label","i18n","Skill-Durchlauf","技能轮","Skill cycle","i18n-Katalog (src/i18n) — über t() aufgelöst","","done",""
"glossary.skillrunde.match","i18n","Skill-Durchlauf|Skill-Durchläufe","技能轮|技能回合","skill cycle|skill cycles","i18n-Katalog (src/i18n) — über t() aufgelöst","","done",""
"glossary.skillrunde.text","i18n","Zu festen Zeitpunkten im Lauf (erstmals Durchlauf 1) wählst du Skills statt eines Perks: 12 Skills zur Auswahl, alle 4 Archetypen dabei.","在一局里的固定时点（第一次是第1轮），你会选技能而不是天赋：12个技能可选，4个流派都在其中。","At fixed points in the run (first in cycle 1) you pick skills instead of a perk: 12 skills on offer, all 4 archetypes among them.","i18n-Katalog (src/i18n) — über t() aufgelöst","","done",""
"glossary.skillslot.label","i18n","Skill-Slot","技能槽位","Skill slot","i18n-Katalog (src/i18n) — über t() aufgelöst","","done",""
"glossary.skillslot.match","i18n","Skill-Slot|Skill-Slots|Slots","技能槽位|槽位","skill slot|skill slots|slots","i18n-Katalog (src/i18n) — über t() aufgelöst","","done",""
"glossary.skillslot.text","i18n","Du hältst höchstens 6 Skills gleichzeitig. Ist der Vorrat voll, ersetzt ein neuer einen alten. Der legendäre Skill aus der Legendär-Phase belegt einen zusätzlichen, festen Slot.","你最多同时持有6个技能。槽位满了以后，新的会替换掉旧的。传说阶段拿到的传说技能占用一个额外的固定槽位。","You hold at most 6 skills at a time. Once the pool is full, a new skill replaces an old one. The legendary skill from the legendary phase takes an extra, fixed slot.","i18n-Katalog (src/i18n) — über t() aufgelöst","","done",""
"glossary.staffel.label","i18n","Staffel","接力","Relay","i18n-Katalog (src/i18n) — über t() aufgelöst","","done",""
"glossary.staffel.match","i18n","Staffel|Staffeln","接力","relay|relays","i18n-Katalog (src/i18n) — über t() aufgelöst","","done",""
"glossary.staffel.text","i18n","Ein Gebäude reicht seinen Score an das Nachbarfeld weiter: der Effekt wirkt versetzt, nicht auf der eigenen Zelle (z. B. Laufgang, Leuchtturm).","一座建筑把自己的得分传给相邻的格：效果错位生效，不落在自己的格上（例如廊道、灯塔）。","A building passes its score on to the neighbouring cell: the effect lands offset, not on its own cell (Gallery Walk, Lighthouse for instance).","i18n-Katalog (src/i18n) — über t() aufgelöst","","done",""
"glossary.stapel.label","i18n","Stapel (Ionisierung)","层（电离）","Stack (ionization)","i18n-Katalog (src/i18n) — über t() aufgelöst","","done",""
"glossary.stapel.match","i18n","Ionisierungsstapel|Ionisierungsstapeln|Stapel|Stapeln","电离层|层|层数","ionization stack|ionization stacks|stack|stacks","i18n-Katalog (src/i18n) — über t() aufgelöst","","done",""
"glossary.stapel.text","i18n","Eine Ionisierungs-Aufladung auf einer einzelnen Karte (höchstens 5 je Karte). Jeder Stapel gibt bei Sieg mit der Karte +12 Score und hebt zusätzlich feldweit die Crit-Chance (siehe Ionisierung). Eine Karte mit 5 Stapeln ist voll ionisiert und schaltet Sondereffekte frei (u. a. Kurzschluss, Durchschlag).","单张卡牌上的一次电离充能（每张卡牌最多5层）。每一层都会在这张卡牌获胜时给予+12得分，并额外全场提高暴击率（见电离）。一张有5层的卡牌就是电离已满，会解锁特殊效果（例如短路、击穿）。","One ionization charge on a single card (at most 5 per card). Every stack gives +12 score when that card wins and additionally raises the crit chance field-wide (see ionization). A card with 5 stacks is fully ionized and unlocks special effects (Short Circuit and Breakdown among them).","i18n-Katalog (src/i18n) — über t() aufgelöst","","done",""
"glossary.statshub.label","i18n","Statistik-Hub","统计中心","Statistics hub","i18n-Katalog (src/i18n) — über t() aufgelöst","","done",""
"glossary.statshub.match","i18n","Statistik-Hub|Statistiken","统计中心|统计","statistics hub|statistics","i18n-Katalog (src/i18n) — über t() aufgelöst","","done",""
"glossary.statshub.text","i18n","Aggregierte Statistiken deiner Läufe: Bestscore, Ø-Score, beste Serie, Archetyp-Nutzung u. a.","你各局的汇总统计：最高得分、平均得分、最佳连胜、流派使用等等。","Aggregated statistics of your runs: best score, average score, best streak, archetype usage and more.","i18n-Katalog (src/i18n) — über t() aufgelöst","","done",""
"glossary.stich.label","i18n","Stich","墩","Trick","i18n-Katalog (src/i18n) — über t() aufgelöst","","done",""
"glossary.stich.match","i18n","Stich|Stiche","墩|一墩|吃墩","trick|tricks","i18n-Katalog (src/i18n) — über t() aufgelöst","","done",""
"glossary.stich.text","i18n","Ein einzelnes Kartenduell: deine Karte gegen die Gegnerkarte; der höhere Kampfwert gewinnt.","一次单独的卡牌对决：你的卡牌对上对手卡牌；战斗数值高的一方获胜。","A single card duel: your card against the opponent's; the higher combat value wins.","i18n-Katalog (src/i18n) — über t() aufgelöst","","done",""
"glossary.stichpunkte.label","i18n","Stichpunkte (SP)","墩点（SP）","Trick Points (TP)","i18n-Katalog (src/i18n) — über t() aufgelöst","","done",""
"glossary.stichpunkte.match","i18n","Stichpunkt|Stichpunkte|SP","墩点|SP","Trick Point|Trick Points|TP","i18n-Katalog (src/i18n) — über t() aufgelöst","","done",""
"glossary.stichpunkte.text","i18n","Die Währung des Upgrade-Baums. Du verdienst sie laufübergreifend und gibst sie für Knoten aus, die deine künftigen Läufe dauerhaft stärken.","升级树的货币。你跨对局赚取它，并把它花在节点上，让今后的对局永久变强。","The currency of the upgrade tree. You earn it across runs and spend it on nodes that permanently strengthen your future runs.","i18n-Katalog (src/i18n) — über t() aufgelöst","","done",""
"glossary.stichwert.label","i18n","Stichwert","墩值","Trick value","i18n-Katalog (src/i18n) — über t() aufgelöst","","done",""
"glossary.stichwert.match","i18n","Stichwert|temporärer Wert|temp Wert","墩值|临时数值","trick value|temporary value","i18n-Katalog (src/i18n) — über t() aufgelöst","","done",""
"glossary.stichwert.text","i18n","Ein Wertbonus nur für den aktuellen Stich (verfällt danach wieder). Zusammen mit dem Kartenwert ergibt er den Kampfwert.","只在当前这一墩生效的数值加成（之后就消失）。它和卡牌数值加在一起就是战斗数值。","A value bonus for the current trick only (it lapses afterwards). Together with the card value it makes the combat value.","i18n-Katalog (src/i18n) — über t() aufgelöst","","done",""
"glossary.streak.label","i18n","Siegesserie (Serie)","连胜","Win streak (streak)","i18n-Katalog (src/i18n) — über t() aufgelöst","","done",""
"glossary.streak.match","i18n","Siegesserie|Serie|Serien","连胜|连赢|连胜次数","win streak|streak|streaks","i18n-Katalog (src/i18n) — über t() aufgelöst","","done",""
"glossary.streak.text","i18n","Siege in Folge (Siegesserie). Der Serien-Multiplikator und viele Skills wachsen mit ihr; eine Niederlage setzt sie zurück.","连续获胜（连胜）。连胜倍率和许多技能都随它增长；一次失败会把它重置。","Wins in a row. The streak multiplier and many skills grow with it; a loss resets it.","i18n-Katalog (src/i18n) — über t() aufgelöst","","done",""
"glossary.struktur.label","i18n","Struktur","结构","Structure","i18n-Katalog (src/i18n) — über t() aufgelöst","","done",""
"glossary.struktur.match","i18n","Struktur-Boni|vollendete Struktur|vollendeter Struktur|vollendete Strukturen|Struktur|Strukturen|Struktur-Kombi","结构|结构加成|完成的结构|结构组合","structure bonuses|completed structure|completed structures|structure|structures","i18n-Katalog (src/i18n) — über t() aufgelöst","","done",""
"glossary.struktur.text","i18n","Eine vollständig bebaute Zeile, Spalte oder Diagonale (eine vollendete Struktur) gibt einen Multiplikator; sie stapeln multiplikativ. Manche Gebäude (Speicherstadt, Sternwarte) zahlen zusätzlich je vollendeter Struktur. Zusammen mit den Distrikt-Faktoren ergibt das den Gebäude-Boost, den die Bauphase oben anzeigt.","一条被完全建满的行、列或对角线（即一个完成的结构）会带来一个倍率；多个结构之间以乘法叠加。部分建筑（仓库城、天文台）还会按完成的结构数量额外结算。它与街区系数一起构成建造阶段顶部显示的建筑加成。","A fully built row, column or diagonal (a completed structure) gives a multiplier; they stack multiplicatively. Some buildings (Warehouse District, Observatory) additionally pay per completed structure. Together with the district factors this makes the building boost the build phase shows at the top.","i18n-Katalog (src/i18n) — über t() aufgelöst","","done",""
"glossary.stufe.label","i18n","Stufe I–IV","阶I–IV","Tier I–IV","i18n-Katalog (src/i18n) — über t() aufgelöst","","done",""
"glossary.stufe.match","i18n","Stufe|Stufen","阶|等级","tier|tiers","i18n-Katalog (src/i18n) — über t() aufgelöst","","done",""
"glossary.stufe.text","i18n","Der Rang einer Familie. Höhere Stufen sind stärker und werden seltener angeboten; Stufe IV schließt die Familie ab.","一个系列的档次。更高的阶更强，出现得也更少；IV阶是这个系列的终点。","The rank of a family. Higher tiers are stronger and offered more rarely; tier IV completes the family.","i18n-Katalog (src/i18n) — über t() aufgelöst","","done",""
"glossary.subtitle","i18n","Begriffe & Sonderregeln, keine einzelnen Perks/Skills","术语与特殊规则，不含具体的天赋/技能","Terms & special rules, no individual perks/skills","i18n-Katalog (src/i18n) — über t() aufgelöst","","done",""
"glossary.title","i18n","Glossar","术语表","Glossary","i18n-Katalog (src/i18n) — über t() aufgelöst","","done",""
"glossary.treppe.label","i18n","Treppe","阶梯","Stair","i18n-Katalog (src/i18n) — über t() aufgelöst","","done",""
"glossary.treppe.match","i18n","Treppe|Treppen","阶梯|递增","stair|stairs","i18n-Katalog (src/i18n) — über t() aufgelöst","","done",""
"glossary.treppe.text","i18n","≥3 streng steigende Werte (Schritt ≤4). Ab der 3. ×1,35, je weitere +0,20.","≥3个严格递增的数值（步长≤4）。从第3张起×1.35，每多一张+0.20。","3 or more strictly rising values (step of 4 or less). From the 3rd ×1.35, +0.20 for each further one.","i18n-Katalog (src/i18n) — über t() aufgelöst","","done",""
"glossary.trimmen.label","i18n","Trimmen","修剪","Pruning","i18n-Katalog (src/i18n) — über t() aufgelöst","","done",""
"glossary.trimmen.match","i18n","Trimmen|Trimmung|Trimmungen|getrimmt","修剪|修剪过的","pruning|prunings|pruned","i18n-Katalog (src/i18n) — über t() aufgelöst","","done",""
"glossary.trimmen.text","i18n","Der Wendepunkt vom Wachsen zum Ernten: ersetzt du einen Wachstums-Skill (Aussaat, Flugsamen, Setzlingsbeet, Zäher Halm, Ausläufer, Rhizom), zählt das als Trimmung → dauerhaft +20 % Wurzel- & Blüten-Score, je mehr Trimmungen desto höher (bis +150 %). Die Wachstums-Skills sterben so nicht, sie veredeln die Ernte.","从生长转向收获的拐点：当你替换掉一个生长技能（播种、飞种、苗床、韧茎、匍匐茎、根茎），这就算一次修剪 → 永久+20%根系与花朵得分，修剪次数越多越高（最高+150%）。生长技能不会就此消失，它们把收获提纯了。","The turning point from growing to harvesting: replace a growth skill (Sowing, Wind Seeds, Seedbed, Tough Stalk, Runners, Rhizome) and it counts as a pruning → permanently +20% root and bloom score, rising with every further pruning (up to +150%). The growth skills do not die that way, they refine the harvest.","i18n-Katalog (src/i18n) — über t() aufgelöst","","done",""
"glossary.ueberlappung.label","i18n","Überlappung","重叠","Overlap","i18n-Katalog (src/i18n) — über t() aufgelöst","","done",""
"glossary.ueberlappung.match","i18n","Überlappung","重叠|叠加","overlap|overlaps","i18n-Katalog (src/i18n) — über t() aufgelöst","","done",""
"glossary.ueberlappung.text","i18n","Steckt eine Karte in mehreren Formationen, wird ihr Faktor zusätzlich multipliziert: 2 → ×1,5 · 3 → ×2 · 4 → ×3.","当一张卡牌同时处在多个阵型里，它的系数会再被相乘：2个 → ×1.5 · 3个 → ×2 · 4个 → ×3。","If a card sits in several formations, its factor is multiplied on top: 2 → ×1.5 · 3 → ×2 · 4 → ×3.","i18n-Katalog (src/i18n) — über t() aufgelöst","","done",""
"glossary.ueberlauf.label","i18n","Überlauf","溢出","Overflow","i18n-Katalog (src/i18n) — über t() aufgelöst","","done",""
"glossary.ueberlauf.match","i18n","Überlauf|Überlauf-Wachstum","溢出|溢出生长","overflow|overflow growth","i18n-Katalog (src/i18n) — über t() aufgelöst","","done",""
"glossary.ueberlauf.text","i18n","Sammelt eine Karte mehr an, als ihr normaler Nutzen verwertet (Wachstum über dem Wert-Deckel 11, Hitze über 100 %), sonst wäre er verschwendet. Feuer (Weißglut) staut ihn als Überhitzung auf; die Legendären (Weltenbaum/Mutterbaum) verwandeln den großen Rest.","当一张卡牌积累的超出了它正常能用掉的部分（生长超过数值上限11，热量超过100%），这部分本来就会被浪费。火（白热）把它积成过热；传说（世界树、母树）把剩下的大头转化掉。","What a card accumulates beyond what its normal use can absorb (growth above the value cap of 11, heat above 100%), which would otherwise be wasted. Fire (white heat) banks it as overheat; the legendaries (World Tree/Mother Tree) convert the large remainder.","i18n-Katalog (src/i18n) — über t() aufgelöst","","done",""
"glossary.upgradebaum.label","i18n","Upgrade-Baum","升级树","Upgrade tree","i18n-Katalog (src/i18n) — über t() aufgelöst","","done",""
"glossary.upgradebaum.match","i18n","Upgrade-Baum|Upgrades","升级树|升级节点","upgrade tree|upgrades","i18n-Katalog (src/i18n) — über t() aufgelöst","","done",""
"glossary.upgradebaum.text","i18n","Der laufübergreifende Fortschritt: Für Stichpunkte kaufst du Knoten, die neue Archetypen, höhere Raritäten, mehr Baufeld, mehr Formations-Energie, bessere Drop-Raten und die Legendär-Phasen freischalten. Im Ranglisten-Lauf hat er keine Wirkung.","跨对局的进度：你用墩点购买节点，解锁新的流派、更高的稀有度、更大的建造区、更多布阵能量、更好的掉落率以及传说阶段。在排位对局里它不生效。","The cross-run progression: for Trick Points you buy nodes that unlock new archetypes, higher rarities, more build space, more order energy, better drop rates and the legendary phases. In a ranked run it has no effect.","i18n-Katalog (src/i18n) — über t() aufgelöst","","done",""
"glossary.upgradetyp.label","i18n","Aufwertungs-Typen","升级类型","Upgrade types","i18n-Katalog (src/i18n) — über t() aufgelöst","","done",""
"glossary.upgradetyp.match","i18n","Regelersetzung|Kumulativ","规则替换|累积","replacement|cumulative","i18n-Katalog (src/i18n) — über t() aufgelöst","","done",""
"glossary.upgradetyp.text","i18n","Wie eine Familie beim Aufwerten wirkt: Regelersetzung (nur höchste Stufe zählt) · Kumulativ (jede Stufe wirkt einmalig) · Rolle (Ziel behält Rolle, Zahlen steigen).","一个系列在升级时如何生效：规则替换（只有最高阶算数） · 累积（每一阶各生效一次） · 角色（目标保留角色，数字变大）。","How a family behaves when upgraded: replacement (only the highest tier counts) · cumulative (every tier applies once) · role (the target keeps its role, the numbers rise).","i18n-Katalog (src/i18n) — über t() aufgelöst","","done",""
"glossary.versetzen.label","i18n","Versetzen","移动","Move","i18n-Katalog (src/i18n) — über t() aufgelöst","","done",""
"glossary.versetzen.match","i18n","Versetzen","移动|挪动","move|moving","i18n-Katalog (src/i18n) — über t() aufgelöst","","done",""
"glossary.versetzen.text","i18n","Ein bestehendes Gebäude auf dem Brett verschieben oder drehen (eigene Phase nach dem Bauen).","在棋盘上移动或旋转一座已有的建筑（建造之后单独的一个阶段）。","Shift or rotate an existing building on the board (its own phase after building).","i18n-Katalog (src/i18n) — über t() aufgelöst","","done",""
"glossary.wechsel.label","i18n","Wechsel","交错","Zigzag","i18n-Katalog (src/i18n) — über t() aufgelöst","","done",""
"glossary.wechsel.match","i18n","Wechsel","交错|锯齿|之字","zigzag|zigzags","i18n-Katalog (src/i18n) — über t() aufgelöst","","done",""
"glossary.wechsel.text","i18n","≥3 im Zick-Zack (Nachbardifferenz ≥4). Ab der 3. ×1,40, je weitere +0,20.","≥3张呈锯齿排列（相邻差值≥4）。从第3张起×1.40，每多一张+0.20。","3 or more in a zigzag (neighbour difference of 4 or more). From the 3rd ×1.40, +0.20 for each further one.","i18n-Katalog (src/i18n) — über t() aufgelöst","","done",""
"glossary.weekmod.label","i18n","Wochen-Modifikator","每周修正项","Weekly modifier","i18n-Katalog (src/i18n) — über t() aufgelöst","","done",""
"glossary.weekmod.match","i18n","Wochen-Modifikator|Wochen-Modifikatoren|Modifikator|Modifikatoren","每周修正项|修正项","weekly modifier|weekly modifiers|modifier|modifiers","i18n-Katalog (src/i18n) — über t() aufgelöst","","done",""
"glossary.weekmod.text","i18n","Drei bis fünf Regeländerungen, die jede Woche neu gewürfelt werden und für alle gleich gelten (mindestens zwei positive, mindestens eine negative). Sie hängen am Wochen-Seed, nicht an deinem Profil.","每周重新抽取、对所有人同样生效的三到五条规则改动（至少两条正面，至少一条负面）。它们挂在每周的种子上，而不是你的存档上。","Three to five rule changes, rolled anew every week and the same for everyone (at least two positive, at least one negative). They hang on the weekly seed, not on your profile.","i18n-Katalog (src/i18n) — über t() aufgelöst","","done",""
"glossary.wertvorsprung.label","i18n","Kampfwert-Vorsprung","战斗数值领先","Combat-value margin","i18n-Katalog (src/i18n) — über t() aufgelöst","","done",""
"glossary.wertvorsprung.match","i18n","Kampfwert-Vorsprung|Wertvorsprung|Vorsprung|Wertabstand","战斗数值领先|领先|领先幅度|数值差","combat-value margin|margin|value gap","i18n-Katalog (src/i18n) — über t() aufgelöst","","done",""
"glossary.wertvorsprung.text","i18n","Der Abstand zwischen deinem Kampfwert und dem der Gegnerkarte, also Kartenwert plus Stichwert-Boni, nicht nur der Kartenwert. Nicht ob du gewinnst zählt für Feuer, sondern wie klar: Hitze und Feuer-Score wachsen mit dem Vorsprung.","你的战斗数值与对手卡牌之间的差距，也就是卡牌数值加上墩值加成，而不只是卡牌数值。对火来说，重要的不是你是否获胜，而是赢得多干脆：热量和火焰得分都随领先增长。","The gap between your combat value and the opponent card's, card value plus trick-value bonuses, not just the card value. For fire it is not whether you win that counts, but by how much: heat and fire score grow with the margin.","i18n-Katalog (src/i18n) — über t() aufgelöst","","done",""
"glossary.whiteheat.label","i18n","Weißglut","白热","White heat","i18n-Katalog (src/i18n) — über t() aufgelöst","","done",""
"glossary.whiteheat.match","i18n","Weißglut|Überhitzung","白热|过热","white heat|overheat","i18n-Katalog (src/i18n) — über t() aufgelöst","","done",""
"glossary.whiteheat.text","i18n","Der Hitze-Überlauf: Ist die Hitzeleiste voll, staut sich jeder weitere Hitzegewinn als Überhitzung auf (bis 150 %); je heißer, desto weniger davon kommt an. Jeder Punkt Überhitzung gibt +2 % auf deinen Feuer-Score und baut sich je Stich wieder ab. Braucht den Skill Weißglut.","热量的溢出：热量条满了以后，继续获得的热量会积成过热（最高到150%）；越热，进账越少。每一点过热给予你的火焰得分+2%，并且每墩都会衰减一些。需要技能白热。","The heat overflow: once the heat bar is full, every further heat gain banks as overheat (up to 150%); the hotter you are, the less of it arrives. Every point of overheat gives +2% on your fire score, and it decays again every trick. Requires the skill White Heat.","i18n-Katalog (src/i18n) — über t() aufgelöst","","done",""
"glossary.wiederholung.label","i18n","Wiederholung","重复","Repeat","i18n-Katalog (src/i18n) — über t() aufgelöst","","done",""
"glossary.wiederholung.match","i18n","Wiederholung|Wiederholungen","重复|相同数值","repeat|repeats","i18n-Katalog (src/i18n) — über t() aufgelöst","","done",""
"glossary.wiederholung.text","i18n","≥2 gleiche Werte nebeneinander. 2. Karte ×1,25, 3. ×1,50, 4. ×1,80, danach je +0,40.","相邻有≥2个相同数值。第2张×1.25，第3张×1.50，第4张×1.80，之后每张+0.40。","2 or more equal values next to each other. 2nd card ×1.25, 3rd ×1.50, 4th ×1.80, then +0.40 each.","i18n-Katalog (src/i18n) — über t() aufgelöst","","done",""
"glossary.wurzeln.label","i18n","Wurzeln","根系","Roots","i18n-Katalog (src/i18n) — über t() aufgelöst","","done",""
"glossary.wurzeln.match","i18n","Wurzeln|Wurzel-Score|Wurzeln-Score","根系|根系得分","roots|root score","i18n-Katalog (src/i18n) — über t() aufgelöst","","done",""
"glossary.wurzeln.text","i18n","Solange du nur Pflanzen-Skills hältst, machen grüne Siege die Karte wertvoller: je 4 Wachstum +1 Kartenwert (bis 11), ab 4 Skills auch bei jeder 2. Niederlage. Das Wachstum bleibt dabei erhalten und zählt weiter für Wurzel-Score und die Legendären.","只要你只持有植物技能，绿色的获胜就会让卡牌更值钱：每4点生长+1卡牌数值（最高到11），持有4个技能起，每2次失败也会加一次。生长本身会保留，并继续计入根系得分和传说效果。","As long as you hold only plant skills, green wins make the card more valuable: +1 card value per 4 growth (up to 11), and from 4 skills also on every 2nd loss. The growth is kept and keeps counting for root score and the legendaries.","i18n-Katalog (src/i18n) — über t() aufgelöst","","done",""
"glossary.ziehreihenfolge.label","i18n","Ziehreihenfolge","牌序","Draw order","i18n-Katalog (src/i18n) — über t() aufgelöst","","done",""
"glossary.ziehreihenfolge.match","i18n","Ziehreihenfolge|Kartenreihenfolge","牌序|出牌顺序|卡牌顺序","draw order|card order","i18n-Katalog (src/i18n) — über t() aufgelöst","","done",""
"glossary.ziehreihenfolge.text","i18n","Die feste Reihenfolge, in der deine Karten gespielt werden; sie bleibt über Durchläufe stabil (nur der Gegner mischt).","你的卡牌被打出的固定顺序；它在各轮之间保持不变（只有对手会洗牌）。","The fixed order in which your cards are played; they stay stable across cycles (only the opponent shuffles).","i18n-Katalog (src/i18n) — über t() aufgelöst","","done",""
"graphs.cycle.title","i18n","Durchlauf {n}: {score}","第{n}轮：{score}","Cycle {n}: {score}","i18n-Katalog (src/i18n) — über t() aufgelöst","","done",""
"graphs.cycleAbbr","i18n","D{n}","第{n}轮","C{n}","i18n-Katalog (src/i18n) — über t() aufgelöst","","done",""
"graphs.noWin","i18n","kein Sieg","未获胜","no win","i18n-Katalog (src/i18n) — über t() aufgelöst","","done",""
"graphs.perTrick.open","i18n","Stich-Score je Durchlauf ansehen","查看每轮的单墩得分","See trick score per cycle","i18n-Katalog (src/i18n) — über t() aufgelöst","","done",""
"graphs.scaleHint","i18n","Höhe = Score je Stich (je Durchlauf eigene Skala)","高度代表每墩得分（每轮各有自己的刻度）","Height = score per trick (each cycle has its own scale)","i18n-Katalog (src/i18n) — über t() aufgelöst","","done",""
"graphs.src.building","i18n","Gebäude","建筑","Buildings","i18n-Katalog (src/i18n) — über t() aufgelöst","","done",""
"graphs.src.crit","i18n","Crit","暴击","Crit","i18n-Katalog (src/i18n) — über t() aufgelöst","","done",""
"graphs.src.fire","i18n","Feuer-Score","火焰得分","Fire score","i18n-Katalog (src/i18n) — über t() aufgelöst","","done",""
"graphs.src.formation","i18n","Formation","阵型","Formation","i18n-Katalog (src/i18n) — über t() aufgelöst","","done",""
"graphs.src.glacier","i18n","Gletscher-Ertrag","冰川产出","Glacier yield","i18n-Katalog (src/i18n) — über t() aufgelöst","","done",""
"graphs.src.light","i18n","Blitz-Ertrag","闪电产出","Lightning yield","i18n-Katalog (src/i18n) — über t() aufgelöst","","done",""
"graphs.src.plant","i18n","Wurzel + Blüte","根系+花朵","Root + bloom","i18n-Katalog (src/i18n) — über t() aufgelöst","","done",""
"graphs.src.rest","i18n","Sonstige","其他","Other","i18n-Katalog (src/i18n) — über t() aufgelöst","","done",""
"graphs.src.serie","i18n","Serie","连胜","Streak","i18n-Katalog (src/i18n) — über t() aufgelöst","","done",""
"graphs.trick.title","i18n","Stich {n}: {score} · {result}","第{n}墩：{score} · {result}","Trick {n}: {score} · {result}","i18n-Katalog (src/i18n) — über t() aufgelöst","","done",""
"graphs.win","i18n","Sieg","获胜","win","i18n-Katalog (src/i18n) — über t() aufgelöst","","done",""
"guide.archOf","i18n","Archetyp {n} von {total}","第{n}个流派，共{total}个","Archetype {n} of {total}","i18n-Katalog (src/i18n) — über t() aufgelöst","","done",""
"guide.core","i18n","Kernidee","核心思路","Core idea","i18n-Katalog (src/i18n) — über t() aufgelöst","","done",""
"guide.fire.kernidee","i18n","Feuer belohnt nicht bloßes Gewinnen, sondern **überlegenes** Gewinnen. Je größer dein **Kampfwert-Vorsprung**, desto heißer die Leiste, und desto härter schlägt jeder Sieg zu. Der Archetyp der brachialen Dominanz.","火奖励的不是单纯获胜，而是**压倒性地**获胜。你的**战斗数值领先**越大，热量条越高，每次获胜也砸得越狠。这是纯粹碾压的流派。","Fire does not reward merely winning, it rewards **superior** winning. The bigger your **margin**, the hotter the bar, and the harder every win lands. The archetype of brute dominance.","i18n-Katalog (src/i18n) — über t() aufgelöst","","done",""
"guide.fire.loop.center.0","i18n","FEUERWALZE","火浪","FIRE ROLL","i18n-Katalog (src/i18n) — über t() aufgelöst","","done",""
"guide.fire.loop.center.1","i18n","rollt weiter","继续推进","keeps rolling","i18n-Katalog (src/i18n) — über t() aufgelöst","","done",""
"guide.fire.loop.nodes.0","i18n","Vorsprung","领先","Margin","i18n-Katalog (src/i18n) — über t() aufgelöst","","done",""
"guide.fire.loop.nodes.1","i18n","Hitze ↑","热量 ↑","Heat ↑","i18n-Katalog (src/i18n) — über t() aufgelöst","","done",""
"guide.fire.loop.nodes.2","i18n","Karten ↑","卡牌 ↑","Cards ↑","i18n-Katalog (src/i18n) — über t() aufgelöst","","done",""
"guide.fire.loop.nodes.3","i18n","Boni","加成","Bonuses","i18n-Katalog (src/i18n) — über t() aufgelöst","","done",""
"guide.fire.loop.steps.0","i18n","Gewinne mit **großem Vorsprung** → viel **Hitze** und sofort direkten Score (er zählt flach, ohne Umwege).","以**很大的领先**获胜 → 大量**热量**，并立刻给出直接得分（它平铺结算，不绕弯）。","Win with a **big margin** → plenty of **heat** and immediate direct score (it counts flat, no detours).","i18n-Katalog (src/i18n) — über t() aufgelöst","","done",""
"guide.fire.loop.steps.1","i18n","Gehaltene Hitze zahlt zusätzlich bei jedem Sieg die **Glutdividende**, Feuers Motor, der immer läuft.","持有的热量还会在每次获胜时支付**余烬分红**，这是火那台一直在转的引擎。","Heat you hold additionally pays the **ember dividend** on every win, Fire's engine, always running.","i18n-Katalog (src/i18n) — über t() aufgelöst","","done",""
"guide.fire.loop.steps.2","i18n","Mit Glühender Klinge schaltet hohe Hitze **Schwellen-Boni** frei → deine Karten bekommen Stichwert → du gewinnst noch klarer. Die oberen Stufen musst du dir je Segment mit einem deutlichen Sieg neu verdienen.","配上炽刃，高热量会解锁**阈值加成** → 你的卡牌获得墩值 → 你赢得更干脆。更高的档位需要你在每个区段用一次明显的胜利重新挣回来。","With Glowing Blade, high heat unlocks **threshold bonuses** → your cards gain trick value → you win even more clearly. The upper steps have to be re-earned each segment with one decisive win.","i18n-Katalog (src/i18n) — über t() aufgelöst","","done",""
"guide.fire.loop.steps.3","i18n","Parallel: **Brände** schwächen Gegnerkarten und füllen die **Schmiede** → deine Karten werden dauerhaft stärker, die Margen wachsen mit.","同时进行：**烙印**削弱对手卡牌并填充**锻炉** → 你的卡牌永久变强，领先幅度也跟着变大。","In parallel: **brands** weaken opponent cards and fill the **forge** → your cards get permanently stronger, and the margins grow with them.","i18n-Katalog (src/i18n) — über t() aufgelöst","","done",""
"guide.fire.loop.valve","i18n","Ist die Leiste **voll**, verfällt weiterer Hitzegewinn, es sei denn, du hältst den Skill **Weißglut**: dann staut sich der Überschuss als **Überhitzung** auf und hebt deinen gesamten Feuer-Score, solange du sie fütterst. Und wann immer du willst, schüttest du die gesammelte Hitze aus: als einen großen Schlag oder als steten Tropf.","热量条**满**了以后，继续获得的热量就会流失，除非你持有技能**白热**：这时多余的热量会积成**过热**，只要你不断喂它，它就会抬高你全部的火焰得分。而且你随时都可以把攒下的热量倾泻出去：要么一次爆发，要么细水长流。","Once the bar is **full**, further heat gain is wasted, unless you hold the skill **White Heat**: then the surplus banks as **overheat** and lifts your entire fire score for as long as you keep feeding it. And whenever you like, you release the heat you have gathered: as one big blow or as a steady drip.","i18n-Katalog (src/i18n) — über t() aufgelöst","","done",""
"guide.fire.pillars.0.name","i18n","Kampfwert-Vorsprung","战斗数值领先","Margin","i18n-Katalog (src/i18n) — über t() aufgelöst","","done",""
"guide.fire.pillars.0.sub","i18n","· die Marge","· 领先幅度","· the gap","i18n-Katalog (src/i18n) — über t() aufgelöst","","done",""
"guide.fire.pillars.0.text","i18n","Feuers eigentliche Währung. Nicht **ob** du gewinnst zählt, sondern **wie klar**. Ein knapper Sieg zahlt kaum, ein erdrückender zahlt massiv.","火真正的货币。重要的不是你**是否**赢，而是赢得**多干脆**。险胜几乎不给分，碾压则给得很多。","Fire's real currency. It is not **whether** you win that counts, but **by how much**. A narrow win pays almost nothing, a crushing one pays massively.","i18n-Katalog (src/i18n) — über t() aufgelöst","","done",""
"guide.fire.pillars.1.name","i18n","Hitze","热量","Heat","i18n-Katalog (src/i18n) — über t() aufgelöst","","done",""
"guide.fire.pillars.1.text","i18n","Die Leiste (leer bis voll). Jeder Sieg heizt sie auf, vor allem mit Vorsprung; klare Niederlagen kühlen sie ab. Gehaltene Hitze zahlt bei **jedem** Feuer-Sieg eine **Glutdividende** direkt aus; dazu ist sie ein Vorrat zum **Ausschütten**, und mit dem Skill Glühende Klinge macht sie deine Karten stärker.","那条从空到满的条。每次获胜都给它加温，领先越多加得越多；输得明显会让它降温。持有的热量会在**每一次**火焰获胜时直接支付一份**余烬分红**；同时它也是一份可以**倾泻**出去的储量，配上炽刃技能还能让你的卡牌更强。","The bar (empty to full). Every win heats it up, above all with a margin; clear losses cool it down. Heat you hold pays an **ember dividend** on **every** fire win; on top of that it is a reserve to **release**, and with the skill Glowing Blade it makes your cards stronger.","i18n-Katalog (src/i18n) — über t() aufgelöst","","done",""
"guide.fire.pillars.2.name","i18n","Asche & Schmiede","灰烬与锻炉","Ash & forge","i18n-Katalog (src/i18n) — über t() aufgelöst","","done",""
"guide.fire.pillars.2.text","i18n","Die dauerhafte Investition. Brände senken Gegnerkarten und geben Asche; die Schmiede verwandelt Asche in **bleibenden Kartenwert**.","长期的投资。烙印会压低对手卡牌并给出灰烬；锻炉把灰烬变成**留得住的卡牌数值**。","The lasting investment. Brands lower opponent cards and give ash; the forge turns ash into **permanent card value**.","i18n-Katalog (src/i18n) — über t() aufgelöst","","done",""
"guide.fire.pillarsLabel","i18n","Die drei Ressourcen","三种资源","The three resources","i18n-Katalog (src/i18n) — über t() aufgelöst","","done",""
"guide.fire.principle.0.tag","i18n","Marge","幅度","Margin","i18n-Katalog (src/i18n) — über t() aufgelöst","","done",""
"guide.fire.principle.0.text","i18n","**Gewinne groß, nicht knapp.** Feuers Währung ist der Vorsprung. Baue Karten und Aufstellung auf klare Überlegenheit. Ein erdrückender Sieg ist ein Vielfaches eines knappen wert.","**要赢得大，不要赢得险。**火的货币是领先幅度。把卡牌和布阵都朝着明显优势去搭。一场碾压胜利抵得上好几场险胜。","**Win big, not narrow.** Fire's currency is the margin. Build your cards and your draw order for clear superiority. A crushing win is worth a multiple of a narrow one.","i18n-Katalog (src/i18n) — über t() aufgelöst","","done",""
"guide.fire.principle.1.tag","i18n","Payoff","回报","Payoff","i18n-Katalog (src/i18n) — über t() aufgelöst","","done",""
"guide.fire.principle.1.text","i18n","**Hitze halten heißt Auszahlung.** Je höher die Leiste, desto größer die Dividende jedes Siegs, und mit Glühender Klinge zusätzlich der Wert deiner Karten. Niederlagen kühlen ab; schütze deine Hitze, um oben zu bleiben.","**守住热量就是收钱。**条越高，每次获胜的分红越大，配上炽刃还会加上你卡牌的数值。失败会降温；保护好你的热量，才能一直待在高位。","**Holding heat means getting paid.** The higher the bar, the bigger the dividend on every win, and with Glowing Blade the value of your cards on top. Losses cool you down; protect your heat to stay up there.","i18n-Katalog (src/i18n) — über t() aufgelöst","","done",""
"guide.fire.principle.2.tag","i18n","Wahl","取舍","Choice","i18n-Katalog (src/i18n) — über t() aufgelöst","","done",""
"guide.fire.principle.2.text","i18n","**Ausschütten oder halten.** Verwandle die Hitze in Score-Schübe (Feuer-Konsumenten sind **kombinierbar**), oder halte sie einfach hoch und lebe von den Schwellen-Boni.","**倾泻还是持有。**你可以把热量换成一波波得分（火焰消耗者是**可以叠用**的），也可以就让它保持高位，靠阈值加成过日子。","**Release or hold.** Turn the heat into bursts of score (fire consumers **combine**), or simply keep it high and live off the threshold bonuses.","i18n-Katalog (src/i18n) — über t() aufgelöst","","done",""
"guide.fire.principle.3.tag","i18n","Schmiede","锻炉","Forge","i18n-Katalog (src/i18n) — über t() aufgelöst","","done",""
"guide.fire.principle.3.text","i18n","**Die Schmiede sammelt.** Brand → Asche → dauerhafter Kartenwert. Diese Linie zahlt sich nicht sofort aus, sondern verbreitert deine Margen über den ganzen Lauf.","**锻炉在攒。**烙印 → 灰烬 → 永久的卡牌数值。这条线不会马上回本，但它会在整局里把你的领先幅度越拉越宽。","**The forge accumulates.** Brand → ash → permanent card value. That line does not pay off at once; it widens your margins across the whole run.","i18n-Katalog (src/i18n) — über t() aufgelöst","","done",""
"guide.fire.status.bars.0.name","i18n","Hitze","热量","Heat","i18n-Katalog (src/i18n) — über t() aufgelöst","","done",""
"guide.fire.status.bars.0.scale.0","i18n","kalt","冷","cold","i18n-Katalog (src/i18n) — über t() aufgelöst","","done",""
"guide.fire.status.bars.0.scale.1","i18n","↑ Schwellen-Boni ↑","↑ 阈值加成 ↑","↑ threshold bonuses ↑","i18n-Katalog (src/i18n) — über t() aufgelöst","","done",""
"guide.fire.status.bars.0.scale.2","i18n","voll → Überlauf","满 → 溢出","full → overflow","i18n-Katalog (src/i18n) — über t() aufgelöst","","done",""
"guide.fire.status.label","i18n","Wie heiß bist du?","你有多热？","How hot are you?","i18n-Katalog (src/i18n) — über t() aufgelöst","","done",""
"guide.fire.subtitle","i18n","Hitze belohnt totale Überlegenheit: je klarer du einen Stich dominierst, desto heißer die Leiste und desto mehr Score fällt sofort ab.","热量奖励压倒性的优势：你把一墩赢得越干脆，热量条就越高，立刻掉落的得分也越多。","Heat rewards total superiority: the more clearly you dominate a trick, the hotter the bar and the more score falls off immediately.","i18n-Katalog (src/i18n) — über t() aufgelöst","","done",""
"guide.ice.kernidee","i18n","Du **frierst Karten zu Gletschern fest**; sie sammeln unaufhaltsam **Masse** an; wenn ein Gletscher **bricht**, entlädt sich ein gewaltiger Score, der auf seine Nachbarn übergreift. Wo Pflanze in die Tiefe wächst, wächst Eis in die **Fläche**.","你把**卡牌冻结成冰川**；它们不可阻挡地积累**质量**；当一座冰川**碎裂**时，会释放出巨大的得分，并波及它的邻居。植物往深处长，冰则往**面**上长。","You **freeze cards into glaciers**; they gather **mass** unstoppably; when a glacier **bursts**, an enormous score discharges and spreads to its neighbours. Where Plant grows in depth, Ice grows in **area**.","i18n-Katalog (src/i18n) — über t() aufgelöst","","done",""
"guide.ice.loop.center.0","i18n","GLETSCHER","冰川","GLACIER","i18n-Katalog (src/i18n) — über t() aufgelöst","","done",""
"guide.ice.loop.center.1","i18n","lädt & bricht","蓄积与碎裂","charges & bursts","i18n-Katalog (src/i18n) — über t() aufgelöst","","done",""
"guide.ice.loop.nodes.0","i18n","Masse ↑","质量 ↑","Mass ↑","i18n-Katalog (src/i18n) — über t() aufgelöst","","done",""
"guide.ice.loop.nodes.1","i18n","Bruch","碎裂","Burst","i18n-Katalog (src/i18n) — über t() aufgelöst","","done",""
"guide.ice.loop.nodes.2","i18n","Kaskade","级联","Cascade","i18n-Katalog (src/i18n) — über t() aufgelöst","","done",""
"guide.ice.loop.nodes.3","i18n","auf null","归零","to zero","i18n-Katalog (src/i18n) — über t() aufgelöst","","done",""
"guide.ice.loop.steps.0","i18n","**Friere Karten fest** → sie werden starr, sammeln ab jetzt aber **Masse** (jeden Durchlauf, unaufhaltsam).","**把卡牌冻住** → 它们变得僵固，但从此开始积累**质量**（每轮都涨，不可阻挡）。","**Freeze cards** → they go rigid, but from then on they gather **mass** (every cycle, unstoppably).","i18n-Katalog (src/i18n) — über t() aufgelöst","","done",""
"guide.ice.loop.steps.1","i18n","Erreicht ein Gletscher die **oberste Schwelle**, **bricht** er mit voller Wucht → großer Berst-Score; danach **fällt er auf null** und lädt neu auf.","当一座冰川达到**最高阈值**，它会全力**碎裂** → 巨额碎裂得分；之后它**归零**并重新蓄积。","When a glacier reaches the **top threshold**, it **bursts** with full force → a large burst score; then it **drops to zero** and charges again.","i18n-Katalog (src/i18n) — über t() aufgelöst","","done",""
"guide.ice.loop.steps.2","i18n","Stehen Gletscher **dicht beieinander**, verstärkt jeder Bruch die Nachbarn und kann eine **Kaskade** durchs Cluster rollen lassen.","冰川**挨得近**时，每次碎裂都会加强邻居，并可能让**级联**滚过整个集群。","When glaciers stand **close together**, every burst amplifies its neighbours and can send a **cascade** rolling through the cluster.","i18n-Katalog (src/i18n) — über t() aufgelöst","","done",""
"guide.ice.loop.steps.3","i18n","Schießt ein Gletscher **über die Schwelle hinaus**, wird der Überschuss sofort als Score ausgezahlt, nichts geht verloren.","如果一座冰川**冲过了阈值**，超出的部分会立刻作为得分支付，什么也不会浪费。","If a glacier shoots **past the threshold**, the surplus is paid out as score immediately, nothing is lost.","i18n-Katalog (src/i18n) — über t() aufgelöst","","done",""
"guide.ice.loop.steps.4","i18n","**Schnee** sammelt sich auf offenen Feldern (Dauerfrost, Schneetreiben, Eiszeit) und wird zur **Reserve** des Gletschers, der später dort einfriert; sie füllt ihn nach jedem Bruch wieder auf.","**积雪**会积在空着的格子上（永冻、暴雪、冰期），并成为之后在那里冻结的冰川的**储量**；每次碎裂之后它都会把冰川补满。","**Snow** gathers on open cells (Permafrost, Snowdrift, Ice Age) and becomes the **reserve** of the glacier that later freezes there; it refills that glacier after every burst.","i18n-Katalog (src/i18n) — über t() aufgelöst","","done",""
"guide.ice.loop.valve","i18n","Ein Gletscher ist **starr**: du gibst seine Umstellbarkeit auf. Dafür ist er **unaufhaltsam**: die Masse steigt nur, und der Bruch hängt an ihr, nicht am Stich; er kommt, ob die Karte den Stich gewinnt oder verliert.","冰川是**僵固**的：你放弃了它的可调整性。作为交换，它**不可阻挡**：质量只会上升，而碎裂取决于质量，不取决于这一墩；无论那张卡牌赢还是输，碎裂都会来。","A glacier is **rigid**: you give up the ability to move it. In exchange it is **unstoppable**: the mass only rises, and the burst hangs on the mass, not on the trick; it comes whether the card wins or loses.","i18n-Katalog (src/i18n) — über t() aufgelöst","","done",""
"guide.ice.pillars.0.name","i18n","Masse","质量","Mass","i18n-Katalog (src/i18n) — über t() aufgelöst","","done",""
"guide.ice.pillars.0.sub","i18n","· die Ressource","· 资源","· the resource","i18n-Katalog (src/i18n) — über t() aufgelöst","","done",""
"guide.ice.pillars.0.text","i18n","Sie sammelt sich auf dem **Brettfeld** an (nicht auf der Karte), jeden Durchlauf ein Stück, ganz von selbst bei Sieg wie Niederlage, und mehr, wenn ein Gletscher gewinnt. Masse fällt nie.","它积在**棋盘格**上，而不是卡牌上，每轮涨一点，无论胜负都会自己涨，冰川获胜时涨得更多。质量从不下降。","It gathers on the **board cell** (not on the card), a little every cycle, all by itself on a win or a loss, and more when a glacier wins. Mass never falls.","i18n-Katalog (src/i18n) — über t() aufgelöst","","done",""
"guide.ice.pillars.1.name","i18n","Der Bruch","碎裂","The burst","i18n-Katalog (src/i18n) — über t() aufgelöst","","done",""
"guide.ice.pillars.1.sub","i18n","· der Payoff","· 回报","· the payoff","i18n-Katalog (src/i18n) — über t() aufgelöst","","done",""
"guide.ice.pillars.1.text","i18n","Ein Gletscher **hält und wächst**, bis seine Masse die **oberste Schwelle** erreicht. Dann bricht er mit voller Wucht und **fällt zurück auf null**. Hat das Feld eine **Boden-Reserve**, zieht er daraus sofort wieder hoch; sonst baut er von unten neu auf.","一座冰川会**一直撑着长大**，直到质量达到**最高阈值**。然后它全力碎裂，并**归零**。如果这个格子有**地面储量**，它会立刻从里面补回来；否则就从底部重新积累。","A glacier **holds and grows** until its mass reaches the **top threshold**. Then it bursts with full force and **drops back to zero**. If the cell has a **ground reserve**, it pulls straight back up from it; otherwise it builds again from the bottom.","i18n-Katalog (src/i18n) — über t() aufgelöst","","done",""
"guide.ice.pillars.2.name","i18n","Das Cluster","集群","The cluster","i18n-Katalog (src/i18n) — über t() aufgelöst","","done",""
"guide.ice.pillars.2.sub","i18n","· der Multiplikator","· 倍率","· the multiplier","i18n-Katalog (src/i18n) — über t() aufgelöst","","done",""
"guide.ice.pillars.2.text","i18n","Gletscher **nebeneinander** verstärken einander: je dichter das Feld, desto heftiger jeder Bruch. Ein Bruch kann eine **Kaskade** durchs ganze Cluster auslösen.","**彼此相邻**的冰川会互相加强：场面越密，每次碎裂越猛。一次碎裂可以在整个集群里引发**级联**。","Glaciers **next to each other** amplify one another: the denser the field, the fiercer every burst. One burst can set off a **cascade** through the whole cluster.","i18n-Katalog (src/i18n) — über t() aufgelöst","","done",""
"guide.ice.pillarsLabel","i18n","Die drei Säulen","三根支柱","The three pillars","i18n-Katalog (src/i18n) — über t() aufgelöst","","done",""
"guide.ice.principle.0.tag","i18n","Dichte","密度","Density","i18n-Katalog (src/i18n) — über t() aufgelöst","","done",""
"guide.ice.principle.0.text","i18n","**Bau ein dichtes Feld.** Ein einzelner Gletscher ist okay, ein **Cluster** ist der Multiplikator. Friere Karten so, dass sie Nachbarn werden; die Kaskade lebt von der Dichte.","**把场面铺密。**单独一座冰川还行，**集群**才是倍率。冻结卡牌时让它们彼此相邻；级联靠的就是密度。","**Build a dense field.** A single glacier is fine, a **cluster** is the multiplier. Freeze cards so that they become neighbours; the cascade lives off density.","i18n-Katalog (src/i18n) — über t() aufgelöst","","done",""
"guide.ice.principle.1.tag","i18n","Position","位置","Position","i18n-Katalog (src/i18n) — über t() aufgelöst","","done",""
"guide.ice.principle.1.text","i18n","**Position statt Flexibilität.** Jeder Gletscher fixiert eine Karte für immer. Plane das Brett voraus: setze Anker, lass Lücken für spätere Nachbarn.","**用灵活换位置。**每座冰川都把一张卡牌永久钉死。提前规划棋盘：先下锚，给之后的邻居留出空位。","**Position over flexibility.** Every glacier fixes a card forever. Plan the board ahead: set anchors, leave gaps for future neighbours.","i18n-Katalog (src/i18n) — über t() aufgelöst","","done",""
"guide.ice.principle.2.tag","i18n","Tempo","节奏","Pace","i18n-Katalog (src/i18n) — über t() aufgelöst","","done",""
"guide.ice.principle.2.text","i18n","**Unaufhaltsam, aber geduldig.** Masse steigt von selbst. Eis verliert nie den Fortschritt, braucht aber Zeit, bis die großen Brüche kommen.","**不可阻挡，但要有耐心。**质量会自己上升。冰从不损失进度，但要等上一段时间，大的碎裂才会来。","**Unstoppable, but patient.** Mass rises on its own. Ice never loses progress, but it needs time before the big bursts come.","i18n-Katalog (src/i18n) — über t() aufgelöst","","done",""
"guide.ice.principle.3.tag","i18n","Bruchstil","碎裂风格","Burst style","i18n-Katalog (src/i18n) — über t() aufgelöst","","done",""
"guide.ice.principle.3.text","i18n","**Halten oder splittern.** Wenige mächtige Gletscher liefern seltene, gewaltige Brüche; ein breites Cluster liefert häufige Kaskaden. Such dir dein Tempo.","**攒大还是打散。**少数几座巨大的冰川带来稀少而惊人的碎裂；一大片集群带来频繁的级联。挑你自己的节奏。","**Hold or splinter.** A few mighty glaciers deliver rare, enormous bursts; a wide cluster delivers frequent cascades. Pick your pace.","i18n-Katalog (src/i18n) — über t() aufgelöst","","done",""
"guide.ice.status.bars.0.name","i18n","Masse","质量","Mass","i18n-Katalog (src/i18n) — über t() aufgelöst","","done",""
"guide.ice.status.bars.0.scale.0","i18n","1. Schwelle","第1阈值","1st threshold","i18n-Katalog (src/i18n) — über t() aufgelöst","","done",""
"guide.ice.status.bars.0.scale.1","i18n","2.","第2","2nd","i18n-Katalog (src/i18n) — über t() aufgelöst","","done",""
"guide.ice.status.bars.0.scale.2","i18n","3.","第3","3rd","i18n-Katalog (src/i18n) — über t() aufgelöst","","done",""
"guide.ice.status.bars.0.scale.3","i18n","Bruch → auf null","碎裂 → 归零","burst → to zero","i18n-Katalog (src/i18n) — über t() aufgelöst","","done",""
"guide.ice.status.label","i18n","Wie voll ist dein Gletscher?","你的冰川攒到几分满？","How full is your glacier?","i18n-Katalog (src/i18n) — über t() aufgelöst","","done",""
"guide.ice.subtitle","i18n","Der räumliche Archetyp: du frierst Karten zu Gletschern fest, sammelst Masse und löst eine Kaskade aus Brüchen aus.","讲空间的流派：你把卡牌冻结成冰川，积累质量，然后引发一连串碎裂。","The spatial archetype: you freeze cards into glaciers, gather mass and set off a cascade of bursts.","i18n-Katalog (src/i18n) — über t() aufgelöst","","done",""
"guide.lightning.kernidee","i18n","Andere Builds warten auf den Zufall. Blitz **baut** den Crit und dreht ihn zu einem Kreislauf, der sich selbst antreibt.","别的构筑在等运气。闪电则**造出**暴击，并把它拧成一个自己驱动自己的循环。","Other builds wait for luck. Lightning **builds** the crit and turns it into a loop that drives itself.","i18n-Katalog (src/i18n) — über t() aufgelöst","","done",""
"guide.lightning.loop.center.0","i18n","STURM","风暴","STORM","i18n-Katalog (src/i18n) — über t() aufgelöst","","done",""
"guide.lightning.loop.center.1","i18n","nährt sich selbst","自我供养","feeds itself","i18n-Katalog (src/i18n) — über t() aufgelöst","","done",""
"guide.lightning.loop.nodes.0","i18n","Crit","暴击","Crit","i18n-Katalog (src/i18n) — über t() aufgelöst","","done",""
"guide.lightning.loop.nodes.1","i18n","Ladung","充能","Charge","i18n-Katalog (src/i18n) — über t() aufgelöst","","done",""
"guide.lightning.loop.nodes.2","i18n","Ionisierung","电离","Ionize","i18n-Katalog (src/i18n) — über t() aufgelöst","","done",""
"guide.lightning.loop.nodes.3","i18n","Feld ↑","全场 ↑","Field ↑","i18n-Katalog (src/i18n) — über t() aufgelöst","","done",""
"guide.lightning.loop.steps.0","i18n","Ein **Crit** (oder Sieg) erzeugt Ladung.","一次**暴击**（或获胜）产生充能。","A **crit** (or a win) generates charge.","i18n-Katalog (src/i18n) — über t() aufgelöst","","done",""
"guide.lightning.loop.steps.1","i18n","Volle Ladung feuert deinen **Konsumenten** → er ionisiert Karten, dann fällt die Ladung zurück.","充满时会触发你的**消耗者** → 它电离卡牌，然后充能回落。","Full charge fires your **consumer** → it ionizes cards, then the charge drops back.","i18n-Katalog (src/i18n) — über t() aufgelöst","","done",""
"guide.lightning.loop.steps.2","i18n","Hältst du die Momentum-Skills (Gewitterfront, Entladung, Dauerstrom), gibt jeder Verbrauch **dauerhaft** mehr Crit-Chance und -Multiplikator, den ganzen Lauf.","如果你持有动能类技能（雷暴锋面、放电、恒流），每次消耗都会**永久**提高暴击率和暴击倍率，持续整局。","Hold the momentum skills (Storm Front, Discharge, Continuous Current) and every consumption gives **permanently** more crit chance and multiplier, for the rest of the run.","i18n-Katalog (src/i18n) — über t() aufgelöst","","done",""
"guide.lightning.loop.steps.3","i18n","Das ionisierte Feld hebt deine Crit-Chance → du crittest öfter → mehr Ladung → mehr Ionisierung → …","被电离的场地抬高你的暴击率 → 你暴击得更频繁 → 更多充能 → 更多电离 → ……","The ionized field raises your crit chance → you crit more often → more charge → more ionization → …","i18n-Katalog (src/i18n) — über t() aufgelöst","","done",""
"guide.lightning.loop.valve","i18n","Fällt mehr Crit-Chance an, als ein Sieg überhaupt braucht, geht der Überschuss **nicht verloren**: Überschlag wandelt ihn in **Ladung** um: je ein paar Prozentpunkte über 100 % eine Ladung, bei voller Sturmintensität doppelt so ergiebig. Der Sturm lädt sich also aus seinem eigenen Übermaß nach.","当积攒的暴击率超过一次获胜所需时，多出来的部分**不会浪费**：跃弧把它换成**充能**，超过100%的每几个百分点换一点充能，风暴强度拉满时收益翻倍。风暴就这样靠自己的过剩继续充电。","If more crit chance builds up than a win can even use, the surplus is **not lost**: arc-over converts it into **charge**: one charge per few percentage points above 100%, twice as generous at full storm depth. So the storm recharges from its own excess.","i18n-Katalog (src/i18n) — über t() aufgelöst","","done",""
"guide.lightning.pillars.0.name","i18n","Crit","暴击","Crit","i18n-Katalog (src/i18n) — über t() aufgelöst","","done",""
"guide.lightning.pillars.0.text","i18n","Dein Ertrag: ein Crit vervielfacht den Sieg-Score. Blitz erzeugt sowohl die Crit-Chance als auch den Crit-Multiplikator **selbst**; beides wächst mit jedem gehaltenen Blitz-Skill.","你的产出：一次暴击把获胜得分成倍放大。暴击率和暴击倍率都由闪电**自己**制造；两者都随你持有的闪电技能增长。","Your payoff: a crit multiplies the win score. Lightning generates both the crit chance and the crit multiplier **itself**; both grow with every lightning skill you hold.","i18n-Katalog (src/i18n) — über t() aufgelöst","","done",""
"guide.lightning.pillars.1.name","i18n","Ladung","充能","Charge","i18n-Katalog (src/i18n) — über t() aufgelöst","","done",""
"guide.lightning.pillars.1.text","i18n","Dein Treibstoff. Siege und Crits laden sie auf. Hältst du einen **Konsumenten** (Ionisierung), feuert er bei voller Ladung und verbraucht sie; ohne Konsumenten bleibt die Leiste einfach voll stehen.","你的燃料。获胜和暴击给它充能。如果你持有一个**消耗者**（电离），它会在充能满时开火并把它用掉；没有消耗者，这条就只是一直满着。","Your fuel. Wins and crits build it up. Hold a **consumer** (Ionization) and it fires at full charge and spends it; without a consumer the bar simply stays full.","i18n-Katalog (src/i18n) — über t() aufgelöst","","done",""
"guide.lightning.pillars.2.name","i18n","Ionisierung","电离","Ionization","i18n-Katalog (src/i18n) — über t() aufgelöst","","done",""
"guide.lightning.pillars.2.sub","i18n","· Stapel","· 层数","· stacks","i18n-Katalog (src/i18n) — über t() aufgelöst","","done",""
"guide.lightning.pillars.2.text","i18n","Dauerhafte Marken auf deinen Karten. Der Konsument (Ionisierung) verteilt sie auf noch ungespielte Karten. Jeder Stapel gibt bei einem Sieg mit der Karte extra Score, und **jeder Stapel im Deck hebt feldweit deine Crit-Chance**.","留在卡牌上的永久标记。消耗者（电离）把它们分配到还没出过的卡牌上。每一层都会让这张卡牌获胜时额外给分，而且**卡组里的每一层都会全场提高你的暴击率**。","Permanent marks on your cards. The consumer (Ionization) spreads them onto cards not yet played. Every stack gives extra score when that card wins, and **every stack in the deck raises your crit chance field-wide**.","i18n-Katalog (src/i18n) — über t() aufgelöst","","done",""
"guide.lightning.pillarsLabel","i18n","Die drei Ressourcen","三种资源","The three resources","i18n-Katalog (src/i18n) — über t() aufgelöst","","done",""
"guide.lightning.principle.0.tag","i18n","Mono","纯派","Mono","i18n-Katalog (src/i18n) — über t() aufgelöst","","done",""
"guide.lightning.principle.0.text","i18n","**Mono lohnt sich.** Fast jeder Wert von Blitz (Crit-Chance, Crit-Multiplikator, wie schnell du das Feld ionisierst) wächst mit der Zahl deiner Blitz-Skills. Je reiner der Build, desto heftiger der Sturm.","**纯派值得。**闪电几乎所有数值（暴击率、暴击倍率、电离全场的速度）都随你的闪电技能数量增长。构筑越纯，风暴越猛。","**Going mono pays off.** Almost every value in Lightning (crit chance, crit multiplier, how fast you ionize the field) grows with the number of lightning skills you hold. The purer the build, the fiercer the storm.","i18n-Katalog (src/i18n) — über t() aufgelöst","","done",""
"guide.lightning.principle.1.tag","i18n","Motor","引擎","Engine","i18n-Katalog (src/i18n) — über t() aufgelöst","","done",""
"guide.lightning.principle.1.text","i18n","**Genau ein Konsument.** Ionisierung ist dein Motor; ein zweiter Ladungs-Konsument ersetzt ihn nur. Baue alles um diesen einen herum.","**恰好一个消耗者。**电离是你的引擎；第二个充能消耗者只会把它替换掉。围绕这一个来搭。","**Exactly one consumer.** Ionization is your engine; a second charge consumer only replaces it. Build everything around that one.","i18n-Katalog (src/i18n) — über t() aufgelöst","","done",""
"guide.lightning.principle.2.tag","i18n","Tempo","节奏","Pace","i18n-Katalog (src/i18n) — über t() aufgelöst","","done",""
"guide.lightning.principle.2.text","i18n","**Früh geduldig, spät explosiv.** Anfangs ist Blitz zurückhaltend, die Maschine läuft erst warm. Der Lohn kommt spät, wenn Momentum und ionisiertes Feld sich gegenseitig hochschaukeln.","**前期耐心，后期爆发。**开局时闪电很克制，机器还在热身。回报来得晚，等动能和电离场地互相推高的时候才到。","**Patient early, explosive late.** Lightning holds back at first, the machine is still warming up. The reward comes late, when momentum and the ionized field start lifting each other.","i18n-Katalog (src/i18n) — über t() aufgelöst","","done",""
"guide.lightning.principle.3.tag","i18n","Serie","连胜","Streak","i18n-Katalog (src/i18n) — über t() aufgelöst","","done",""
"guide.lightning.principle.3.text","i18n","**Serie ist Treibstoff.** Manche Blitz-Skills verwandeln deine Serie direkt in Ladung oder Crit-Chance; Siege am Stück halten den Sturm am Laufen.","**连胜就是燃料。**有些闪电技能直接把你的连胜换成充能或暴击率；一连串获胜能让风暴一直转。","**The streak is fuel.** Some lightning skills turn your win streak directly into charge or crit chance; wins back to back keep the storm running.","i18n-Katalog (src/i18n) — über t() aufgelöst","","done",""
"guide.lightning.status.bars.0.name","i18n","Sturmgröße","风暴广度","Storm breadth","i18n-Katalog (src/i18n) — über t() aufgelöst","","done",""
"guide.lightning.status.bars.0.payoff","i18n","fast alle Karten ionisiert → **alle Karten stärker**","几乎所有卡牌都被电离 → **所有卡牌更强**","almost every card ionized → **all cards stronger**","i18n-Katalog (src/i18n) — über t() aufgelöst","","done",""
"guide.lightning.status.bars.1.name","i18n","Sturmintensität","风暴强度","Storm depth","i18n-Katalog (src/i18n) — über t() aufgelöst","","done",""
"guide.lightning.status.bars.1.payoff","i18n","fast alle Karten voll → **Überschlag holt doppelt so viel Ladung**","几乎所有卡牌都拉满 → **跃弧换来的充能翻倍**","almost every card full → **arc-over pulls twice the charge**","i18n-Katalog (src/i18n) — über t() aufgelöst","","done",""
"guide.lightning.status.label","i18n","Wie weit ist dein Sturm?","你的风暴走到哪一步了？","How far along is your storm?","i18n-Katalog (src/i18n) — über t() aufgelöst","","done",""
"guide.lightning.subtitle","i18n","Der einzige Archetyp, der seinen kritischen Treffer selbst erzeugt: eine Maschine, die sich mit jedem Sieg weiter auflädt, bis ein sich selbst speisender Sturm über das Feld rollt.","唯一一个自己制造暴击的流派：一台随着每次获胜不断充能的机器，直到一场自我供养的风暴碾过整个场地。","The only archetype that generates its own critical hit: a machine that charges itself further with every win, until a self-feeding storm rolls across the field.","i18n-Katalog (src/i18n) — über t() aufgelöst","","done",""
"guide.loop","i18n","Der Kreislauf","循环","The loop","i18n-Katalog (src/i18n) — über t() aufgelöst","","done",""
"guide.nav.archetypes","i18n","Archetypen","流派","Archetypes","i18n-Katalog (src/i18n) — über t() aufgelöst","","done",""
"guide.nav.note","i18n","Der Leitfaden erklärt das Spielprinzip. Begriffe und Sonderregeln stehen im Glossar.","指南讲的是玩法原则。术语和特殊规则请看术语表。","The guide explains how an archetype plays. Terms and special rules live in the glossary.","i18n-Katalog (src/i18n) — über t() aufgelöst","","done",""
"guide.open","i18n","Leitfaden öffnen","打开指南","Open the guide","i18n-Katalog (src/i18n) — über t() aufgelöst","","done",""
"guide.plant.kernidee","i18n","Siege lassen deine Karten **wachsen**, bis sie dauerhaft grün werden und gemeinsam ein Feld bilden. Kein Sofort-Ertrag: ein Garten, der langsam anschwillt und dann alles überwuchert.","获胜让你的卡牌**生长**，直到它们永久变绿，并共同构成一片场面。没有即时收益：这是一座慢慢膨胀、最后疯长盖过一切的花园。","Wins make your cards **grow** until they turn permanently green and together form a field. No instant payoff: a garden that slowly swells and then overruns everything.","i18n-Katalog (src/i18n) — über t() aufgelöst","","done",""
"guide.plant.loop.center.0","i18n","GARTEN","花园","GARDEN","i18n-Katalog (src/i18n) — über t() aufgelöst","","done",""
"guide.plant.loop.center.1","i18n","wächst weiter","继续生长","keeps growing","i18n-Katalog (src/i18n) — über t() aufgelöst","","done",""
"guide.plant.loop.nodes.0","i18n","Wachstum","生长","Growth","i18n-Katalog (src/i18n) — über t() aufgelöst","","done",""
"guide.plant.loop.nodes.1","i18n","Grün ↑","绿色 ↑","Green ↑","i18n-Katalog (src/i18n) — über t() aufgelöst","","done",""
"guide.plant.loop.nodes.2","i18n","Feld ↑","场面 ↑","Field ↑","i18n-Katalog (src/i18n) — über t() aufgelöst","","done",""
"guide.plant.loop.nodes.3","i18n","Siege ↑","胜场 ↑","Wins ↑","i18n-Katalog (src/i18n) — über t() aufgelöst","","done",""
"guide.plant.loop.steps.0","i18n","Siege lassen Karten **wachsen** → ab einer Schwelle werden sie **grün** und bleiben es.","获胜让卡牌**生长** → 越过一个阈值后它们变**绿**，并且一直绿着。","Wins make cards **grow** → past a threshold they turn **green** and stay that way.","i18n-Katalog (src/i18n) — über t() aufgelöst","","done",""
"guide.plant.loop.steps.1","i18n","Grüne Karten **verbreiten Grün**: färben Nachbarn, säen Wachstum, kolonisieren sogar Gegnerkarten.","绿色卡牌会**把绿色传出去**：给邻居染色、播撒生长，甚至扩张到对手卡牌上。","Green cards **spread green**: they colour neighbours, sow growth, even colonize opponent cards.","i18n-Katalog (src/i18n) — über t() aufgelöst","","done",""
"guide.plant.loop.steps.2","i18n","Im reinen Build treiben **Wurzeln** den Wert grüner Karten in die Tiefe → sie gewinnen leichter und zahlen Wurzel-Score.","在纯构筑里，**根系**把绿色卡牌的数值往深处推 → 它们更容易获胜，并支付根系得分。","In a pure build, **roots** drive the value of green cards deeper → they win more easily and pay root score.","i18n-Katalog (src/i18n) — über t() aufgelöst","","done",""
"guide.plant.loop.steps.3","i18n","Je größer das grüne Feld, desto mehr Ertrag, und mehr Siege bedeuten wieder mehr Wachstum.","绿色场面越大，产出越多；而更多的胜场又意味着更多生长。","The bigger the green field, the more payoff, and more wins mean more growth again.","i18n-Katalog (src/i18n) — über t() aufgelöst","","done",""
"guide.plant.loop.valve","i18n","Ist eine grüne Karte am **Wert-Deckel**, wächst sie weiter; die legendären Bäume (Weltenbaum, Mutterbaum) zahlen diesen Überlauf als Score aus. Und mit dem Skill Überwucherung schaltet ein fast voll grünes Feld alle Farbblöcke stärker, Blüte zählt doppelt.","当一张绿色卡牌到了**数值上限**，它还会继续长；传说树木（世界树、母树）会把这份溢出作为得分支付出来。而配上疯长技能，一片几乎全绿的场面会让所有同花块更强，花朵也算双倍。","Once a green card is at the **value cap**, it keeps growing; the legendary trees (World Tree, Mother Tree) pay that overflow out as score. And with the skill Overgrowth, an almost fully green field makes all suit blocks stronger and bloom count double.","i18n-Katalog (src/i18n) — über t() aufgelöst","","done",""
"guide.plant.pillars.0.name","i18n","Wachstum","生长","Growth","i18n-Katalog (src/i18n) — über t() aufgelöst","","done",""
"guide.plant.pillars.0.text","i18n","Der Motor. Jeder Sieg lässt deine Karte wachsen, **nur aufwärts, nie zurück**. Genug Wachstum macht sie dauerhaft **grün (reif)**; je mehr Pflanzen-Skills, desto schneller.","引擎。每次获胜都会让你的卡牌生长，**只涨不退**。生长够了它就永久变**绿（成熟）**；植物技能越多，长得越快。","The engine. Every win makes your card grow, **upwards only, never back**. Enough growth turns it permanently **green (ripe)**; the more plant skills, the faster.","i18n-Katalog (src/i18n) — über t() aufgelöst","","done",""
"guide.plant.pillars.1.name","i18n","Grünes Feld","绿色场面","Green field","i18n-Katalog (src/i18n) — über t() aufgelöst","","done",""
"guide.plant.pillars.1.sub","i18n","· Breite","· 广度","· breadth","i18n-Katalog (src/i18n) — über t() aufgelöst","","done",""
"guide.plant.pillars.1.text","i18n","Reife grüne Karten teilen sich einen **Farbblock**. Je größer und grüner dein Feld, desto mehr Score: Blüte, Überwucherung.","成熟的绿色卡牌共享一个**同花块**。你的场面越大越绿，得分越多：花朵、疯长。","Ripe green cards share one **suit block**. The bigger and greener your field, the more score: bloom, overgrowth.","i18n-Katalog (src/i18n) — über t() aufgelöst","","done",""
"guide.plant.pillars.2.name","i18n","Wurzeln","根系","Roots","i18n-Katalog (src/i18n) — über t() aufgelöst","","done",""
"guide.plant.pillars.2.sub","i18n","· Tiefe","· 深度","· depth","i18n-Katalog (src/i18n) — über t() aufgelöst","","done",""
"guide.plant.pillars.2.text","i18n","Im **reinen** Pflanzen-Build wird Wachstum zu dauerhaftem **Kartenwert**: grüne Karten werden echt stärker; am Deckel zahlt jede weitere Wurzel direkt Score.","在**纯**植物构筑里，生长会变成永久的**卡牌数值**：绿色卡牌真的变强；到了上限之后，每多一点根系都直接给分。","In a **pure** plant build, growth turns into permanent **card value**: green cards genuinely get stronger; at the cap every further root pays score directly.","i18n-Katalog (src/i18n) — über t() aufgelöst","","done",""
"guide.plant.pillarsLabel","i18n","Die drei Ressourcen","三种资源","The three resources","i18n-Katalog (src/i18n) — über t() aufgelöst","","done",""
"guide.plant.principle.0.tag","i18n","Tempo","节奏","Pace","i18n-Katalog (src/i18n) — über t() aufgelöst","","done",""
"guide.plant.principle.0.text","i18n","**Langsam, aber unaufhaltsam.** Pflanze startet schwach: Wachstum braucht Siege und Zeit. Der Lohn kommt spät, wenn ein reifes grünes Feld steht.","**慢，但不可阻挡。**植物开局很弱：生长需要胜场，也需要时间。回报来得晚，等一片成熟的绿色场面立起来才到。","**Slow, but unstoppable.** Plant starts weak: growth needs wins and time. The reward comes late, once a ripe green field stands.","i18n-Katalog (src/i18n) — über t() aufgelöst","","done",""
"guide.plant.principle.1.tag","i18n","Mono","纯派","Mono","i18n-Katalog (src/i18n) — über t() aufgelöst","","done",""
"guide.plant.principle.1.text","i18n","**Mono schaltet die Wurzeln frei.** Nur im reinen Pflanzen-Build wird Wachstum zu echtem Kartenwert; deine grünen Karten werden dann wirklich stärker. Mischst du, bleibt Grün nur eine Farbe fürs Feld.","**纯派才解锁根系。**只有在纯植物构筑里，生长才会变成真正的卡牌数值，你的绿色卡牌才真的更强。一旦混搭，绿色就只是场面上的一种颜色。","**Going mono unlocks the roots.** Only in a pure plant build does growth turn into real card value; your green cards then genuinely get stronger. Mix, and green stays just a colour for the field.","i18n-Katalog (src/i18n) — über t() aufgelöst","","done",""
"guide.plant.principle.2.tag","i18n","Fokus","取向","Focus","i18n-Katalog (src/i18n) — über t() aufgelöst","","done",""
"guide.plant.principle.2.text","i18n","**Breite oder Tiefe.** Zwei Wege zum Score: ein weites grünes Feld (Farbblock, Blüte) oder wenige, hoch gewachsene Wurzel-Bäume. Such dir deinen Schwerpunkt, oder verbinde beides.","**广度还是深度。**通往得分有两条路：一片宽阔的绿色场面（同花块、花朵），或者少数几棵长得很高的根系之树。挑一个重心，或者把两者接起来。","**Breadth or depth.** Two routes to score: a wide green field (suit block, bloom) or a few deeply grown root trees. Pick your emphasis, or combine both.","i18n-Katalog (src/i18n) — über t() aufgelöst","","done",""
"guide.plant.principle.3.tag","i18n","Trimmen","修剪","Pruning","i18n-Katalog (src/i18n) — über t() aufgelöst","","done",""
"guide.plant.principle.3.text","i18n","**Trimmen ist der Wendepunkt zur Ernte.** Ersetzt du einen Wachstums-Skill, „trimmst"" du: dauerhaft mehr Wurzel- und Blüten-Score. Die Wachstums-Skills sterben nicht, sie veredeln die Ernte.","**修剪是转向收获的拐点。**替换掉一个生长技能，就是「修剪」：根系和花朵的得分永久提高。生长技能不是死了，它们是把收获提纯了。","**Pruning is the turning point towards harvest.** Replace a growth skill and you “prune”: permanently more root and bloom score. The growth skills do not die, they refine the harvest.","i18n-Katalog (src/i18n) — über t() aufgelöst","","done",""
"guide.plant.status.bars.0.name","i18n","Breite","广度","Breadth","i18n-Katalog (src/i18n) — über t() aufgelöst","","done",""
"guide.plant.status.bars.0.payoff","i18n","Feld voll grün → **Überwucherung** (Skill)","场面全绿 → **疯长**（技能）","field fully green → **Overgrowth** (skill)","i18n-Katalog (src/i18n) — über t() aufgelöst","","done",""
"guide.plant.status.bars.1.name","i18n","Tiefe","深度","Depth","i18n-Katalog (src/i18n) — über t() aufgelöst","","done",""
"guide.plant.status.bars.1.payoff","i18n","am Wert-Deckel → **Überlauf-Score** (legendär)","到达数值上限 → **溢出得分**（传说）","at the value cap → **overflow score** (legendary)","i18n-Katalog (src/i18n) — über t() aufgelöst","","done",""
"guide.plant.status.label","i18n","Wie steht dein Garten?","你的花园现在如何？","How is your garden doing?","i18n-Katalog (src/i18n) — über t() aufgelöst","","done",""
"guide.plant.subtitle","i18n","Der langsamste, aber unaufhaltsame Archetyp: du ziehst einen Garten hoch, der mit jedem Durchlauf mehr Score trägt.","最慢却不可阻挡的流派：你把一座花园养起来，它每一轮都能扛起更多得分。","The slowest but unstoppable archetype: you raise a garden that carries more score with every cycle.","i18n-Katalog (src/i18n) — über t() aufgelöst","","done",""
"guide.principles","i18n","Spielprinzip","玩法原则","How it plays","i18n-Katalog (src/i18n) — über t() aufgelöst","","done",""
"guide.subtitle","i18n","So spielst du jeden Archetyp, durchklicken","每个流派怎么玩，逐页点开看","How to play each archetype, click through","i18n-Katalog (src/i18n) — über t() aufgelöst","","done",""
"guide.title","i18n","Leitfaden","指南","Guide","i18n-Katalog (src/i18n) — über t() aufgelöst","","done",""
"hud.cards","i18n","Karten","卡牌","Cards","i18n-Katalog (src/i18n) — über t() aufgelöst","","done",""
"hud.cards.title","i18n","Kartenübersicht öffnen","打开卡牌总览","Open card overview","i18n-Katalog (src/i18n) — über t() aufgelöst","","done",""
"hud.cycle","i18n","Durchl.","轮","Cycle","i18n-Katalog (src/i18n) — über t() aufgelöst","","done",""
"hud.mult","i18n","Mult","倍率","Mult","i18n-Katalog (src/i18n) — über t() aufgelöst","","done",""
"hud.pause","i18n","Pause","暂停","Pause","i18n-Katalog (src/i18n) — über t() aufgelöst","","done",""
"hud.record","i18n","⚑ Rekord","⚑ 纪录","⚑ Record","i18n-Katalog (src/i18n) — über t() aufgelöst","","done",""
"hud.resume","i18n","Weiter","继续","Resume","i18n-Katalog (src/i18n) — über t() aufgelöst","","done",""
"hud.score","i18n","Score","得分","Score","i18n-Katalog (src/i18n) — über t() aufgelöst","","done",""
"hud.speed.max","i18n","Tempo maximal","最高速度","Maximum speed","i18n-Katalog (src/i18n) — über t() aufgelöst","","done",""
"hud.speed.max.label","i18n","MAX","MAX","MAX","i18n-Katalog (src/i18n) — über t() aufgelöst","","done",""
"hud.speed.x2","i18n","Tempo ×2","速度×2","Speed ×2","i18n-Katalog (src/i18n) — über t() aufgelöst","","done",""
"hud.speed.x4","i18n","Tempo ×4","速度×4","Speed ×4","i18n-Katalog (src/i18n) — über t() aufgelöst","","done",""
"hud.streak","i18n","Serie","连胜","Streak","i18n-Katalog (src/i18n) — über t() aufgelöst","","done",""
"hud.streak.best","i18n","best {n}","最佳{n}","best {n}","i18n-Katalog (src/i18n) — über t() aufgelöst","","done",""
"hud.time","i18n","Zeit","时间","Time","i18n-Katalog (src/i18n) — über t() aufgelöst","","done",""
"leg.decline","i18n","Keinen Legendär, Skill wählen","不要传说，选普通技能","No legendary, take a skill","i18n-Katalog (src/i18n) — über t() aufgelöst","","done",""
"leg.eyebrow","i18n","Legendär · einmalige Wahl","传说 · 一次性选择","Legendary · one-time choice","i18n-Katalog (src/i18n) — über t() aufgelöst","","done",""
"leg.fallbackLabel","i18n","Legendär","传说","Legendary","i18n-Katalog (src/i18n) — über t() aufgelöst","","done",""
"leg.reroll","i18n","↻ Neu würfeln","↻ 重抽","↻ Reroll","i18n-Katalog (src/i18n) — über t() aufgelöst","","done",""
"leg.title","i18n","★ Legendärer Skill","★ 传说技能","★ Legendary skill","i18n-Katalog (src/i18n) — über t() aufgelöst","","done",""
"lv.wing.collapse","i18n","{what} ausblenden","隐藏{what}","Hide {what}","i18n-Katalog (src/i18n) — über t() aufgelöst","","done",""
"lv.wing.deck","i18n","Deck","卡组","Deck","i18n-Katalog (src/i18n) — über t() aufgelöst","","done",""
"lv.wing.expand","i18n","{what} einblenden","显示{what}","Show {what}","i18n-Katalog (src/i18n) — über t() aufgelöst","","done",""
"lv.wing.stats","i18n","Kennzahlen","数据","Metrics","i18n-Katalog (src/i18n) — über t() aufgelöst","","done",""
"meta.title","i18n","Autostich · Prototyp","自动墩 · 原型","Autotrick · Prototype","i18n-Katalog (src/i18n) — über t() aufgelöst","","done",""
"milestone.label","i18n","💠 Meilensteine {n}/{total}","💠 里程碑{n}/{total}","💠 Milestones {n}/{total}","i18n-Katalog (src/i18n) — über t() aufgelöst","","done",""
"milestone.label.sp","i18n","💠 Meilensteine {n}/{total} · +{sp} SP","💠 里程碑{n}/{total} · +{sp} SP","💠 Milestones {n}/{total} · +{sp} TP","i18n-Katalog (src/i18n) — über t() aufgelöst","","done",""
"milestone.max","i18n","Maximum · +{sp} SP","已达上限 · +{sp} SP","Maximum · +{sp} TP","i18n-Katalog (src/i18n) — über t() aufgelöst","","done",""
"milestone.mio","i18n","{n} Mio","{n}百万","{n}M","i18n-Katalog (src/i18n) — über t() aufgelöst","","done",""
"milestone.next","i18n","→ {at} +{sp}","→ {at} +{sp}","→ {at} +{sp}","i18n-Katalog (src/i18n) — über t() aufgelöst","","done",""
"milestone.title.max","i18n","Alle Score-Meilensteine erreicht","所有得分里程碑都已达成","Every score milestone reached","i18n-Katalog (src/i18n) — über t() aufgelöst","","done",""
"milestone.title.next","i18n","Nächster Meilenstein: {at} (+{sp} SP)","下一个里程碑：{at}（+{sp} SP）","Next milestone: {at} (+{sp} TP)","i18n-Katalog (src/i18n) — über t() aufgelöst","","done",""
"music.next","i18n","Nächster Track","下一首","Next track","i18n-Katalog (src/i18n) — über t() aufgelöst","","done",""
"music.playing","i18n","Läuft: {title} · nächster Track","正在播放：{title} · 下一首","Playing: {title} · next track","i18n-Katalog (src/i18n) — über t() aufgelöst","","done",""
"music.title","i18n","Musik","音乐","Music","i18n-Katalog (src/i18n) — über t() aufgelöst","","done",""
"name.cancel","i18n","Abbrechen","取消","Cancel","i18n-Katalog (src/i18n) — über t() aufgelöst","","done",""
"name.err.length","i18n","Höchstens {max} Zeichen.","最多{max}个字符。","{max} characters at most.","i18n-Katalog (src/i18n) — über t() aufgelöst","","done",""
"name.err.profanity","i18n","Dieser Name enthält ein gesperrtes Wort. Bitte wähle einen anderen.","这个名字包含被屏蔽的词。请换一个。","This name contains a blocked word. Please pick a different one.","i18n-Katalog (src/i18n) — über t() aufgelöst","","done",""
"name.eyebrow.change","i18n","Name ändern","修改名字","Change name","i18n-Katalog (src/i18n) — über t() aufgelöst","","done",""
"name.eyebrow.first","i18n","Willkommen","欢迎","Welcome","i18n-Katalog (src/i18n) — über t() aufgelöst","","done",""
"name.hint","i18n","1–{max} Zeichen.","1–{max}个字符。","1–{max} characters.","i18n-Katalog (src/i18n) — über t() aufgelöst","","done",""
"name.lang.label","i18n","Sprache","语言","Language","i18n-Katalog (src/i18n) — über t() aufgelöst","","done",""
"name.placeholder","i18n","Dein Name","你的名字","Your name","i18n-Katalog (src/i18n) — über t() aufgelöst","","done",""
"name.preview.label","i18n","Vorschau · Bestenliste","预览 · 排行榜","Preview · leaderboard","i18n-Katalog (src/i18n) — über t() aufgelöst","","done",""
"name.preview.you","i18n","du","你","you","i18n-Katalog (src/i18n) — über t() aufgelöst","","done",""
"name.save","i18n","Speichern","保存","Save","i18n-Katalog (src/i18n) — über t() aufgelöst","","done",""
"name.sub.first","i18n","Er erscheint auf der globalen Bestenliste. Du kannst ihn später ändern.","它会出现在全球排行榜上。之后可以修改。","It appears on the global leaderboard. You can change it later.","i18n-Katalog (src/i18n) — über t() aufgelöst","","done",""
"name.title.change","i18n","Dein Name","你的名字","Your name","i18n-Katalog (src/i18n) — über t() aufgelöst","","done",""
"name.title.first","i18n","Wähle deinen Namen","选择你的名字","Choose your name","i18n-Katalog (src/i18n) — über t() aufgelöst","","done",""
"node.boltLeg1.detail","i18n","1 Blitz-Kandidat in der Legendär-Phase","传说阶段出现1个闪电候选","1 lightning candidate in the legendary phase","i18n-Katalog (src/i18n) — über t() aufgelöst","","done",""
"node.boltLeg1.label","i18n","Legendär I","传说I","Legendary I","i18n-Katalog (src/i18n) — über t() aufgelöst","","done",""
"node.boltLeg2.detail","i18n","2 Blitz-Kandidaten","2个闪电候选","2 lightning candidates","i18n-Katalog (src/i18n) — über t() aufgelöst","","done",""
"node.boltLeg2.label","i18n","Legendär II","传说II","Legendary II","i18n-Katalog (src/i18n) — über t() aufgelöst","","done",""
"node.cover1.detail","i18n","Baufeld 20 → 21 Zellen","建造区20 → 21格","Build space 20 → 21 cells","i18n-Katalog (src/i18n) — über t() aufgelöst","","done",""
"node.cover1.label","i18n","Baufeld I","建造区I","Build space I","i18n-Katalog (src/i18n) — über t() aufgelöst","","done",""
"node.cover2.detail","i18n","Baufeld 21 → 22 Zellen","建造区21 → 22格","Build space 21 → 22 cells","i18n-Katalog (src/i18n) — über t() aufgelöst","","done",""
"node.cover2.label","i18n","Baufeld II","建造区II","Build space II","i18n-Katalog (src/i18n) — über t() aufgelöst","","done",""
"node.cover3.detail","i18n","Baufeld 22 → 24 Zellen","建造区22 → 24格","Build space 22 → 24 cells","i18n-Katalog (src/i18n) — über t() aufgelöst","","done",""
"node.cover3.label","i18n","Baufeld III","建造区III","Build space III","i18n-Katalog (src/i18n) — über t() aufgelöst","","done",""
"node.deckReroll.detail","i18n","+1 Reroll in der Archetyp-Legendär-Phase","流派传说阶段+1次重抽","+1 reroll in the archetype legendary phase","i18n-Katalog (src/i18n) — über t() aufgelöst","","done",""
"node.deckReroll.label","i18n","Reroll · Legendär-Phase","重抽 · 传说阶段","Reroll · legendary phase","i18n-Katalog (src/i18n) — über t() aufgelöst","","done",""
"node.drop1.detail","i18n","hochwertigere Perks & Gebäude","更高品质的天赋与建筑","Higher-quality perks & buildings","i18n-Katalog (src/i18n) — über t() aufgelöst","","done",""
"node.drop1.label","i18n","Drop-Rate I","掉落率I","Drop rate I","i18n-Katalog (src/i18n) — über t() aufgelöst","","done",""
"node.drop2.detail","i18n","hochwertigere Perks & Gebäude","更高品质的天赋与建筑","Higher-quality perks & buildings","i18n-Katalog (src/i18n) — über t() aufgelöst","","done",""
"node.drop2.label","i18n","Drop-Rate II","掉落率II","Drop rate II","i18n-Katalog (src/i18n) — über t() aufgelöst","","done",""
"node.drop3.detail","i18n","hochwertigere Perks & Gebäude","更高品质的天赋与建筑","Higher-quality perks & buildings","i18n-Katalog (src/i18n) — über t() aufgelöst","","done",""
"node.drop3.label","i18n","Drop-Rate III","掉落率III","Drop rate III","i18n-Katalog (src/i18n) — über t() aufgelöst","","done",""
"node.drop4.detail","i18n","hochwertigere Perks & Gebäude","更高品质的天赋与建筑","Higher-quality perks & buildings","i18n-Katalog (src/i18n) — über t() aufgelöst","","done",""
"node.drop4.label","i18n","Drop-Rate IV","掉落率IV","Drop rate IV","i18n-Katalog (src/i18n) — über t() aufgelöst","","done",""
"node.energy1.detail","i18n","Formations-Energie 3 → 4","布阵能量3 → 4","Order energy 3 → 4","i18n-Katalog (src/i18n) — über t() aufgelöst","","done",""
"node.energy1.label","i18n","Energie I","能量I","Energy I","i18n-Katalog (src/i18n) — über t() aufgelöst","","done",""
"node.energy2.detail","i18n","Formations-Energie 4 → 5","布阵能量4 → 5","Order energy 4 → 5","i18n-Katalog (src/i18n) — über t() aufgelöst","","done",""
"node.energy2.label","i18n","Energie II","能量II","Energy II","i18n-Katalog (src/i18n) — über t() aufgelöst","","done",""
"node.fireLeg1.detail","i18n","1 Feuer-Kandidat in der Legendär-Phase","传说阶段出现1个火候选","1 fire candidate in the legendary phase","i18n-Katalog (src/i18n) — über t() aufgelöst","","done",""
"node.fireLeg1.label","i18n","Legendär I","传说I","Legendary I","i18n-Katalog (src/i18n) — über t() aufgelöst","","done",""
"node.fireLeg2.detail","i18n","2 Feuer-Kandidaten","2个火候选","2 fire candidates","i18n-Katalog (src/i18n) — über t() aufgelöst","","done",""
"node.fireLeg2.label","i18n","Legendär II","传说II","Legendary II","i18n-Katalog (src/i18n) — über t() aufgelöst","","done",""
"node.iceDeck.detail","i18n","Eis-Archetyp spielbar","可以使用冰流派","Ice archetype playable","i18n-Katalog (src/i18n) — über t() aufgelöst","","done",""
"node.iceDeck.label","i18n","Eis-Deck","冰卡组","Ice deck","i18n-Katalog (src/i18n) — über t() aufgelöst","","done",""
"node.iceLeg1.detail","i18n","1 Eis-Kandidat in der Legendär-Phase","传说阶段出现1个冰候选","1 ice candidate in the legendary phase","i18n-Katalog (src/i18n) — über t() aufgelöst","","done",""
"node.iceLeg1.label","i18n","Legendär I","传说I","Legendary I","i18n-Katalog (src/i18n) — über t() aufgelöst","","done",""
"node.iceLeg2.detail","i18n","2 Eis-Kandidaten","2个冰候选","2 ice candidates","i18n-Katalog (src/i18n) — über t() aufgelöst","","done",""
"node.iceLeg2.label","i18n","Legendär II","传说II","Legendary II","i18n-Katalog (src/i18n) — über t() aufgelöst","","done",""
"node.legLayer.detail","i18n","Legendär-Perk-Schicht (gold) an","开启传说天赋层（金色）","Legendary perk layer (gold) on","i18n-Katalog (src/i18n) — über t() aufgelöst","","done",""
"node.legLayer.label","i18n","Legendär","传说","Legendary","i18n-Katalog (src/i18n) — über t() aufgelöst","","done",""
"node.perk2Leg.detail","i18n","2. Perk-Phase wird generelle Legendär-Phase","第2个天赋阶段变成通用传说阶段","The 2nd perk phase becomes a general legendary phase","i18n-Katalog (src/i18n) — über t() aufgelöst","","done",""
"node.perk2Leg.label","i18n","2. Perk → Legendär","第2个天赋 → 传说","2nd perk → legendary","i18n-Katalog (src/i18n) — über t() aufgelöst","","done",""
"node.perk2Reroll.detail","i18n","+1 Reroll in der generellen Legendär-Phase","通用传说阶段+1次重抽","+1 reroll in the general legendary phase","i18n-Katalog (src/i18n) — über t() aufgelöst","","done",""
"node.perk2Reroll.label","i18n","Reroll · 2. Perk-Phase","重抽 · 第2个天赋阶段","Reroll · 2nd perk phase","i18n-Katalog (src/i18n) — über t() aufgelöst","","done",""
"node.plantDeck.detail","i18n","Pflanze-Archetyp spielbar","可以使用植物流派","Plant archetype playable","i18n-Katalog (src/i18n) — über t() aufgelöst","","done",""
"node.plantDeck.label","i18n","Pflanze-Deck","植物卡组","Plant deck","i18n-Katalog (src/i18n) — über t() aufgelöst","","done",""
"node.plantLeg1.detail","i18n","1 Pflanze-Kandidat in der Legendär-Phase","传说阶段出现1个植物候选","1 plant candidate in the legendary phase","i18n-Katalog (src/i18n) — über t() aufgelöst","","done",""
"node.plantLeg1.label","i18n","Legendär I","传说I","Legendary I","i18n-Katalog (src/i18n) — über t() aufgelöst","","done",""
"node.plantLeg2.detail","i18n","2 Pflanze-Kandidaten","2个植物候选","2 plant candidates","i18n-Katalog (src/i18n) — über t() aufgelöst","","done",""
"node.plantLeg2.label","i18n","Legendär II","传说II","Legendary II","i18n-Katalog (src/i18n) — über t() aufgelöst","","done",""
"node.reroll1.detail","i18n","+1 Reroll je Angebot (Perk · Gebäude · Skill)","每次提供+1次重抽（天赋 · 建筑 · 技能）","+1 reroll per offer (perk · building · skill)","i18n-Katalog (src/i18n) — über t() aufgelöst","","done",""
"node.reroll1.label","i18n","Reroll I","重抽I","Reroll I","i18n-Katalog (src/i18n) — über t() aufgelöst","","done",""
"node.reroll2.detail","i18n","+1 Reroll je Angebot (Perk · Gebäude · Skill)","每次提供+1次重抽（天赋 · 建筑 · 技能）","+1 reroll per offer (perk · building · skill)","i18n-Katalog (src/i18n) — über t() aufgelöst","","done",""
"node.reroll2.label","i18n","Reroll II","重抽II","Reroll II","i18n-Katalog (src/i18n) — über t() aufgelöst","","done",""
"node.synLeg.detail","i18n","Bald verfügbar","即将推出","Coming soon","i18n-Katalog (src/i18n) — über t() aufgelöst","","done",""
"node.synLeg.label","i18n","Synergie-Legendäre","协同传说","Synergy legendaries","i18n-Katalog (src/i18n) — über t() aufgelöst","","done",""
"node.tier3.detail","i18n","Rarität Sehr selten (blau) freischalten","解锁稀有度：稀有（蓝色）","Unlock Rare rarity (blue)","i18n-Katalog (src/i18n) — über t() aufgelöst","","done",""
"node.tier3.label","i18n","Sehr selten","稀有","Rare","i18n-Katalog (src/i18n) — über t() aufgelöst","","done",""
"node.tier4.detail","i18n","Rarität Episch (lila) freischalten","解锁稀有度：史诗（紫色）","Unlock Epic rarity (purple)","i18n-Katalog (src/i18n) — über t() aufgelöst","","done",""
"node.tier4.label","i18n","Episch","史诗","Epic","i18n-Katalog (src/i18n) — über t() aufgelöst","","done",""
"options.breakdown.desc","i18n","Faktorenkette unter dem Feld: Basis × Serie × Perks × Formation × Crit = Summe des laufenden Stichs. Der Platz bleibt reserviert; die Karten stehen so oder so gleich.","场地下方的乘算链：基础×连胜×天赋×阵型×暴击，得出当前这一墩的总分。这块位置始终保留，卡牌的位置不会因此改变。","Factor chain under the field: base × streak × perks × formation × crit = total of the current trick. The space stays reserved; the cards sit in the same place either way.","i18n-Katalog (src/i18n) — über t() aufgelöst","","done",""
"options.breakdown.title","i18n","Stich-Aufschlüsselung anzeigen","显示每墩的得分拆解","Show trick breakdown","i18n-Katalog (src/i18n) — über t() aufgelöst","","done",""
"options.calm.desc","i18n","Die Musik steigert sich nicht mit dem Punktestand; es laufen nur ruhige und treibende Stücke, keine schnellen oder maximalen.","音乐不再随得分升级；只播放安静和推进型的曲目，不播放快速或最激烈的。","The music no longer escalates with your score; only calm and driving tracks play, never the fast or maximum ones.","i18n-Katalog (src/i18n) — über t() aufgelöst","","done",""
"options.calm.title","i18n","Ruhiger Modus","安静模式","Calm mode","i18n-Katalog (src/i18n) — über t() aufgelöst","","done",""
"options.chip.display","i18n","HUD","HUD","HUD","i18n-Katalog (src/i18n) — über t() aufgelöst","","done",""
"options.chip.general","i18n","Allgemein","常规","General","i18n-Katalog (src/i18n) — über t() aufgelöst","","done",""
"options.chip.graphics","i18n","Grafik","画面","Graphics","i18n-Katalog (src/i18n) — über t() aufgelöst","","done",""
"options.chip.sound","i18n","Ton","声音","Sound","i18n-Katalog (src/i18n) — über t() aufgelöst","","done",""
"options.desk.readout","i18n","Alles sofort wirksam und gespeichert.","所有改动立即生效并保存。","Everything takes effect and is saved immediately.","i18n-Katalog (src/i18n) — über t() aufgelöst","","done",""
"options.eyebrow","i18n","Optionen","选项","Options","i18n-Katalog (src/i18n) — über t() aufgelöst","","done",""
"options.float.desc","i18n","Aufsteigende Zahlen/Texte über dem Feld. Master-Schalter für alle drei unten. Die großen Ansagen (Stark/Brutal/Irre/Gottgleich) bleiben immer sichtbar.","场地上方上浮的数字和文字。这是下面三项的总开关。那些大号提示（强劲/凶猛/疯狂/神级）始终可见。","Numbers and text rising over the field. Switches the three kinds below together. The big announcements (NICE/BRUTAL/INSANE/GODLIKE) always stay visible.","i18n-Katalog (src/i18n) — über t() aufgelöst","","done",""
"options.float.mult.desc","i18n","„Kritisch!“- und Formations-Text (Multiplikator-Boni).","「暴击！」和阵型文字（倍率加成）。","“CRITICAL!” and formation text (multiplier bonuses).","i18n-Katalog (src/i18n) — über t() aufgelöst","","done",""
"options.float.mult.title","i18n","Multiplikator","倍率","Multiplier","i18n-Katalog (src/i18n) — über t() aufgelöst","","done",""
"options.float.score.desc","i18n","Aufsteigende Punktzahlen bei gewonnenen Stichen.","赢下一墩时上浮的分数。","Rising score numbers on tricks you win.","i18n-Katalog (src/i18n) — über t() aufgelöst","","done",""
"options.float.score.title","i18n","Score","得分","Score","i18n-Katalog (src/i18n) — über t() aufgelöst","","done",""
"options.float.title","i18n","Floating-Text anzeigen","显示浮动文字","Show floating text","i18n-Katalog (src/i18n) — über t() aufgelöst","","done",""
"options.float.winlose.desc","i18n","Gewonnen/Verloren-Text am Stich-Ausgang.","每墩结果处的胜负文字。","Won/lost text at the end of a trick.","i18n-Katalog (src/i18n) — über t() aufgelöst","","done",""
"options.float.winlose.title","i18n","Sieg / Niederlage","胜 / 负","Win / loss","i18n-Katalog (src/i18n) — über t() aufgelöst","","done",""
"options.foot.hint","i18n","Änderungen wirken sofort","改动立即生效","Changes apply immediately","i18n-Katalog (src/i18n) — über t() aufgelöst","","done",""
"options.haptics.desc","i18n","Kurzes Vibrieren bei Bestätigungen. Nur auf Touch-Geräten (Handy) spürbar; System-Einstellung „reduzierte Bewegung“ wird respektiert.","确认操作时短促震动。只有触屏设备（手机）能感觉到；系统的「减弱动态效果」设置会被遵守。","A short vibration on confirmations. Only noticeable on touch devices (phones); the system setting “reduce motion” is respected.","i18n-Katalog (src/i18n) — über t() aufgelöst","","done",""
"options.haptics.title","i18n","Haptik (Vibration)","触感反馈（震动）","Haptics (vibration)","i18n-Katalog (src/i18n) — über t() aufgelöst","","done",""
"options.language.desc","i18n","Sprache der Spieltexte.","游戏文本的语言。","Language of the in-game texts.","i18n-Katalog (src/i18n) — über t() aufgelöst","","done",""
"options.language.title","i18n","Sprache","语言","Language","i18n-Katalog (src/i18n) — über t() aufgelöst","","done",""
"options.music.aria","i18n","Musik-Lautstärke","音乐音量","Music volume","i18n-Katalog (src/i18n) — über t() aufgelöst","","done",""
"options.music.desc","i18n","Lautstärke der Hintergrundmusik.","背景音乐的音量。","Volume of the background music.","i18n-Katalog (src/i18n) — über t() aufgelöst","","done",""
"options.music.title","i18n","Musik-Lautstärke","音乐音量","Music volume","i18n-Katalog (src/i18n) — über t() aufgelöst","","done",""
"options.mute.desc","i18n","Alle Klick- und Spiel-Sounds. Aus = komplett stumm.","所有点击音和游戏音效。关闭即完全静音。","All click and game sounds. Off = completely silent.","i18n-Katalog (src/i18n) — über t() aufgelöst","","done",""
"options.mute.title","i18n","Ton","声音","Sound","i18n-Katalog (src/i18n) — über t() aufgelöst","","done",""
"options.numScale.aria","i18n","Zahlengröße","数字大小","Number size","i18n-Katalog (src/i18n) — über t() aufgelöst","","done",""
"options.numScale.desc","i18n","Größe der aufsteigenden Score-Zahlen.","上浮得分数字的大小。","Size of the rising score numbers.","i18n-Katalog (src/i18n) — über t() aufgelöst","","done",""
"options.numScale.title","i18n","Zahlengröße","数字大小","Number size","i18n-Katalog (src/i18n) — über t() aufgelöst","","done",""
"options.perfHud.desc","i18n","Blendet oben rechts FPS · p95 · Jank ein und zeichnet Perf-Daten auf (⧉ Report → Konsole + Zwischenablage). Nur im Testbranch. Aus = keine Anzeige und keine Messung.","在右上角显示FPS · p95 · 卡顿，并记录性能数据（⧉ 报告 → 控制台和剪贴板）。仅在测试分支可用。关闭后既不显示也不测量。","Shows FPS · p95 · jank in the top right and records performance data (⧉ report → console + clipboard). Test branch only. Off = no display and no measurement.","i18n-Katalog (src/i18n) — über t() aufgelöst","","done",""
"options.perfHud.title","i18n","FPS-Zähler & Report","FPS计数与报告","FPS counter & report","i18n-Katalog (src/i18n) — über t() aufgelöst","","done",""
"options.reset","i18n","Alles auf Standard zurücksetzen","全部恢复默认","Reset everything to defaults","i18n-Katalog (src/i18n) — über t() aufgelöst","","done",""
"options.reset.confirm","i18n","Wirklich alle Einstellungen zurücksetzen?","确定要重置所有设置吗？","Really reset all settings?","i18n-Katalog (src/i18n) — über t() aufgelöst","","done",""
"options.reset.no","i18n","Abbrechen","取消","Cancel","i18n-Katalog (src/i18n) — über t() aufgelöst","","done",""
"options.reset.yes","i18n","Zurücksetzen","重置","Reset","i18n-Katalog (src/i18n) — über t() aufgelöst","","done",""
"options.rfx.an","i18n","An","开","On","i18n-Katalog (src/i18n) — über t() aufgelöst","","done",""
"options.rfx.aus","i18n","Aus","关","Off","i18n-Katalog (src/i18n) — über t() aufgelöst","","done",""
"options.rfx.desc.an","i18n","Alle Effekte minimal: maximal ruhig, entlastet schwache Geräte stark.","所有特效降到最低：画面最安静，对性能较弱的设备减负最多。","All effects minimal: as calm as possible, takes a lot of load off weak devices.","i18n-Katalog (src/i18n) — über t() aufgelöst","","done",""
"options.rfx.desc.aus","i18n","Volle Effekte.","全部特效。","Full effects.","i18n-Katalog (src/i18n) — über t() aufgelöst","","done",""
"options.rfx.desc.mobile","i18n","Ausgewogen: Karten-Flip, Hintergrund, Glow & Finisher bleiben; Screen-Shake, Funken-Fontänen, Blur & Sweeps aus. Schont schwächere Geräte.","折中方案：保留翻牌、背景、辉光和终结演出；关闭震屏、火花喷涌、模糊和扫光。对性能较弱的设备更友好。","Balanced: card flip, background, glow and finishers stay; screen shake, spark fountains, blur and sweeps are off. Easier on weaker devices.","i18n-Katalog (src/i18n) — über t() aufgelöst","","done",""
"options.rfx.mobile","i18n","Mobile","移动端","Mobile","i18n-Katalog (src/i18n) — über t() aufgelöst","","done",""
"options.rfx.title","i18n","Effekte reduziert","精简特效","Reduced effects","i18n-Katalog (src/i18n) — über t() aufgelöst","","done",""
"options.sec.dev","i18n","Testbranch","测试分支","Test branch","i18n-Katalog (src/i18n) — über t() aufgelöst","","done",""
"options.sec.display","i18n","HUD & Text","HUD与文字","HUD & Text","i18n-Katalog (src/i18n) — über t() aufgelöst","","done",""
"options.sec.general","i18n","Allgemein","常规","General","i18n-Katalog (src/i18n) — über t() aufgelöst","","done",""
"options.sec.graphics","i18n","Grafik & Leistung","画面与性能","Graphics & performance","i18n-Katalog (src/i18n) — über t() aufgelöst","","done",""
"options.sec.sound","i18n","Ton","声音","Sound","i18n-Katalog (src/i18n) — über t() aufgelöst","","done",""
"options.sfx.aria","i18n","SFX-Lautstärke","SFX音量","SFX volume","i18n-Katalog (src/i18n) — über t() aufgelöst","","done",""
"options.sfx.desc","i18n","Lautstärke der Klick-/Spiel-Sounds (SFX).","点击音和游戏音效（SFX）的音量。","Volume of the click and game sounds (SFX).","i18n-Katalog (src/i18n) — über t() aufgelöst","","done",""
"options.sfx.title","i18n","Effekt-Lautstärke","音效音量","Effect volume","i18n-Katalog (src/i18n) — über t() aufgelöst","","done",""
"options.slider.muted","i18n","stumm","静音","muted","i18n-Katalog (src/i18n) — über t() aufgelöst","","done",""
"options.telemetry.desc","i18n","Sendet nach jedem Lauf Score, gewählte Perks und Skills, deinen Fortschritt sowie groben Gerätekontext (Browserkennung, Kerne, Fenstergröße), ohne Namen und ohne Konto. Hilft uns beim Ausbalancieren des Spiels. Aus = es wird nichts gesendet.","每局结束后发送得分、所选天赋和技能、你的进度，以及粗略的设备信息（浏览器标识、核心数、窗口尺寸），不含姓名，也不需要账号。这能帮我们平衡游戏。关闭后不会发送任何内容。","After each run, sends your score, the perks and skills you picked, your progress and rough device context (browser identification, cores, window size), without a name and without an account. It helps us balance the game. Off = nothing is sent.","i18n-Katalog (src/i18n) — über t() aufgelöst","","done",""
"options.telemetry.more","i18n","Was genau gesendet wird","具体发送了什么","What exactly gets sent","i18n-Katalog (src/i18n) — über t() aufgelöst","","done",""
"options.telemetry.title","i18n","Anonyme Spieldaten senden","发送匿名游戏数据","Send anonymous gameplay data","i18n-Katalog (src/i18n) — über t() aufgelöst","","done",""
"options.testvp.desc","i18n","Zeigt das Spiel in einem Rahmen fester Größe, für reproduzierbare Bildschirmfotos und Layout-Prüfungen. Nur im Testbranch. Das Umschalten lädt die Seite neu. Die Pixeldichte des Monitors wird dabei nicht mit simuliert.","把游戏放进一个固定尺寸的框里显示，用于可复现的截图和布局检查。仅在测试分支可用。切换时会重新加载页面。显示器的像素密度不会一并模拟。","Shows the game inside a frame of fixed size, for reproducible screenshots and layout checks. Test branch only. Switching reloads the page. The pixel density of the monitor is not simulated along with it.","i18n-Katalog (src/i18n) — über t() aufgelöst","","done",""
"options.testvp.hint","i18n","Zum Beenden hier drinnen in den Optionen wieder auf Aus stellen.","要退出，就在框里的选项中把它重新设为关。","To leave, set this back to Off in the options in here.","i18n-Katalog (src/i18n) — über t() aufgelöst","","done",""
"options.testvp.off","i18n","Aus","关","Off","i18n-Katalog (src/i18n) — über t() aufgelöst","","done",""
"options.testvp.title","i18n","Test-Viewport","测试视口","Test viewport","i18n-Katalog (src/i18n) — über t() aufgelöst","","done",""
"options.title","i18n","Einstellungen","设置","Settings","i18n-Katalog (src/i18n) — über t() aufgelöst","","done",""
"perf.report","i18n","Report → Konsole + Zwischenablage","报告 → 控制台和剪贴板","Report → console + clipboard","i18n-Katalog (src/i18n) — über t() aufgelöst","","done",""
"perf.reset","i18n","Messung zurücksetzen","重置测量","Reset the measurement","i18n-Katalog (src/i18n) — über t() aufgelöst","","done",""
"perk.build_one","i18n","Dein Build: {count} Perk","你的构筑：{count}个天赋","Your build: {count} perk","i18n-Katalog (src/i18n) — über t() aufgelöst","","done",""
"perk.build_other","i18n","Dein Build: {count} Perks","你的构筑：{count}个天赋","Your build: {count} perks","i18n-Katalog (src/i18n) — über t() aufgelöst","","done",""
"perk.build.empty","i18n","Noch keine Perks gewählt.","还没有选择天赋。","No perks chosen yet.","i18n-Katalog (src/i18n) — über t() aufgelöst","","done",""
"perk.cycle","i18n","Durchlauf {cycle}","第{cycle}轮","Cycle {cycle}","i18n-Katalog (src/i18n) — über t() aufgelöst","","done",""
"perk.deckStrength","i18n","Deck-Stärke je Farbe","各花色的卡组强度","Deck strength per suit","i18n-Katalog (src/i18n) — über t() aufgelöst","","done",""
"perk.declineAll","i18n","Alle ablehnen","全部拒绝","Decline all","i18n-Katalog (src/i18n) — über t() aufgelöst","","done",""
"perk.formations","i18n","Formationen","阵型","Formations","i18n-Katalog (src/i18n) — über t() aufgelöst","","done",""
"perk.L_BALL.desc","i18n","Jede Formationsphase hat 2 Energie weniger. Dafür zählt jeder Formations-Multiplikator 1,5-fach.","每个阵型阶段少2点能量。作为交换，每个阵型倍率都算1.5倍。","Every order phase has 2 less order energy. In exchange, every formation multiplier counts ×1.5.","i18n-Katalog (src/i18n) — über t() aufgelöst","","done",""
"perk.L_BALL.label","i18n","Ballast","压舱物","Ballast","i18n-Katalog (src/i18n) — über t() aufgelöst","","done",""
"perk.L_BAUH.desc","i18n","Sofort: das Baufeld des Architekten wächst dauerhaft um 8 Zellen. Du kannst mehr Gebäude platzieren.","立即生效：建筑师的建造区永久增加8格。你可以放置更多建筑。","Immediately: the Architect's build space permanently grows by 8 cells. You can place more buildings.","i18n-Katalog (src/i18n) — über t() aufgelöst","","done",""
"perk.L_BAUH.label","i18n","Bauhütte","营造所","Masons' Lodge","i18n-Katalog (src/i18n) — über t() aufgelöst","","done",""
"perk.L_BRENN.desc","i18n","Gewinnt eine Karte in mindestens 3 gleichzeitigen Formationen, zählt der Stich ×2,5.","一张卡牌若在至少3个同时生效的阵型里获胜，这一墩算×2.5。","When a card wins inside at least 3 formations at once, the trick counts ×2.5.","i18n-Katalog (src/i18n) — über t() aufgelöst","","done",""
"perk.L_BRENN.label","i18n","Brennpunkt","焦点","Focal Point","i18n-Katalog (src/i18n) — über t() aufgelöst","","done",""
"perk.L_ECHO.desc","i18n","Am Ende jedes Durchlaufs wird dein höchstwertiger Stich dieses Durchlaufs noch einmal ×1,6 gutgeschrieben.","每轮结束时，你本轮得分最高的那一墩会再按×1.6结算一次。","At the end of every cycle, your highest-scoring trick of that cycle is credited once more at ×1.6.","i18n-Katalog (src/i18n) — über t() aufgelöst","","done",""
"perk.L_ECHO.label","i18n","Echo","回声","Echo","i18n-Katalog (src/i18n) — über t() aufgelöst","","done",""
"perk.L_FUND.desc","i18n","Jede vollendete Struktur wirkt stärker: Zeile, Spalte und Diagonale geben je +0,75 auf ihren Faktor.","每个完成的结构作用更强：行、列和对角线各自的系数+0.75。","Every completed structure hits harder: row, column and diagonal each give +0.75 to their factor.","i18n-Katalog (src/i18n) — über t() aufgelöst","","done",""
"perk.L_FUND.label","i18n","Fundament","基础","Foundation","i18n-Katalog (src/i18n) — über t() aufgelöst","","done",""
"perk.L_HENK.desc","i18n","Im letzten Segment (Positionen 36–40) zählt jeder Sieg 2-fach und ist garantiert ein Crit.","在最后一个区段（位次36–40）里，每次获胜都算2倍，并且必定暴击。","In the last segment (positions 36–40) every win counts 2× and is a guaranteed crit.","i18n-Katalog (src/i18n) — über t() aufgelöst","","done",""
"perk.L_HENK.label","i18n","Henker","刽子手","Executioner","i18n-Katalog (src/i18n) — über t() aufgelöst","","done",""
"perk.L_HOCH.desc","i18n","Solange du in diesem Durchlauf noch keine Niederlage kassiert hast, zählt jeder Sieg 1,45-fach. Die erste Niederlage schaltet es bis zum nächsten Durchlauf ab.","只要你本轮还没有输过一次，每次获胜都算1.45倍。第一次失败会把它关闭，直到下一轮。","As long as you have not taken a single loss this cycle, every win counts ×1.45. The first loss switches it off until the next cycle.","i18n-Katalog (src/i18n) — über t() aufgelöst","","done",""
"perk.L_HOCH.label","i18n","Hochseil","高空钢丝","High Wire","i18n-Katalog (src/i18n) — über t() aufgelöst","","done",""
"perk.L_MEIS.desc","i18n","Sofort: du hältst dauerhaft einen Skill mehr (6 → 7).","立即生效：你可以永久多持有一个技能（6 → 7）。","Immediately: you permanently hold one skill more (6 → 7).","i18n-Katalog (src/i18n) — über t() aufgelöst","","done",""
"perk.L_MEIS.label","i18n","Meisterhand","巧手","Master's Hand","i18n-Katalog (src/i18n) — über t() aufgelöst","","done",""
"perk.L_MONO.desc","i18n","Aufeinanderfolgende Siege derselben Farbe: je Folgesieg +15 % Score, höchstens +150 %. Ein Farbwechsel oder eine Niederlage setzt die Farbserie zurück.","同一花色的连续获胜：每次后续获胜得分+15%，最多+150%。换花色或者失败都会重置花色连胜。","Consecutive wins in the same suit: +15% score per follow-up win, at most +150%. A change of suit or a loss resets the suit streak.","i18n-Katalog (src/i18n) — über t() aufgelöst","","done",""
"perk.L_MONO.label","i18n","Monochrom","单色","Monochrome","i18n-Katalog (src/i18n) — über t() aufgelöst","","done",""
"perk.L_OPFER.desc","i18n","Sofort: alle Karten verlieren dauerhaft 1 Kartenwert (mindestens 1). Dafür zählt jeder Sieg 1,8-fach.","立即生效：所有卡牌永久失去1点卡牌数值（最低为1）。作为交换，每次获胜都算1.8倍。","Immediately: every card permanently loses 1 card value (down to 1 at the lowest). In exchange, every win counts ×1.8.","i18n-Katalog (src/i18n) — über t() aufgelöst","","done",""
"perk.L_OPFER.label","i18n","Opfergang","献祭","Sacrifice","i18n-Katalog (src/i18n) — über t() aufgelöst","","done",""
"perk.L_PATT.desc","i18n","Eine Niederlage um höchstens 2 Werte zählt stattdessen als Sieg.","差距不超过2点数值的失败，改为算作获胜。","A loss by 2 value or less counts as a win instead.","i18n-Katalog (src/i18n) — über t() aufgelöst","","done",""
"perk.L_PATT.label","i18n","Patt","僵局","Stalemate","i18n-Katalog (src/i18n) — über t() aufgelöst","","done",""
"perk.L_RICHT.desc","i18n","Am Ende jedes Durchlaufs: je vollendeter Struktur (volle Zeile, Spalte oder Diagonale) zusätzlich 5 % des in diesem Durchlauf erspielten Scores.","每轮结束时：每个完成的结构（整行、整列或对角线）额外给予本轮所得得分的5%。","At the end of every cycle: for each completed structure (full row, column or diagonal) an extra 5% of the score you earned in that cycle.","i18n-Katalog (src/i18n) — über t() aufgelöst","","done",""
"perk.L_RICHT.label","i18n","Richtfest","上梁礼","Topping Out","i18n-Katalog (src/i18n) — über t() aufgelöst","","done",""
"perk.L_SAMM.desc","i18n","Jede unterschiedliche Formationsart, die in einem Durchlauf gewinnt (höchstens 5), gibt +0,15 Formations-Multiplikator für den restlichen Durchlauf.","一轮之内每有一种不同的阵型获胜（最多5种），本轮剩余时间就获得阵型倍率+0.15。","Every distinct formation type that wins during a cycle (at most 5) gives +0.15 formation multiplier for the rest of that cycle.","i18n-Katalog (src/i18n) — über t() aufgelöst","","done",""
"perk.L_SAMM.label","i18n","Sammler","收藏家","Collector","i18n-Katalog (src/i18n) — über t() aufgelöst","","done",""
"perk.L_SCHM.desc","i18n","Am Ende jedes Durchlaufs erhält die schwächste Karte deines Decks dauerhaft +3 Kartenwert.","每轮结束时，你卡组里最弱的卡牌永久获得卡牌数值+3。","At the end of every cycle, the weakest card in your deck permanently gains +3 card value.","i18n-Katalog (src/i18n) — über t() aufgelöst","","done",""
"perk.L_SCHM.label","i18n","Schmiede","锻炉","Forge","i18n-Katalog (src/i18n) — über t() aufgelöst","","done",""
"perk.L_TAKT.desc","i18n","Gewinnst du alle 5 Stiche eines Segments, zählt der abschließende Stich 2,5-fach.","若你赢下一个区段的全部5墩，收尾的那一墩算2.5倍。","Win all 5 tricks of a segment and the closing trick counts ×2.5.","i18n-Katalog (src/i18n) — über t() aufgelöst","","done",""
"perk.L_TAKT.label","i18n","Taktschlag","节拍","Downbeat","i18n-Katalog (src/i18n) — über t() aufgelöst","","done",""
"perk.L_UMV.desc","i18n","Sofort: alle Karten nehmen dauerhaft den durchschnittlichen Kartenwert des Decks an (keine Karte wird entfernt). Stark bei schiefem Deck.","立即生效：所有卡牌永久取卡组的平均卡牌数值（不会移除任何卡牌）。卡组数值不均时特别强。","Immediately: every card permanently takes on the deck's average card value (no card is removed). Strong on a lopsided deck.","i18n-Katalog (src/i18n) — über t() aufgelöst","","done",""
"perk.L_UMV.label","i18n","Umverteilung","再分配","Redistribution","i18n-Katalog (src/i18n) — über t() aufgelöst","","done",""
"perk.L_VAB.desc","i18n","Eröffnungs-Wette: Jedes Mal, wenn du die ersten 5 Stiche eines Durchlaufs in Folge gewinnst, zahlen sie zusätzlich das 4-fache ihres Scores aus.","开局押注：每当你连续赢下一轮的前5墩，它们会额外支付4倍的得分。","Opening bet: every time you win the first 5 tricks of a cycle in a row, they pay out 4× their own score on top.","i18n-Katalog (src/i18n) — über t() aufgelöst","","done",""
"perk.L_VAB.label","i18n","Vabanque","孤注一掷","All In","i18n-Katalog (src/i18n) — über t() aufgelöst","","done",""
"perk.L_ZINS.desc","i18n","Die Bank: Jeder gewonnene Stich legt 12 % seines Scores aufs Kapital. Endet ein Durchlauf mit mindestens 65 % Siegen, zahlt sie Kapital × Zinssatz aus und der Zinssatz steigt um 4 Prozentpunkte (Start 12 %, höchstens 40 %); das Kapital bleibt liegen. Verfehlst du die Quote, crasht das Konto: 25 % des Kapitals sind weg und der Zinssatz fällt um 4 Prozentpunkte zurück.","银行：每赢下一墩，就把该墩得分的12%存入本金。若一轮结束时胜率达到至少65%，银行按本金×利率付息，利率随之提高4个百分点（初始12%，最高40%）；本金继续留在账上。没达到这个比率，账户就会崩盘：本金损失25%，利率回落4个百分点。","The bank: every trick you win puts 12% of its score into the capital. If a cycle ends with at least 65% wins, it pays out capital × interest rate and the rate rises by 4 percentage points (starting at 12%, at most 40%); the capital stays. Miss the quota and the account crashes: 25% of the capital is gone and the rate drops back by 4 percentage points.","i18n-Katalog (src/i18n) — über t() aufgelöst","","done",""
"perk.L_ZINS.label","i18n","Zinseszins","复利","Compound Interest","i18n-Katalog (src/i18n) — über t() aufgelöst","","done",""
"perk.L2.desc","i18n","Solange du siegst, erhält die nächste Karte +3 Stichwert (bis eine Niederlage eintritt).","只要你还在连胜，下一张卡牌就获得墩值+3（直到出现一次失败为止）。","While you keep winning, the next card gets +3 trick value (until you lose).","i18n-Katalog (src/i18n) — über t() aufgelöst","","done",""
"perk.L2.label","i18n","Unaufhaltsam","势不可挡","Unstoppable","i18n-Katalog (src/i18n) — über t() aufgelöst","","done",""
"perk.L4.desc","i18n","Jeder Crit gibt der betreffenden Karte dauerhaft +1 Kartenwert (maximal +3).","每次暴击都让对应的卡牌永久获得卡牌数值+1（最多+3）。","Every crit permanently gives that card +1 card value (at most +3).","i18n-Katalog (src/i18n) — über t() aufgelöst","","done",""
"perk.L4.label","i18n","Kritische Masse","临界质量","Critical Mass","i18n-Katalog (src/i18n) — über t() aufgelöst","","done",""
"perk.L6.desc","i18n","Jeder Sieg in Folge gibt +5 % Crit-Chance. Übersteigt deine Gesamt-Crit-Chance 100 %, hebt der Überschuss zusätzlich den Crit-Multiplikator: +0,01× je Prozentpunkt darüber, höchstens +1,00×.","每连续获胜一次给予暴击率+5%。当你的总暴击率超过100%时，超出的部分还会抬高暴击倍率：每超出一个百分点+0.01×，最多+1.00×。","Every win in a row gives +5% crit chance. If your total crit chance passes 100%, the surplus also raises the crit multiplier: +0.01× per percentage point above, at most +1.00×.","i18n-Katalog (src/i18n) — über t() aufgelöst","","done",""
"perk.L6.label","i18n","Raserei","狂暴","Frenzy","i18n-Katalog (src/i18n) — über t() aufgelöst","","done",""
"perk.onceHint","i18n","Jeder Perk ist pro Lauf nur einmal wählbar.","每个天赋在一局里只能选一次。","Each perk can only be chosen once per run.","i18n-Katalog (src/i18n) — über t() aufgelöst","","done",""
"perk.reroll","i18n","🎲 Neu würfeln · {n}","🎲 重抽 · {n}","🎲 Reroll · {n}","i18n-Katalog (src/i18n) — über t() aufgelöst","","done",""
"perk.start","i18n","Start","开始","Start","i18n-Katalog (src/i18n) — über t() aufgelöst","","done",""
"perk.stat.crit","i18n","Crit","暴击","Crit","i18n-Katalog (src/i18n) — über t() aufgelöst","","done",""
"perk.stat.scoreMult","i18n","Score-Mult","得分倍率","Score mult","i18n-Katalog (src/i18n) — über t() aufgelöst","","done",""
"perk.title","i18n","Wähle einen Perk","选择一个天赋","Choose a perk","i18n-Katalog (src/i18n) — über t() aufgelöst","","done",""
"perk.upgrade","i18n","⬆ AUFWERTEN · {from}→{to}","⬆ 升级 · {from}→{to}","⬆ UPGRADE · {from}→{to}","i18n-Katalog (src/i18n) — über t() aufgelöst","","done",""
"perkcat.A.desc","i18n","Dauerhafte Kartenwerte","永久的卡牌数值","Permanent card values","i18n-Katalog (src/i18n) — über t() aufgelöst","","done",""
"perkcat.A.name","i18n","Deck","卡组","Deck","i18n-Katalog (src/i18n) — über t() aufgelöst","9","done","gemessen (längstes Geschwister, de/en/es) — Perk-Kategorie im Chip"
"perkcat.B.desc","i18n","Stich-Effekte","单墩效果","Trick effects","i18n-Katalog (src/i18n) — über t() aufgelöst","","done",""
"perkcat.B.name","i18n","Stich","墩","Trick","i18n-Katalog (src/i18n) — über t() aufgelöst","9","done","gemessen (längstes Geschwister, de/en/es) — Perk-Kategorie im Chip"
"perkcat.C.desc","i18n","Kartenrollen","卡牌角色","Card roles","i18n-Katalog (src/i18n) — über t() aufgelöst","","done",""
"perkcat.C.name","i18n","Rolle","角色","Role","i18n-Katalog (src/i18n) — über t() aufgelöst","9","done","gemessen (längstes Geschwister, de/en/es) — Perk-Kategorie im Chip"
"perkcat.D.desc","i18n","Score","得分","Score","i18n-Katalog (src/i18n) — über t() aufgelöst","","done",""
"perkcat.D.name","i18n","Score","得分","Score","i18n-Katalog (src/i18n) — über t() aufgelöst","9","done","gemessen (längstes Geschwister, de/en/es) — Perk-Kategorie im Chip"
"perkcat.E.desc","i18n","Formationswerkzeuge","阵型工具","Formation tools","i18n-Katalog (src/i18n) — über t() aufgelöst","","done",""
"perkcat.E.name","i18n","Form","阵型","Form","i18n-Katalog (src/i18n) — über t() aufgelöst","9","done","gemessen (längstes Geschwister, de/en/es) — Perk-Kategorie im Chip"
"perkcat.P.desc","i18n","Crit-Chance & Crit-Multiplikator","暴击率与暴击倍率","Crit chance & crit multiplier","i18n-Katalog (src/i18n) — über t() aufgelöst","","done",""
"perkcat.P.name","i18n","Präzision","精准","Precision","i18n-Katalog (src/i18n) — über t() aufgelöst","9","done","gemessen (längstes Geschwister, de/en/es) — Perk-Kategorie im Chip"
"perkcat.S.desc","i18n","Slots & Ökonomie","槽位与经济","Slots & economy","i18n-Katalog (src/i18n) — über t() aufgelöst","","done",""
"perkcat.S.name","i18n","Ausbau","扩建","Kit","i18n-Katalog (src/i18n) — über t() aufgelöst","9","done","gemessen (längstes Geschwister, de/en/es) — Perk-Kategorie im Chip"
"privacy.contact.discord","i18n","Discord öffnen","打开Discord","Open Discord","i18n-Katalog (src/i18n) — über t() aufgelöst","","done",""
"privacy.eyebrow","i18n","Playtest","试玩测试","Playtest","i18n-Katalog (src/i18n) — über t() aufgelöst","","done",""
"privacy.installId.copied","i18n","Kopiert","已复制","Copied","i18n-Katalog (src/i18n) — über t() aufgelöst","","done",""
"privacy.installId.copy","i18n","Kopieren","复制","Copy","i18n-Katalog (src/i18n) — über t() aufgelöst","","done",""
"privacy.installId.hint","i18n","Nenne sie, wenn du eine Löschung deiner gesendeten Daten möchtest; ohne sie lassen sich deine Zeilen nicht finden. Sie steht nur auf diesem Gerät und sagt nichts darüber, wer du bist.","如果你想删除已发送的数据，请提供这个标识；没有它就找不到属于你的那些记录。它只存在于这台设备上，也不会透露你是谁。","Quote it if you want the data you sent deleted; without it your rows cannot be found. It exists only on this device and says nothing about who you are.","i18n-Katalog (src/i18n) — über t() aufgelöst","","done",""
"privacy.installId.label","i18n","Deine Install-Kennung","你的安装标识","Your install ID","i18n-Katalog (src/i18n) — über t() aufgelöst","","done",""
"privacy.intro","i18n","Autostich läuft im Browser, ohne Konto und ohne Anmeldung. Zwei Dinge verlassen dein Gerät, beide stehen hier vollständig.","自动墩在浏览器里运行，不需要账号，也不需要登录。只有两样东西会离开你的设备，它们在这里被完整列出。","Autotrick runs in your browser, with no account and no sign-in. Two things leave your device, both are listed here in full.","i18n-Katalog (src/i18n) — über t() aufgelöst","","done",""
"privacy.link","i18n","Datenschutz","隐私","Privacy","i18n-Katalog (src/i18n) — über t() aufgelöst","","done",""
"privacy.sec.board.body","i18n","Wenn du einen Lauf in die Bestenliste stellst: dein selbst gewählter Nickname, Score, Durchläufe, Stiche, Archetypen, Perks, Skills, der Seed, der Ausbaustand deines Upgrade-Baums (wie viele Knoten freigeschaltet waren) und die Kennzahlen des Laufs (beste Serie, Formationen, Crits, Siege, bester Stich, Score-Anteile). Der Nickname ist für alle Spieler sichtbar; wähle also nichts, worüber man dich findet. Ohne Nickname wird nichts veröffentlicht.","当你把一局成绩提交到排行榜时：你自己取的昵称、得分、轮次数、墩数、流派、天赋、技能、种子、你升级树的开发程度（解锁了多少节点），以及这一局的各项数据（最佳连胜、阵型、暴击、胜场、最佳单墩、得分构成）。昵称对所有玩家可见，所以别取一个能让人找到你的名字。不填昵称就不会公开任何内容。","When you put a run on the leaderboard: the nickname you chose, score, cycles, tricks, archetypes, perks, skills, the seed, how far your upgrade tree was built (how many nodes were unlocked) and the run’s metrics (best streak, formations, crits, wins, best trick, score shares). The nickname is visible to every player; so pick something nobody can find you by. Without a nickname nothing is published.","i18n-Katalog (src/i18n) — über t() aufgelöst","","done",""
"privacy.sec.board.title","i18n","Bestenliste (nur beim Veröffentlichen)","排行榜（仅在提交时）","Leaderboard (only when you publish)","i18n-Katalog (src/i18n) — über t() aufgelöst","","done",""
"privacy.sec.contact.body","i18n","Autostich ist ein privates Hobby-Projekt im offenen Playtest. Fragen, Widerspruch oder die Bitte, deine Daten zu löschen, gehen über den Discord des Projekts.","自动墩是一个私人业余项目，正处于公开试玩测试。有问题、异议，或者想删除自己的数据，都可以通过项目的Discord联系。","Autotrick is a private hobby project in open playtest. Questions, objections or a request to delete your data go through the project's Discord.","i18n-Katalog (src/i18n) — über t() aufgelöst","","done",""
"privacy.sec.contact.title","i18n","Wer dahintersteht","谁在做这个","Who is behind it","i18n-Katalog (src/i18n) — über t() aufgelöst","","done",""
"privacy.sec.host.body","i18n","Beides landet in einer Supabase-Datenbank, getrennt in zwei Tabellen; eine volllaufende Telemetrie kann die Bestenliste also nicht beschädigen. Der Zugriff läuft über einen öffentlichen Schlüssel, der ausschließlich Lesen und Anlegen erlaubt.","两者都进入一个Supabase数据库，分成两张表；因此即使遥测数据写满，也损坏不了排行榜。访问通过一个公开密钥进行，它只允许读取和新增。","Both end up in a Supabase database, split across two tables; so telemetry filling up can never damage the leaderboard. Access runs through a public key that only allows reading and inserting.","i18n-Katalog (src/i18n) — über t() aufgelöst","","done",""
"privacy.sec.host.title","i18n","Wohin es geht","数据去了哪里","Where it goes","i18n-Katalog (src/i18n) — über t() aufgelöst","","done",""
"privacy.sec.local.body","i18n","Profil, Lauf-Historie, Optionen und ein angefangener Lauf liegen im Speicher deines Browsers und verlassen das Gerät nicht. Es gibt keine Werbe-Cookies, keine fremden Skripte und keine Verfolgung über andere Seiten hinweg.","存档、对局历史、选项和一局没打完的对局都放在你浏览器的存储里，不会离开设备。没有广告Cookie，没有第三方脚本，也没有跨站点追踪。","Your profile, run history, options and any run in progress live in your browser's storage and never leave the device. There are no advertising cookies, no third-party scripts and no tracking across other sites.","i18n-Katalog (src/i18n) — über t() aufgelöst","","done",""
"privacy.sec.local.title","i18n","Was auf deinem Gerät bleibt","留在你设备上的东西","What stays on your device","i18n-Katalog (src/i18n) — über t() aufgelöst","","done",""
"privacy.sec.telemetry.body","i18n","Nach jedem Lauf: Score, Durchläufe, Stiche, gewählte Perks, Skills und Gebäude, dein Fortschritt im Upgrade-Baum, gekaufte Kosmetik und der Seed. Dazu grober Gerätekontext: Browserkennung (auf {ua} Zeichen gekürzt), Prozessorkerne, Gerätespeicher, Sprache, Fenstergröße, Pixeldichte und ob das Gerät Touch hat. Plus eine zufällig gewürfelte Install-Kennung, damit mehrere Läufe desselben Geräts zusammengehören. Kein Name, keine E-Mail, keine Anmeldung. Abschalten: Optionen → „Anonyme Spieldaten senden“. Aus heißt wirklich aus: auch was noch in der Warteschlange liegt, wird gelöscht.","每局结束后：得分、轮次数、墩数、所选天赋、技能和建筑、你在升级树上的进度、已购买的外观以及种子。此外还有粗略的设备信息：浏览器标识（截断到{ua}个字符）、处理器核心数、设备内存、语言、窗口尺寸、像素密度，以及设备是否支持触控。再加上一个随机生成的安装标识，用来把同一台设备的多局记录关联起来。没有姓名，没有邮箱，也没有登录。关闭方法：选项 → 「发送匿名游戏数据」。关掉就是真的关掉：还在队列里等待发送的数据也会被删除。","After each run: score, cycles, tricks, the perks, skills and buildings you picked, your progress in the upgrade tree, cosmetics you own and the seed. Plus rough device context: browser identification (trimmed to {ua} characters), processor cores, device memory, language, window size, pixel density and whether the device has touch. And a randomly rolled install ID, so several runs from the same device belong together. No name, no email, no sign-in. To turn it off: Options → “Send anonymous gameplay data”. Off really means off: anything still queued is deleted too.","i18n-Katalog (src/i18n) — über t() aufgelöst","","done",""
"privacy.sec.telemetry.title","i18n","Anonyme Spieldaten (abschaltbar)","匿名游戏数据（可关闭）","Anonymous gameplay data (can be turned off)","i18n-Katalog (src/i18n) — über t() aufgelöst","","done",""
"privacy.title","i18n","Was Autostich sendet","自动墩会发送什么","What Autotrick sends","i18n-Katalog (src/i18n) — über t() aufgelöst","","done",""
"privacy.updated","i18n","Stand: 2026-08-16 · Beta-Playtest","更新于2026-08-16 · Beta试玩测试","As of 2026-08-16 · beta playtest","i18n-Katalog (src/i18n) — über t() aufgelöst","","done",""
"pwa.install","i18n","Installieren","安装","Install","i18n-Katalog (src/i18n) — über t() aufgelöst","","done",""
"pwa.ios","i18n","Über das Teilen-Symbol → „Zum Home-Bildschirm“.","通过分享图标 → 「添加到主屏幕」。","Via the share icon → “Add to Home Screen”.","i18n-Katalog (src/i18n) — über t() aufgelöst","","done",""
"pwa.title","i18n","Als App zum Startbildschirm hinzufügen","作为应用添加到主屏幕","Add as an app to the home screen","i18n-Katalog (src/i18n) — über t() aufgelöst","","done",""
"rail.analysis","i18n","Analyse","分析","Analysis","i18n-Katalog (src/i18n) — über t() aufgelöst","","done",""
"rail.best","i18n","Bester","最佳","Best","i18n-Katalog (src/i18n) — über t() aufgelöst","","done",""
"rail.buildings","i18n","Gebäude","建筑","Buildings","i18n-Katalog (src/i18n) — über t() aufgelöst","","done",""
"rail.critChance","i18n","Crit-Chance","暴击率","Crit chance","i18n-Katalog (src/i18n) — über t() aufgelöst","","done",""
"rail.critChance.ion","i18n","+{pct} Ion.","+{pct}电离","+{pct} ion.","i18n-Katalog (src/i18n) — über t() aufgelöst","","done",""
"rail.critMult","i18n","Crit-Mult","暴击倍率","Crit mult","i18n-Katalog (src/i18n) — über t() aufgelöst","","done",""
"rail.crits","i18n","Crits","暴击","Crits","i18n-Katalog (src/i18n) — über t() aufgelöst","","done",""
"rail.formation","i18n","Formation","阵型","Formation","i18n-Katalog (src/i18n) — über t() aufgelöst","","done",""
"rail.formation.value","i18n","{n} · +{pct} %","{n} · +{pct}%","{n} · +{pct}%","i18n-Katalog (src/i18n) — über t() aufgelöst","","done",""
"rail.jackpot","i18n","Jackpot","头奖","Jackpot","i18n-Katalog (src/i18n) — über t() aufgelöst","","done",""
"rail.losses","i18n","Verl.","负","Loss.","i18n-Katalog (src/i18n) — über t() aufgelöst","","done",""
"rail.mults","i18n","Multiplikatoren","倍率","Multipliers","i18n-Katalog (src/i18n) — über t() aufgelöst","","done",""
"rail.pct","i18n","+{pct} %","+{pct}%","+{pct}%","i18n-Katalog (src/i18n) — über t() aufgelöst","","done",""
"rail.pct.plain","i18n","{pct} %","{pct}%","{pct}%","i18n-Katalog (src/i18n) — über t() aufgelöst","","done",""
"rail.rate","i18n","Quote","胜率","Rate","i18n-Katalog (src/i18n) — über t() aufgelöst","","done",""
"rail.scoreSource","i18n","Score-Herkunft","得分来源","Score sources","i18n-Katalog (src/i18n) — über t() aufgelöst","","done",""
"rail.scoreTrend","i18n","Score-Verlauf","得分走势","Score trend","i18n-Katalog (src/i18n) — über t() aufgelöst","","done",""
"rail.trend.first","i18n","erster Lauf","第一局","first run","i18n-Katalog (src/i18n) — über t() aufgelöst","","done",""
"rail.trend.record","i18n","Rekord","纪录","Record","i18n-Katalog (src/i18n) — über t() aufgelöst","","done",""
"rail.trend.run","i18n","Lauf","对局","Run","i18n-Katalog (src/i18n) — über t() aufgelöst","","done",""
"rail.tricks","i18n","Stiche","墩","Tricks","i18n-Katalog (src/i18n) — über t() aufgelöst","","done",""
"rail.wins","i18n","Siege","胜","Wins","i18n-Katalog (src/i18n) — über t() aufgelöst","","done",""
"rarity.tier1.label","i18n","Normal","普通","Common","i18n-Katalog (src/i18n) — über t() aufgelöst","11","done","gemessen (längstes Geschwister, de/en/es) — Raritäts-Chip"
"rarity.tier2.label","i18n","Selten","罕见","Uncommon","i18n-Katalog (src/i18n) — über t() aufgelöst","11","done","gemessen (längstes Geschwister, de/en/es) — Raritäts-Chip"
"rarity.tier3.label","i18n","Sehr selten","稀有","Rare","i18n-Katalog (src/i18n) — über t() aufgelöst","11","done","gemessen (längstes Geschwister, de/en/es) — Raritäts-Chip"
"rarity.tier4.label","i18n","Episch","史诗","Epic","i18n-Katalog (src/i18n) — über t() aufgelöst","11","done","gemessen (längstes Geschwister, de/en/es) — Raritäts-Chip"
"roundscore.diff","i18n","{sign}{pct} %","{sign}{pct}%","{sign}{pct}%","i18n-Katalog (src/i18n) — über t() aufgelöst","","done",""
"roundscore.diff.title","i18n","Differenz zur Vorrunde","与上一轮的差值","Difference to the previous cycle","i18n-Katalog (src/i18n) — über t() aufgelöst","","done",""
"roundscore.firstCycle","i18n","erster Durchlauf","第一轮","first cycle","i18n-Katalog (src/i18n) — über t() aufgelöst","","done",""
"roundscore.label","i18n","Durchlauf-Score","本轮得分","Cycle score","i18n-Katalog (src/i18n) — über t() aufgelöst","","done",""
"roundscore.noPrev.title","i18n","keine Vorrunde zum Vergleich","没有可比较的上一轮","no previous cycle to compare against","i18n-Katalog (src/i18n) — über t() aufgelöst","","done",""
"rundetail.eyebrow","i18n","Rückblick · Lauf","回顾 · 对局","Retrospect · Run","i18n-Katalog (src/i18n) — über t() aufgelöst","","done",""
"runloader.loading","i18n","Lade Deck …","正在加载卡组……","Loading deck …","i18n-Katalog (src/i18n) — über t() aufgelöst","","done",""
"runstats.avgTricks","i18n","Ø Stiche","平均墩数","Ø tricks","i18n-Katalog (src/i18n) — über t() aufgelöst","","done",""
"runstats.avgTricks.title","i18n","Durchschnittliche Stiche je Durchlauf","每轮的平均墩数","Average tricks per cycle","i18n-Katalog (src/i18n) — über t() aufgelöst","","done",""
"runstats.bestGlacier","i18n","Bester Gletscherstich","最佳冰川墩","Best glacier trick","i18n-Katalog (src/i18n) — über t() aufgelöst","","done",""
"runstats.bestStreak","i18n","Beste Serie","最佳连胜","Best streak","i18n-Katalog (src/i18n) — über t() aufgelöst","","done",""
"runstats.bestStreak.title","i18n","Längste Siegesserie","最长的连胜","Longest winning streak","i18n-Katalog (src/i18n) — über t() aufgelöst","","done",""
"runstats.bestTrick","i18n","Bester Stich","最佳单墩","Best trick","i18n-Katalog (src/i18n) — über t() aufgelöst","","done",""
"runstats.bestTrick.title","i18n","Höchster Score aus einem Stich","单墩的最高得分","Highest score from a single trick","i18n-Katalog (src/i18n) — über t() aufgelöst","","done",""
"runstats.buildScore","i18n","Geb.-Score","建筑得分","Build. score","i18n-Katalog (src/i18n) — über t() aufgelöst","","done",""
"runstats.buildScore.title","i18n","Score-Anteil aus Architekt-Gebäuden","来自建筑师建筑的得分占比","Score share from architect buildings","i18n-Katalog (src/i18n) — über t() aufgelöst","","done",""
"runstats.critBonus","i18n","Crit-Bonus","暴击加成","Crit bonus","i18n-Katalog (src/i18n) — über t() aufgelöst","","done",""
"runstats.critBonus.title","i18n","Score-Anteil aus kritischen Treffern","来自暴击的得分占比","Score share from critical hits","i18n-Katalog (src/i18n) — über t() aufgelöst","","done",""
"runstats.critRate","i18n","Crit-Quote","暴击率","Crit rate","i18n-Katalog (src/i18n) — über t() aufgelöst","","done",""
"runstats.critRate.title","i18n","Anteil Stiche mit kritischem Treffer","出现暴击的墩数占比","Share of tricks with a critical hit","i18n-Katalog (src/i18n) — über t() aufgelöst","","done",""
"runstats.cycles","i18n","Durchläufe","轮数","Cycles","i18n-Katalog (src/i18n) — über t() aufgelöst","","done",""
"runstats.duration","i18n","Dauer","时长","Duration","i18n-Katalog (src/i18n) — über t() aufgelöst","","done",""
"runstats.formations","i18n","Formationen","阵型","Formations","i18n-Katalog (src/i18n) — über t() aufgelöst","","done",""
"runstats.formations.title","i18n","Maximal gleichzeitig aktive Formationen","同时生效的阵型最大数量","Most formations active at the same time","i18n-Katalog (src/i18n) — über t() aufgelöst","","done",""
"runstats.formScore","i18n","Form.-Score","阵型得分","Form. score","i18n-Katalog (src/i18n) — über t() aufgelöst","","done",""
"runstats.formScore.title","i18n","Score-Anteil aus Formations-Multiplikatoren","来自阵型倍率的得分占比","Score share from formation multipliers","i18n-Katalog (src/i18n) — über t() aufgelöst","","done",""
"runstats.hidden","i18n","Perks und Aufstellung bleiben bei fremden Läufen verdeckt: Die sechs Skills zeigen den Stil eines Laufs, nachbauen ließe er sich erst über die Perks.","查看别人的对局时，天赋和布阵是隐藏的：六个技能已经能看出一局的风格，而要真正复刻，还得知道天赋。","Perks and the final order stay hidden on other players’ runs: the six skills show a run’s style, rebuilding it would take the perks.","i18n-Katalog (src/i18n) — über t() aufgelöst","","done",""
"runstats.perks","i18n","Perks: {n}","天赋：{n}","Perks: {n}","i18n-Katalog (src/i18n) — über t() aufgelöst","","done",""
"runstats.showDesc","i18n","Beschreibung anzeigen","显示说明","Show description","i18n-Katalog (src/i18n) — über t() aufgelöst","","done",""
"runstats.skills","i18n","Skills","技能","Skills","i18n-Katalog (src/i18n) — über t() aufgelöst","","done",""
"runstats.tree","i18n","Upgrade-Baum","升级树","Upgrade tree","i18n-Katalog (src/i18n) — über t() aufgelöst","","done",""
"runstats.tree.nodes","i18n","{done} / {total} Knoten","{done}/{total}个节点","{done} / {total} nodes","i18n-Katalog (src/i18n) — über t() aufgelöst","","done",""
"runstats.tree.note","i18n","Der Baum wirkt dauerhaft in jedem Lauf außerhalb der Rangliste; zwei Scores lassen sich erst vergleichen, wenn man weiß, wie viel Meta-Fortschritt dahinterstand.","在排行榜之外的每一局里，升级树都会持续生效；只有知道背后有多少局外进度，两个得分才有可比性。","The tree keeps working in every run outside ranked play; two scores only compare once you know how much meta progress was behind them.","i18n-Katalog (src/i18n) — über t() aufgelöst","","done",""
"runstats.winrate","i18n","Winrate","胜率","Win rate","i18n-Katalog (src/i18n) — über t() aufgelöst","","done",""
"runstats.winrate.title","i18n","Anteil gewonnener Stiche","赢下的墩数占比","Share of tricks won","i18n-Katalog (src/i18n) — über t() aufgelöst","","done",""
"runstats.wins","i18n","Siege","胜场","Wins","i18n-Katalog (src/i18n) — über t() aufgelöst","","done",""
"seed.copied","i18n","kopiert","已复制","copied","i18n-Katalog (src/i18n) — über t() aufgelöst","","done",""
"seed.copy","i18n","Seed kopieren","复制种子","Copy seed","i18n-Katalog (src/i18n) — über t() aufgelöst","","done",""
"seed.replay","i18n","Nachspielen","重玩","Replay","i18n-Katalog (src/i18n) — über t() aufgelöst","","done",""
"seed.replay.title","i18n","Diesen Seed nachspielen","用这个种子重玩","Replay this seed","i18n-Katalog (src/i18n) — über t() aufgelöst","","done",""
"shop.activate","i18n","Aktivieren","启用","Activate","i18n-Katalog (src/i18n) — über t() aufgelöst","","done",""
"shop.activeCheck","i18n","Aktiv ✓","已启用 ✓","Active ✓","i18n-Katalog (src/i18n) — über t() aufgelöst","","done",""
"shop.activeChip","i18n","AKTIV","已启用","ACTIVE","i18n-Katalog (src/i18n) — über t() aufgelöst","","done",""
"shop.anim.none","i18n","Alle Animationen aus","关闭全部动画","All animations off","i18n-Katalog (src/i18n) — über t() aufgelöst","","done",""
"shop.anim.noneActive","i18n","✓ Aktiv: keine Animation","✓ 当前：没有动画","✓ Active: no animation","i18n-Katalog (src/i18n) — über t() aufgelöst","","done",""
"shop.bg.none","i18n","Kein Hintergrund","没有背景","No background","i18n-Katalog (src/i18n) — über t() aufgelöst","","done",""
"shop.bg.noneActive","i18n","✓ Aktiv: kein Hintergrund","✓ 当前：没有背景","✓ Active: no background","i18n-Katalog (src/i18n) — über t() aufgelöst","","done",""
"shop.buy","i18n","Kaufen · {price} DP","购买 · {price} DP","Buy · {price} DP","i18n-Katalog (src/i18n) — über t() aufgelöst","","done",""
"shop.chooseAnim","i18n","Als Animation wählen","选为动画","Choose as animation","i18n-Katalog (src/i18n) — über t() aufgelöst","","done",""
"shop.chooseBg","i18n","Als Hintergrund wählen","选为背景","Choose as background","i18n-Katalog (src/i18n) — über t() aufgelöst","","done",""
"shop.chooseFinisher","i18n","Als Finisher wählen","选为终结演出","Choose as finisher","i18n-Katalog (src/i18n) — über t() aufgelöst","","done",""
"shop.chooseGott","i18n","Als Prunk wählen","选为华彩","Choose as score effect","i18n-Katalog (src/i18n) — über t() aufgelöst","","done",""
"shop.chooseGottStandard","i18n","Als Standard wählen (kein Prunk)","选为标准（不用华彩）","Choose as standard (no effect)","i18n-Katalog (src/i18n) — über t() aufgelöst","","done",""
"shop.color.deck","i18n","Deckfarbe","卡组配色","Deck colour","i18n-Katalog (src/i18n) — über t() aufgelöst","","done",""
"shop.color.standard","i18n","Standard","标准","Standard","i18n-Katalog (src/i18n) — über t() aufgelöst","","done",""
"shop.cube.filled","i18n","Gefüllt","实心","Filled","i18n-Katalog (src/i18n) — über t() aufgelöst","","done",""
"shop.cube.wire","i18n","◇ Nur Rahmen","◇ 只要边框","◇ Outline only","i18n-Katalog (src/i18n) — über t() aufgelöst","","done",""
"shop.dblTap.off","i18n","Doppeltippen: abwählen","双击：取消选中","Double-tap: deselect","i18n-Katalog (src/i18n) — über t() aufgelöst","","done",""
"shop.dblTap.on","i18n","Doppeltippen: auswählen","双击：选中","Double-tap: select","i18n-Katalog (src/i18n) — über t() aufgelöst","","done",""
"shop.emptyView","i18n","Nichts in dieser Ansicht.","这个视图里什么都没有。","Nothing in this view.","i18n-Katalog (src/i18n) — über t() aufgelöst","","done",""
"shop.filter.all","i18n","Alle","全部","All","i18n-Katalog (src/i18n) — über t() aufgelöst","","done",""
"shop.filter.buyable","i18n","Kaufbar","可购买","Buyable","i18n-Katalog (src/i18n) — über t() aufgelöst","","done",""
"shop.filter.free","i18n","Frei","免费","Free","i18n-Katalog (src/i18n) — über t() aufgelöst","","done",""
"shop.filter.locked","i18n","Gesperrt","已锁定","Locked","i18n-Katalog (src/i18n) — über t() aufgelöst","","done",""
"shop.filter.owned","i18n","Besitz","已拥有","Owned","i18n-Katalog (src/i18n) — über t() aufgelöst","","done",""
"shop.fx.hint","i18n","Effekte sind global: einmal gekauft, für alle Packs. Kategorie oben wählen, Effekt tippen → er läuft in der Bühne; dort kaufen bzw. wählen / an-aus. Doppeltippen in der Liste schaltet direkt um.","特效是全局的：买一次，对所有套装都生效。在上方选择类别，点击某个特效 → 它会在展示台里播放；在那里购买或选择/开关。在列表中双击可以直接切换。","Effects are global: bought once, available for every pack. Pick a category above, tap an effect → it runs on the stage; buy it there, or select / toggle it. Double-tapping in the list toggles it right away.","i18n-Katalog (src/i18n) — über t() aufgelöst","","done",""
"shop.head.challenges","i18n","{n} Herausforderungen · {own} freigeschaltet","{n}个挑战 · 已解锁{own}个","{n} challenges · {own} unlocked","i18n-Katalog (src/i18n) — über t() aufgelöst","","done",""
"shop.head.hint","i18n","Karte antippen zeigt Rücken, Front und Spielfeld.","点击卡牌可以看背面、正面和战场。","Tap a card to see back, front and battlefield.","i18n-Katalog (src/i18n) — über t() aufgelöst","","done",""
"shop.head.packs","i18n","{n} Packs · {own} freigeschaltet","{n}个套装 · 已解锁{own}个","{n} packs · {own} unlocked","i18n-Katalog (src/i18n) — über t() aufgelöst","","done",""
"shop.hint.challenge","i18n","Ein Herausforderungs-Deck wird nicht gekauft, sondern über eine Herausforderung freigeschaltet. Tippe es an → Vorschau + Freischalt-Bedingung; sobald erfüllt, aktivierst du es direkt.","挑战卡组不能购买，只能通过完成挑战解锁。点击它 → 显示预览和解锁条件；条件一旦满足，你就能直接启用它。","A challenge deck is not bought, it is unlocked through a challenge. Tap it → preview + unlock condition; once met you activate it directly.","i18n-Katalog (src/i18n) — über t() aufgelöst","","done",""
"shop.hint.pack","i18n","Ein Pack bündelt Karte (Front + Back) und Battlefield. Tippe ein Pack an → Detail-Ansicht mit Vorschau; Kaufen aktiviert das Pack direkt.","一个套装包含卡牌（正面+背面）和战场。点击某个套装 → 打开带预览的详情页；购买后会直接启用该套装。","A pack bundles the card (front + back) and a battlefield. Tap a pack → detail view with a preview; buying activates the pack directly.","i18n-Katalog (src/i18n) — über t() aufgelöst","","done",""
"shop.noBattlefield","i18n","Kein Battlefield","没有战场","No battlefield","i18n-Katalog (src/i18n) — über t() aufgelöst","","done",""
"shop.on.tapOff","i18n","✓ An: tippen zum Ausschalten","✓ 已开：点击可关闭","✓ On: tap to switch off","i18n-Katalog (src/i18n) — über t() aufgelöst","","done",""
"shop.packSel.back","i18n","Karte hinten","卡牌背面","Card back","i18n-Katalog (src/i18n) — über t() aufgelöst","","done",""
"shop.packSel.bg","i18n","Hintergrund","背景","Background","i18n-Katalog (src/i18n) — über t() aufgelöst","","done",""
"shop.packSel.front","i18n","Karte vorne","卡牌正面","Card front","i18n-Katalog (src/i18n) — über t() aufgelöst","","done",""
"shop.randomDeck.aria","i18n","Zufalls-Deck je Lauf","每局随机卡组","Random deck per run","i18n-Katalog (src/i18n) — über t() aufgelöst","","done",""
"shop.randomDeck.desc","i18n","Jeder Lauf startet mit einem zufälligen deiner Decks; alle aktiven Effekte in Deckfarbe.","每一局都从你的卡组里随机开一个；所有启用的特效跟随卡组配色。","Every run starts with a random one of your decks; all active effects in that deck's color.","i18n-Katalog (src/i18n) — über t() aufgelöst","","done",""
"shop.randomDeck.title","i18n","Zufalls-Deck je Lauf","每局随机卡组","Random deck per run","i18n-Katalog (src/i18n) — über t() aufgelöst","","done",""
"shop.selected","i18n","✓ Ausgewählt","✓ 已选择","✓ Selected","i18n-Katalog (src/i18n) — über t() aufgelöst","","done",""
"shop.sort.color","i18n","Farbe","颜色","Colour","i18n-Katalog (src/i18n) — über t() aufgelöst","","done",""
"shop.sort.default","i18n","Standard","默认","Default","i18n-Katalog (src/i18n) — über t() aufgelöst","","done",""
"shop.sort.hint","i18n","Reihenfolge der Kacheln umschalten","切换卡片的排列顺序","Switch the order of the tiles","i18n-Katalog (src/i18n) — über t() aufgelöst","","done",""
"shop.sort.price","i18n","Preis","价格","Price","i18n-Katalog (src/i18n) — über t() aufgelöst","","done",""
"shop.standardFree","i18n","Standard: immer aktiv, kein Kauf nötig","标准：始终启用，无需购买","Standard: always active, no purchase needed","i18n-Katalog (src/i18n) — über t() aufgelöst","","done",""
"shop.status.active","i18n","aktiv","已启用","active","i18n-Katalog (src/i18n) — über t() aufgelöst","","done",""
"shop.status.owned","i18n","im Besitz","已拥有","owned","i18n-Katalog (src/i18n) — über t() aufgelöst","","done",""
"shop.tab.challenges","i18n","Herausforderungen","挑战","Challenges","i18n-Katalog (src/i18n) — über t() aufgelöst","","done",""
"shop.tab.fx","i18n","Effekte","特效","Effects","i18n-Katalog (src/i18n) — über t() aufgelöst","","done",""
"shop.tab.packs","i18n","Packs","套装","Packs","i18n-Katalog (src/i18n) — über t() aufgelöst","","done",""
"shop.tier.activate","i18n","Stufe {roman} aktivieren","启用{roman}阶","Activate tier {roman}","i18n-Katalog (src/i18n) — über t() aufgelöst","","done",""
"shop.tier.active","i18n","Stufe {roman} aktiv ✓","{roman}阶已启用 ✓","Tier {roman} active ✓","i18n-Katalog (src/i18n) — über t() aufgelöst","","done",""
"shop.tile.dblEquip","i18n","Doppelklick rüstet direkt aus","双击直接装备","Double-click to equip right away","i18n-Katalog (src/i18n) — über t() aufgelöst","","done",""
"shop.tile.sub.active","i18n","aktiv","已启用","active","i18n-Katalog (src/i18n) — über t() aufgelöst","","done",""
"shop.tile.sub.buyable","i18n","kaufbar","可购买","available","i18n-Katalog (src/i18n) — über t() aufgelöst","","done",""
"shop.tile.sub.details","i18n","tippen → Details","点击 → 详情","tap → details","i18n-Katalog (src/i18n) — über t() aufgelöst","","done",""
"shop.tile.sub.detailsTier","i18n","Stufe {roman} · tippen → Details","{roman}阶 · 点击 → 详情","Tier {roman} · tap → details","i18n-Katalog (src/i18n) — über t() aufgelöst","","done",""
"shop.tile.sub.owned","i18n","freigeschaltet","已解锁","unlocked","i18n-Katalog (src/i18n) — über t() aufgelöst","","done",""
"shop.tile.sub.ownedTier","i18n","Stufe {roman} · freigeschaltet","{roman}阶 · 已解锁","Tier {roman} · unlocked","i18n-Katalog (src/i18n) — über t() aufgelöst","","done",""
"shop.title","i18n","Deck-Werkstatt","卡组工坊","Deck workshop","i18n-Katalog (src/i18n) — über t() aufgelöst","","done",""
"shop.tooFewDp","i18n","(zu wenig DP)","（DP不足）","(not enough DP)","i18n-Katalog (src/i18n) — über t() aufgelöst","","done",""
"shop.turnOn","i18n","Einschalten","开启","Switch on","i18n-Katalog (src/i18n) — über t() aufgelöst","","done",""
"shop.unlock","i18n","🔒 Freischalten: {cond}","🔒 解锁条件：{cond}","🔒 Unlock: {cond}","i18n-Katalog (src/i18n) — über t() aufgelöst","","done",""
"skill.arch.none","i18n","Skill","技能","Skill","i18n-Katalog (src/i18n) — über t() aufgelöst","","done",""
"skill.badge.consumer","i18n","KONSUMENT","消耗者","CONSUMER","i18n-Katalog (src/i18n) — über t() aufgelöst","","done",""
"skill.badge.legendary","i18n","★ LEGENDÄR","★ 传说","★ LEGENDARY","i18n-Katalog (src/i18n) — über t() aufgelöst","","done",""
"skill.bonus.hint","i18n","Zusatz-Slot aus deinem letzten Perk. Wähle sofort einen weiteren Skill.","你上一个天赋带来的额外槽位。现在立刻再选一个技能。","Extra slot from your last perk. Pick one more skill right away.","i18n-Katalog (src/i18n) — über t() aufgelöst","","done",""
"skill.cancel","i18n","Abbrechen","取消","Cancel","i18n-Katalog (src/i18n) — über t() aufgelöst","","done",""
"skill.consumer.charge","i18n","Ladungs","充能","charge","i18n-Katalog (src/i18n) — über t() aufgelöst","","done",""
"skill.consumer.heat","i18n","Hitze","热量","heat","i18n-Katalog (src/i18n) — über t() aufgelöst","","done",""
"skill.consumer.post","i18n","ersetzt ihn (höchstens 1 {kind}-Konsument). Deine aktuelle Ressource bleibt erhalten.","会替换它（最多1个{kind}消耗者）。你当前的资源会保留。","replaces it (at most 1 {kind} consumer). Your current resource is kept.","i18n-Katalog (src/i18n) — über t() aufgelöst","","done",""
"skill.consumer.pre","i18n","Du hältst bereits den {kind}-Konsumenten","你已经持有{kind}消耗者","You already hold the {kind} consumer","i18n-Katalog (src/i18n) — über t() aufgelöst","","done",""
"skill.decline","i18n","Ablehnen → Perk","拒绝 → 天赋","Decline → perk","i18n-Katalog (src/i18n) — über t() aufgelöst","","done",""
"skill.declinePlain","i18n","Ablehnen","拒绝","Decline","i18n-Katalog (src/i18n) — über t() aufgelöst","","done",""
"skill.eyebrow","i18n","Skill · Durchlauf {cycle} · {held}/{slots} Slots","技能 · 第{cycle}轮 · {held}/{slots}槽位","Skill · cycle {cycle} · {held}/{slots} slots","i18n-Katalog (src/i18n) — über t() aufgelöst","","done",""
"skill.forms.collapse","i18n","Aufstellfeld einklappen","收起布阵区","Collapse the order board","i18n-Katalog (src/i18n) — über t() aufgelöst","","done",""
"skill.forms.expand","i18n","Aufstellfeld ausklappen","展开布阵区","Expand the order board","i18n-Katalog (src/i18n) — über t() aufgelöst","","done",""
"skill.forms.head","i18n","Deine aktiven Formationen","你生效中的阵型","Your active formations","i18n-Katalog (src/i18n) — über t() aufgelöst","","done",""
"skill.forms.iceTitle","i18n","Eis biegt die Erkennung","冰会改变阵型的判定","Ice bends the detection","i18n-Katalog (src/i18n) — über t() aufgelöst","","done",""
"skill.guide.aria","i18n","Leitfaden {arch} öffnen","打开{arch}指南","Open the {arch} guide","i18n-Katalog (src/i18n) — über t() aufgelöst","","done",""
"skill.guide.title","i18n","Leitfaden: {arch}","指南：{arch}","Guide: {arch}","i18n-Katalog (src/i18n) — über t() aufgelöst","","done",""
"skill.held","i18n","Deine Skills: {held}/{slots} · bereits gehalten","你的技能：{held}/{slots} · 已持有","Your skills: {held}/{slots} · already held","i18n-Katalog (src/i18n) — über t() aufgelöst","","done",""
"skill.heldBadge","i18n","✓ gehalten","✓ 已持有","✓ held","i18n-Katalog (src/i18n) — über t() aufgelöst","","done",""
"skill.lastOfArch","i18n","⚠ Letzter {arch}-Skill: {loss}.","⚠ 最后一个{arch}技能：{loss}。","⚠ Last {arch} skill: {loss}.","i18n-Katalog (src/i18n) — über t() aufgelöst","","done",""
"skill.lastOfArch.baked","i18n","Bereits aufgewerteter Kartenwert bleibt.","已经提升过的卡牌数值会保留。","Card value already gained is kept.","i18n-Katalog (src/i18n) — über t() aufgelöst","","done",""
"skill.less","i18n","weniger","更少","less","i18n-Katalog (src/i18n) — über t() aufgelöst","","done",""
"skill.loss.fire","i18n","Hitze, Asche und der Schmiede-Zähler gehen verloren","热量、灰烬和锻造计数都会失去","heat, ash and the forging counter are lost","i18n-Katalog (src/i18n) — über t() aufgelöst","","done",""
"skill.loss.ice","i18n","alle Gletscher tauen auf; Masse und Boden-Reserve gehen verloren","所有冰川都会融化；质量和地面储量都会失去","all glaciers thaw; mass and ground reserve are lost","i18n-Katalog (src/i18n) — über t() aufgelöst","","done",""
"skill.loss.lightning","i18n","die Ladung geht verloren","充能会失去","the charge is lost","i18n-Katalog (src/i18n) — über t() aufgelöst","","done",""
"skill.loss.plant","i18n","alle grünen Karten, das Wachstum und die Kolonisierungen gehen verloren","所有绿色卡牌、生长和扩张都会失去","all green cards, the growth and the colonizations are lost","i18n-Katalog (src/i18n) — über t() aufgelöst","","done",""
"skill.more","i18n","mehr","更多","more","i18n-Katalog (src/i18n) — über t() aufgelöst","","done",""
"skill.nav.next","i18n","nächster Typ","下一种类型","next type","i18n-Katalog (src/i18n) — über t() aufgelöst","","done",""
"skill.nav.prev","i18n","vorheriger Typ","上一种类型","previous type","i18n-Katalog (src/i18n) — über t() aufgelöst","","done",""
"skill.passive.collapse","i18n","{arch}: Passiv einklappen","{arch}：收起被动","{arch}: collapse passive","i18n-Katalog (src/i18n) — über t() aufgelöst","","done",""
"skill.passive.expand","i18n","{arch}: Passiv ausklappen","{arch}：展开被动","{arch}: expand passive","i18n-Katalog (src/i18n) — über t() aufgelöst","","done",""
"skill.passive.fire","i18n","Siege ab {margin} Kampfwert-Vorsprung geben +{heat} % Hitze und +{score} Feuer-Score. Je größer der Vorsprung, desto mehr von beidem. Niederlagen kosten {cool} % Hitze, plus deinen Wert-Rückstand, höchstens {coolMax}. Jeder weitere Feuer-Skill gibt +{perSkill} Feuer-Score je Vorsprungspunkt.","战斗数值领先达到{margin}的胜利给予热量+{heat}%和火焰得分+{score}。领先越多，两者越多。失败会消耗{cool}%热量，再加上你落后的数值，最多{coolMax}。此后每多一个火技能，每点领先就多给+{perSkill}火焰得分。","Wins from {margin} combat-value margin give +{heat}% heat and +{score} fire score. The bigger the margin, the more of both. Losses cost {cool}% heat, plus your value deficit, at most {coolMax}. Every further fire skill gives +{perSkill} fire score per point of margin.","i18n-Katalog (src/i18n) — über t() aufgelöst","","done",""
"skill.passive.head","i18n","{arch} · Passiv","{arch} · 被动","{arch} · passive","i18n-Katalog (src/i18n) — über t() aufgelöst","","done",""
"skill.passive.ice","i18n","Jeder Eis-Skill friert eine deiner Karten als Gletscher fest, auch wenn du bei vollen Skill-Slots tauschst. Sie lässt sich dann in keiner Aufstellung mehr verschieben, sammelt dafür jeden Durchlauf Masse und bricht schließlich über ihre Nachbarn. Ab {declineFrom} gehaltenen Eis-Skills friert sogar das Ablehnen eines Angebots einen Gletscher ein, du kannst also mehr Gletscher haben als Skill-Slots.","每个冰技能都会把你的一张卡牌冻结成冰川，即使你在技能槽已满时替换技能也一样。这张卡牌之后在任何布阵里都不能再移动，但会每轮积累质量，最终碎裂并波及邻居。当你持有{declineFrom}个及以上冰技能时，连拒绝一次技能提供也会冻出一座冰川，所以你的冰川可以比技能槽还多。","Every ice skill freezes one of your cards as a glacier, including a swap when your skill slots are full. It can no longer be moved in any order phase, but gathers mass every cycle and eventually bursts over its neighbours. From {declineFrom} ice skills held, even declining an offer freezes a glacier, so you can hold more glaciers than skill slots.","i18n-Katalog (src/i18n) — über t() aufgelöst","","done",""
"skill.passive.lightning","i18n","Der erste Blitz-Skill gibt +{first} % Crit-Chance, jeder weitere +{each} %. Dazu +{mult}× Crit-Multiplikator je Blitz-Skill.","第一个闪电技能给予暴击率+{first}%，之后每个+{each}%。此外每个闪电技能给予暴击倍率+{mult}×。","The first lightning skill gives +{first}% crit chance, every further one +{each}%. On top of that +{mult}× crit multiplier per lightning skill.","i18n-Katalog (src/i18n) — über t() aufgelöst","","done",""
"skill.passive.plant","i18n","Jeder Sieg gibt der Karte bis zu +1 Wachstum, volles Tempo ab {ref} Pflanzen-Skills. Ab {green} Wachstum wird sie grün. Hältst du nur Pflanzen-Skills, gibt je {perValue} Wachstum +1 Kartenwert, bis {cap}; dann ist sie voll ausgewachsen. Ab {minSkills} Pflanzen-Skills wächst sie dabei auch bei jeder {everyLoss}. Niederlage.","每次获胜最多给该卡牌+1生长，持有{ref}个植物技能时达到满速。生长达到{green}时它变绿。如果你只持有植物技能，每{perValue}点生长会让卡牌数值+1，最多到{cap}；到那时它就完全长成了。持有{minSkills}个及以上植物技能时，它每{everyLoss}次失败也会生长。","Every win gives the card up to +1 growth, at full pace from {ref} plant skills. From {green} growth it turns green. If you hold only plant skills, every {perValue} growth gives +1 card value, up to {cap}; then it is fully grown. From {minSkills} plant skills it then also grows once every {everyLoss} losses.","i18n-Katalog (src/i18n) — über t() aufgelöst","","done",""
"skill.replace","i18n","Ersetzen","替换","Replace","i18n-Katalog (src/i18n) — über t() aufgelöst","","done",""
"skill.replace.new","i18n","Neu:","新：","New:","i18n-Katalog (src/i18n) — über t() aufgelöst","","done",""
"skill.replace.tap","i18n","Tippe den Skill, der weichen soll.","点击要被替换掉的技能。","Tap the skill that has to go.","i18n-Katalog (src/i18n) — über t() aufgelöst","","done",""
"skill.replace.this","i18n","↔ diesen ersetzen","↔ 替换这个","↔ replace this one","i18n-Katalog (src/i18n) — über t() aufgelöst","","done",""
"skill.replace.which","i18n","Welchen Skill ersetzen?","替换哪个技能？","Which skill do you replace?","i18n-Katalog (src/i18n) — über t() aufgelöst","","done",""
"skill.reroll","i18n","🎲 Neu würfeln · {n}","🎲 重抽 · {n}","🎲 Reroll · {n}","i18n-Katalog (src/i18n) — über t() aufgelöst","","done",""
"skill.selected","i18n","✓ ausgewählt","✓ 已选择","✓ selected","i18n-Katalog (src/i18n) — über t() aufgelöst","","done",""
"skill.skipCycle","i18n","Runde überspringen","跳过本轮","Skip cycle","i18n-Katalog (src/i18n) — über t() aufgelöst","","done",""
"skill.slotsFull","i18n","Slots voll","槽位已满","Slots full","i18n-Katalog (src/i18n) — über t() aufgelöst","","done",""
"skill.slotsFull.hint","i18n","Alle {slots} Slots belegt. Wähle einen neuen Skill; ein Fenster fragt dann, welchen du ersetzt.","{slots}个槽位已全部占满。选择一个新技能后，会弹出窗口问你要替换掉哪一个。","All {slots} slots are taken. Choose a new skill; a dialog then asks which one it replaces.","i18n-Katalog (src/i18n) — über t() aufgelöst","","done",""
"skill.title","i18n","Wähle einen Skill","选择一个技能","Choose a skill","i18n-Katalog (src/i18n) — über t() aufgelöst","","done",""
"sparkline.axis.x","i18n","Stiche","墩","Tricks","i18n-Katalog (src/i18n) — über t() aufgelöst","","done",""
"sparkline.axis.y","i18n","Score","得分","Score","i18n-Katalog (src/i18n) — über t() aufgelöst","","done",""
"sparkline.empty","i18n","Verlauf erscheint nach den ersten Stichen…","走势会在最初几墩之后出现……","The trend appears after the first tricks…","i18n-Katalog (src/i18n) — über t() aufgelöst","","done",""
"start.board.dp","i18n","Deck-Punkte","卡组点","Deck Points","i18n-Katalog (src/i18n) — über t() aufgelöst","","done",""
"start.board.dp.sub","i18n","Werkstatt-Guthaben","工坊余额","Workshop balance","i18n-Katalog (src/i18n) — über t() aufgelöst","","done",""
"start.board.field","i18n","Spielfeld · {name}","战场 · {name}","Battlefield · {name}","i18n-Katalog (src/i18n) — über t() aufgelöst","","done",""
"start.board.fx","i18n","Effekte · {list}","特效 · {list}","Effects · {list}","i18n-Katalog (src/i18n) — über t() aufgelöst","","done",""
"start.board.last","i18n","Letzter Lauf","上一局","Last run","i18n-Katalog (src/i18n) — über t() aufgelöst","","done",""
"start.board.last.none","i18n","—","—","—","i18n-Katalog (src/i18n) — über t() aufgelöst","","done",""
"start.board.last.none.sub","i18n","noch kein Lauf","还没有对局","no run yet","i18n-Katalog (src/i18n) — über t() aufgelöst","","done",""
"start.board.last.sub","i18n","Durchlauf {cycle}","第{cycle}轮","Cycle {cycle}","i18n-Katalog (src/i18n) — über t() aufgelöst","","done",""
"start.board.sp","i18n","Stichpunkte","墩点","Trick Points","i18n-Katalog (src/i18n) — über t() aufgelöst","","done",""
"start.board.sp.sub","i18n","{done} / {total} Knoten","{done}/{total}个节点","{done} / {total} nodes","i18n-Katalog (src/i18n) — über t() aufgelöst","","done",""
"start.board.title","i18n","Dein Stand","你的进度","Your standing","i18n-Katalog (src/i18n) — über t() aufgelöst","","done",""
"start.board.week","i18n","Woche {n}","第{n}周","Week {n}","i18n-Katalog (src/i18n) — über t() aufgelöst","","done",""
"start.board.week.bonus","i18n","+{sp} SP · +{dp} DP","+{sp} SP · +{dp} DP","+{sp} TP · +{dp} DP","i18n-Katalog (src/i18n) — über t() aufgelöst","","done",""
"start.board.week.bonus.full","i18n","+{dp} DP","+{dp} DP","+{dp} DP","i18n-Katalog (src/i18n) — über t() aufgelöst","","done",""
"start.board.week.done","i18n","Bonus geholt","奖励已领取","Bonus claimed","i18n-Katalog (src/i18n) — über t() aufgelöst","","done",""
"start.board.week.open","i18n","Bonus noch offen","奖励尚未领取","Bonus still open","i18n-Katalog (src/i18n) — über t() aufgelöst","","done",""
"start.board.week.val","i18n","{have}/{max}","{have}/{max}","{have}/{max}","i18n-Katalog (src/i18n) — über t() aufgelöst","","done",""
"start.discord","i18n","Discord öffnen","打开Discord","Open Discord","i18n-Katalog (src/i18n) — über t() aufgelöst","","done",""
"start.feedback","i18n","Feedback","反馈","Feedback","i18n-Katalog (src/i18n) — über t() aufgelöst","","done",""
"start.logo.alt","i18n","AUTOSTICH","自动墩","AUTOTRICK","i18n-Katalog (src/i18n) — über t() aufgelöst","","done",""
"start.name.change","i18n","Name ändern","修改名字","change name","i18n-Katalog (src/i18n) — über t() aufgelöst","","done",""
"start.name.set","i18n","Namen festlegen für den globalen Highscore","设置用于全球高分榜的名字","Set a name for the global high score","i18n-Katalog (src/i18n) — über t() aufgelöst","","done",""
"start.name.signedIn","i18n","Angemeldet als","当前身份","Signed in as","i18n-Katalog (src/i18n) — über t() aufgelöst","","done",""
"start.normal","i18n","Lauf beginnen","开始新局","Start run","i18n-Katalog (src/i18n) — über t() aufgelöst","","done",""
"start.onb.ice","i18n","Eis frei","解锁冰","Ice unlocked","i18n-Katalog (src/i18n) — über t() aufgelöst","","done",""
"start.onb.legendary","i18n","Legendär ⭐ (Durchlauf 29)","传说⭐（第29轮）","Legendary ⭐ (cycle 29)","i18n-Katalog (src/i18n) — über t() aufgelöst","","done",""
"start.onb.plant","i18n","Pflanze frei","解锁植物","Plant unlocked","i18n-Katalog (src/i18n) — über t() aufgelöst","","done",""
"start.onb.rarity","i18n","Rarität: {tier}","稀有度：{tier}","Rarity: {tier}","i18n-Katalog (src/i18n) — über t() aufgelöst","","done",""
"start.onb.reroll","i18n","Reroll +1","重抽+1","Reroll +1","i18n-Katalog (src/i18n) — über t() aufgelöst","","done",""
"start.options","i18n","Optionen","选项","Options","i18n-Katalog (src/i18n) — über t() aufgelöst","","done",""
"start.progress.bonus","i18n","Bonus-{cur} · nächste +5","{cur}奖励 · 下一档+5","Bonus {cur} · next +5","i18n-Katalog (src/i18n) — über t() aufgelöst","","done",""
"start.progress.links","i18n","{done} / {total}","{done}/{total}","{done} / {total}","i18n-Katalog (src/i18n) — über t() aufgelöst","","done",""
"start.progress.next","i18n","Nächste Freischaltung:","下一个解锁：","Next unlock:","i18n-Katalog (src/i18n) — über t() aufgelöst","","done",""
"start.progress.onboarding","i18n","Onboarding","新手引导","Onboarding","i18n-Katalog (src/i18n) — über t() aufgelöst","","done",""
"start.progress.runs","i18n","{done} / {total} Läufe","{done}/{total}局","{done} / {total} runs","i18n-Katalog (src/i18n) — über t() aufgelöst","","done",""
"start.ranked","i18n","Rangliste","排位","Ranked","i18n-Katalog (src/i18n) — über t() aufgelöst","","done",""
"start.ranked.badge","i18n","Woche {n}","第{n}周","Week {n}","i18n-Katalog (src/i18n) — über t() aufgelöst","","done",""
"start.ranked.badge.aria","i18n","Wochen-Herausforderung, Woche {n}","每周挑战，第{n}周","Weekly challenge, week {n}","i18n-Katalog (src/i18n) — über t() aufgelöst","","done",""
"start.ranked.bonus","i18n","Bonus {have}/{max}","加成{have}/{max}","Bonus {have}/{max}","i18n-Katalog (src/i18n) — über t() aufgelöst","","done",""
"start.ranked.locked","i18n","Wochen-Rangliste ansehen. Spielen wird frei, sobald alle Decks freigeschaltet sind und jeder der vier Archetypen einmal in einem bis zum Ende gespielten Lauf dabei war (ein Skill daraus genügt)","查看周排位榜。想要参与游玩，需要先解锁全部卡组，并且四个流派都各自在一局完整打完的对局里出现过一次（其中一个技能即可）","View the weekly ranking. Playing unlocks once every deck is unlocked and each of the four archetypes has been part of a run you played to the end (one skill from it is enough)","i18n-Katalog (src/i18n) — über t() aufgelöst","","done",""
"start.ranked.open","i18n","Wochen-Rangliste öffnen","打开周排位榜","Open the weekly ranking","i18n-Katalog (src/i18n) — über t() aufgelöst","","done",""
"start.resume","i18n","▶ Lauf fortsetzen","▶ 继续这一局","▶ Resume run","i18n-Katalog (src/i18n) — über t() aufgelöst","","done",""
"start.resume.sub","i18n","Durchlauf {cycle}/{total} · Score {score}","第{cycle}/{total}轮 · 得分{score}","Cycle {cycle}/{total} · Score {score}","i18n-Katalog (src/i18n) — über t() aufgelöst","","done",""
"start.secret.onboarding","i18n","⏭️ Onboarding übersprungen · +10 SP · +50 DP","⏭️ 已跳过新手引导 · +10 SP · +50 DP","⏭️ Onboarding skipped · +10 TP · +50 DP","i18n-Katalog (src/i18n) — über t() aufgelöst","","done",""
"start.secret.reset","i18n","🔄 Profil wird zurückgesetzt …","🔄 正在重置存档……","🔄 Resetting profile …","i18n-Katalog (src/i18n) — über t() aufgelöst","","done",""
"start.secret.unlock","i18n","🔓 Alles freigeschaltet.","🔓 已全部解锁。","🔓 Everything unlocked.","i18n-Katalog (src/i18n) — über t() aufgelöst","","done",""
"start.seed.aria","i18n","Seed einfügen und spielen","粘贴种子并开始","Paste a seed and play","i18n-Katalog (src/i18n) — über t() aufgelöst","","done",""
"start.seed.error","i18n","Kein gültiger Seed. Prüf den Code und versuch es erneut.","种子无效。请检查这串代码后再试一次。","Not a valid seed. Check the code and try again.","i18n-Katalog (src/i18n) — über t() aufgelöst","","done",""
"start.seed.placeholder","i18n","Seed einfügen","粘贴种子","Paste seed","i18n-Katalog (src/i18n) — über t() aufgelöst","","done",""
"start.seed.play","i18n","↻ Spielen","↻ 开始游戏","↻ Play","i18n-Katalog (src/i18n) — über t() aufgelöst","","done",""
"start.tagline","i18n","Legen. Stechen. Eskalieren.","出牌。吃墩。层层升级。","Order. Trick. Escalate.","i18n-Katalog (src/i18n) — über t() aufgelöst","","done",""
"start.tile.leaderboard","i18n","Bestenliste","排行榜","Leaderboard","i18n-Katalog (src/i18n) — über t() aufgelöst","","done",""
"start.tile.leaderboard.sub","i18n","Globale Highscores","全球高分","Global high scores","i18n-Katalog (src/i18n) — über t() aufgelöst","","done",""
"start.tile.lock_one","i18n","🔒 noch {count} Lauf","🔒 还差{count}局","🔒 {count} more run","i18n-Katalog (src/i18n) — über t() aufgelöst","","done",""
"start.tile.lock_other","i18n","🔒 noch {count} Läufe","🔒 还差{count}局","🔒 {count} more runs","i18n-Katalog (src/i18n) — über t() aufgelöst","","done",""
"start.tile.stats","i18n","Statistiken","统计","Statistics","i18n-Katalog (src/i18n) — über t() aufgelöst","","done",""
"start.tile.stats.sub","i18n","Läufe & Rekorde","对局与纪录","Runs & records","i18n-Katalog (src/i18n) — über t() aufgelöst","","done",""
"start.tile.upgrades","i18n","Upgrades","升级","Upgrades","i18n-Katalog (src/i18n) — über t() aufgelöst","","done",""
"start.tile.upgrades.buyable","i18n","{n} kaufbar","可购买{n}个","{n} available","i18n-Katalog (src/i18n) — über t() aufgelöst","","done",""
"start.tile.upgrades.complete","i18n","✓ komplett","✓ 已满","✓ complete","i18n-Katalog (src/i18n) — über t() aufgelöst","","done",""
"start.tile.upgrades.locked","i18n","Frei nach Abschluss des Onboardings","完成新手引导后解锁","Unlocks when onboarding is complete","i18n-Katalog (src/i18n) — über t() aufgelöst","","done",""
"start.tile.upgrades.sub","i18n","Dauerhafte Verbesserungen","永久强化","Permanent improvements","i18n-Katalog (src/i18n) — über t() aufgelöst","","done",""
"start.tile.upgrades.title","i18n","Upgrade-Baum","升级树","Upgrade tree","i18n-Katalog (src/i18n) — über t() aufgelöst","","done",""
"start.tile.workshop","i18n","Deck-Werkstatt","卡组工坊","Deck workshop","i18n-Katalog (src/i18n) — über t() aufgelöst","","done",""
"start.tile.workshop.locked","i18n","Die Deck-Werkstatt wird nach Abschluss des Onboardings frei","完成新手引导后解锁卡组工坊","The deck workshop unlocks when onboarding is complete","i18n-Katalog (src/i18n) — über t() aufgelöst","","done",""
"start.tile.workshop.sub","i18n","Decks, Spielfelder, Effekte","卡组、战场、特效","Decks, battlefields, effects","i18n-Katalog (src/i18n) — über t() aufgelöst","","done",""
"start.tutorial","i18n","Tutorial","教程","Tutorial","i18n-Katalog (src/i18n) — über t() aufgelöst","","done",""
"start.tutorial.offer","i18n","Tutorial starten","开始教程","Start the tutorial","i18n-Katalog (src/i18n) — über t() aufgelöst","","done",""
"start.tutorial.offer.sub","i18n","Ein geführter Lauf erklärt dir alles Schritt für Schritt","一局带引导的对局，会一步一步教你所有内容","A guided run walks you through everything, step by step","i18n-Katalog (src/i18n) — über t() aufgelöst","","done",""
"start.version.title","i18n","Version · Umgebung · Commit","版本 · 环境 · 提交","Version · environment · commit","i18n-Katalog (src/i18n) — über t() aufgelöst","","done",""
"stats.archUse","i18n","Archetyp-Nutzung","流派使用","Archetype usage","i18n-Katalog (src/i18n) — über t() aufgelöst","","done",""
"stats.archUse.right","i18n","{n}× · Ø {avg}","{n}次 · 平均{avg}","{n}× · avg {avg}","i18n-Katalog (src/i18n) — über t() aufgelöst","","done",""
"stats.avgScore","i18n","Ø-Score","平均得分","Avg. score","i18n-Katalog (src/i18n) — über t() aufgelöst","","done",""
"stats.bestArch","i18n","Bester Archetyp","最佳流派","Best archetype","i18n-Katalog (src/i18n) — über t() aufgelöst","","done",""
"stats.bestArch.detail","i18n","· Ø {avg} über {n} Läufe","· {n}局平均{avg}","· avg {avg} across {n} runs","i18n-Katalog (src/i18n) — über t() aufgelöst","","done",""
"stats.bestBuild","i18n","Bestes Build","最佳构筑","Best build","i18n-Katalog (src/i18n) — über t() aufgelöst","","done",""
"stats.bestBuild.hint","i18n","Rekord-Lauf · Details ansehen ›","纪录对局 · 查看详情 ›","Record run · see details ›","i18n-Katalog (src/i18n) — über t() aufgelöst","","done",""
"stats.bestScore","i18n","Bestscore","最高得分","Best score","i18n-Katalog (src/i18n) — über t() aufgelöst","","done",""
"stats.bestStreak","i18n","Beste Serie","最佳连胜","Best streak","i18n-Katalog (src/i18n) — über t() aufgelöst","","done",""
"stats.coarseOrigin","i18n","Älterer Lauf: grobes Herkunft-Modell (Formation / Crit / Gebäude / Sonstige). Neue Läufe zeigen die feine Fraktions-Aufschlüsselung.","较早的对局：只有粗略的来源模型（阵型/暴击/建筑/其他）。新的对局会显示更细的占比拆解。","Older run: coarse origin model (formation / crit / buildings / other). New runs show the fine per-faction breakdown.","i18n-Katalog (src/i18n) — über t() aufgelöst","","done",""
"stats.empty","i18n","Noch keine Läufe. Spiel einen, dann erscheinen hier deine Statistiken.","还没有对局。先玩一局，你的统计就会出现在这里。","No runs yet. Play one and your statistics appear here.","i18n-Katalog (src/i18n) — über t() aufgelöst","","done",""
"stats.eyebrow","i18n","Rückblick","回顾","Retrospect","i18n-Katalog (src/i18n) — über t() aufgelöst","","done",""
"stats.games","i18n","Spiele","场次","Games","i18n-Katalog (src/i18n) — über t() aufgelöst","","done",""
"stats.lift.value","i18n","+{v} Ø","平均+{v}","+{v} avg","i18n-Katalog (src/i18n) — über t() aufgelöst","","done",""
"stats.mostPicked","i18n","Am häufigsten","最常选择","Most picked","i18n-Katalog (src/i18n) — über t() aufgelöst","","done",""
"stats.mostPicked.hint","i18n","über deine Historie","基于你的历史","across your history","i18n-Katalog (src/i18n) — über t() aufgelöst","","done",""
"stats.noPatterns","i18n","Noch keine klaren Muster: deine Wahl variiert (noch) zu stark für belastbare Lift-Aussagen.","还看不出明确的模式：你的选择（目前）变化太大，得不出可靠的提升度结论。","No clear patterns yet: your picks still vary too much for solid lift statements.","i18n-Katalog (src/i18n) — über t() aufgelöst","","done",""
"stats.overview","i18n","Übersicht","总览","Overview","i18n-Katalog (src/i18n) — über t() aufgelöst","","done",""
"stats.perkLift","i18n","Größter Perk-Lift","提升度最高的天赋","Biggest perk lift","i18n-Katalog (src/i18n) — über t() aufgelöst","","done",""
"stats.played","i18n","· {n}× gespielt","· 玩过{n}次","· played {n}×","i18n-Katalog (src/i18n) — über t() aufgelöst","","done",""
"stats.playtime","i18n","Spielzeit","游戏时长","Playtime","i18n-Katalog (src/i18n) — über t() aufgelöst","","done",""
"stats.record","i18n","Rekord","纪录","Record","i18n-Katalog (src/i18n) — über t() aufgelöst","","done",""
"stats.seed","i18n","Seed {code}","种子{code}","Seed {code}","i18n-Katalog (src/i18n) — über t() aufgelöst","","done",""
"stats.showDetails","i18n","Details anzeigen","显示详情","Show details","i18n-Katalog (src/i18n) — über t() aufgelöst","","done",""
"stats.skillLift","i18n","Größter Skill-Lift","提升度最高的技能","Biggest skill lift","i18n-Katalog (src/i18n) — über t() aufgelöst","","done",""
"stats.slot.empty","i18n","noch nicht gespielt","还没玩过","not played yet","i18n-Katalog (src/i18n) — über t() aufgelöst","","done",""
"stats.sub","i18n","Was du bisher gespielt hast. Eine Zeile anklicken öffnet den vollständigen Lauf.","你到目前为止玩过的内容。点击某一行即可打开完整的对局记录。","What you have played so far. Click a row to open the full run.","i18n-Katalog (src/i18n) — über t() aufgelöst","","done",""
"stats.title","i18n","Statistiken","统计","Statistics","i18n-Katalog (src/i18n) — über t() aufgelöst","","done",""
"stats.tooFew","i18n","Zu wenige Läufe für belastbare Aussagen ({have}/{need}). Spiel noch ein paar Runs.","对局太少，还得不出可靠结论（{have}/{need}）。再多玩几局吧。","Too few runs for solid statements ({have}/{need}). Play a few more.","i18n-Katalog (src/i18n) — über t() aufgelöst","","done",""
"stats.topPerks","i18n","Meistgewählte Perks","最常选的天赋","Most picked perks","i18n-Katalog (src/i18n) — über t() aufgelöst","","done",""
"stats.topSkills","i18n","Meistgewählte Skills","最常选的技能","Most picked skills","i18n-Katalog (src/i18n) — über t() aufgelöst","","done",""
"stats.trend","i18n","Score-Verlauf · letzte {n} Läufe","得分走势 · 最近{n}局","Score trend · last {n} runs","i18n-Katalog (src/i18n) — über t() aufgelöst","","done",""
"stats.whatWorks","i18n","Was am besten läuft","什么最有效","What works best","i18n-Katalog (src/i18n) — über t() aufgelöst","","done",""
"stats.whatWorks.hint","i18n","ab {n} Läufen","满{n}局起","from {n} runs on","i18n-Katalog (src/i18n) — über t() aufgelöst","","done",""
"stats.yourRuns","i18n","Deine Läufe","你的对局","Your runs","i18n-Katalog (src/i18n) — über t() aufgelöst","","done",""
"stats.yourRuns.hint","i18n","letzte {n}","最近{n}","last {n}","i18n-Katalog (src/i18n) — über t() aufgelöst","","done",""
"suit.B.name","i18n","Blau","蓝","Blue","i18n-Katalog (src/i18n) — über t() aufgelöst","8","done","gemessen (längstes Geschwister, de/en/es) — Farbname im Chip"
"suit.G.name","i18n","Grün","绿","Green","i18n-Katalog (src/i18n) — über t() aufgelöst","8","done","gemessen (längstes Geschwister, de/en/es) — Farbname im Chip"
"suit.R.name","i18n","Rot","红","Red","i18n-Katalog (src/i18n) — über t() aufgelöst","8","done","gemessen (längstes Geschwister, de/en/es) — Farbname im Chip"
"suit.Y.name","i18n","Gelb","黄","Yellow","i18n-Katalog (src/i18n) — über t() aufgelöst","8","done","gemessen (längstes Geschwister, de/en/es) — Farbname im Chip"
"target.eyebrow","i18n","Rolle · {perk}","角色 · {perk}","Role · {perk}","i18n-Katalog (src/i18n) — über t() aufgelöst","","done",""
"target.pickCards_one","i18n","Wähle {count} Karte","选择{count}张卡牌","Choose {count} card","i18n-Katalog (src/i18n) — über t() aufgelöst","","done",""
"target.pickCards_other","i18n","Wähle {count} Karten","选择{count}张卡牌","Choose {count} cards","i18n-Katalog (src/i18n) — über t() aufgelöst","","done",""
"tut.allProgress","i18n","Alle Themen · {done} von {total}","全部主题 · {done}/{total}","All topics · {done} of {total}","i18n-Katalog (src/i18n) — über t() aufgelöst","","done",""
"tut.allTopics","i18n","Alle Themen","全部主题","All topics","i18n-Katalog (src/i18n) — über t() aufgelöst","","done",""
"tut.archetypen.blitz.0","i18n","Blitz sammelt Ladung und macht daraus Crits. Beides baut er selbst auf.","闪电会积累充能，并把充能变成暴击。这两样它都能自己攒出来。","Lightning gathers charge and turns it into crits. It builds both itself.","i18n-Katalog (src/i18n) — über t() aufgelöst","","done",""
"tut.archetypen.blitz.1","i18n","Wie du Blitz spielst, steht im Leitfaden.","闪电具体怎么玩，指南里有写。","How to play Lightning is in the guide.","i18n-Katalog (src/i18n) — über t() aufgelöst","","done",""
"tut.archetypen.blitz.2","i18n","Blitz beginnt langsam. Er zahlt spät, dafür heftig.","闪电起步很慢。它回报来得晚，但来得猛。","Lightning starts slow. It pays late, and then hard.","i18n-Katalog (src/i18n) — über t() aufgelöst","","done",""
"tut.archetypen.blitz.title","i18n","Blitz","闪电","Lightning","i18n-Katalog (src/i18n) — über t() aufgelöst","","done",""
"tut.archetypen.eis.0","i18n","Eis friert Karten auf dem Brett fest und sammelt darauf Masse. Bricht das Eis, zahlt es alles auf einmal.","冰会把卡牌冻结在棋盘上，并在上面积累质量。冰一旦碎裂，就会一次性全部结算。","Ice freezes cards to the board and gathers mass on them. When the ice breaks, it pays all at once.","i18n-Katalog (src/i18n) — über t() aufgelöst","","done",""
"tut.archetypen.eis.1","i18n","Wie du Eis spielst, steht im Leitfaden.","冰具体怎么玩，指南里有写。","How to play Ice is in the guide.","i18n-Katalog (src/i18n) — über t() aufgelöst","","done",""
"tut.archetypen.eis.2","i18n","Nach jedem Eis-Skill wählst du eine Karte für den Gletscher. Das ist Pflicht.","每拿到一个冰技能，你都要选一张卡牌作为冰川。这是强制的。","After every ice skill you pick one card for the glacier. That step is mandatory.","i18n-Katalog (src/i18n) — über t() aufgelöst","","done",""
"tut.archetypen.eis.title","i18n","Eis","冰","Ice","i18n-Katalog (src/i18n) — über t() aufgelöst","","done",""
"tut.archetypen.feuer.0","i18n","Feuer sammelt Hitze. Hitze steigt, wenn du deutlich gewinnst, nicht nur knapp.","火会积累热量。只有赢得明显才会让热量上升，险胜不行。","Fire gathers heat. Heat rises when you win clearly, not when you win narrowly.","i18n-Katalog (src/i18n) — über t() aufgelöst","","done",""
"tut.archetypen.feuer.1","i18n","Wie du Feuer spielst, steht im Leitfaden.","火具体怎么玩，指南里有写。","How to play Fire is in the guide.","i18n-Katalog (src/i18n) — über t() aufgelöst","","done",""
"tut.archetypen.feuer.2","i18n","Gehaltene Hitze zahlt von allein. Verbrennen musst du sie erst mit dem passenden Skill.","留着的热量本身就会持续产出。要把它烧掉，得先有对应的技能。","Held heat pays by itself. Burning it takes the right skill first.","i18n-Katalog (src/i18n) — über t() aufgelöst","","done",""
"tut.archetypen.feuer.title","i18n","Feuer","火","Fire","i18n-Katalog (src/i18n) — über t() aufgelöst","","done",""
"tut.archetypen.pflanze.0","i18n","Pflanze lässt Karten wachsen. Eine reife Karte ist dauerhaft mehr wert.","植物会让卡牌生长。长成的卡牌数值会永久提高。","Plant makes cards grow. A ripe card is worth more for good.","i18n-Katalog (src/i18n) — über t() aufgelöst","","done",""
"tut.archetypen.pflanze.1","i18n","Wie du Pflanze spielst, steht im Leitfaden.","植物具体怎么玩，指南里有写。","How to play Plant is in the guide.","i18n-Katalog (src/i18n) — über t() aufgelöst","","done",""
"tut.archetypen.pflanze.2","i18n","Pflanze braucht Zeit. Was früh wächst, trägt am Ende am meisten.","植物需要时间。早早长起来的，最后给得最多。","Plant needs time. What grows early carries the most at the end.","i18n-Katalog (src/i18n) — über t() aufgelöst","","done",""
"tut.archetypen.pflanze.title","i18n","Pflanze","植物","Plant","i18n-Katalog (src/i18n) — über t() aufgelöst","","done",""
"tut.archetypen.sub","i18n","Feuer, Blitz, Eis und Pflanze: je eine Ressource, je ein Weg.","火、闪电、冰和植物：各有一种资源，各有一条路。","Fire, Lightning, Ice and Plant: one resource each, one path each.","i18n-Katalog (src/i18n) — über t() aufgelöst","","done",""
"tut.archetypen.title","i18n","Die vier Archetypen","四个流派","The four archetypes","i18n-Katalog (src/i18n) — über t() aufgelöst","","done",""
"tut.architekt.aufwerten.0","i18n","Statt neu zu bauen, wertest du ein Gebäude auf. Es wird dann stärker.","不新建的话，你可以升级一座建筑。它会变得更强。","Instead of building anew, you upgrade a building. It then gets stronger.","i18n-Katalog (src/i18n) — über t() aufgelöst","","done",""
"tut.architekt.aufwerten.1","i18n","Versetzen ist ein eigener Schritt nach dem Bauen. Nutze ihn, wenn eine Struktur knapp danebenliegt.","移动是建造之后单独的一步。当一个结构差一点就成时，就用它。","Moving is its own step after building. Use it when a structure is one cell short.","i18n-Katalog (src/i18n) — über t() aufgelöst","","done",""
"tut.architekt.aufwerten.title","i18n","Aufwerten und Versetzen","升级与移动","Upgrading and moving","i18n-Katalog (src/i18n) — über t() aufgelöst","","done",""
"tut.architekt.bauen.0","i18n","Jedes Gebäude hat eine Form. Du kannst sie drehen, bis sie passt.","每座建筑都有形状。你可以一直转到它合适为止。","Every building has a shape. You can rotate it until it fits.","i18n-Katalog (src/i18n) — über t() aufgelöst","","done",""
"tut.architekt.bauen.1","i18n","Setze das Gebäude ab und dreh es.","把建筑放下，然后转一转。","Put the building down and rotate it.","i18n-Katalog (src/i18n) — über t() aufgelöst","","done",""
"tut.architekt.bauen.2","i18n","Gebäude überlappen nie.","建筑从不重叠。","Buildings never overlap.","i18n-Katalog (src/i18n) — über t() aufgelöst","","done",""
"tut.architekt.bauen.title","i18n","Bauen und Drehen","建造与旋转","Placing and rotating","i18n-Katalog (src/i18n) — über t() aufgelöst","","done",""
"tut.architekt.bauphase.0","i18n","In der Bauphase legst du Gebäude auf dein Kartenbrett. Geld gibt es nicht.","在建造阶段，你把建筑放到自己的卡牌棋盘上。这里没有钱这回事。","In the build phase you place buildings on your card board. There is no money.","i18n-Katalog (src/i18n) — über t() aufgelöst","","done",""
"tut.architekt.bauphase.1","i18n","Ein Gebäude wirkt auf die Karte, die auf seinem Feld liegt.","一座建筑作用于压在它格子上的那张卡牌。","A building affects the card that sits on its cell.","i18n-Katalog (src/i18n) — über t() aufgelöst","","done",""
"tut.architekt.bauphase.title","i18n","Die Bauphase","建造阶段","The build phase","i18n-Katalog (src/i18n) — über t() aufgelöst","","done",""
"tut.architekt.boni.0","i18n","Eine volle Zeile ist eine Struktur. Gleiche Sorten nebeneinander sind ein Distrikt.","一整行就是一个结构。同类相邻就是一个街区。","A full row is a structure. Same kinds side by side are a district.","i18n-Katalog (src/i18n) — über t() aufgelöst","","done",""
"tut.architekt.boni.1","i18n","Bau eine Zeile voll und sieh, was passiert.","把一行建满，看看会发生什么。","Fill a row and see what happens.","i18n-Katalog (src/i18n) — über t() aufgelöst","","done",""
"tut.architekt.boni.2","i18n","Beides zahlt nur, wenn du den Stich gewinnst.","两者都只在你赢下这一墩时才结算。","Both pay only if you win the trick.","i18n-Katalog (src/i18n) — über t() aufgelöst","","done",""
"tut.architekt.boni.title","i18n","Struktur und Distrikt","结构与街区","Structure and district","i18n-Katalog (src/i18n) — über t() aufgelöst","","done",""
"tut.architekt.brett.0","i18n","Deine Plätze liegen als Brett vor dir. Belegen darfst du nur eine begrenzte Zahl Felder.","你的位置排成棋盘摆在面前。你只能占用有限数量的格子。","Your places lie in front of you as a board. You may occupy only a limited number of cells.","i18n-Katalog (src/i18n) — über t() aufgelöst","","done",""
"tut.architekt.brett.1","i18n","Die Knappheit ist der Punkt. Wohin du baust, ist die Entscheidung.","稀缺正是重点。往哪里建，才是决定。","The scarcity is the point. Where you build is the decision.","i18n-Katalog (src/i18n) — über t() aufgelöst","","done",""
"tut.architekt.brett.title","i18n","Brett und Baufeld","棋盘与建造区","Board and build space","i18n-Katalog (src/i18n) — über t() aufgelöst","","done",""
"tut.architekt.sorten.0","i18n","Tragwerke geben Wert, Handelsbauten geben Score, Sakralbauten helfen deinen Formationen.","承重类给数值，商业类给得分，宗教类帮你的阵型。","Frameworks give value, trade halls give score, sacral halls help your formations.","i18n-Katalog (src/i18n) — über t() aufgelöst","","done",""
"tut.architekt.sorten.1","i18n","Die Sorte steht auf dem Bauplan. Gleiche Sorten nebeneinander zahlen extra.","类别写在蓝图上。同类相邻会额外结算。","The kind is on the blueprint. Same kinds side by side pay extra.","i18n-Katalog (src/i18n) — über t() aufgelöst","","done",""
"tut.architekt.sorten.title","i18n","Die drei Sorten","三个类别","The three kinds","i18n-Katalog (src/i18n) — über t() aufgelöst","","done",""
"tut.architekt.sub","i18n","Bauphase, Gebäude, Struktur- und Distrikt-Boni.","建造阶段、建筑、结构与街区加成。","Build phase, buildings, structure and district bonuses.","i18n-Katalog (src/i18n) — über t() aufgelöst","","done",""
"tut.architekt.title","i18n","Der Architekt","建筑师","The Architect","i18n-Katalog (src/i18n) — über t() aufgelöst","","done",""
"tut.aufstellung.formationen.0","i18n","Liegen deine Karten in einem Muster, zählt der Stich mehr. So ein Muster heißt Formation.","你的卡牌排成某种图案时，这一墩算得更多。这样的图案就叫阵型。","When your cards form a pattern, the trick counts for more. That pattern is a formation.","i18n-Katalog (src/i18n) — über t() aufgelöst","","done",""
"tut.aufstellung.formationen.1","i18n","Tausche zwei Karten und sieh zu, was erkannt wird.","交换两张卡牌，看看识别出了什么。","Swap two cards and watch what gets detected.","i18n-Katalog (src/i18n) — über t() aufgelöst","","done",""
"tut.aufstellung.formationen.2","i18n","Es gibt vier Muster. Jedes zahlt seinen eigenen Faktor.","一共有四种图案。每一种都有自己的系数。","There are four patterns. Each pays its own factor.","i18n-Katalog (src/i18n) — über t() aufgelöst","","done",""
"tut.aufstellung.formationen.title","i18n","Was sind Formationen","什么是阵型","What formations are","i18n-Katalog (src/i18n) — über t() aufgelöst","","done",""
"tut.aufstellung.karte.0","i18n","Groß steht der Wert. Klein stehen Kürzel für die Formationen, in denen die Karte liegt.","大字是数值。小字是这张卡牌所处阵型的缩写。","The value is large. The small letters are the formations the card sits in.","i18n-Katalog (src/i18n) — über t() aufgelöst","","done",""
"tut.aufstellung.karte.1","i18n","Der Multiplikator daneben gilt nur für diesen einen Platz.","旁边的倍率只对这一个位置有效。","The multiplier beside them counts for this one place only.","i18n-Katalog (src/i18n) — über t() aufgelöst","","done",""
"tut.aufstellung.karte.title","i18n","Was auf einer Karte steht","卡牌上写了什么","What a card shows","i18n-Katalog (src/i18n) — über t() aufgelöst","","done",""
"tut.aufstellung.phase.0","i18n","Zwischen zwei Durchläufen stellst du die Reihenfolge um. Dafür hast du {energy} Energie.","两轮之间你可以调整顺序。为此你有{energy}点能量。","Between two cycles you rearrange the order. You have {energy} energy for it.","i18n-Katalog (src/i18n) — über t() aufgelöst","","done",""
"tut.aufstellung.phase.1","i18n","Jeder Tausch kostet eine Energie. Ist sie leer, bleibt die Reihenfolge stehen.","每次交换花一点能量。用完了，顺序就定下了。","Every swap costs one energy. Once it is empty, the order stands.","i18n-Katalog (src/i18n) — über t() aufgelöst","","done",""
"tut.aufstellung.phase.title","i18n","Die Aufstellungsphase","布阵阶段","The order phase","i18n-Katalog (src/i18n) — über t() aufgelöst","","done",""
"tut.aufstellung.position.0","i18n","Jede Karte hat einen festen Platz. Je {segment} Plätze sind ein Segment.","每张卡牌都有固定的位置。每{segment}个位置是一个区段。","Every card has a fixed place. Every {segment} places are one segment.","i18n-Katalog (src/i18n) — über t() aufgelöst","","done",""
"tut.aufstellung.position.1","i18n","Manche Boni zählen nur innerhalb eines Segments.","有些加成只在一个区段之内生效。","Some bonuses count only inside a segment.","i18n-Katalog (src/i18n) — über t() aufgelöst","","done",""
"tut.aufstellung.position.title","i18n","Position und Segment","位次与区段","Position and segment","i18n-Katalog (src/i18n) — über t() aufgelöst","","done",""
"tut.aufstellung.stapeln.0","i18n","Eine Karte kann in mehreren Formationen liegen. Dann multiplizieren sich die Faktoren.","一张卡牌可以同时处在多个阵型里。那样系数就会相乘。","One card can sit in several formations. Then the factors multiply.","i18n-Katalog (src/i18n) — über t() aufgelöst","","done",""
"tut.aufstellung.stapeln.1","i18n","Suche eine Reihenfolge, in der zwei Muster zugleich passen.","找一个能让两种图案同时成立的顺序。","Find an order where two patterns fit at once.","i18n-Katalog (src/i18n) — über t() aufgelöst","","done",""
"tut.aufstellung.stapeln.2","i18n","Der Multiplikator zählt nur, wenn du den Stich gewinnst.","只有赢下这一墩，倍率才算数。","The multiplier only counts if you win the trick.","i18n-Katalog (src/i18n) — über t() aufgelöst","","done",""
"tut.aufstellung.stapeln.title","i18n","Formationen übereinander","阵型叠在一起","Formations on top of each other","i18n-Katalog (src/i18n) — über t() aufgelöst","","done",""
"tut.aufstellung.sub","i18n","Kartenreihenfolge, Energie, Formationen, Segmente.","牌序、能量、阵型、区段。","Card order, energy, formations, segments.","i18n-Katalog (src/i18n) — über t() aufgelöst","","done",""
"tut.aufstellung.tauschen.0","i18n","Tippe eine Karte an, dann eine zweite. Sie tauschen die Plätze.","点一张卡牌，再点第二张。它们就换位置。","Tap one card, then a second. They swap places.","i18n-Katalog (src/i18n) — über t() aufgelöst","","done",""
"tut.aufstellung.tauschen.1","i18n","Probiere es aus. Unten steht, was dabei herauskommt.","试试看。下方会显示结果。","Try it. The line below shows what comes out.","i18n-Katalog (src/i18n) — über t() aufgelöst","","done",""
"tut.aufstellung.tauschen.2","i18n","Die neue Reihenfolge gilt für den ganzen nächsten Durchlauf.","新的顺序在整个下一轮都有效。","The new order holds for the whole next cycle.","i18n-Katalog (src/i18n) — über t() aufgelöst","","done",""
"tut.aufstellung.tauschen.title","i18n","Karten tauschen","交换卡牌","Swapping cards","i18n-Katalog (src/i18n) — über t() aufgelöst","","done",""
"tut.aufstellung.title","i18n","Aufstellung","布阵","Order phase","i18n-Katalog (src/i18n) — über t() aufgelöst","","done",""
"tut.back","i18n","Zurück","返回","Back","i18n-Katalog (src/i18n) — über t() aufgelöst","","done",""
"tut.danach.baum.0","i18n","Im Upgrade-Baum kaufst du Vorteile, die für jeden künftigen Lauf gelten.","在升级树里你买下的好处，对今后每一局都有效。","In the upgrade tree you buy advantages that hold for every future run.","i18n-Katalog (src/i18n) — über t() aufgelöst","","done",""
"tut.danach.baum.1","i18n","Die Werkstatt ändert nur das Aussehen. Auf deinen Score wirkt sie nicht.","工坊只改外观。它不影响你的得分。","The workshop changes only the look. It does not touch your score.","i18n-Katalog (src/i18n) — über t() aufgelöst","","done",""
"tut.danach.baum.title","i18n","Upgrade-Baum und Werkstatt","升级树与工坊","Upgrade tree and workshop","i18n-Katalog (src/i18n) — über t() aufgelöst","","done",""
"tut.danach.endscreen.0","i18n","Am Ende siehst du deinen Score und woher er kam.","最后你会看到自己的得分，以及它从哪来。","At the end you see your score and where it came from.","i18n-Katalog (src/i18n) — über t() aufgelöst","","done",""
"tut.danach.endscreen.1","i18n","Dein bester Lauf läuft als Geist mit. Er zeigt dir im nächsten Lauf, wo du stehst.","你最好的一局会作为幽灵一起跑。它在下一局里告诉你自己处在什么位置。","Your best run runs along as a ghost. It shows you where you stand next time.","i18n-Katalog (src/i18n) — über t() aufgelöst","","done",""
"tut.danach.endscreen.title","i18n","Der Endscreen","结算画面","The end screen","i18n-Katalog (src/i18n) — über t() aufgelöst","","done",""
"tut.danach.punkte.0","i18n","Ein abgeschlossener Lauf zahlt Punkte. Hohe Scores zahlen zusätzlich Meilensteine.","打完一局会给点数。高分还额外给里程碑。","A finished run pays points. High scores pay milestones on top.","i18n-Katalog (src/i18n) — über t() aufgelöst","","done",""
"tut.danach.punkte.1","i18n","Es gibt zwei Sorten: eine für den Upgrade-Baum, eine für das Aussehen deines Decks.","点数有两种：一种给升级树，一种给你卡组的外观。","There are two kinds: one for the upgrade tree, one for how your deck looks.","i18n-Katalog (src/i18n) — über t() aufgelöst","","done",""
"tut.danach.punkte.title","i18n","Meilensteine und Punkte","里程碑与点数","Milestones and points","i18n-Katalog (src/i18n) — über t() aufgelöst","","done",""
"tut.danach.rangliste.0","i18n","Einmal die Woche gibt es einen Lauf für alle mit denselben Karten.","每周有一次所有人用同样卡牌的对局。","Once a week there is one run for everyone, with the same cards.","i18n-Katalog (src/i18n) — über t() aufgelöst","","done",""
"tut.danach.rangliste.1","i18n","Dort gelten Sonderregeln, die jede Woche wechseln. Lies sie vor dem Start.","那里有每周更换的特殊规则。开始前先读一读。","Special rules apply there and change every week. Read them before you start.","i18n-Katalog (src/i18n) — über t() aufgelöst","","done",""
"tut.danach.rangliste.title","i18n","Ranglisten-Lauf","排位对局","Ranked run","i18n-Katalog (src/i18n) — über t() aufgelöst","","done",""
"tut.danach.sub","i18n","Endscreen, Punkte, Upgrade-Baum, Ranglisten-Lauf.","结算画面、点数、升级树、排位对局。","End screen, points, upgrade tree, ranked run.","i18n-Katalog (src/i18n) — über t() aufgelöst","","done",""
"tut.danach.title","i18n","Nach dem Lauf","对局之后","After the run","i18n-Katalog (src/i18n) — über t() aufgelöst","","done",""
"tut.eyebrow","i18n","Tutorial","教程","Tutorial","i18n-Katalog (src/i18n) — über t() aufgelöst","","done",""
"tut.f.build","i18n","Gebäude","建筑","Building","i18n-Katalog (src/i18n) — über t() aufgelöst","","done",""
"tut.f.crit","i18n","Crit","暴击","Crit","i18n-Katalog (src/i18n) — über t() aufgelöst","","done",""
"tut.f.form","i18n","Formation","阵型","Formation","i18n-Katalog (src/i18n) — über t() aufgelöst","","done",""
"tut.f.streak","i18n","Serie","连胜","Streak","i18n-Katalog (src/i18n) — über t() aufgelöst","","done",""
"tut.grundlagen.anzeigen.0","i18n","Oben stehen Score, Serie und Durchlauf. An der Seite steht, woher dein Score kommt.","上方是得分、连胜和轮次。侧边显示你的得分从哪来。","Score, streak and cycle are at the top. The side shows where your score comes from.","i18n-Katalog (src/i18n) — über t() aufgelöst","","done",""
"tut.grundlagen.anzeigen.1","i18n","Die farbigen Leisten erscheinen erst, wenn du einen Archetyp spielst.","彩色的条要等你玩某个流派时才会出现。","The coloured bars appear only once you play an archetype.","i18n-Katalog (src/i18n) — über t() aufgelöst","","done",""
"tut.grundlagen.anzeigen.title","i18n","Die Anzeigen im Lauf","对局里的各种显示","The readouts during a run","i18n-Katalog (src/i18n) — über t() aufgelöst","","done",""
"tut.grundlagen.crit.0","i18n","Ein Crit ist ein Sieg, der doppelt und mehr zählt. Er passiert zufällig.","暴击就是算成双倍甚至更多的一次获胜。它随机发生。","A crit is a win that counts double and more. It happens by chance.","i18n-Katalog (src/i18n) — über t() aufgelöst","","done",""
"tut.grundlagen.crit.1","i18n","Am Anfang hast du keine Crit-Chance. Sie kommt aus Perks und Skills.","一开始你没有暴击率。它来自天赋和技能。","At the start you have no crit chance. It comes from perks and skills.","i18n-Katalog (src/i18n) — über t() aufgelöst","","done",""
"tut.grundlagen.crit.title","i18n","Der Crit","暴击","The crit","i18n-Katalog (src/i18n) — über t() aufgelöst","","done",""
"tut.grundlagen.durchlauf.0","i18n","{cards} Stiche sind ein Durchlauf. {cycles} Durchläufe sind ein Lauf.","{cards}墩是一轮。{cycles}轮是一局。","{cards} tricks are one cycle. {cycles} cycles are one run.","i18n-Katalog (src/i18n) — über t() aufgelöst","","done",""
"tut.grundlagen.durchlauf.1","i18n","Zwischen zwei Durchläufen darfst du etwas ändern. Im Durchlauf selbst nicht.","两轮之间你可以做改动。轮内不行。","Between two cycles you may change something. During a cycle you may not.","i18n-Katalog (src/i18n) — über t() aufgelöst","","done",""
"tut.grundlagen.durchlauf.title","i18n","Durchlauf und Lauf","轮与局","Cycle and run","i18n-Katalog (src/i18n) — über t() aufgelöst","","done",""
"tut.grundlagen.score.0","i18n","Ein Sieg zahlt Grundpunkte. Serie, Crit, Formationen und Gebäude vervielfachen sie.","一次获胜给出基础分。连胜、暴击、阵型和建筑把它成倍放大。","A win pays base points. Streak, crit, formations and buildings multiply them.","i18n-Katalog (src/i18n) — über t() aufgelöst","","done",""
"tut.grundlagen.score.1","i18n","Schalte die Faktoren an und aus.","把各个系数开开关关试试。","Switch the factors on and off.","i18n-Katalog (src/i18n) — über t() aufgelöst","","done",""
"tut.grundlagen.score.2","i18n","Alles multipliziert sich. Zwei kleine Faktoren schlagen oft einen großen.","所有东西都是相乘的。两个小系数常常胜过一个大的。","Everything multiplies. Two small factors often beat one big one.","i18n-Katalog (src/i18n) — über t() aufgelöst","","done",""
"tut.grundlagen.score.title","i18n","Woraus dein Score entsteht","你的得分怎么来","Where your score comes from","i18n-Katalog (src/i18n) — über t() aufgelöst","","done",""
"tut.grundlagen.serie.0","i18n","Jeder Sieg in Folge ist ein Serienpunkt. Je länger die Serie, desto mehr zählt jeder Stich.","每连续赢一次就是一个连胜点。连胜越长，每一墩算得越多。","Every win in a row is a streak point. The longer the streak, the more each trick counts.","i18n-Katalog (src/i18n) — über t() aufgelöst","","done",""
"tut.grundlagen.serie.1","i18n","Zieh am Regler und sieh, was die Serie macht.","拖动滑块，看看连胜起什么作用。","Drag the slider and watch what the streak does.","i18n-Katalog (src/i18n) — über t() aufgelöst","","done",""
"tut.grundlagen.serie.2","i18n","Eine Niederlage setzt die Serie auf null.","一次失败会把连胜清零。","One loss sets the streak back to zero.","i18n-Katalog (src/i18n) — über t() aufgelöst","","done",""
"tut.grundlagen.serie.title","i18n","Die Serie","连胜","The streak","i18n-Katalog (src/i18n) — über t() aufgelöst","","done",""
"tut.grundlagen.stich.0","i18n","Zwei Karten treffen aufeinander. Die mit dem höheren Kampfwert gewinnt.","两张卡牌碰面。战斗数值更高的那张赢。","Two cards meet. The higher combat value wins.","i18n-Katalog (src/i18n) — über t() aufgelöst","","done",""
"tut.grundlagen.stich.1","i18n","Sind beide gleich, gewinnt keiner. Der Stich zählt dann nicht.","两边相同就没人赢，这一墩不算。","If both are equal, nobody wins. The trick does not count.","i18n-Katalog (src/i18n) — über t() aufgelöst","","done",""
"tut.grundlagen.stich.title","i18n","Der Stich","一墩","The trick","i18n-Katalog (src/i18n) — über t() aufgelöst","","done",""
"tut.grundlagen.sub","i18n","Was Autostich ist, wie ein Stich läuft, wovon dein Score kommt.","自动墩是什么，一墩怎么打，你的得分从哪来。","What Autotrick is, how a trick plays, where your score comes from.","i18n-Katalog (src/i18n) — über t() aufgelöst","","done",""
"tut.grundlagen.title","i18n","Grundlagen","基础","Basics","i18n-Katalog (src/i18n) — über t() aufgelöst","","done",""
"tut.grundlagen.wasist.0","i18n","Dein Deck spielt allein gegen ein zweites. Du baust es vorher. Im Stich greifst du nicht mehr ein.","你的卡组独自对上另一副。你事先把它搭好。开打之后你不再插手。","Your deck plays on its own against a second one. You build it beforehand. During a trick you no longer step in.","i18n-Katalog (src/i18n) — über t() aufgelöst","","done",""
"tut.grundlagen.wasist.1","i18n","Deine Karten in der Reihenfolge, in der sie kommen.","你的卡牌，按照它们出场的顺序。","Your cards, in the order they come.","i18n-Katalog (src/i18n) — über t() aufgelöst","","done",""
"tut.grundlagen.wasist.2","i18n","Du kannst nicht verlieren. Du kannst nur mehr oder weniger Score machen.","你不会输。你只会拿到更多或更少的得分。","You cannot lose. You can only score more or less.","i18n-Katalog (src/i18n) — über t() aufgelöst","","done",""
"tut.grundlagen.wasist.title","i18n","Was ist Autostich","什么是自动墩","What Autotrick is","i18n-Katalog (src/i18n) — über t() aufgelöst","","done",""
"tut.grundlagen.werte.0","i18n","Der Kartenwert steht auf der Karte und bleibt. Ein Stichwert kommt nur für diesen einen Stich dazu.","卡牌数值印在卡牌上，一直有效。墩值只在这一墩里额外加上。","The card value is printed on the card and stays. A trick value is added for this one trick only.","i18n-Katalog (src/i18n) — über t() aufgelöst","","done",""
"tut.grundlagen.werte.1","i18n","Beides zusammen ist der Kampfwert. Nur der entscheidet.","两者相加就是战斗数值。只有它决定胜负。","Together they are the combat value. Only that decides.","i18n-Katalog (src/i18n) — über t() aufgelöst","","done",""
"tut.grundlagen.werte.title","i18n","Kartenwert und Stichwert","卡牌数值与墩值","Card value and trick value","i18n-Katalog (src/i18n) — über t() aufgelöst","","done",""
"tut.next","i18n","Weiter","继续","Next","i18n-Katalog (src/i18n) — über t() aufgelöst","","done",""
"tut.openGlossary","i18n","Glossar öffnen","打开术语表","Open the glossary","i18n-Katalog (src/i18n) — über t() aufgelöst","","done",""
"tut.probe.board.none","i18n","kein Boost","没有加成","no boost","i18n-Katalog (src/i18n) — über t() aufgelöst","","done",""
"tut.probe.board.readout","i18n","Gebäude-Boost","建筑加成","Building boost","i18n-Katalog (src/i18n) — über t() aufgelöst","","done",""
"tut.probe.board.title","i18n","Probierfeld · Brettausschnitt","试验区 · 棋盘一角","Try it · part of the board","i18n-Katalog (src/i18n) — über t() aufgelöst","","done",""
"tut.probe.formation.none","i18n","keine Formation","没有阵型","no formation","i18n-Katalog (src/i18n) — über t() aufgelöst","","done",""
"tut.probe.formation.readout","i18n","Erkannt","已识别","Detected","i18n-Katalog (src/i18n) — über t() aufgelöst","","done",""
"tut.probe.formation.title","i18n","Probierfeld · ein Segment","试验区 · 一个区段","Try it · one segment","i18n-Katalog (src/i18n) — über t() aufgelöst","","done",""
"tut.probe.score.readout","i18n","Ein Sieg zahlt","一次获胜给出","A win pays","i18n-Katalog (src/i18n) — über t() aufgelöst","","done",""
"tut.probe.score.title","i18n","Probierfeld · die Faktoren","试验区 · 各个系数","Try it · the factors","i18n-Katalog (src/i18n) — über t() aufgelöst","","done",""
"tut.probe.streak.readout","i18n","Serie","连胜","Streak","i18n-Katalog (src/i18n) — über t() aufgelöst","","done",""
"tut.probe.streak.title","i18n","Probierfeld · Serie","试验区 · 连胜","Try it · the streak","i18n-Katalog (src/i18n) — über t() aufgelöst","","done",""
"tut.progress","i18n","{n} / {total}","{n}/{total}","{n} / {total}","i18n-Katalog (src/i18n) — über t() aufgelöst","","done",""
"tut.resume","i18n","Weitermachen","继续","Continue","i18n-Katalog (src/i18n) — über t() aufgelöst","","done",""
"tut.seen","i18n","gelesen","已读","read","i18n-Katalog (src/i18n) — über t() aufgelöst","","done",""
"tut.sub","i18n","Einzelne Themen, jedes in einer Minute.","一个个主题，每个一分钟。","One topic at a time, a minute each.","i18n-Katalog (src/i18n) — über t() aufgelöst","","done",""
"tut.tip","i18n","Tipp","提示","Tip","i18n-Katalog (src/i18n) — über t() aufgelöst","","done",""
"tut.title","i18n","Lerne Autostich","学习自动墩","Learn Autotrick","i18n-Katalog (src/i18n) — über t() aufgelöst","","done",""
"tut.wahl.legendaer.0","i18n","In Durchlauf {cycle} kommt ein legendärer Skill. Er bekommt einen eigenen Platz.","第{cycle}轮会出现一个传说技能。它有自己单独的位置。","In cycle {cycle} a legendary skill arrives. It gets a slot of its own.","i18n-Katalog (src/i18n) — über t() aufgelöst","","done",""
"tut.wahl.legendaer.1","i18n","Getauscht wird er nicht. Die Wahl gilt bis zum Ende des Laufs.","它不会被替换。这个选择一直有效到本局结束。","It is never swapped. The choice holds until the end of the run.","i18n-Katalog (src/i18n) — über t() aufgelöst","","done",""
"tut.wahl.legendaer.title","i18n","Legendäre Skills","传说技能","Legendary skills","i18n-Katalog (src/i18n) — über t() aufgelöst","","done",""
"tut.wahl.motor.0","i18n","Ein Konsument verbraucht deine Ressource für einen starken Effekt. Ein Verstärker tut ohne seinen Basis-Skill nichts.","消耗者会花掉你的资源换一个强力效果。增幅器没有它的基础技能就什么也不做。","A consumer spends your resource for a strong effect. An enabler does nothing without its base skill.","i18n-Katalog (src/i18n) — über t() aufgelöst","","done",""
"tut.wahl.motor.1","i18n","Je mehr Skills eines Archetyps du hältst, desto stärker zahlen seine Effekte.","同一个流派的技能持有得越多，它的效果给得越多。","The more skills of one archetype you hold, the more its effects pay.","i18n-Katalog (src/i18n) — über t() aufgelöst","","done",""
"tut.wahl.motor.title","i18n","Konsument und Verstärker","消耗者与增幅器","Consumer and enabler","i18n-Katalog (src/i18n) — über t() aufgelöst","","done",""
"tut.wahl.neuwurf.0","i18n","Gefällt dir kein Angebot, würfelst du es neu.","如果给的都不合意，就重抽一次。","If no offer suits you, roll it again.","i18n-Katalog (src/i18n) — über t() aufgelöst","","done",""
"tut.wahl.neuwurf.1","i18n","Perks, Gebäude und Skills haben getrennte Vorräte. Nachschub gibt es nicht.","天赋、建筑和技能各有各的次数。用完不再补。","Perks, buildings and skills have separate supplies. There is no refill.","i18n-Katalog (src/i18n) — über t() aufgelöst","","done",""
"tut.wahl.neuwurf.title","i18n","Neuwurf","重抽","Reroll","i18n-Katalog (src/i18n) — über t() aufgelöst","","done",""
"tut.wahl.perks.0","i18n","Immer wieder wählst du einen Perk aus {offered}. Ablehnen ist erlaubt.","你会一次次从{offered}个里选一个天赋。也可以拒绝。","Again and again you pick one perk out of {offered}. Declining is allowed.","i18n-Katalog (src/i18n) — über t() aufgelöst","","done",""
"tut.wahl.perks.1","i18n","Manche Perks fragen dich danach nach Karten oder einer Farbe. Das gehört dazu.","有些天赋之后会让你指定卡牌或花色。这是正常的。","Some perks then ask you for cards or a colour. That belongs to them.","i18n-Katalog (src/i18n) — über t() aufgelöst","","done",""
"tut.wahl.perks.title","i18n","Perks","天赋","Perks","i18n-Katalog (src/i18n) — über t() aufgelöst","","done",""
"tut.wahl.raritaet.0","i18n","Perks gibt es in Stufen. Seltenere sind stärker und kommen seltener.","天赋分等级。越少见的越强，也越少出现。","Perks come in tiers. Rarer ones are stronger and show up less often.","i18n-Katalog (src/i18n) — über t() aufgelöst","","done",""
"tut.wahl.raritaet.1","i18n","Ein legendärer Perk ist selten und stark. Nimm ihn, wenn er zu deinem Bau passt.","传说天赋既少见又强。如果它配得上你的构筑，就拿。","A legendary perk is rare and strong. Take it when it fits what you are building.","i18n-Katalog (src/i18n) — über t() aufgelöst","","done",""
"tut.wahl.raritaet.title","i18n","Rarität","稀有度","Rarity","i18n-Katalog (src/i18n) — über t() aufgelöst","","done",""
"tut.wahl.skills.0","i18n","In Skill-Runden wählst du aus {offered} Skills. Halten kannst du höchstens {slots}.","在技能回合里你从{offered}个技能中选择。最多能持有{slots}个。","In skill rounds you pick from {offered} skills. You can hold at most {slots}.","i18n-Katalog (src/i18n) — über t() aufgelöst","","done",""
"tut.wahl.skills.1","i18n","Der erste Skill einer Farbe schaltet ihren Archetyp frei.","某个颜色的第一个技能会解锁它的流派。","The first skill of a colour unlocks its archetype.","i18n-Katalog (src/i18n) — über t() aufgelöst","","done",""
"tut.wahl.skills.title","i18n","Skills","技能","Skills","i18n-Katalog (src/i18n) — über t() aufgelöst","","done",""
"tut.wahl.sub","i18n","Angebote, Slots, Archetypen, Legendäre.","提供、槽位、流派、传说。","Offers, slots, archetypes, legendaries.","i18n-Katalog (src/i18n) — über t() aufgelöst","","done",""
"tut.wahl.title","i18n","Perks und Skills","天赋与技能","Perks and skills","i18n-Katalog (src/i18n) — über t() aufgelöst","","done",""
"unlock.allArchetypesRun","i18n","Schließe einen Lauf mit allen vier Elementen ab","在一局里用上全部四个元素并完成它","Finish a run using all four elements","i18n-Katalog (src/i18n) — über t() aufgelöst","","done",""
"unlock.allMonoArchetypes","i18n","Schalte alle vier Element-Decks frei (je {n} Mono-Läufe)","解锁全部四个元素卡组（每个各{n}局纯流派对局）","Unlock all four element decks ({n} mono runs each)","i18n-Katalog (src/i18n) — über t() aufgelöst","","done",""
"unlock.buy","i18n","In der Deck-Werkstatt mit Deckpunkten (DP) kaufen","在卡组工坊里用卡组点（DP）购买","Buy it in the deck workshop with Deck Points (DP)","i18n-Katalog (src/i18n) — über t() aufgelöst","","done",""
"unlock.championWeek","i18n","Beende eine Wochen-Rangliste auf Platz 1 (Challenger-Archiv)","在周排位榜上拿到第1名（挑战者档案）","Finish a weekly ranking in first place (Challenger archive)","i18n-Katalog (src/i18n) — über t() aufgelöst","","done",""
"unlock.championWeekN","i18n","Beende {n} Wochen-Ranglisten auf Platz 1 (Challenger-Archiv)","在{n}次周排位榜上拿到第1名（挑战者档案）","Finish {n} weekly rankings in first place (Challenger archive)","i18n-Katalog (src/i18n) — über t() aufgelöst","","done",""
"unlock.games","i18n","Spiele {n} Läufe","游玩{n}局","Play {n} runs","i18n-Katalog (src/i18n) — über t() aufgelöst","","done",""
"unlock.games.one","i18n","Spiele einen Lauf","游玩一局","Play one run","i18n-Katalog (src/i18n) — über t() aufgelöst","","done",""
"unlock.gottgleichRun","i18n","Löse zum ersten Mal einen „Gottgleich“-Stich aus","第一次打出「神级」的一墩","Trigger a “GODLIKE” trick for the first time","i18n-Katalog (src/i18n) — über t() aufgelöst","","done",""
"unlock.meisterNoReroll","i18n","Schließe einen Ranglisten-Wochenlauf ohne einen einzigen Reroll ab","不使用任何重抽完成一次周排位对局","Finish a weekly ranked run without a single reroll","i18n-Katalog (src/i18n) — über t() aufgelöst","","done",""
"unlock.monoArchetypeRun","i18n","Schließe {n} Läufe nur mit {archetype}-Skills ab","只用{archetype}技能完成{n}局","Finish {n} runs with {archetype} skills only","i18n-Katalog (src/i18n) — über t() aufgelöst","","done",""
"unlock.none","i18n","Immer verfügbar","始终可用","Always available","i18n-Katalog (src/i18n) — über t() aufgelöst","","done",""
"unlock.noRerollRun","i18n","Schließe einen Lauf ab, ohne einen Reroll zu benutzen","不使用任何重抽完成一局","Finish a run without using a single reroll","i18n-Katalog (src/i18n) — über t() aufgelöst","","done",""
"unlock.onboardingDone","i18n","Schließe das Onboarding ab","完成新手引导","Finish the onboarding","i18n-Katalog (src/i18n) — über t() aufgelöst","","done",""
"unlock.score","i18n","Erreiche Score {n}","达到{n}得分","Reach a score of {n}","i18n-Katalog (src/i18n) — über t() aufgelöst","","done",""
"unlock.streak","i18n","Erreiche eine Serie von {n}","达成{n}连胜","Reach a streak of {n}","i18n-Katalog (src/i18n) — über t() aufgelöst","","done",""
"update.available","i18n","Neue Version verfügbar","有新版本可用","New version available","i18n-Katalog (src/i18n) — über t() aufgelöst","","done",""
"update.dismiss","i18n","Ausblenden","隐藏","Dismiss","i18n-Katalog (src/i18n) — über t() aufgelöst","","done",""
"update.reload","i18n","Neu laden","重新加载","Reload","i18n-Katalog (src/i18n) — über t() aufgelöst","","done",""
"upgrades.buy","i18n","Kaufen · {cost} SP","购买 · {cost} SP","Buy · {cost} TP","i18n-Katalog (src/i18n) — über t() aufgelöst","","done",""
"upgrades.buy.short","i18n","{cost} SP","{cost} SP","{cost} TP","i18n-Katalog (src/i18n) — über t() aufgelöst","","done",""
"upgrades.buyable","i18n","kaufbar","可购买","buyable","i18n-Katalog (src/i18n) — über t() aufgelöst","","done",""
"upgrades.chall.done","i18n","Freigeschaltet","已解锁","Unlocked","i18n-Katalog (src/i18n) — über t() aufgelöst","","done",""
"upgrades.chall.label","i18n","Herausforderung","挑战","Challenge","i18n-Katalog (src/i18n) — über t() aufgelöst","","done",""
"upgrades.chall.link","i18n","Werkstatt ›","工坊 ›","Workshop ›","i18n-Katalog (src/i18n) — über t() aufgelöst","","done",""
"upgrades.deckLead","i18n","Deck","卡组","Deck","i18n-Katalog (src/i18n) — über t() aufgelöst","","done",""
"upgrades.details","i18n","Details ›","详情 ›","Details ›","i18n-Katalog (src/i18n) — über t() aufgelöst","","done",""
"upgrades.eyebrow","i18n","Upgrades","升级","Upgrades","i18n-Katalog (src/i18n) — über t() aufgelöst","","done",""
"upgrades.free","i18n","frei","免费","free","i18n-Katalog (src/i18n) — über t() aufgelöst","","done",""
"upgrades.impact.cover","i18n","Baufeld","建造区","Build space","i18n-Katalog (src/i18n) — über t() aufgelöst","","done",""
"upgrades.impact.dropNow","i18n","Perk-Qualität jetzt","当前天赋品质","Perk quality now","i18n-Katalog (src/i18n) — über t() aufgelöst","","done",""
"upgrades.impact.energy","i18n","Formations-Energie","布阵能量","Order energy","i18n-Katalog (src/i18n) — über t() aufgelöst","","done",""
"upgrades.impact.legRerolls","i18n","Legendär-Rerolls","传说重抽","Legendary rerolls","i18n-Katalog (src/i18n) — über t() aufgelöst","","done",""
"upgrades.impact.maxed","i18n","Maximiert","已拉满","Maxed out","i18n-Katalog (src/i18n) — über t() aufgelöst","","done",""
"upgrades.impact.of","i18n","von {max}","共{max}","of {max}","i18n-Katalog (src/i18n) — über t() aufgelöst","","done",""
"upgrades.impact.rerolls","i18n","Rerolls je Angebot","每次提供的重抽","Rerolls per offer","i18n-Katalog (src/i18n) — über t() aufgelöst","","done",""
"upgrades.impact.title","i18n","Was der Baum gerade bewirkt","升级树当前的作用","What the tree does right now","i18n-Katalog (src/i18n) — über t() aufgelöst","","done",""
"upgrades.lane.cover","i18n","Baufeld","建造区","Build space","i18n-Katalog (src/i18n) — über t() aufgelöst","","done",""
"upgrades.lane.drops","i18n","Drop-Raten","掉落率","Drop rates","i18n-Katalog (src/i18n) — über t() aufgelöst","","done",""
"upgrades.lane.energy","i18n","Energie","能量","Energy","i18n-Katalog (src/i18n) — über t() aufgelöst","","done",""
"upgrades.lane.note.afterLeg","i18n","öffnet sich mit Rarität · Legendär","随稀有度 · 传说一起开启","opens with Rarity · Legendary","i18n-Katalog (src/i18n) — über t() aufgelöst","","done",""
"upgrades.lane.perk2","i18n","2. Perk-Phase","第2个天赋阶段","2nd perk phase","i18n-Katalog (src/i18n) — über t() aufgelöst","","done",""
"upgrades.lane.rarity","i18n","Rarität","稀有度","Rarity","i18n-Katalog (src/i18n) — über t() aufgelöst","","done",""
"upgrades.lane.rerolls","i18n","Rerolls","重抽","Rerolls","i18n-Katalog (src/i18n) — über t() aufgelöst","","done",""
"upgrades.leg.missing","i18n","{n} SP fehlen","还差{n} SP","{n} TP short","i18n-Katalog (src/i18n) — über t() aufgelöst","","done",""
"upgrades.legend.hint","i18n","Klick auf einen Knoten erklärt ihn.","点击某个节点即可查看说明。","Click a node to have it explained.","i18n-Katalog (src/i18n) — über t() aufgelöst","","done",""
"upgrades.legPhase","i18n","Legendär-Phase","传说阶段","Legendary phase","i18n-Katalog (src/i18n) — über t() aufgelöst","","done",""
"upgrades.locked","i18n","gesperrt","已锁定","locked","i18n-Katalog (src/i18n) — über t() aufgelöst","","done",""
"upgrades.nav.decks","i18n","Decks","卡组","Decks","i18n-Katalog (src/i18n) — über t() aufgelöst","","done",""
"upgrades.owned","i18n","gekauft","已购买","owned","i18n-Katalog (src/i18n) — über t() aufgelöst","","done",""
"upgrades.page.general","i18n","Allgemein","通用","General","i18n-Katalog (src/i18n) — über t() aufgelöst","","done",""
"upgrades.page.generalHint","i18n","Gilt für jeden Lauf, unabhängig vom Deck.","对每一局都生效，与卡组无关。","Applies to every run, whatever the deck.","i18n-Katalog (src/i18n) — über t() aufgelöst","","done",""
"upgrades.ranked.free","i18n","Freigeschaltet","免费","Unlocked","i18n-Katalog (src/i18n) — über t() aufgelöst","","done",""
"upgrades.ranked.label","i18n","Ranglisten-Lauf","排位对局","Ranked run","i18n-Katalog (src/i18n) — über t() aufgelöst","","done",""
"upgrades.ranked.open","i18n","Noch nicht freigeschaltet","尚未解锁","Not unlocked yet","i18n-Katalog (src/i18n) — über t() aufgelöst","","done",""
"upgrades.readout.nodes","i18n","Knoten","节点","Nodes","i18n-Katalog (src/i18n) — über t() aufgelöst","","done",""
"upgrades.readout.nodes.val","i18n","{owned} / {total}","{owned}/{total}","{owned} / {total}","i18n-Katalog (src/i18n) — über t() aufgelöst","","done",""
"upgrades.readout.sp","i18n","Guthaben","余额","Balance","i18n-Katalog (src/i18n) — über t() aufgelöst","","done",""
"upgrades.respec","i18n","↺ Zurücksetzen","↺ 重置","↺ Respec","i18n-Katalog (src/i18n) — über t() aufgelöst","","done",""
"upgrades.skills.legendary","i18n","Legendäre Skills","传说技能","Legendary skills","i18n-Katalog (src/i18n) — über t() aufgelöst","","done",""
"upgrades.skills.title","i18n","Skills dieser Fraktion","该流派的技能","Skills of this faction","i18n-Katalog (src/i18n) — über t() aufgelöst","","done",""
"upgrades.soon","i18n","Bald = Platzhalter","敬请期待即占位","Soon = placeholder","i18n-Katalog (src/i18n) — über t() aufgelöst","","done",""
"upgrades.state.after","i18n","Erst nach: {name}","需要先有：{name}","After: {name}","i18n-Katalog (src/i18n) — über t() aufgelöst","","done",""
"upgrades.state.buyable","i18n","Kaufbar","可购买","Buyable","i18n-Katalog (src/i18n) — über t() aufgelöst","","done",""
"upgrades.state.locked","i18n","Noch gesperrt","仍然锁定","Still locked","i18n-Katalog (src/i18n) — über t() aufgelöst","","done",""
"upgrades.state.lockGate","i18n","Braucht eine freigeschaltete Legendär-Stufe","需要一个已解锁的传说等级","Needs an unlocked legendary tier","i18n-Katalog (src/i18n) — über t() aufgelöst","","done",""
"upgrades.state.lockSp","i18n","Zu wenig SP: kostet {cost} SP","SP不足：需要{cost} SP","Not enough TP: costs {cost} TP","i18n-Katalog (src/i18n) — über t() aufgelöst","","done",""
"upgrades.state.needPrereq","i18n","Vorgänger nötig","需要前置节点","Requires the previous node","i18n-Katalog (src/i18n) — über t() aufgelöst","","done",""
"upgrades.state.owned","i18n","Gekauft","已购买","Bought","i18n-Katalog (src/i18n) — über t() aufgelöst","","done",""
"upgrades.state.soon","i18n","Bald","敬请期待","Soon","i18n-Katalog (src/i18n) — über t() aufgelöst","","done",""
"upgrades.state.soonFull","i18n","Bald verfügbar","即将推出","Coming soon","i18n-Katalog (src/i18n) — über t() aufgelöst","","done",""
"upgrades.subtitle","i18n","Dauerhafte Verbesserungen für jeden Lauf.","对每一局都生效的永久强化。","Permanent improvements for every run.","i18n-Katalog (src/i18n) — über t() aufgelöst","","done",""
"upgrades.tab.decks","i18n","Decks","卡组","Decks","i18n-Katalog (src/i18n) — über t() aufgelöst","","done",""
"upgrades.tab.gen","i18n","Allgemein","通用","General","i18n-Katalog (src/i18n) — über t() aufgelöst","","done",""
"upgrades.tapHint","i18n","Knoten antippen zeigt, was er bewirkt.","点击节点会显示它的作用。","Tap a node to see what it does.","i18n-Katalog (src/i18n) — über t() aufgelöst","","done",""
"upgrades.title","i18n","Upgrade-Baum","升级","Upgrade Tree","i18n-Katalog (src/i18n) — über t() aufgelöst","","done",""
"weekmod.blockArch.desc","i18n","{v} Baufeld-Zellen blockiert","{v}个建造格被封锁","{v} build-space cells are blocked","i18n-Katalog (src/i18n) — über t() aufgelöst","","done",""
"weekmod.blockArch.name","i18n","Gesperrte Baufeld-Zellen","建造格封锁","Blocked build cells","i18n-Katalog (src/i18n) — über t() aufgelöst","","done",""
"weekmod.blockForm.desc","i18n","{v} Positionen der Aufstellung blockiert","布阵中有{v}个位次被封锁","{v} positions of the draw order are blocked","i18n-Katalog (src/i18n) — über t() aufgelöst","","done",""
"weekmod.blockForm.name","i18n","Gesperrte Aufstell-Felder","布阵位封锁","Blocked order slots","i18n-Katalog (src/i18n) — über t() aufgelöst","","done",""
"weekmod.buildBoost.desc","i18n","Gebäude-Boni ×2","建筑加成×2","Building bonuses ×2","i18n-Katalog (src/i18n) — über t() aufgelöst","","done",""
"weekmod.buildBoost.name","i18n","Bau-Boost","建造增幅","Build boost","i18n-Katalog (src/i18n) — über t() aufgelöst","","done",""
"weekmod.deckShuffle.desc","i18n","Deck wird vor jeder Aufstellungsphase neu gemischt","每个布阵阶段前重新洗牌","The deck is reshuffled before every order phase","i18n-Katalog (src/i18n) — über t() aufgelöst","","done",""
"weekmod.deckShuffle.name","i18n","Deck-Shuffle","卡组洗牌","Deck shuffle","i18n-Katalog (src/i18n) — über t() aufgelöst","","done",""
"weekmod.doubleLeg.desc","i18n","2 legendäre Slots: in der Legendär-Phase 2 wählbar","2个传说槽位：传说阶段可选2个","2 legendary slots: pick 2 in the legendary phase","i18n-Katalog (src/i18n) — über t() aufgelöst","","done",""
"weekmod.doubleLeg.name","i18n","Doppel-Legendär","双传说","Double legendary","i18n-Katalog (src/i18n) — über t() aufgelöst","","done",""
"weekmod.energyEbb.desc","i18n","Start mit 0 Formations-Energie","开局布阵能量为0","Start with 0 order energy","i18n-Katalog (src/i18n) — über t() aufgelöst","","done",""
"weekmod.energyEbb.name","i18n","Energie-Ebbe","能量退潮","Energy ebb","i18n-Katalog (src/i18n) — über t() aufgelöst","","done",""
"weekmod.energyFlood.desc","i18n","Doppelte Formations-Energie","布阵能量翻倍","Double order energy","i18n-Katalog (src/i18n) — über t() aufgelöst","","done",""
"weekmod.energyFlood.name","i18n","Energie-Flut","能量涨潮","Energy flood","i18n-Katalog (src/i18n) — über t() aufgelöst","","done",""
"weekmod.formBoost.desc","i18n","Formations-Boni ×2","阵型加成×2","Formation bonuses ×2","i18n-Katalog (src/i18n) — über t() aufgelöst","","done",""
"weekmod.formBoost.name","i18n","Formations-Boost","阵型增幅","Formation boost","i18n-Katalog (src/i18n) — über t() aufgelöst","","done",""
"weekmod.legTakt.desc","i18n","Jede {v}. Perk-Phase: 3 Legendär-Perks","每{v}个天赋阶段：3个传说天赋","Every {v} perk phases: 3 legendary perks","i18n-Katalog (src/i18n) — über t() aufgelöst","","done",""
"weekmod.legTakt.name","i18n","Legendär-Takt","传说节奏","Legendary cadence","i18n-Katalog (src/i18n) — über t() aufgelöst","","done",""
"weekmod.noBuildLimit.desc","i18n","Unbegrenzt bauen","建造次数不限","Build without a limit","i18n-Katalog (src/i18n) — über t() aufgelöst","","done",""
"weekmod.noBuildLimit.name","i18n","Kein Gebäudelimit","无建筑上限","No build limit","i18n-Katalog (src/i18n) — über t() aufgelöst","","done",""
"weekmod.noReroll.desc","i18n","0 Rerolls (alle Pools)","0次重抽（所有池）","0 rerolls (all pools)","i18n-Katalog (src/i18n) — über t() aufgelöst","","done",""
"weekmod.noReroll.name","i18n","Kein Reroll","禁止重抽","No reroll","i18n-Katalog (src/i18n) — über t() aufgelöst","","done",""
"weekmod.perkBlessing.desc","i18n","Perks droppen nur sehr selten/episch","天赋只掉落稀有和史诗","Perks only drop as Rare/Epic","i18n-Katalog (src/i18n) — über t() aufgelöst","","done",""
"weekmod.perkBlessing.name","i18n","Perk-Segen","天赋恩泽","Perk blessing","i18n-Katalog (src/i18n) — über t() aufgelöst","","done",""
"weekmod.perkCap.desc","i18n","Keine sehr seltenen/epischen Perks","没有稀有和史诗天赋","No Rare or Epic perks","i18n-Katalog (src/i18n) — über t() aufgelöst","","done",""
"weekmod.perkCap.name","i18n","Perk-Deckel","天赋上限","Perk cap","i18n-Katalog (src/i18n) — über t() aufgelöst","","done",""
"weekmod.scarcePerks.desc","i18n","Nur 1 Perk je Auswahl","每次选择只有1个天赋","Only 1 perk per offer","i18n-Katalog (src/i18n) — über t() aufgelöst","","done",""
"weekmod.scarcePerks.name","i18n","Perk-Verknappung","天赋稀缺","Perk scarcity","i18n-Katalog (src/i18n) — über t() aufgelöst","","done",""
"weekmod.scarceSkills.desc","i18n","Nur 1 Skill je Archetyp","每个流派只有1个技能","Only 1 skill per archetype","i18n-Katalog (src/i18n) — über t() aufgelöst","","done",""
"weekmod.scarceSkills.name","i18n","Skill-Verknappung","技能稀缺","Skill scarcity","i18n-Katalog (src/i18n) — über t() aufgelöst","","done",""
"weekmod.skillFull.desc","i18n","+{v} Skillslots","技能槽位+{v}","+{v} skill slots","i18n-Katalog (src/i18n) — über t() aufgelöst","","done",""
"weekmod.skillFull.name","i18n","Skill-Fülle","技能充裕","Skill abundance","i18n-Katalog (src/i18n) — über t() aufgelöst","","done",""
"weekmod.strongCards.desc","i18n","Spielerkarten +{v} Wert","玩家卡牌数值+{v}","Your cards +{v} value","i18n-Katalog (src/i18n) — über t() aufgelöst","","done",""
"weekmod.strongCards.name","i18n","Starke Karten","强力卡牌","Strong cards","i18n-Katalog (src/i18n) — über t() aufgelöst","","done",""
"weekmod.strongEnemies.desc","i18n","Gegnerkarten +{v} Wert","对手卡牌数值+{v}","Opponent cards +{v} value","i18n-Katalog (src/i18n) — über t() aufgelöst","","done",""
"weekmod.strongEnemies.name","i18n","Stärkere Gegner","更强的对手","Stronger opponents","i18n-Katalog (src/i18n) — über t() aufgelöst","","done",""
"weekmod.tightBuild.desc","i18n","Nur 12 Baufeld-Zellen","只有12个建造格","Only 12 build-space cells","i18n-Katalog (src/i18n) — über t() aufgelöst","","done",""
"weekmod.tightBuild.name","i18n","Enge Aufstellung","狭小建地","Tight build","i18n-Katalog (src/i18n) — über t() aufgelöst","","done",""
"weekmods.range","i18n","({from}–{to})","（{from}–{to}）","({from}–{to})","i18n-Katalog (src/i18n) — über t() aufgelöst","","done",""
"weekmods.title","i18n","Wochen-Modifikatoren","每周修正项","Weekly modifiers","i18n-Katalog (src/i18n) — über t() aufgelöst","","done",""
"zins.capital","i18n","Kapital:","本金：","Capital:","i18n-Katalog (src/i18n) — über t() aufgelöst","","done",""
"zins.cleared","i18n","· Hürde genommen","· 已达标","· hurdle cleared","i18n-Katalog (src/i18n) — über t() aufgelöst","","done",""
"zins.crash","i18n","· sonst Crash","· 否则崩盘","· otherwise a crash","i18n-Katalog (src/i18n) — über t() aufgelöst","","done",""
"zins.paid","i18n","Bisher ausgezahlt:","已支付：","Total paid out:","i18n-Katalog (src/i18n) — über t() aufgelöst","","done",""
"zins.payout","i18n","Auszahlung bei Erfolg:","达标时的支付：","Payout on success:","i18n-Katalog (src/i18n) — über t() aufgelöst","","done",""
"zins.rate","i18n","· Zinssatz","· 利率","· rate","i18n-Katalog (src/i18n) — über t() aufgelöst","","done",""
"zins.wins","i18n","Siege dieser Durchlauf:","本轮胜场：","Wins this cycle:","i18n-Katalog (src/i18n) — über t() aufgelöst","","done",""
"ui.music.afterburner","system","Afterburner","Afterburner","Afterburner","Musiktitel — Eigenname, wird NICHT übersetzt","","n/a","do-not-translate"
"ui.music.amber-standby","system","Amber Standby","Amber Standby","Amber Standby","Musiktitel — Eigenname, wird NICHT übersetzt","","n/a","do-not-translate"
"ui.music.chrome-horizon","system","Chrome Horizon","Chrome Horizon","Chrome Horizon","Musiktitel — Eigenname, wird NICHT übersetzt","","n/a","do-not-translate"
"ui.music.chrome-rally","system","Chrome Rally","Chrome Rally","Chrome Rally","Musiktitel — Eigenname, wird NICHT übersetzt","","n/a","do-not-translate"
"ui.music.chrome-runner","system","Chrome Runner","Chrome Runner","Chrome Runner","Musiktitel — Eigenname, wird NICHT übersetzt","","n/a","do-not-translate"
"ui.music.circuit-overload","system","Circuit Overload","Circuit Overload","Circuit Overload","Musiktitel — Eigenname, wird NICHT übersetzt","","n/a","do-not-translate"
"ui.music.cobalt-drift","system","Cobalt Drift","Cobalt Drift","Cobalt Drift","Musiktitel — Eigenname, wird NICHT übersetzt","","n/a","do-not-translate"
"ui.music.concrete-collapse","system","Concrete Collapse","Concrete Collapse","Concrete Collapse","Musiktitel — Eigenname, wird NICHT übersetzt","","n/a","do-not-translate"
"ui.music.drift-king","system","Drift King","Drift King","Drift King","Musiktitel — Eigenname, wird NICHT übersetzt","","n/a","do-not-translate"
"ui.music.endgame","system","Endgame","Endgame","Endgame","Musiktitel — Eigenname, wird NICHT übersetzt","","n/a","do-not-translate"
"ui.music.event-horizon","system","Event Horizon","Event Horizon","Event Horizon","Musiktitel — Eigenname, wird NICHT übersetzt","","n/a","do-not-translate"
"ui.music.faded-neon","system","Faded Neon","Faded Neon","Faded Neon","Musiktitel — Eigenname, wird NICHT übersetzt","","n/a","do-not-translate"
"ui.music.fast-lane","system","Fast Lane","Fast Lane","Fast Lane","Musiktitel — Eigenname, wird NICHT übersetzt","","n/a","do-not-translate"
"ui.music.fault-line","system","Fault Line","Fault Line","Fault Line","Musiktitel — Eigenname, wird NICHT übersetzt","","n/a","do-not-translate"
"ui.music.final-showdown","system","Final Showdown","Final Showdown","Final Showdown","Musiktitel — Eigenname, wird NICHT übersetzt","","n/a","do-not-translate"
"ui.music.formation-shuffle","system","Formation Shuffle","Formation Shuffle","Formation Shuffle","Musiktitel — Eigenname, wird NICHT übersetzt","","n/a","do-not-translate"
"ui.music.full-tilt","system","Full Tilt","Full Tilt","Full Tilt","Musiktitel — Eigenname, wird NICHT übersetzt","","n/a","do-not-translate"
"ui.music.glass-horizon","system","Glass Horizon","Glass Horizon","Glass Horizon","Musiktitel — Eigenname, wird NICHT übersetzt","","n/a","do-not-translate"
"ui.music.grid-runner","system","Grid Runner","Grid Runner","Grid Runner","Musiktitel — Eigenname, wird NICHT übersetzt","","n/a","do-not-translate"
"ui.music.last-light","system","Last Light","Last Light","Last Light","Musiktitel — Eigenname, wird NICHT übersetzt","","n/a","do-not-translate"
"ui.music.last-stand","system","Last Stand","Last Stand","Last Stand","Musiktitel — Eigenname, wird NICHT übersetzt","","n/a","do-not-translate"
"ui.music.live-wire","system","Live Wire","Live Wire","Live Wire","Musiktitel — Eigenname, wird NICHT übersetzt","","n/a","do-not-translate"
"ui.music.low-beam","system","Low Beam","Low Beam","Low Beam","Musiktitel — Eigenname, wird NICHT übersetzt","","n/a","do-not-translate"
"ui.music.media-base","system","MEDIA_BASE","MEDIA_BASE","MEDIA_BASE","Musiktitel — Eigenname, wird NICHT übersetzt","","n/a","do-not-translate"
"ui.music.midnight-drive","system","Midnight Drive","Midnight Drive","Midnight Drive","Musiktitel — Eigenname, wird NICHT übersetzt","","n/a","do-not-translate"
"ui.music.neon-apocalypse","system","Neon Apocalypse","Neon Apocalypse","Neon Apocalypse","Musiktitel — Eigenname, wird NICHT übersetzt","","n/a","do-not-translate"
"ui.music.neon-card-game","system","Neon Card Game","Neon Card Game","Neon Card Game","Musiktitel — Eigenname, wird NICHT übersetzt","","n/a","do-not-translate"
"ui.music.neon-circuit","system","Neon Circuit","Neon Circuit","Neon Circuit","Musiktitel — Eigenname, wird NICHT übersetzt","","n/a","do-not-translate"
"ui.music.neon-cruise","system","Neon Cruise","Neon Cruise","Neon Cruise","Musiktitel — Eigenname, wird NICHT übersetzt","","n/a","do-not-translate"
"ui.music.neon-drift","system","Neon Drift","Neon Drift","Neon Drift","Musiktitel — Eigenname, wird NICHT übersetzt","","n/a","do-not-translate"
"ui.music.neon-idle","system","Neon Idle","Neon Idle","Neon Idle","Musiktitel — Eigenname, wird NICHT übersetzt","","n/a","do-not-translate"
"ui.music.neon-night-drive","system","Neon Night Drive","Neon Night Drive","Neon Night Drive","Musiktitel — Eigenname, wird NICHT übersetzt","","n/a","do-not-translate"
"ui.music.neon-overdrive","system","Neon Overdrive","Neon Overdrive","Neon Overdrive","Musiktitel — Eigenname, wird NICHT übersetzt","","n/a","do-not-translate"
"ui.music.neon-pulse","system","Neon Pulse","Neon Pulse","Neon Pulse","Musiktitel — Eigenname, wird NICHT übersetzt","","n/a","do-not-translate"
"ui.music.neon-thunder","system","Neon Thunder","Neon Thunder","Neon Thunder","Musiktitel — Eigenname, wird NICHT übersetzt","","n/a","do-not-translate"
"ui.music.nitro-surge","system","Nitro Surge","Nitro Surge","Nitro Surge","Musiktitel — Eigenname, wird NICHT übersetzt","","n/a","do-not-translate"
"ui.music.no-limits","system","No Limits","No Limits","No Limits","Musiktitel — Eigenname, wird NICHT übersetzt","","n/a","do-not-translate"
"ui.music.overdrive","system","Overdrive","Overdrive","Overdrive","Musiktitel — Eigenname, wird NICHT übersetzt","","n/a","do-not-translate"
"ui.music.power-surge","system","Power Surge","Power Surge","Power Surge","Musiktitel — Eigenname, wird NICHT übersetzt","","n/a","do-not-translate"
"ui.music.pulse-highway","system","Pulse Highway","Pulse Highway","Pulse Highway","Musiktitel — Eigenname, wird NICHT übersetzt","","n/a","do-not-translate"
"ui.music.quiet-overpass","system","Quiet Overpass","Quiet Overpass","Quiet Overpass","Musiktitel — Eigenname, wird NICHT übersetzt","","n/a","do-not-translate"
"ui.music.redline","system","Redline","Redline","Redline","Musiktitel — Eigenname, wird NICHT übersetzt","","n/a","do-not-translate"
"ui.music.slow-circuit","system","Slow Circuit","Slow Circuit","Slow Circuit","Musiktitel — Eigenname, wird NICHT übersetzt","","n/a","do-not-translate"
"ui.music.soft-reset","system","Soft Reset","Soft Reset","Soft Reset","Musiktitel — Eigenname, wird NICHT übersetzt","","n/a","do-not-translate"
"ui.music.static-bloom","system","Static Bloom","Static Bloom","Static Bloom","Musiktitel — Eigenname, wird NICHT übersetzt","","n/a","do-not-translate"
"ui.music.static-charge","system","Static Charge","Static Charge","Static Charge","Musiktitel — Eigenname, wird NICHT übersetzt","","n/a","do-not-translate"
"ui.music.static-storm","system","Static Storm","Static Storm","Static Storm","Musiktitel — Eigenname, wird NICHT übersetzt","","n/a","do-not-translate"
"ui.music.static-surge","system","Static Surge","Static Surge","Static Surge","Musiktitel — Eigenname, wird NICHT übersetzt","","n/a","do-not-translate"
"ui.music.still-frame","system","Still Frame","Still Frame","Still Frame","Musiktitel — Eigenname, wird NICHT übersetzt","","n/a","do-not-translate"
"ui.music.terminal-velocity","system","Terminal Velocity","Terminal Velocity","Terminal Velocity","Musiktitel — Eigenname, wird NICHT übersetzt","","n/a","do-not-translate"
"ui.music.velvet-cruise","system","Velvet Cruise","Velvet Cruise","Velvet Cruise","Musiktitel — Eigenname, wird NICHT übersetzt","","n/a","do-not-translate"
"ui.music.velvet-signal","system","Velvet Signal","Velvet Signal","Velvet Signal","Musiktitel — Eigenname, wird NICHT übersetzt","","n/a","do-not-translate"
"ui.music.voltage-drive","system","Voltage Drive","Voltage Drive","Voltage Drive","Musiktitel — Eigenname, wird NICHT übersetzt","","n/a","do-not-translate"
"ui.music.warp-speed","system","Warp Speed","Warp Speed","Warp Speed","Musiktitel — Eigenname, wird NICHT übersetzt","","n/a","do-not-translate"
