"id","category","de","en","context","limit","status","note"
"ability.SK_FIRE_01.desc","ability","Siege erzeugen +50 % Hitze (Hitzegewinn ×1,5).","","Skill-Beschreibung (Feuer) — Skill-Auswahl/Detailkarte","","new",""
"ability.SK_FIRE_01.name","ability","Glut","","Skill-Name (Feuer) — Skill-Auswahl/Detailkarte","","new",""
"ability.SK_FIRE_02.desc","ability","Jeder Sieg gibt +2 % Hitze — auch knappe Siege zünden.","","Skill-Beschreibung (Feuer) — Skill-Auswahl/Detailkarte","","new",""
"ability.SK_FIRE_02.name","ability","Zunder","","Skill-Name (Feuer) — Skill-Auswahl/Detailkarte","","new",""
"ability.SK_FIRE_03.desc","ability","Jeder Sieg in Folge gibt +1 % mehr Hitze (bis +5 %); eine Niederlage setzt zurück.","","Skill-Beschreibung (Feuer) — Skill-Auswahl/Detailkarte","","new",""
"ability.SK_FIRE_03.name","ability","Feuersturm","","Skill-Name (Feuer) — Skill-Auswahl/Detailkarte","","new",""
"ability.SK_FIRE_04.desc","ability","Niederlagen kosten nur die halbe Hitze; unter 30 % Hitze gar keine.","","Skill-Beschreibung (Feuer) — Skill-Auswahl/Detailkarte","","new",""
"ability.SK_FIRE_04.name","ability","Glutbett","","Skill-Name (Feuer) — Skill-Auswahl/Detailkarte","","new",""
"ability.SK_FIRE_05.desc","ability","Nach einer Niederlage gibt der nächste Sieg +1 % Hitze je Wert-Rückstand und die Karte +2 Stichwert.","","Skill-Beschreibung (Feuer) — Skill-Auswahl/Detailkarte","","new",""
"ability.SK_FIRE_05.name","ability","Rückzündung","","Skill-Name (Feuer) — Skill-Auswahl/Detailkarte","","new",""
"ability.SK_FIRE_06.desc","ability","Alle deine Karten +Stichwert je nach Hitze: +1 ab 40 %, +2 ab 70 %, +3 bei 100 %.","","Skill-Beschreibung (Feuer) — Skill-Auswahl/Detailkarte","","new",""
"ability.SK_FIRE_06.name","ability","Glühende Klinge","","Skill-Name (Feuer) — Skill-Auswahl/Detailkarte","","new",""
"ability.SK_FIRE_07.desc","ability","Bei voller Hitze wird jeder Überschuss zu Score: +10 pro überlaufendem Hitzepunkt.","","Skill-Beschreibung (Feuer) — Skill-Auswahl/Detailkarte","","new",""
"ability.SK_FIRE_07.name","ability","Weißglut","","Skill-Name (Feuer) — Skill-Auswahl/Detailkarte","","new",""
"ability.SK_FIRE_08.desc","ability","Ab 40 % Hitze gibt jeder Sieg der nächsten Karte +1 Stichwert, steigend bis +3; eine Niederlage setzt zurück.","","Skill-Beschreibung (Feuer) — Skill-Auswahl/Detailkarte","","new",""
"ability.SK_FIRE_08.name","ability","Feuerwalze","","Skill-Name (Feuer) — Skill-Auswahl/Detailkarte","","new",""
"ability.SK_FIRE_09.desc","ability","Große Vorsprünge geben mehr Feuer-Score: ×1,5 ab 8, ×2 ab 12 Wertvorsprung.","","Skill-Beschreibung (Feuer) — Skill-Auswahl/Detailkarte","","new",""
"ability.SK_FIRE_09.name","ability","Verbrennung","","Skill-Name (Feuer) — Skill-Auswahl/Detailkarte","","new",""
"ability.SK_FIRE_10.desc","ability","Siege in Folge speichern Feuer-Score. Ein Sieg mit ≥8 Vorsprung entlädt ihn voll, eine Niederlage zur Hälfte.","","Skill-Beschreibung (Feuer) — Skill-Auswahl/Detailkarte","","new",""
"ability.SK_FIRE_10.name","ability","Funkenflug","","Skill-Name (Feuer) — Skill-Auswahl/Detailkarte","","new",""
"ability.SK_FIRE_11.desc","ability","Ab 80 % Hitze verbrennt der nächste Sieg deine ganze Hitze für +12 Score je Hitzepunkt (voll ≈ +1.200).","","Skill-Beschreibung (Feuer) — Skill-Auswahl/Detailkarte","","new",""
"ability.SK_FIRE_11.name","ability","Flächenbrand","","Skill-Name (Feuer) — Skill-Auswahl/Detailkarte","","new",""
"ability.SK_FIRE_12.desc","ability","Vor jedem Stich −10 % Hitze für +5 Score je verbrauchtem Hitzepunkt (≈ +50).","","Skill-Beschreibung (Feuer) — Skill-Auswahl/Detailkarte","","new",""
"ability.SK_FIRE_12.name","ability","Schmelzpunkt","","Skill-Name (Feuer) — Skill-Auswahl/Detailkarte","","new",""
"ability.SK_FIRE_13.desc","ability","Jeder Sieg brandmarkt eine Gegnerkarte (−1 Wert) und gibt +1 Asche.","","Skill-Beschreibung (Feuer) — Skill-Auswahl/Detailkarte","","new",""
"ability.SK_FIRE_13.name","ability","Brandmal","","Skill-Name (Feuer) — Skill-Auswahl/Detailkarte","","new",""
"ability.SK_FIRE_14.desc","ability","Brandmarken greifen auf eine Nachbarkarte über (−1 Wert) und geben +1 Asche.","","Skill-Beschreibung (Feuer) — Skill-Auswahl/Detailkarte","","new",""
"ability.SK_FIRE_14.name","ability","Lauffeuer","","Skill-Name (Feuer) — Skill-Auswahl/Detailkarte","","new",""
"ability.SK_FIRE_15.desc","ability","Am Ende jedes Durchlaufs: solange du ≥5 Asche hast, erhält jeweils deine niedrigste Karte dauerhaft +2 Kartenwert (mehrfach hintereinander, wandert über die tiefen Karten).","","Skill-Beschreibung (Feuer) — Skill-Auswahl/Detailkarte","","new",""
"ability.SK_FIRE_15.name","ability","Ascheschmiede","","Skill-Name (Feuer) — Skill-Auswahl/Detailkarte","","new",""
"ability.SK_FIRE_16.desc","ability","Geschmiedete Karten geben bei Sieg +12 Score je geschmiedetem Wert.","","Skill-Beschreibung (Feuer) — Skill-Auswahl/Detailkarte","","new",""
"ability.SK_FIRE_16.name","ability","Glutstahl","","Skill-Name (Feuer) — Skill-Auswahl/Detailkarte","","new",""
"ability.SK_FIRE_17.desc","ability","Ab 50 % Hitze brennen Brände stärker (−1 Wert, +1 Asche) und Schmieden kostet 1 Asche weniger.","","Skill-Beschreibung (Feuer) — Skill-Auswahl/Detailkarte","","new",""
"ability.SK_FIRE_17.name","ability","Schmelzofen","","Skill-Name (Feuer) — Skill-Auswahl/Detailkarte","","new",""
"ability.SK_FIRE_L01.desc","ability","Beendest du einen Durchlauf mit hoher Hitze, brennt sie sich dauerhaft in deine tiefen Karten (+Kartenwert bis zum Deckel) — dein Deck wird über den Run heiß & stark. Halte-Motor.","","Skill-Beschreibung (Feuer, legendär) — Skill-Auswahl/Detailkarte","","new",""
"ability.SK_FIRE_L01.name","ability","Sonnenkern","","Skill-Name (Feuer, legendär) — Skill-Auswahl/Detailkarte","","new",""
"ability.SK_FIRE_L02.desc","ability","Niederlagen nehmen dir keine Hitze — sie GEBEN welche (je Rückstandspunkt). Aus jeder Niederlage steigst du heißer auf; zusätzlich entzündet verbrauchte Hitze 1×/Durchlauf neu.","","Skill-Beschreibung (Feuer, legendär) — Skill-Auswahl/Detailkarte","","new",""
"ability.SK_FIRE_L02.name","ability","Phönixfeuer","","Skill-Name (Feuer, legendär) — Skill-Auswahl/Detailkarte","","new",""
"ability.SK_FIRE_L03.desc","ability","Dein gesamter Sieg-Score wächst dauerhaft mit der HÖCHSTEN Hitze, die du je gehalten hast (Peak 100 → bis ×2). Treib die Hitze hoch, dann bleibt der Zorn.","","Skill-Beschreibung (Feuer, legendär) — Skill-Auswahl/Detailkarte","","new",""
"ability.SK_FIRE_L03.name","ability","Sonnenzorn","","Skill-Name (Feuer, legendär) — Skill-Auswahl/Detailkarte","","new",""
"ability.SK_FIRE_L04.desc","ability","Schmiedet selbst (ohne Asche) deine tiefsten Karten und gibt geschmiedeten Karten einen Kampf-Bonus — sie schlagen über ihrem Gewicht. Jeder Sieg zahlt eine Damast-Dividende je Schmiedewert. Asche verfällt nie.","","Skill-Beschreibung (Feuer, legendär) — Skill-Auswahl/Detailkarte","","new",""
"ability.SK_FIRE_L04.name","ability","Damaststahl","","Skill-Name (Feuer, legendär) — Skill-Auswahl/Detailkarte","","new",""
"ability.SK_ICE_01.desc","ability","Friert beim Aktivieren +2 weitere eigene Karten ein — mehr Anker, mehr Meißel, mehr Bank.","","Skill-Beschreibung (Eis) — Skill-Auswahl/Detailkarte","","new",""
"ability.SK_ICE_01.name","ability","Frostgriff","","Skill-Name (Eis) — Skill-Auswahl/Detailkarte","","new",""
"ability.SK_ICE_02.desc","ability","Du wählst selbst, welche eigenen Karten einfrieren, statt sie dem Zufall zu überlassen — Architektur schon beim Einfrieren.","","Skill-Beschreibung (Eis) — Skill-Auswahl/Detailkarte","","new",""
"ability.SK_ICE_02.name","ability","Frostwahl","","Skill-Name (Eis) — Skill-Auswahl/Detailkarte","","new",""
"ability.SK_ICE_03.desc","ability","Jede Frostkarte bekommt einen zweiten kostenlosen Frosttausch; ungenutzte banken Schicht-Fortschritt.","","Skill-Beschreibung (Eis) — Skill-Auswahl/Detailkarte","","new",""
"ability.SK_ICE_03.name","ability","Gleitfrost","","Skill-Name (Eis) — Skill-Auswahl/Detailkarte","","new",""
"ability.SK_ICE_04.desc","ability","Schafft ein Frosttausch am neuen Platz eine neue Formation, lagert die versetzte Karte sofort eine Schicht ab — meißeln zahlt permanent.","","Skill-Beschreibung (Eis) — Skill-Auswahl/Detailkarte","","new",""
"ability.SK_ICE_04.name","ability","Gletscherschub","","Skill-Name (Eis) — Skill-Auswahl/Detailkarte","","new",""
"ability.SK_ICE_05.desc","ability","Bringt ein Frosttausch eine Frostkarte in eine zweite Formation (Überlappung), gibt es eine Bonus-Schicht.","","Skill-Beschreibung (Eis) — Skill-Auswahl/Detailkarte","","new",""
"ability.SK_ICE_05.name","ability","Verzahnung","","Skill-Name (Eis) — Skill-Auswahl/Detailkarte","","new",""
"ability.SK_ICE_06.desc","ability","Nach einem Frosttausch erhalten die versetzte Karte und ihr neuer Nachbar diesen Durchlauf +3 Stichwert, damit die frische Platzierung greift.","","Skill-Beschreibung (Eis) — Skill-Auswahl/Detailkarte","","new",""
"ability.SK_ICE_06.name","ability","Kaltfront","","Skill-Name (Eis) — Skill-Auswahl/Detailkarte","","new",""
"ability.SK_ICE_07.desc","ability","Verliert eine Frostkarte, bankt sie trotzdem Schicht-Fortschritt — der Gletscher wächst auch in der Niederlage.","","Skill-Beschreibung (Eis) — Skill-Auswahl/Detailkarte","","new",""
"ability.SK_ICE_07.name","ability","Kältereserve","","Skill-Name (Eis) — Skill-Auswahl/Detailkarte","","new",""
"ability.SK_ICE_08.desc","ability","Siegt eine Frostkarte in einer Formation wie im Vordurchlauf, lagert sie eine zusätzliche Schicht ab. Belohnt stehende Struktur.","","Skill-Beschreibung (Eis) — Skill-Auswahl/Detailkarte","","new",""
"ability.SK_ICE_08.name","ability","Beständigkeit","","Skill-Name (Eis) — Skill-Auswahl/Detailkarte","","new",""
"ability.SK_ICE_09.desc","ability","Nicht eingelöste Frosttausche banken doppelten Fortschritt — Geduld verdichtet Schnee zu Gletschereis.","","Skill-Beschreibung (Eis) — Skill-Auswahl/Detailkarte","","new",""
"ability.SK_ICE_09.name","ability","Verdichtung","","Skill-Name (Eis) — Skill-Auswahl/Detailkarte","","new",""
"ability.SK_ICE_10.desc","ability","Je tiefer die Schichten einer Frostkarte, desto höher ihr Formationsfaktor — tiefe Pfeiler scoren groß.","","Skill-Beschreibung (Eis) — Skill-Auswahl/Detailkarte","","new",""
"ability.SK_ICE_10.name","ability","Eisdruck","","Skill-Name (Eis) — Skill-Auswahl/Detailkarte","","new",""
"ability.SK_ICE_11.desc","ability","Übersteigt die Summe aller Schichten eine Schwelle, erhalten alle Frostkarten einen Stichwert-Bonus. Belohnt breiten Aufbau.","","Skill-Beschreibung (Eis) — Skill-Auswahl/Detailkarte","","new",""
"ability.SK_ICE_11.name","ability","Kristalline Masse","","Skill-Name (Eis) — Skill-Auswahl/Detailkarte","","new",""
"ability.SK_ICE_12.desc","ability","Eine Frostkarte wirkt als Joker für Formationen (±1 Wert-Flex) — verdient, nicht gratis wie ein Perk.","","Skill-Beschreibung (Eis) — Skill-Auswahl/Detailkarte","","new",""
"ability.SK_ICE_12.name","ability","Kristallform","","Skill-Name (Eis) — Skill-Auswahl/Detailkarte","","new",""
"ability.SK_ICE_13.desc","ability","Eine Frostkarte am Segmentrand verbindet die Formation ins nächste Segment.","","Skill-Beschreibung (Eis) — Skill-Auswahl/Detailkarte","","new",""
"ability.SK_ICE_13.name","ability","Frostbrücke","","Skill-Name (Eis) — Skill-Auswahl/Detailkarte","","new",""
"ability.SK_ICE_14.desc","ability","Eine Frostkarte kann als Anker stehen (×1,25) und lagert dabei garantiert eine Schicht ab — auch ohne volle Formation.","","Skill-Beschreibung (Eis) — Skill-Auswahl/Detailkarte","","new",""
"ability.SK_ICE_14.name","ability","Eisanker","","Skill-Name (Eis) — Skill-Auswahl/Detailkarte","","new",""
"ability.SK_ICE_15.desc","ability","Siegt eine Frostkarte in ≥1 Formation, gibt es +200 Flat-Score — bewusst flach, stützt das schwache frühe Spiel.","","Skill-Beschreibung (Eis) — Skill-Auswahl/Detailkarte","","new",""
"ability.SK_ICE_15.name","ability","Stillstand","","Skill-Name (Eis) — Skill-Auswahl/Detailkarte","","new",""
"ability.SK_ICE_16.desc","ability","Siegt eine Frostkarte in ≥2 Formationen, banken ihre direkten (gefrorenen) Nachbarn Schicht-Fortschritt.","","Skill-Beschreibung (Eis) — Skill-Auswahl/Detailkarte","","new",""
"ability.SK_ICE_16.name","ability","Eisblüte","","Skill-Name (Eis) — Skill-Auswahl/Detailkarte","","new",""
"ability.SK_ICE_17.desc","ability","Steht eine Frostkarte an der Kreuzung von ≥3 Formationen, lagert sie mehrere Schichten auf einmal ab — das Meisterstück.","","Skill-Beschreibung (Eis) — Skill-Auswahl/Detailkarte","","new",""
"ability.SK_ICE_17.name","ability","Verschränkung","","Skill-Name (Eis) — Skill-Auswahl/Detailkarte","","new",""
"ability.SK_ICE_L01.desc","ability","Jede Ablage lagert +2 zusätzliche Schichten ab (der Motor der Permanenz). Je mehr Schichten du über alle Frostkarten anhäufst, desto mehr Punkte zahlt jeder Frost-Sieg direkt — Breite wird zu Score.","","Skill-Beschreibung (Eis, legendär) — Skill-Auswahl/Detailkarte","","new",""
"ability.SK_ICE_L01.name","ability","Permafrost","","Skill-Name (Eis, legendär) — Skill-Auswahl/Detailkarte","","new",""
"ability.SK_ICE_L02.desc","ability","Je tiefer der Stapel, desto mehr gibt jede Schicht (superlinear). Dein TIEFSTER Pfeiler zahlt bei jedem Frost-Sieg direkt Punkte — je tiefer der eine Pfeiler, desto überproportional mehr (der Schneeball).","","Skill-Beschreibung (Eis, legendär) — Skill-Auswahl/Detailkarte","","new",""
"ability.SK_ICE_L02.name","ability","Gletscher","","Skill-Name (Eis, legendär) — Skill-Auswahl/Detailkarte","","new",""
"ability.SK_ICE_L03.desc","ability","Frostkarten frieren Gegnerkarten proportional zu ihren Schichten ein (−Wert). Je mehr Gegner-Eis aktiv ist, desto mehr Punkte zahlt jeder Frost-Sieg direkt — die Sperre wird zu Score.","","Skill-Beschreibung (Eis, legendär) — Skill-Auswahl/Detailkarte","","new",""
"ability.SK_ICE_L03.name","ability","Vergletscherung","","Skill-Name (Eis, legendär) — Skill-Auswahl/Detailkarte","","new",""
"ability.SK_ICE_L04.desc","ability","Schaltet vertikale Formationen frei: Frostkarten in derselben Spalte (pos%5) bilden Formationen quer über Segmente.","","Skill-Beschreibung (Eis, legendär) — Skill-Auswahl/Detailkarte","","new",""
"ability.SK_ICE_L04.name","ability","Architekt","","Skill-Name (Eis, legendär) — Skill-Auswahl/Detailkarte","","new",""
"ability.SK_LIGHTNING_01.desc","ability","Jeder Crit erzeugt +1 Ladung. Der zuverlässige Crit-Generator.","","Skill-Beschreibung (Blitz) — Skill-Auswahl/Detailkarte","","new",""
"ability.SK_LIGHTNING_01.name","ability","Blitzableiter","","Skill-Name (Blitz) — Skill-Auswahl/Detailkarte","","new",""
"ability.SK_LIGHTNING_02.desc","ability","Bei voller Ladung 2 ungespielte Karten ionisieren, dann Ladung verbrauchen. Die Ionis.-Saat.","","Skill-Beschreibung (Blitz) — Skill-Auswahl/Detailkarte","","new",""
"ability.SK_LIGHTNING_02.name","ability","Ionisierung","","Skill-Name (Blitz) — Skill-Auswahl/Detailkarte","","new",""
"ability.SK_LIGHTNING_03.desc","ability","Wenn Karten ionisiert werden, werden zusätzliche Karten ionisiert (Breite).","","Skill-Beschreibung (Blitz) — Skill-Auswahl/Detailkarte","","new",""
"ability.SK_LIGHTNING_03.name","ability","Kettenblitz","","Skill-Name (Blitz) — Skill-Auswahl/Detailkarte","","new",""
"ability.SK_LIGHTNING_04.desc","ability","Ein Crit auf oder direkt neben einer ionisierten Karte erzeugt zusätzliche Ladung. Crit×Ionis.-Brücke.","","Skill-Beschreibung (Blitz) — Skill-Auswahl/Detailkarte","","new",""
"ability.SK_LIGHTNING_04.name","ability","Überspannung","","Skill-Name (Blitz) — Skill-Auswahl/Detailkarte","","new",""
"ability.SK_LIGHTNING_05.desc","ability","Nach jedem vollen Verbrauch bleibt ein Ladungsboden erhalten.","","Skill-Beschreibung (Blitz) — Skill-Auswahl/Detailkarte","","new",""
"ability.SK_LIGHTNING_05.name","ability","Reststrom","","Skill-Name (Blitz) — Skill-Auswahl/Detailkarte","","new",""
"ability.SK_LIGHTNING_06.desc","ability","Jeder Ladungsverbrauch gibt dauerhaft +Crit-Chance (bis Cap) und Score-Drip auf die nächsten Siege.","","Skill-Beschreibung (Blitz) — Skill-Auswahl/Detailkarte","","new",""
"ability.SK_LIGHTNING_06.name","ability","Gewitterfront","","Skill-Name (Blitz) — Skill-Auswahl/Detailkarte","","new",""
"ability.SK_LIGHTNING_07.desc","ability","Bei voller Ladung wird deine Serie geschützt — die nächste Niederlage setzt sie nicht zurück. Die Ladung wird sofort verbraucht.","","Skill-Beschreibung (Blitz) — Skill-Auswahl/Detailkarte","","new",""
"ability.SK_LIGHTNING_07.name","ability","Geladene Serie","","Skill-Name (Blitz) — Skill-Auswahl/Detailkarte","","new",""
"ability.SK_LIGHTNING_08.desc","ability","Jeder Sieg ohne Crit erzeugt +1 Ladung — hält den Sturm am Bauen, auch wenn die Crits kalt bleiben.","","Skill-Beschreibung (Blitz) — Skill-Auswahl/Detailkarte","","new",""
"ability.SK_LIGHTNING_08.name","ability","Statische Aufladung","","Skill-Name (Blitz) — Skill-Auswahl/Detailkarte","","new",""
"ability.SK_LIGHTNING_09.desc","ability","Eine volle Karte (5) entlädt beim Sieg alle Stapel → +Ladung-Burst, Karte auf 0 zurück. Zyklus statt Sättigung.","","Skill-Beschreibung (Blitz) — Skill-Auswahl/Detailkarte","","new",""
"ability.SK_LIGHTNING_09.name","ability","Kurzschluss","","Skill-Name (Blitz) — Skill-Auswahl/Detailkarte","","new",""
"ability.SK_LIGHTNING_10.desc","ability","Nach vollem Verbrauch bekommt der nächste Crit +1,0× Crit-Multiplikator.","","Skill-Beschreibung (Blitz) — Skill-Auswahl/Detailkarte","","new",""
"ability.SK_LIGHTNING_10.name","ability","Entladung","","Skill-Name (Blitz) — Skill-Auswahl/Detailkarte","","new",""
"ability.SK_LIGHTNING_11.desc","ability","Eine volle Karte (5) wird statt weiter ionisiert zu +2 Stichwert und +1 Ladung. Die volle Karte als Dauer-Score-Motor.","","Skill-Beschreibung (Blitz) — Skill-Auswahl/Detailkarte","","new",""
"ability.SK_LIGHTNING_11.name","ability","Blitzfänger","","Skill-Name (Blitz) — Skill-Auswahl/Detailkarte","","new",""
"ability.SK_LIGHTNING_12.desc","ability","Gewinnt eine ionisierte Karte, springt ein Stapel auf ihren Nachfolger (Tiefe). Volle (5) Karten werden übersprungen.","","Skill-Beschreibung (Blitz) — Skill-Auswahl/Detailkarte","","new",""
"ability.SK_LIGHTNING_12.name","ability","Spannungsbogen","","Skill-Name (Blitz) — Skill-Auswahl/Detailkarte","","new",""
"ability.SK_LIGHTNING_13.desc","ability","Jeder Sieg ohne Crit erhöht die Crit-Chance des nächsten Siegs; ein Crit entlädt & resettet. Dürre spart sich auf.","","Skill-Beschreibung (Blitz) — Skill-Auswahl/Detailkarte","","new",""
"ability.SK_LIGHTNING_13.name","ability","Spannungsstau","","Skill-Name (Blitz) — Skill-Auswahl/Detailkarte","","new",""
"ability.SK_LIGHTNING_14.desc","ability","Crit-Chance-Überschuss über 100 % wird in Ladung umgewandelt. Belohnt All-in auf Crit-Chance.","","Skill-Beschreibung (Blitz) — Skill-Auswahl/Detailkarte","","new",""
"ability.SK_LIGHTNING_14.name","ability","Überschlag","","Skill-Name (Blitz) — Skill-Auswahl/Detailkarte","","new",""
"ability.SK_LIGHTNING_15.desc","ability","Ein Crit ionisiert die gewonnene Karte — schließt die Selbstspeisung (Crit → Ionis. → ionis. Sieg → …).","","Skill-Beschreibung (Blitz) — Skill-Auswahl/Detailkarte","","new",""
"ability.SK_LIGHTNING_15.name","ability","Blitzschlag","","Skill-Name (Blitz) — Skill-Auswahl/Detailkarte","","new",""
"ability.SK_LIGHTNING_16.desc","ability","Jeder Sieg in Folge gibt Ladung, skaliert mit der Serienlänge — die Serie speist den Akku.","","Skill-Beschreibung (Blitz) — Skill-Auswahl/Detailkarte","","new",""
"ability.SK_LIGHTNING_16.name","ability","Dauerstrom","","Skill-Name (Blitz) — Skill-Auswahl/Detailkarte","","new",""
"ability.SK_LIGHTNING_17.desc","ability","Bei Serienschwellen ionisiert es Karten — die Serie zündet Ionisierung (Schwellen-Burst).","","Skill-Beschreibung (Blitz) — Skill-Auswahl/Detailkarte","","new",""
"ability.SK_LIGHTNING_17.name","ability","Wetterleuchten","","Skill-Name (Blitz) — Skill-Auswahl/Detailkarte","","new",""
"ability.SK_LIGHTNING_L01.desc","ability","Maximale Ladung 10 → 15, dafür dauerhaft +1,0× Crit-Multiplikator. Konsumenten lösen erst bei 15 aus.","","Skill-Beschreibung (Blitz, legendär) — Skill-Auswahl/Detailkarte","","new",""
"ability.SK_LIGHTNING_L01.name","ability","Donnergott","","Skill-Name (Blitz, legendär) — Skill-Auswahl/Detailkarte","","new",""
"ability.SK_LIGHTNING_L02.desc","ability","Bei vollem Ladungsverbrauch feuert der Konsument mehrfach. Und je mehr Ladung im Feld steht (Σ Ionisierungsstapel), desto mehr Punkte zahlt jeder Sieg mit ionisierter Karte direkt — der endlose Sturm entlädt sich ins Feld.","","Skill-Beschreibung (Blitz, legendär) — Skill-Auswahl/Detailkarte","","new",""
"ability.SK_LIGHTNING_L02.name","ability","Doppelentladung","","Skill-Name (Blitz, legendär) — Skill-Auswahl/Detailkarte","","new",""
"ability.SK_LIGHTNING_L03.desc","ability","Gewinnt eine ionisierte Karte, springen ihre Stapel auf alle ungespielten Nachbarn (statt nur einen). Und je breiter das ionisierte Feld (mehr ionisierte Karten), desto mehr Punkte zahlt jeder Sieg mit ionisierter Karte direkt — die Sturmzelle wird zu Score.","","Skill-Beschreibung (Blitz, legendär) — Skill-Auswahl/Detailkarte","","new",""
"ability.SK_LIGHTNING_L03.name","ability","Flächenionisation","","Skill-Name (Blitz, legendär) — Skill-Auswahl/Detailkarte","","new",""
"ability.SK_LIGHTNING_L04.desc","ability","Gewinnt eine Karte mit voller Ionisierung (5) und Crit, gibt sie dauerhaft +0,25× Crit-Multiplikator. Harte Doppelbedingung.","","Skill-Beschreibung (Blitz, legendär) — Skill-Auswahl/Detailkarte","","new",""
"ability.SK_LIGHTNING_L04.name","ability","Durchschlag","","Skill-Name (Blitz, legendär) — Skill-Auswahl/Detailkarte","","new",""
"ability.SK_PLANT_01.desc","ability","Grüne Karten wachsen bei Sieg permanenten Kartenwert an (+1 je 4 Wachstum, bis Kartenwert 11). Der Wert-Motor.","","Skill-Beschreibung (Pflanze) — Skill-Auswahl/Detailkarte","","new",""
"ability.SK_PLANT_01.name","ability","Wurzelschlag","","Skill-Name (Pflanze) — Skill-Auswahl/Detailkarte","","new",""
"ability.SK_PLANT_02.desc","ability","Jeder Sieg einer grünen Karte gibt zusätzlich Flat-Score (Wurzeln-Score). Schaltet den Score-Ertrag reifer Pflanzen frei.","","Skill-Beschreibung (Pflanze) — Skill-Auswahl/Detailkarte","","new",""
"ability.SK_PLANT_02.name","ability","Wurzeltiefe","","Skill-Name (Pflanze) — Skill-Auswahl/Detailkarte","","new",""
"ability.SK_PLANT_03.desc","ability","Verstärker: Wurzeln-Score ×2, wenn die grüne Karte in einer Formation gewinnt.","","Skill-Beschreibung (Pflanze) — Skill-Auswahl/Detailkarte","","new",""
"ability.SK_PLANT_03.name","ability","Pfahlwurzel","","Skill-Name (Pflanze) — Skill-Auswahl/Detailkarte","","new",""
"ability.SK_PLANT_04.desc","ability","Verstärker: Je 10 Wachstum einer Karte dauerhaft +Wurzeln-Score — nur für diese Karte. Alte Pflanzen zahlen am meisten.","","Skill-Beschreibung (Pflanze) — Skill-Auswahl/Detailkarte","","new",""
"ability.SK_PLANT_04.name","ability","Jahresringe","","Skill-Name (Pflanze) — Skill-Auswahl/Detailkarte","","new",""
"ability.SK_PLANT_05.desc","ability","Gewinnt eine grüne Karte, sät sie beide Nachbarn: +1 Wachstum je Seite. Der Breiten-Motor.","","Skill-Beschreibung (Pflanze) — Skill-Auswahl/Detailkarte","","new",""
"ability.SK_PLANT_05.name","ability","Aussaat","","Skill-Name (Pflanze) — Skill-Auswahl/Detailkarte","","new",""
"ability.SK_PLANT_06.desc","ability","Verstärker: Aussaat überspringt schon grüne Karten und sät die nächste noch-graue dahinter.","","Skill-Beschreibung (Pflanze) — Skill-Auswahl/Detailkarte","","new",""
"ability.SK_PLANT_06.name","ability","Flugsamen","","Skill-Name (Pflanze) — Skill-Auswahl/Detailkarte","","new",""
"ability.SK_PLANT_07.desc","ability","Die niedrigste Karte je Segment startet den Lauf mit +3 Wachstum Vorsprung. Anschub für schwache Setzlinge.","","Skill-Beschreibung (Pflanze) — Skill-Auswahl/Detailkarte","","new",""
"ability.SK_PLANT_07.name","ability","Setzlingsbeet","","Skill-Name (Pflanze) — Skill-Auswahl/Detailkarte","","new",""
"ability.SK_PLANT_08.desc","ability","Unreife (graue) Karten wachsen auch bei Niederlage +1 — bis sie grün sind. Der Garten wächst durch Widrigkeit.","","Skill-Beschreibung (Pflanze) — Skill-Auswahl/Detailkarte","","new",""
"ability.SK_PLANT_08.name","ability","Zäher Halm","","Skill-Name (Pflanze) — Skill-Auswahl/Detailkarte","","new",""
"ability.SK_PLANT_09.desc","ability","Gewinnt eine grüne Karte, färbt sie einen noch-grauen Nachbarn sofort grün. Baut den Farbblock aktiv auf.","","Skill-Beschreibung (Pflanze) — Skill-Auswahl/Detailkarte","","new",""
"ability.SK_PLANT_09.name","ability","Ranken","","Skill-Name (Pflanze) — Skill-Auswahl/Detailkarte","","new",""
"ability.SK_PLANT_10.desc","ability","Gewinnt eine grüne Karte, deren Nachbarn schon grün sind, blüht sie: +Score je grüner Karte im Segment.","","Skill-Beschreibung (Pflanze) — Skill-Auswahl/Detailkarte","","new",""
"ability.SK_PLANT_10.name","ability","Blüte","","Skill-Name (Pflanze) — Skill-Auswahl/Detailkarte","","new",""
"ability.SK_PLANT_11.desc","ability","Verstärker: Blüte-Score ×2, wenn die Karte in einer Formation gewinnt.","","Skill-Beschreibung (Pflanze) — Skill-Auswahl/Detailkarte","","new",""
"ability.SK_PLANT_11.name","ability","Blütezeit","","Skill-Name (Pflanze) — Skill-Auswahl/Detailkarte","","new",""
"ability.SK_PLANT_12.desc","ability","Grüne Karten in einer Formation geben zusätzlich ×1,08 Score. Der Grün-Formations-Multiplikator.","","Skill-Beschreibung (Pflanze) — Skill-Auswahl/Detailkarte","","new",""
"ability.SK_PLANT_12.name","ability","Photosynthese","","Skill-Name (Pflanze) — Skill-Auswahl/Detailkarte","","new",""
"ability.SK_PLANT_13.desc","ability","In einem grünen Farbblock ab 4 Karten gibt jede grüne Karte bei Sieg zusätzlich +Score je Karte im Block.","","Skill-Beschreibung (Pflanze) — Skill-Auswahl/Detailkarte","","new",""
"ability.SK_PLANT_13.name","ability","Blätterdach","","Skill-Name (Pflanze) — Skill-Auswahl/Detailkarte","","new",""
"ability.SK_PLANT_14.desc","ability","Ist das Feld ≥66 % grün, werden alle Farbblöcke stärker (+0,20 Faktor) und Blüte zählt doppelt.","","Skill-Beschreibung (Pflanze) — Skill-Auswahl/Detailkarte","","new",""
"ability.SK_PLANT_14.name","ability","Überwucherung","","Skill-Name (Pflanze) — Skill-Auswahl/Detailkarte","","new",""
"ability.SK_PLANT_15.desc","ability","Gewinnt eine grüne Karte, kolonisiert sie die niedrigste Gegnerkarte. Besiegst du eine kolonisierte Karte, erntest du +Wachstum.","","Skill-Beschreibung (Pflanze) — Skill-Auswahl/Detailkarte","","new",""
"ability.SK_PLANT_15.name","ability","Ausläufer","","Skill-Name (Pflanze) — Skill-Auswahl/Detailkarte","","new",""
"ability.SK_PLANT_16.desc","ability","Verstärker: Kolonisiert aggressiver (früher & breiter) und beim Ernten den Gegner-Nachbarn mit.","","Skill-Beschreibung (Pflanze) — Skill-Auswahl/Detailkarte","","new",""
"ability.SK_PLANT_16.name","ability","Rhizom","","Skill-Name (Pflanze) — Skill-Auswahl/Detailkarte","","new",""
"ability.SK_PLANT_17.desc","ability","Verstärker: Erntest du mit einer reifen Karte, gibt es zusätzlich großen Flat-Score.","","Skill-Beschreibung (Pflanze) — Skill-Auswahl/Detailkarte","","new",""
"ability.SK_PLANT_17.name","ability","Erntedank","","Skill-Name (Pflanze) — Skill-Auswahl/Detailkarte","","new",""
"ability.SK_PLANT_L01.desc","ability","Am Ende jedes Durchlaufs wächst der ganze Wald (+1 Wachstum je 5 grüne im Feld). Und je mehr Überschuss-Wachstum dein alter Wald über den Wert-Deckel angehäuft hat, desto mehr Punkte zahlt jeder grüne Sieg direkt — der uralte Wald wird zu Score.","","Skill-Beschreibung (Pflanze, legendär) — Skill-Auswahl/Detailkarte","","new",""
"ability.SK_PLANT_L01.name","ability","Weltenbaum","","Skill-Name (Pflanze, legendär) — Skill-Auswahl/Detailkarte","","new",""
"ability.SK_PLANT_L02.desc","ability","Ist deine höchstgewachsene Karte am Zug, verdoppelt sie ihren Wurzeln-Score. Und je tiefer dein ÄLTESTER Baum über den Wert-Deckel gewachsen ist, desto mehr Punkte zahlt jeder grüne Sieg direkt — der Mutterbaum trägt den ganzen Garten.","","Skill-Beschreibung (Pflanze, legendär) — Skill-Auswahl/Detailkarte","","new",""
"ability.SK_PLANT_L02.name","ability","Mutterbaum","","Skill-Name (Pflanze, legendär) — Skill-Auswahl/Detailkarte","","new",""
"ability.SK_PLANT_L03.desc","ability","Das ganze Gegnerdeck startet kolonisiert; jede Ernte verbraucht ihren Marker. Und je mehr Gegnerkarten unter deiner Kolonie stehen, desto mehr Punkte zahlt jeder grüne Sieg direkt — das Dornenreich wird zu Score.","","Skill-Beschreibung (Pflanze, legendär) — Skill-Auswahl/Detailkarte","","new",""
"ability.SK_PLANT_L03.name","ability","Dornenkönig","","Skill-Name (Pflanze, legendär) — Skill-Auswahl/Detailkarte","","new",""
"ability.SK_PLANT_L04.desc","ability","Farbblock zählt Grün schon ab 2 Karten, Überwucherung ab 25 % Feld. Und je größer dein ewig-grünes Feld (mehr grüne Karten), desto mehr Punkte zahlt jeder grüne Sieg direkt — der ewige Frühling wird zu Score.","","Skill-Beschreibung (Pflanze, legendär) — Skill-Auswahl/Detailkarte","","new",""
"ability.SK_PLANT_L04.name","ability","Ewiger Frühling","","Skill-Name (Pflanze, legendär) — Skill-Auswahl/Detailkarte","","new",""
"achievement.chronikoverview.anchor-crit","achievement","Krit","","Ankerrollen-Label (Krit) in der Chronik-Kartenübersicht","","new",""
"achievement.chronikoverview.anchor-entry","achievement","⚓ Pos {n} · {rolle}","","Eintrag in der Anker-Liste: Position + Ankerrolle · Var.: {n} = Position (1-basiert); {rolle} = Ankerrolle (z. B. Kraft) · Von der Heuristik verpasst (Interpolation)","","new",""
"achievement.chronikoverview.anchor-formation","achievement","Formation","","Ankerrollen-Label (Formation) in der Chronik-Kartenübersicht","","new",""
"achievement.chronikoverview.anchor-joker","achievement","Joker","","Ankerrollen-Label (Joker) in der Chronik-Kartenübersicht","","new",""
"achievement.chronikoverview.anchor-power","achievement","Kraft","","Ankerrollen-Label (Kraft) in der Anker-Liste der Chronik-Kartenübersicht","","new",""
"achievement.chronikoverview.anchor-score","achievement","Punkte","","Ankerrollen-Label (Punkte) in der Chronik-Kartenübersicht","","new",""
"achievement.chronikoverview.anchor-streak","achievement","Serie","","Ankerrollen-Label (Serie) in der Chronik-Kartenübersicht","","new",""
"achievement.chronikoverview.anchors-title","achievement","Anker","","Abschnitts-Label über der Anker-Liste im Info-Panel","","new",""
"achievement.chronikoverview.arch-phase-count","achievement","{n} Gebäude · {belegt}/{max} Zellen","","Kennzahl im Architektenphase-Block (Gebäude/Zellen) · Var.: {n} = Anzahl Gebäude; {belegt} = belegte Zellen; {max} = maximale Zellen · Von der Heuristik verpasst (Interpolation)","","new",""
"achievement.chronikoverview.arch-phase-title","achievement","🏗 Architektenphase","","Titel des Architektenphase-Blocks in der Chronik · Von der Heuristik verpasst","","new",""
"achievement.chronikoverview.distribution-title","achievement","Verteilung · Deck-Werte je Farbe","","Titel des Verteilungs-Histogramms (Deck-Werte je Farbe)","","new",""
"achievement.chronikoverview.eyebrow","achievement","Chronik","","Eyebrow-Label über dem Titel der Chronik-Kartenübersicht","","new",""
"achievement.chronikoverview.form-anker","achievement","Anker","","Formations-Legende: Anker","","new",""
"achievement.chronikoverview.form-farbblock","achievement","Farbblock","","Formations-Legende: Farbblock","","new",""
"achievement.chronikoverview.form-key-a","achievement","A","","Formations-Kürzel (Badge) für Anker in der Legende · Einzelbuchstaben-Badge, von der Heuristik verpasst","1","new",""
"achievement.chronikoverview.form-key-f","achievement","F","","Formations-Kürzel (Badge) für Farbblock in der Legende · Einzelbuchstaben-Badge, von der Heuristik verpasst","1","new",""
"achievement.chronikoverview.form-key-t","achievement","T","","Formations-Kürzel (Badge) für Treppe in der Legende · Einzelbuchstaben-Badge, von der Heuristik verpasst","1","new",""
"achievement.chronikoverview.form-key-w","achievement","W","","Formations-Kürzel (Badge) für Wiederholung in der Legende · Einzelbuchstaben-Badge, von der Heuristik verpasst","1","new",""
"achievement.chronikoverview.form-key-z","achievement","Z","","Formations-Kürzel (Badge) für Wechsel in der Legende · Einzelbuchstaben-Badge, von der Heuristik verpasst","1","new",""
"achievement.chronikoverview.form-treppe","achievement","Treppe","","Formations-Legende: Treppe","","new",""
"achievement.chronikoverview.form-wechsel","achievement","Wechsel","","Formations-Legende: Wechsel","","new",""
"achievement.chronikoverview.form-wiederholung","achievement","Wiederholung","","Formations-Legende: Wiederholung","","new",""
"achievement.chronikoverview.formations-empty","achievement","Keine aktiven Formationen mit Multiplikator.","","Leerzustand im Block „Aktuelle Formationen""","","new",""
"achievement.chronikoverview.formations-title","achievement","Aktuelle Formationen","","Titel des Blocks „Aktuelle Formationen""","","new",""
"achievement.chronikoverview.legend-frame","achievement","Rahmenfarbe = Anzahl Formationen (1·2·3·4) — mehr = mehr Multi (Überlappung ×1,5/×2/×3) · gestrichelt = ohne ×","","Legende: Rahmenfarbe = Anzahl überlappender Formationen und Multiplikator · inline-<b>-Ziffern zusammengeführt","","new",""
"achievement.chronikoverview.legend-role","achievement","● Rolle","","Legende: ● markiert eine Rollen-Karte · Von der Heuristik verpasst","","new",""
"achievement.chronikoverview.title","achievement","Kartenübersicht","","Titel der Chronik-Kartenübersicht","","new",""
"achievement.customizescreen.progress-games","achievement","{aktuell} / {ziel} Läufe","","Freischalt-Fortschritt (Anzahl Läufe) auf einer gesperrten Skin-Kachel · Var.: {aktuell} = bisher gespielte Läufe; {ziel} = benötigte Läufe","","new",""
"achievement.customizescreen.progress-score","achievement","bester Score bisher: {score}","","Freischalt-Fortschritt (bester Score) auf einer gesperrten Skin-Kachel · Var.: {score} = bisher bester Score (formatiert)","","new",""
"achievement.customizescreen.progress-streak","achievement","beste Serie bisher: {wert}","","Freischalt-Fortschritt (beste Serie) auf einer gesperrten Skin-Kachel · Var.: {wert} = bisher beste Siegesserie","","new",""
"achievement.gameover.chart-legend-record","achievement","Rekord","","Legende (Rekord-Linie, violett) im Punkteverlauf","","new",""
"achievement.gameover.new-record","achievement","★ Neuer Rekord!","","Hinweis bei neuem Highscore im Game-Over-Overlay","","new",""
"achievement.gameover.unlock-heading","achievement","★ Neu freigeschaltet","","Überschrift des Freischaltungs-Panels (frisch freigeschaltete Skins)","","new",""
"achievement.gameover.unlock-hint","achievement","Auswählbar im Menü unter „Deck"".","","Hinweis unter den frisch freigeschalteten Skins · Schließendes Anführungszeichen ist ein gerades "" (byte-treu)","","new",""
"achievement.globalleaderboard.empty-global","achievement","Noch keine globalen Einträge — sei die/der Erste.","","Leerzustand des globalen Boards","","new",""
"achievement.globalleaderboard.empty-master","achievement","Noch keine Einträge auf diesem Rang.","","Leerzustand des Master-Boards (kein Eintrag auf diesem Rang)","","new",""
"achievement.globalleaderboard.header-global","achievement","Global","","Board-Kopf: globales Board","","new",""
"achievement.globalleaderboard.header-master","achievement","Master","","Board-Kopf: Master-Board (Meister-Rang)","","new",""
"achievement.globalleaderboard.header-topn","achievement","— Top {n}","","Suffix am Board-Kopf (Top-N) · Var.: {n} = Anzahl angezeigter Einträge (limit) · Folgt auf „Master""/„Global""; von der Heuristik verpasst","","new",""
"achievement.globalleaderboard.row-details","achievement","Details anzeigen","","Tooltip an einer Board-Zeile (öffnet Lauf-Details)","","new",""
"achievement.globalleaderboard.you-suffix","achievement"," · du","","Suffix an der eigenen Board-Zeile („ · du"") · Führendes Leerzeichen ist beabsichtigt","","new",""
"achievement.leaderboardscreen.master-empty","achievement","Noch keine Meister-Läufe — starte einen im Meister-Modus.","","Leerzustand im lokalen Master-Fallback","","new",""
"achievement.leaderboardscreen.master-local-count","achievement","{n} Meister-Läufe","","Zähler im lokalen Master-Fallback · Var.: {n} = Anzahl lokaler Meister-Läufe · Von der Heuristik verpasst (Interpolation)","","new",""
"achievement.leaderboardscreen.master-local-header","achievement","Master (lokal) — Top {n}","","Abschnitts-Label im lokalen Master-Fallback (kein Board konfiguriert) · Var.: {n} = Anzahl (Top-N) · Von der Heuristik verpasst (Interpolation)","","new",""
"achievement.leaderboardscreen.master-run-tip","achievement","Meister-Lauf","","Tooltip am ★-Marker einer Zeile: Meister-Lauf","","new",""
"achievement.leaderboardscreen.mine-empty","achievement","Noch keine Läufe — leg los.","","Leerzustand im Reiter „Meine Runs""","","new",""
"achievement.leaderboardscreen.mine-header","achievement","Meine Runs — Top {n}","","Abschnitts-Label im Reiter „Meine Runs"" · Var.: {n} = Anzahl (Top-N, z. B. 20) · Von der Heuristik verpasst (Interpolation)","","new",""
"achievement.leaderboardscreen.mine-record","achievement","Rekord {wert}","","Rekord-Anzeige im Reiter „Meine Runs"" · Var.: {wert} = eigener Bestwert (formatierter Score) · Von der Heuristik verpasst (Interpolation)","","new",""
"achievement.leaderboardscreen.rank-picker-aria","achievement","Rang","","aria-label des Rang-Pickers im Master-Board · aria-label","","new",""
"achievement.leaderboardscreen.rank-rankless","achievement","Ranglos","","Rang-Picker-Button für ranglose Läufe (Rang 0)","","new",""
"achievement.masterrunselect.footnote","achievement","Belohnungen sind kumulativ — graue Chips gibt's schon ab niedrigeren Rängen, farbige kommen bei diesem Rang neu dazu. Ab Großmeister steigen keine Rewards mehr — nur der Gegner wächst mit (Ramp), das Ziel bleibt 50 M. Experimentell.","","Fußnote unter der Rangliste · inline-<span>/<b> zusammengeführt","","new",""
"achievement.masterrunselect.gm-divider","achievement","Großmeister","","Tier-Trenner-Label vor den Großmeister-Rängen","","new",""
"achievement.masterrunselect.gm-divider-note","achievement","nur die Schwierigkeit steigt · Ziel bleibt {wert}","","Zusatz am Großmeister-Trenner (Zielschwelle bleibt gleich) · Var.: {wert} = Zielschwelle (formatierter Score) · Von der Heuristik verpasst (Interpolation)","","new",""
"achievement.masterrunselect.gm-reward","achievement","härterer Gegner","","Pill an Großmeister-Rängen: härterer Gegner","","new",""
"achievement.masterrunselect.intro","achievement","Wähle den Rang, auf dem du spielen willst. Nur Meister-Läufe schalten den nächsten Rang frei — normale Läufe nicht.","","Einleitungstext des Meister-Lauf-Auswahl-Overlays · inline-<b> zusammengeführt","","new",""
"achievement.masterrunselect.locked","achievement","gesperrt","","Status an einem gesperrten Rang (mit Schwelle)","","new",""
"achievement.masterrunselect.rank-deck","achievement","Deck: {deckName}","","Deck-Zeile je Rang in der Rangliste · Var.: {deckName} = Name des Rang-Decks · Von der Heuristik verpasst (Interpolation)","","new",""
"achievement.masterrunselect.rankless-hint","achievement","Erreiche {wert} in einem Meister-Lauf → Rang&nbsp;I.","","Hinweis im Ranglos-Einstiegs-Block (Schwelle für Rang I) · Var.: {wert} = Schwelle für Rang I (formatierter Score) · Enthält &nbsp;-Entity (byte-treu); von der Heuristik verpasst","","new",""
"achievement.masterrunselect.rankless-title","achievement","Kein Rang — Einstieg","","Titel des Ranglos-Einstiegs-Blocks","","new",""
"achievement.masterrunselect.tier-gm","achievement","Großmeister {rangRomanisch}","","Tier-Label eines Großmeister-Rangs in der Rangliste · Var.: {rangRomanisch} = römische Rangziffer I–V","","new",""
"achievement.masterrunselect.tier-master","achievement","Rang {rangRomanisch}","","Tier-Label eines Meister-Rangs in der Rangliste · Var.: {rangRomanisch} = römische Rangziffer I–V","","new",""
"achievement.mastery.rank0.label","achievement","Kein Rang","","Meisterrang-Label (Grad 0) — MasteryBar/Meister-Run-Auswahl/Bestenliste","","new",""
"achievement.mastery.rank1.label","achievement","Rang I","","Meisterrang-Label (Grad 1) — MasteryBar/Meister-Run-Auswahl/Bestenliste","","new",""
"achievement.mastery.rank1.reward1","achievement","1 Neuwurf","","Meisterrang-Belohnung (Rang 1, Eintrag 1) — Reward-Liste","","new",""
"achievement.mastery.rank10.label","achievement","Großmeister V","","Meisterrang-Label (Grad 10) — MasteryBar/Meister-Run-Auswahl/Bestenliste","","new",""
"achievement.mastery.rank2.label","achievement","Rang II","","Meisterrang-Label (Grad 2) — MasteryBar/Meister-Run-Auswahl/Bestenliste","","new",""
"achievement.mastery.rank2.reward1","achievement","2 Neuwürfe","","Meisterrang-Belohnung (Rang 2, Eintrag 1) — Reward-Liste","","new",""
"achievement.mastery.rank2.reward2","achievement","+2 Baufeld","","Meisterrang-Belohnung (Rang 2, Eintrag 2) — Reward-Liste","","new",""
"achievement.mastery.rank3.label","achievement","Rang III","","Meisterrang-Label (Grad 3) — MasteryBar/Meister-Run-Auswahl/Bestenliste","","new",""
"achievement.mastery.rank3.reward1","achievement","3 Neuwürfe","","Meisterrang-Belohnung (Rang 3, Eintrag 1) — Reward-Liste","","new",""
"achievement.mastery.rank3.reward2","achievement","+4 Baufeld","","Meisterrang-Belohnung (Rang 3, Eintrag 2) — Reward-Liste","","new",""
"achievement.mastery.rank3.reward3","achievement","Seltene häufiger","","Meisterrang-Belohnung (Rang 3, Eintrag 3) — Reward-Liste","","new",""
"achievement.mastery.rank4.label","achievement","Rang IV","","Meisterrang-Label (Grad 4) — MasteryBar/Meister-Run-Auswahl/Bestenliste","","new",""
"achievement.mastery.rank4.reward1","achievement","3 Neuwürfe","","Meisterrang-Belohnung (Rang 4, Eintrag 1) — Reward-Liste","","new",""
"achievement.mastery.rank4.reward2","achievement","+6 Baufeld","","Meisterrang-Belohnung (Rang 4, Eintrag 2) — Reward-Liste","","new",""
"achievement.mastery.rank4.reward3","achievement","Seltene noch häufiger","","Meisterrang-Belohnung (Rang 4, Eintrag 3) — Reward-Liste","","new",""
"achievement.mastery.rank4.reward4","achievement","Legendäre häufiger","","Meisterrang-Belohnung (Rang 4, Eintrag 4) — Reward-Liste","","new",""
"achievement.mastery.rank5.label","achievement","Rang V","","Meisterrang-Label (Grad 5) — MasteryBar/Meister-Run-Auswahl/Bestenliste","","new",""
"achievement.mastery.rank5.reward1","achievement","3 Neuwürfe","","Meisterrang-Belohnung (Rang 5, Eintrag 1) — Reward-Liste","","new",""
"achievement.mastery.rank5.reward2","achievement","+8 Baufeld","","Meisterrang-Belohnung (Rang 5, Eintrag 2) — Reward-Liste","","new",""
"achievement.mastery.rank5.reward3","achievement","Seltene noch häufiger","","Meisterrang-Belohnung (Rang 5, Eintrag 3) — Reward-Liste","","new",""
"achievement.mastery.rank5.reward4","achievement","Legendäre häufiger","","Meisterrang-Belohnung (Rang 5, Eintrag 4) — Reward-Liste","","new",""
"achievement.mastery.rank5.reward5","achievement","1 garantierter Legendär","","Meisterrang-Belohnung (Rang 5, Eintrag 5) — Reward-Liste","","new",""
"achievement.mastery.rank6.label","achievement","Großmeister I","","Meisterrang-Label (Grad 6) — MasteryBar/Meister-Run-Auswahl/Bestenliste","","new",""
"achievement.mastery.rank7.label","achievement","Großmeister II","","Meisterrang-Label (Grad 7) — MasteryBar/Meister-Run-Auswahl/Bestenliste","","new",""
"achievement.mastery.rank8.label","achievement","Großmeister III","","Meisterrang-Label (Grad 8) — MasteryBar/Meister-Run-Auswahl/Bestenliste","","new",""
"achievement.mastery.rank9.label","achievement","Großmeister IV","","Meisterrang-Label (Grad 9) — MasteryBar/Meister-Run-Auswahl/Bestenliste","","new",""
"achievement.masterybar.status-max","achievement","Höchster Rang","","Statuszeile rechts im Balken bei Höchstrang","","new",""
"achievement.masterybar.status-next","achievement","→ {rangLabel}","","Statuszeile rechts im Balken: Pfeil zum nächsten Rang · Var.: {rangLabel} = nächster Rang · Von der Heuristik verpasst (Ternary-Zweig)","","new",""
"achievement.masterybar.tip-max","achievement","Höchster Rang erreicht","","Tooltip des Meisterrang-Balkens bei Höchstrang","","new",""
"achievement.masterybar.tip-progress","achievement","Fortschritt zum nächsten Rang ({rangLabel})","","Tooltip des Meisterrang-Balkens (Fortschritt zum nächsten Rang) · Var.: {rangLabel} = Label des nächsten Rangs (z. B. „Rang II"")","","new",""
"achievement.rundetail.eyebrow","achievement","Lauf-Details","","Eyebrow-Label im Lauf-Detail-Overlay · In der Bestenliste gefolgt von „ · #{rang}"" (Platzierung); von der Heuristik verpasst","","new",""
"achievement.rundetail.final-layout","achievement","Finale Aufstellung ansehen","","Aufklappbarer Titel: finale Deck-Aufstellung des Laufs","","new",""
"achievement.rundetail.score-label","achievement","Score","","Label unter dem großen Score im Lauf-Detail","","new",""
"achievement.runstats.beste-serie","achievement","Beste Serie","","Kennzahl-Label im Run-Statblock: beste Serie","","new",""
"achievement.runstats.bester-stich","achievement","Bester Stich","","Kennzahl-Label im Run-Statblock: bester Einzelstich","","new",""
"achievement.runstats.crit-bonus","achievement","Crit-Bonus","","Kennzahl-Label im Run-Statblock: Crit-Bonus-Score","","new",""
"achievement.runstats.crit-quote","achievement","Crit-Quote","","Kennzahl-Label im Run-Statblock: Crit-Quote","","new",""
"achievement.runstats.crits","achievement","Crits","","Kennzahl-Label im Run-Statblock: Anzahl Crits","","new",""
"achievement.runstats.form-score","achievement","Form.-Score","","Kennzahl-Label im Run-Statblock: Score-Anteil aus Formationen","","new",""
"achievement.runstats.form-score-tip","achievement","Score-Anteil aus Formations-Multiplikatoren","","Tooltip an der Kennzahl „Form.-Score""","","new",""
"achievement.runstats.formationen","achievement","Formationen","","Kennzahl-Label im Run-Statblock: max. Formationen","","new",""
"achievement.runstats.formationen-tip","achievement","Maximal gleichzeitig aktive Formationen im Run","","Tooltip an der Kennzahl „Formationen"" · Title-Attribut, von der Heuristik verpasst","","new",""
"achievement.runstats.geb-score","achievement","Geb.-Score","","Kennzahl-Label im Run-Statblock: Score-Anteil aus Gebäuden","","new",""
"achievement.runstats.geb-score-tip","achievement","Score-Anteil aus Architekt-Gebäuden (Struktur/Schatzkammer/Handelsbauten)","","Tooltip an der Kennzahl „Geb.-Score""","","new",""
"achievement.runstats.perk-desc-tip","achievement","Beschreibung anzeigen","","Tooltip an einem Perk-Chip (öffnet die Beschreibung)","","new",""
"achievement.runstats.perks","achievement","Perks","","Kennzahl-Label im Run-Statblock: Anzahl Perks","","new",""
"achievement.runstats.skill-desc-tip","achievement","Beschreibung anzeigen","","Tooltip an einem Skill-Chip (öffnet die Beschreibung)","","new",""
"achievement.startscreen.record-label","achievement","Rekord","","Label im Rekord-Fuß (bester Score)","","new",""
"achievement.startscreen.runs-none","achievement","Noch keine Läufe","","Rekord-Fuß, wenn noch kein Lauf gespielt wurde","","new",""
"achievement.startscreen.runs-plural","achievement","Läufe","","Mehrzahl in „{n} Läufe“ im Rekord-Fuß","","new",""
"achievement.startscreen.runs-singular","achievement","Lauf","","Einzahl in „{n} Lauf“ im Rekord-Fuß","","new",""
"achievement.statsscreen.analysis-hint","achievement","Ø über die Historie","","Hinweis am Abschnitt „Analyse""","","new",""
"achievement.statsscreen.analysis-origin-label","achievement","Score-Herkunft","","Label über dem Score-Herkunft-Balken (Analyse)","","new",""
"achievement.statsscreen.analysis-origin-note","achievement","Elementar &amp; Basis bündelt Basissiege, Serie und alle Archetyp-Mechaniken (Feuer/Eis/Blitz/Pflanze) — noch nicht einzeln aufgeschlüsselt. Crit-Bonus stammt seit v0.3 nur aus Blitz&nbsp;+ dem Krit-Stat, nicht mehr universell.","","Erklärtext unter dem Score-Herkunft-Balken · Enthält HTML-Entities &amp;/&nbsp; (byte-treu); inline-<b> zusammengeführt","","new",""
"achievement.statsscreen.arch-usage","achievement","Archetyp-Nutzung","","Titel der Archetyp-Nutzungs-Liste","","new",""
"achievement.statsscreen.best-arch-detail","achievement"," — Ø {wert} über {n} Läufe.","","Zusatz hinter dem besten Archetyp (Ø-Score/Anzahl) · Var.: {wert} = Ø-Score des besten Archetyps; {n} = Anzahl Läufe · Von der Heuristik verpasst (Interpolation); führendes Leerzeichen + Halbgeviertstrich","","new",""
"achievement.statsscreen.best-arch-label","achievement","Bester Archetyp:","","Label vor dem besten Archetyp in „Optimale Analyse""","","new",""
"achievement.statsscreen.bestbuild-subtitle","achievement","Rekord-Lauf · Details ansehen ›","","Untertitel im „Bestes Build""-Block","","new",""
"achievement.statsscreen.challenges-empty","achievement","Noch keine Seeds. Jeder Lauf bekommt jetzt einen teilbaren Seed — spiel einen Run, oder füg auf der Startseite einen fremden Seed ein und nimm die Challenge an.","","Leerzustand im Challenges-Reiter, wenn noch keine Seeds gespielt wurden · JSX-Text über zwei Quellzeilen zusammengeführt","","new",""
"achievement.statsscreen.challenges-explainer","achievement","Bestwert = dein bester lokaler Lauf auf diesem Seed. „Top 3 global"" vergleicht mit den besten Läufen anderer auf demselben Seed.","","Erklärtext unter der Seed-Liste im Challenges-Reiter","","new",""
"achievement.statsscreen.challenges-hint","achievement","zuletzt gespielt zuerst","","Hinweis am Abschnitt „Deine Seeds"" (Sortierung) · Section-hint, von der Heuristik verpasst","","new",""
"achievement.statsscreen.challenges-title","achievement","Deine Seeds","","Abschnitts-Titel im Challenges-Reiter (Liste eigener Seeds)","","new",""
"achievement.statsscreen.gm-divider","achievement","Großmeister","","Tier-Trenner-Label vor den Großmeister-Rängen","","new",""
"achievement.statsscreen.gm-divider-note","achievement","nur die Schwierigkeit steigt · Ziel bleibt {wert}","","Zusatz am Großmeister-Trenner (Zielschwelle bleibt gleich) · Var.: {wert} = Zielschwelle (formatierter Score, z. B. 50 Mio.) · Von der Heuristik verpasst (Interpolation)","","new",""
"achievement.statsscreen.gm-reward","achievement","härterer Gegner","","Pill an Großmeister-Rängen (statt Reward): härterer Gegner","","new",""
"achievement.statsscreen.kpi-avgscore","achievement","Ø-Score","","KPI-Label: Durchschnitts-Score","","new",""
"achievement.statsscreen.kpi-bestscore","achievement","Bestscore","","KPI-Label: bester Score","","new",""
"achievement.statsscreen.kpi-beststreak","achievement","Beste Serie","","KPI-Label: beste Siegesserie","","new",""
"achievement.statsscreen.kpi-games","achievement","Spiele","","KPI-Label: Anzahl gespielter Partien","","new",""
"achievement.statsscreen.kpi-playtime","achievement","Spielzeit","","KPI-Label: gesamte Spielzeit","","new",""
"achievement.statsscreen.master-best-score","achievement","Bester Score","","KPI-Label im Master-Reiter: bester erreichter Score","","new",""
"achievement.statsscreen.master-current-rank","achievement","Aktueller Rang","","KPI-Label im Master-Reiter: aktuell erreichter Rang","","new",""
"achievement.statsscreen.master-footnote","achievement","Experimentell. Ab Großmeister (über Rang V) wächst nur der Gegner mit — das Ziel bleibt 50 M, neue Belohnungen gibt es nicht.","","Fußnote unter der Master-Rangliste · Satz mit inline-<b> zusammengeführt","","new",""
"achievement.statsscreen.master-hint","achievement","experimentell","","Hinweis am Abschnitt „Meisterränge"" · Section-hint, von der Heuristik verpasst","","new",""
"achievement.statsscreen.master-intro","achievement","Nur Meister-Läufe schalten Ränge frei — einer pro Lauf, der Reihe nach. Meister I–V geben dauerhafte Vorteile (nur grob gezeigt); ab Großmeister wächst nur der Gegner mit, das Ziel bleibt 50 M. Je Rang ein Deck.","","Erklärtext unter den Master-KPIs · Satz mit inline-<b> zusammengeführt","","new",""
"achievement.statsscreen.master-no-rank","achievement","Kein Rang","","KPI-Wert, wenn noch kein Meisterrang erreicht wurde","","new",""
"achievement.statsscreen.master-title","achievement","Meisterränge","","Abschnitts-Titel im Master-Reiter (Rang-Liste)","","new",""
"achievement.statsscreen.optimal-hint","achievement","was bei dir am besten läuft","","Hinweis am Abschnitt „Optimale Analyse""","","new",""
"achievement.statsscreen.optimal-insufficient","achievement","Zu wenige Läufe für belastbare Aussagen ({n}/{min}). Spiel noch ein paar Runs.","","Hinweis in „Optimale Analyse"" bei zu wenigen Läufen · Var.: {n} = gespielte Läufe; {min} = benötigte Mindestanzahl (MIN_SAMPLE) · Von der Heuristik verpasst (Interpolation)","","new",""
"achievement.statsscreen.origin-bar-tooltip","achievement","{label}: {wert}","","Tooltip auf einem Segment des Score-Herkunft-Balkens · Var.: {label} = Segment-Label (z. B. Formationen); {wert} = formatierter Score","","new",""
"achievement.statsscreen.origin-buildings","achievement","Gebäude","","Segment-Label der Score-Herkunft (Architekt-Gebäude) im Statistik-Hub","","new",""
"achievement.statsscreen.origin-crits","achievement","Crit-Bonus","","Segment-Label der Score-Herkunft (Crit-Bonus) im Statistik-Hub","","new",""
"achievement.statsscreen.origin-formations","achievement","Formationen","","Segment-/Legenden-Label der Score-Herkunft (Formationen) im Statistik-Hub","","new",""
"achievement.statsscreen.origin-rest","achievement","Elementar & Basis","","Segment-Label der Score-Herkunft (Sammel-Label Basis/Serie/Fraktionen) im Statistik-Hub · Von der Heuristik verpasst (JS-Objekt-Literal), ergänzt","","new",""
"achievement.statsscreen.overview-empty","achievement","Noch keine Läufe — spiel einen Run, dann erscheinen hier deine Statistiken.","","Leerzustand der Übersicht, wenn keine Läufe existieren","","new",""
"achievement.statsscreen.perk-lift","achievement","Perks mit dem größten Score-Lift","","Titel der Perk-Score-Lift-Liste in „Optimale Analyse""","","new",""
"achievement.statsscreen.rank-deck","achievement","Deck: {deckName}","","Deck-Zeile je Rang in der Master-Rangliste · Var.: {deckName} = Name des freigeschalteten Rang-Decks · Von der Heuristik verpasst (Interpolation)","","new",""
"achievement.statsscreen.rank-locked","achievement","gesperrt","","Status an einem gesperrten Rang","","new",""
"achievement.statsscreen.rank-next","achievement","nächstes Ziel","","Status am nächsten (noch zu erreichenden) Rang","","new",""
"achievement.statsscreen.rank-unlocked","achievement","✓ frei","","Status an einem bereits freigeschalteten Rang · Von der Heuristik verpasst (Ternary-Zweig)","","new",""
"achievement.statsscreen.run-record","achievement","Rekord","","Delta-Anzeige in einer Lauf-Zeile, wenn der Lauf ein Rekord ist","","new",""
"achievement.statsscreen.runs-hint","achievement","letzte {n}","","Hinweis am Abschnitt „Läufe"" (Anzahl angezeigt) · Var.: {n} = Anzahl angezeigter Läufe (max. 10) · Section-hint, von der Heuristik verpasst","","new",""
"achievement.statsscreen.score-trend","achievement","Score-Verlauf (letzte {n})","","Label über der Score-Verlauf-Sparkline in der Übersicht · Var.: {n} = Anzahl der letzten Läufe im Verlauf · Von der Heuristik verpasst (Interpolation)","","new",""
"achievement.statsscreen.section-analysis","achievement","Analyse","","Abschnitts-Titel: Analyse (Ø-Werte)","","new",""
"achievement.statsscreen.section-bestbuild","achievement","Bestes Build","","Abschnitts-Titel: bestes Build (Rekord-Lauf)","","new",""
"achievement.statsscreen.section-optimal","achievement","Optimale Analyse","","Abschnitts-Titel: Optimale Analyse","","new",""
"achievement.statsscreen.section-overview","achievement","Übersicht","","Abschnitts-Titel „Übersicht"" (Profil-KPIs)","","new",""
"achievement.statsscreen.section-runs","achievement","Läufe","","Abschnitts-Titel: Lauf-Historie","","new",""
"achievement.statsscreen.seed-global-empty","achievement","Noch keine globalen Läufe auf diesem Seed.","","Leerzustand: keine globalen Läufe für diesen Seed vorhanden","","new",""
"achievement.statsscreen.seed-plays","achievement","{n}× gespielt","","Zähler je Seed-Zeile im Challenges-Reiter · Var.: {n} = Anzahl Läufe auf diesem Seed","","new",""
"achievement.statsscreen.seed-top3-summary","achievement","🌐 Top 3 global","","Aufklappbarer Titel je Seed: globaler Top-3-Vergleich","","new",""
"achievement.statsscreen.skill-lift","achievement","Skills mit dem größten Score-Lift","","Titel der Skill-Score-Lift-Liste in „Optimale Analyse""","","new",""
"achievement.statsscreen.top-origin","achievement","Score-Herkunft deiner Top-{n}: ","","Einleitung der Score-Herkunft-Zusammenfassung deiner besten Läufe · Var.: {n} = Anzahl Top-Läufe · Von der Heuristik verpasst (Interpolation)","","new",""
"achievement.statsscreen.top-perks","achievement","Meistgewählte Perks","","Titel der Perk-Pick-Raten-Liste","","new",""
"achievement.statsscreen.top-skills","achievement","Meistgewählte Skills","","Titel der Skill-Pick-Raten-Liste","","new",""
"achievement.statsscreen.top-skills-empty","achievement","Noch keine Skills gespielt.","","Leerzustand der Skill-Pick-Raten-Liste","","new",""
"item.architect.A_ARKADE.name","item","Arkade","","Architekt-Bauplan „A_ARKADE"" (Kat. formation) — Bauphase/Auswahl","","new",""
"item.architect.A_BASILIKA.name","item","Basilika","","Architekt-Bauplan „A_BASILIKA"" (Kat. formation) — Bauphase/Auswahl","","new",""
"item.architect.A_BOLLWERK.name","item","Bollwerk","","Architekt-Bauplan „A_BOLLWERK"" (Kat. value) — Bauphase/Auswahl","","new",""
"item.architect.A_BUNTGLAS.name","item","Buntglas","","Architekt-Bauplan „A_BUNTGLAS"" (Kat. value) — Bauphase/Auswahl","","new",""
"item.architect.A_FIRST.name","item","Firstträger","","Architekt-Bauplan „A_FIRST"" (Kat. value) — Bauphase/Auswahl","","new",""
"item.architect.A_FRIES.name","item","Fries","","Architekt-Bauplan „A_FRIES"" (Kat. formation) — Bauphase/Auswahl","","new",""
"item.architect.A_FUNDAMENT.name","item","Fundamentplatte","","Architekt-Bauplan „A_FUNDAMENT"" (Kat. value) — Bauphase/Auswahl","","new",""
"item.architect.A_GEWOELBE.name","item","Gewölbe","","Architekt-Bauplan „A_GEWOELBE"" (Kat. formation) — Bauphase/Auswahl","","new",""
"item.architect.A_GIEBEL.name","item","Giebel","","Architekt-Bauplan „A_GIEBEL"" (Kat. score) — Bauphase/Auswahl","","new",""
"item.architect.A_GRUNDSTEIN.name","item","Grundstein","","Architekt-Bauplan „A_GRUNDSTEIN"" (Kat. formation) — Bauphase/Auswahl","","new",""
"item.architect.A_KATHEDRALE.name","item","Kathedrale","","Architekt-Bauplan „A_KATHEDRALE"" (Kat. formation) — Bauphase/Auswahl","","new",""
"item.architect.A_KLAMMER.name","item","Klammer","","Architekt-Bauplan „A_KLAMMER"" (Kat. formation) — Bauphase/Auswahl","","new",""
"item.architect.A_KONTOR.name","item","Kontor","","Architekt-Bauplan „A_KONTOR"" (Kat. score) — Bauphase/Auswahl","","new",""
"item.architect.A_KREUZGANG.name","item","Kreuzgang","","Architekt-Bauplan „A_KREUZGANG"" (Kat. formation) — Bauphase/Auswahl","","new",""
"item.architect.A_MEILENSTEIN.name","item","Meilenstein","","Architekt-Bauplan „A_MEILENSTEIN"" (Kat. score) — Bauphase/Auswahl","","new",""
"item.architect.A_PFEILER.name","item","Pfeiler","","Architekt-Bauplan „A_PFEILER"" (Kat. formation) — Bauphase/Auswahl","","new",""
"item.architect.A_PRISMA.name","item","Prisma","","Architekt-Bauplan „A_PRISMA"" (Kat. formation) — Bauphase/Auswahl","","new",""
"item.architect.A_PRUNKSAAL.name","item","Prunksaal","","Architekt-Bauplan „A_PRUNKSAAL"" (Kat. score) — Bauphase/Auswahl","","new",""
"item.architect.A_QUADER.name","item","Quader","","Architekt-Bauplan „A_QUADER"" (Kat. value) — Bauphase/Auswahl","","new",""
"item.architect.A_RAMPE.name","item","Rampe","","Architekt-Bauplan „A_RAMPE"" (Kat. value) — Bauphase/Auswahl","","new",""
"item.architect.A_REIHENHAUS.name","item","Reihenhaus","","Architekt-Bauplan „A_REIHENHAUS"" (Kat. score) — Bauphase/Auswahl","","new",""
"item.architect.A_RIEGEL.name","item","Riegel","","Architekt-Bauplan „A_RIEGEL"" (Kat. value) — Bauphase/Auswahl","","new",""
"item.architect.A_SCHATZ.name","item","Schatzkammer","","Architekt-Bauplan „A_SCHATZ"" (Kat. score) — Bauphase/Auswahl","","new",""
"item.architect.A_SOCKEL.name","item","Sockel","","Architekt-Bauplan „A_SOCKEL"" (Kat. value) — Bauphase/Auswahl","","new",""
"item.architect.A_STUETZE.name","item","Stützbalken","","Architekt-Bauplan „A_STUETZE"" (Kat. value) — Bauphase/Auswahl","","new",""
"item.architect.A_ZINNE.name","item","Zinne","","Architekt-Bauplan „A_ZINNE"" (Kat. score) — Bauphase/Auswahl","","new",""
"item.architect.A_ZOLLHAUS.name","item","Zollhaus","","Architekt-Bauplan „A_ZOLLHAUS"" (Kat. score) — Bauphase/Auswahl","","new",""
"item.architect.A_ZUNFTHAUS.name","item","Zunfthaus","","Architekt-Bauplan „A_ZUNFTHAUS"" (Kat. score) — Bauphase/Auswahl","","new",""
"item.battlefield.bf_1.name","item","Neon-Boulevard","","Spielfeld-Kosmetik „bf_1"" — Anpassen-Screen/Kollektion","","new",""
"item.battlefield.bf_2.name","item","Nachttankstelle","","Spielfeld-Kosmetik „bf_2"" — Anpassen-Screen/Kollektion","","new",""
"item.battlefield.bf_3.name","item","Neon City","","Spielfeld-Kosmetik „bf_3"" — Anpassen-Screen/Kollektion","","new",""
"item.battlefield.bf_4.name","item","Mondsee","","Spielfeld-Kosmetik „bf_4"" — Anpassen-Screen/Kollektion","","new",""
"item.battlefield.default.name","item","Standard","","Spielfeld-Kosmetik „default"" — Anpassen-Screen/Kollektion","","new",""
"item.deck.deck_c1.name","item","Endloskette","","Kartenrücken-Kosmetik „deck_c1"" — Anpassen-Screen/Kollektion","","new",""
"item.deck.deck_c2.name","item","Rekordhalter","","Kartenrücken-Kosmetik „deck_c2"" — Anpassen-Screen/Kollektion","","new",""
"item.deck.deck_c3.name","item","Sparfuchs","","Kartenrücken-Kosmetik „deck_c3"" — Anpassen-Screen/Kollektion","","new",""
"item.deck.deck_c5.name","item","Reines Feuer","","Kartenrücken-Kosmetik „deck_c5"" — Anpassen-Screen/Kollektion","","new",""
"item.deck.deck_c6.name","item","Reiner Blitz","","Kartenrücken-Kosmetik „deck_c6"" — Anpassen-Screen/Kollektion","","new",""
"item.deck.deck_c7.name","item","Reines Eis","","Kartenrücken-Kosmetik „deck_c7"" — Anpassen-Screen/Kollektion","","new",""
"item.deck.deck_c8.name","item","Reine Pflanze","","Kartenrücken-Kosmetik „deck_c8"" — Anpassen-Screen/Kollektion","","new",""
"item.deck.deck_c9.name","item","Element-Bund","","Kartenrücken-Kosmetik „deck_c9"" — Anpassen-Screen/Kollektion","","new",""
"item.deck.deck_gm_blau.name","item","Blau","","Kartenrücken-Kosmetik „deck_gm_blau"" — Anpassen-Screen/Kollektion","","new",""
"item.deck.deck_gm_gruen.name","item","Grün","","Kartenrücken-Kosmetik „deck_gm_gruen"" — Anpassen-Screen/Kollektion","","new",""
"item.deck.deck_gm_lila.name","item","Lila","","Kartenrücken-Kosmetik „deck_gm_lila"" — Anpassen-Screen/Kollektion","","new",""
"item.deck.deck_gm_marco.name","item","Marco stinkt","","Kartenrücken-Kosmetik „deck_gm_marco"" — Anpassen-Screen/Kollektion","","new",""
"item.deck.deck_gm_rot.name","item","Rot","","Kartenrücken-Kosmetik „deck_gm_rot"" — Anpassen-Screen/Kollektion","","new",""
"item.deck.deck_p1.name","item","Neonstadt","","Kartenrücken-Kosmetik „deck_p1"" — Anpassen-Screen/Kollektion","","new",""
"item.deck.deck_p2.name","item","Tankstopp","","Kartenrücken-Kosmetik „deck_p2"" — Anpassen-Screen/Kollektion","","new",""
"item.deck.deck_p3.name","item","Megacity","","Kartenrücken-Kosmetik „deck_p3"" — Anpassen-Screen/Kollektion","","new",""
"item.deck.deck_p4.name","item","Mondpagode","","Kartenrücken-Kosmetik „deck_p4"" — Anpassen-Screen/Kollektion","","new",""
"item.deck.deck_rank_bronze.name","item","Bronze","","Kartenrücken-Kosmetik „deck_rank_bronze"" — Anpassen-Screen/Kollektion","","new",""
"item.deck.deck_rank_diamond.name","item","Diamant","","Kartenrücken-Kosmetik „deck_rank_diamond"" — Anpassen-Screen/Kollektion","","new",""
"item.deck.deck_rank_gold.name","item","Gold","","Kartenrücken-Kosmetik „deck_rank_gold"" — Anpassen-Screen/Kollektion","","new",""
"item.deck.deck_rank_platin.name","item","Platin","","Kartenrücken-Kosmetik „deck_rank_platin"" — Anpassen-Screen/Kollektion","","new",""
"item.deck.deck_rank_silber.name","item","Silber","","Kartenrücken-Kosmetik „deck_rank_silber"" — Anpassen-Screen/Kollektion","","new",""
"item.deck.default.name","item","Standard","","Kartenrücken-Kosmetik „default"" — Anpassen-Screen/Kollektion","","new",""
"item.family.A_BOTTOM.name","item","Nachzügler","","Perk-Familie (Kat. A) — Name; Perk-Auswahl/Build-Übersicht","","new",""
"item.family.A_BOTTOM.tier1.desc","item","Die zwei aktuell niedrigsten Karten: dauerhaft je +3 Kartenwert.","","Perk-Familie „Nachzügler"" (Kat. A) Stufe 1/4 — Beschreibung","","new",""
"item.family.A_BOTTOM.tier2.desc","item","Die drei aktuell niedrigsten Karten: dauerhaft je +4 Kartenwert.","","Perk-Familie „Nachzügler"" (Kat. A) Stufe 2/4 — Beschreibung","","new",""
"item.family.A_BOTTOM.tier3.desc","item","Die vier aktuell niedrigsten Karten: dauerhaft je +5 Kartenwert.","","Perk-Familie „Nachzügler"" (Kat. A) Stufe 3/4 — Beschreibung","","new",""
"item.family.A_BOTTOM.tier4.desc","item","Die fünf aktuell niedrigsten Karten: dauerhaft je +6 Kartenwert.","","Perk-Familie „Nachzügler"" (Kat. A) Stufe 4/4 — Beschreibung","","new",""
"item.family.A_CONDENSE.name","item","Verdichtung","","Perk-Familie (Kat. A) — Name; Perk-Auswahl/Build-Übersicht","","new",""
"item.family.A_CONDENSE.tier1.desc","item","Zwei zufällige Karten aus mehrfach vorkommenden Wertgruppen: dauerhaft +1 Kartenwert.","","Perk-Familie „Verdichtung"" (Kat. A) Stufe 1/4 — Beschreibung","","new",""
"item.family.A_CONDENSE.tier2.desc","item","Vier zufällige Karten aus mehrfach vorkommenden Wertgruppen: dauerhaft +1 Kartenwert.","","Perk-Familie „Verdichtung"" (Kat. A) Stufe 2/4 — Beschreibung","","new",""
"item.family.A_CONDENSE.tier3.desc","item","Alle Karten aus Wertgruppen mit ≥3 Vorkommen: dauerhaft +1 Kartenwert.","","Perk-Familie „Verdichtung"" (Kat. A) Stufe 3/4 — Beschreibung","","new",""
"item.family.A_CONDENSE.tier4.desc","item","Alle Karten aus mehrfach vorkommenden Wertgruppen: dauerhaft +1 Kartenwert.","","Perk-Familie „Verdichtung"" (Kat. A) Stufe 4/4 — Beschreibung","","new",""
"item.family.A_EVEN.name","item","Gerade Stärke","","Perk-Familie (Kat. A) — Name; Perk-Auswahl/Build-Übersicht","","new",""
"item.family.A_EVEN.tier1.desc","item","Vier zufällige gerade Karten: dauerhaft +1 Kartenwert.","","Perk-Familie „Gerade Stärke"" (Kat. A) Stufe 1/4 — Beschreibung","","new",""
"item.family.A_EVEN.tier2.desc","item","Alle ursprünglichen 2er und 8er: dauerhaft +1 Kartenwert.","","Perk-Familie „Gerade Stärke"" (Kat. A) Stufe 2/4 — Beschreibung","","new",""
"item.family.A_EVEN.tier3.desc","item","Alle ursprünglichen 4er und 6er: dauerhaft +1 Kartenwert.","","Perk-Familie „Gerade Stärke"" (Kat. A) Stufe 3/4 — Beschreibung","","new",""
"item.family.A_EVEN.tier4.desc","item","Alle geraden Karten: zusätzlich +1 Kartenwert.","","Perk-Familie „Gerade Stärke"" (Kat. A) Stufe 4/4 — Beschreibung","","new",""
"item.family.A_MIDRANGE.name","item","Mittelklasse","","Perk-Familie (Kat. A) — Name; Perk-Auswahl/Build-Übersicht","","new",""
"item.family.A_MIDRANGE.tier1.desc","item","Drei zufällige Karten mit aktuellem Wert 4–7: dauerhaft +1 Kartenwert.","","Perk-Familie „Mittelklasse"" (Kat. A) Stufe 1/4 — Beschreibung","","new",""
"item.family.A_MIDRANGE.tier2.desc","item","Fünf zufällige Karten mit aktuellem Wert 4–7: dauerhaft +1 Kartenwert.","","Perk-Familie „Mittelklasse"" (Kat. A) Stufe 2/4 — Beschreibung","","new",""
"item.family.A_MIDRANGE.tier3.desc","item","Alle Karten mit aktuellem Wert 4–7: dauerhaft +1 Kartenwert.","","Perk-Familie „Mittelklasse"" (Kat. A) Stufe 3/4 — Beschreibung","","new",""
"item.family.A_MIDRANGE.tier4.desc","item","Alle Karten mit aktuellem Wert 3–8: dauerhaft +1 Kartenwert.","","Perk-Familie „Mittelklasse"" (Kat. A) Stufe 4/4 — Beschreibung","","new",""
"item.family.A_ODD.name","item","Ungerade Stärke","","Perk-Familie (Kat. A) — Name; Perk-Auswahl/Build-Übersicht","","new",""
"item.family.A_ODD.tier1.desc","item","Vier zufällige ungerade Karten: dauerhaft +1 Kartenwert.","","Perk-Familie „Ungerade Stärke"" (Kat. A) Stufe 1/4 — Beschreibung","","new",""
"item.family.A_ODD.tier2.desc","item","Alle ursprünglichen 3er und 7er: dauerhaft +1 Kartenwert.","","Perk-Familie „Ungerade Stärke"" (Kat. A) Stufe 2/4 — Beschreibung","","new",""
"item.family.A_ODD.tier3.desc","item","Alle ursprünglichen 1er und 9er: dauerhaft +1 Kartenwert.","","Perk-Familie „Ungerade Stärke"" (Kat. A) Stufe 3/4 — Beschreibung","","new",""
"item.family.A_ODD.tier4.desc","item","Alle ungeraden Karten: zusätzlich +1 Kartenwert.","","Perk-Familie „Ungerade Stärke"" (Kat. A) Stufe 4/4 — Beschreibung","","new",""
"item.family.A_SMALL_BIG.name","item","Kleine ganz groß","","Perk-Familie (Kat. A) — Name; Perk-Auswahl/Build-Übersicht","","new",""
"item.family.A_SMALL_BIG.tier1.desc","item","Zwei zufällige ursprüngliche 1–3er: dauerhaft je +3 Kartenwert.","","Perk-Familie „Kleine ganz groß"" (Kat. A) Stufe 1/4 — Beschreibung","","new",""
"item.family.A_SMALL_BIG.tier2.desc","item","Drei zufällige ursprüngliche 1–3er: dauerhaft je +4 Kartenwert.","","Perk-Familie „Kleine ganz groß"" (Kat. A) Stufe 2/4 — Beschreibung","","new",""
"item.family.A_SMALL_BIG.tier3.desc","item","Vier zufällige ursprüngliche 1–3er: dauerhaft je +5 Kartenwert.","","Perk-Familie „Kleine ganz groß"" (Kat. A) Stufe 3/4 — Beschreibung","","new",""
"item.family.A_SMALL_BIG.tier4.desc","item","Alle ursprünglichen 1–3er: dauerhaft +3 Kartenwert.","","Perk-Familie „Kleine ganz groß"" (Kat. A) Stufe 4/4 — Beschreibung","","new",""
"item.family.A_SUIT_BOOST.name","item","Farbverstärkung","","Perk-Familie (Kat. A) — Name; Perk-Auswahl/Build-Übersicht","","new",""
"item.family.A_SUIT_BOOST.tier1.desc","item","Eine zufällige Farbe: vier zufällige Karten dauerhaft +1 Kartenwert.","","Perk-Familie „Farbverstärkung"" (Kat. A) Stufe 1/4 — Beschreibung","","new",""
"item.family.A_SUIT_BOOST.tier2.desc","item","Eine zufällige Farbe: alle Karten dauerhaft +1 Kartenwert.","","Perk-Familie „Farbverstärkung"" (Kat. A) Stufe 2/4 — Beschreibung","","new",""
"item.family.A_SUIT_BOOST.tier3.desc","item","Wähle eine Farbe: alle ihre Karten dauerhaft +1 Kartenwert.","","Perk-Familie „Farbverstärkung"" (Kat. A) Stufe 3/4 — Beschreibung","","new",""
"item.family.A_SUIT_BOOST.tier4.desc","item","Wähle eine Farbe: alle ihre Karten dauerhaft +2 Kartenwert.","","Perk-Familie „Farbverstärkung"" (Kat. A) Stufe 4/4 — Beschreibung","","new",""
"item.family.A_SUIT_DUEL.name","item","Farbduell","","Perk-Familie (Kat. A) — Name; Perk-Auswahl/Build-Übersicht","","new",""
"item.family.A_SUIT_DUEL.tier1.desc","item","Eine zufällige Farbe +1 Kartenwert dauerhaft, eine andere −1 Kartenwert.","","Perk-Familie „Farbduell"" (Kat. A) Stufe 1/4 — Beschreibung","","new",""
"item.family.A_SUIT_DUEL.tier2.desc","item","Eine zufällige Farbe +2 Kartenwert dauerhaft, eine andere −1 Kartenwert.","","Perk-Familie „Farbduell"" (Kat. A) Stufe 2/4 — Beschreibung","","new",""
"item.family.A_SUIT_DUEL.tier3.desc","item","Wähle die Gewinnerfarbe (+3 Kartenwert); eine andere Farbe verliert zufällig −1 Kartenwert.","","Perk-Familie „Farbduell"" (Kat. A) Stufe 3/4 — Beschreibung","","new",""
"item.family.A_SUIT_DUEL.tier4.desc","item","Wähle Gewinner- und Verliererfarbe: +4 / −1 Kartenwert.","","Perk-Familie „Farbduell"" (Kat. A) Stufe 4/4 — Beschreibung","","new",""
"item.family.A_TOP.name","item","Spitzenförderung","","Perk-Familie (Kat. A) — Name; Perk-Auswahl/Build-Übersicht","","new",""
"item.family.A_TOP.tier1.desc","item","Die zwei aktuell höchsten Karten: dauerhaft je +2 Kartenwert.","","Perk-Familie „Spitzenförderung"" (Kat. A) Stufe 1/4 — Beschreibung","","new",""
"item.family.A_TOP.tier2.desc","item","Die drei aktuell höchsten Karten: dauerhaft je +3 Kartenwert.","","Perk-Familie „Spitzenförderung"" (Kat. A) Stufe 2/4 — Beschreibung","","new",""
"item.family.A_TOP.tier3.desc","item","Die vier aktuell höchsten Karten: dauerhaft je +4 Kartenwert.","","Perk-Familie „Spitzenförderung"" (Kat. A) Stufe 3/4 — Beschreibung","","new",""
"item.family.A_TOP.tier4.desc","item","Die fünf aktuell höchsten Karten: dauerhaft je +5 Kartenwert.","","Perk-Familie „Spitzenförderung"" (Kat. A) Stufe 4/4 — Beschreibung","","new",""
"item.family.A_WEAK_STRONG.name","item","Schwache Karten sind stark","","Perk-Familie (Kat. A) — Name; Perk-Auswahl/Build-Übersicht","","new",""
"item.family.A_WEAK_STRONG.tier1.desc","item","Alle ursprünglichen 5er: dauerhaft +1 Kartenwert.","","Perk-Familie „Schwache Karten sind stark"" (Kat. A) Stufe 1/4 — Beschreibung","","new",""
"item.family.A_WEAK_STRONG.tier2.desc","item","Alle ursprünglichen 4er: dauerhaft +2 Kartenwert.","","Perk-Familie „Schwache Karten sind stark"" (Kat. A) Stufe 2/4 — Beschreibung","","new",""
"item.family.A_WEAK_STRONG.tier3.desc","item","Alle ursprünglichen 3er: dauerhaft +3 Kartenwert.","","Perk-Familie „Schwache Karten sind stark"" (Kat. A) Stufe 3/4 — Beschreibung","","new",""
"item.family.A_WEAK_STRONG.tier4.desc","item","Alle ursprünglichen 1er und 2er: dauerhaft +4 Kartenwert.","","Perk-Familie „Schwache Karten sind stark"" (Kat. A) Stufe 4/4 — Beschreibung","","new",""
"item.family.B_BREAKTHROUGH.name","item","Durchbruch","","Perk-Familie (Kat. B) — Name; Perk-Auswahl/Build-Übersicht","","new",""
"item.family.B_BREAKTHROUGH.tier1.desc","item","Nach 6 Stichen ohne Sieg: nächste Karte +7 Stichwert.","","Perk-Familie „Durchbruch"" (Kat. B) Stufe 1/4 — Beschreibung","","new",""
"item.family.B_BREAKTHROUGH.tier2.desc","item","Nach 5 Stichen ohne Sieg: nächste Karte +10 Stichwert.","","Perk-Familie „Durchbruch"" (Kat. B) Stufe 2/4 — Beschreibung","","new",""
"item.family.B_BREAKTHROUGH.tier3.desc","item","Nach 4 Stichen ohne Sieg: nächste Karte +12 Stichwert.","","Perk-Familie „Durchbruch"" (Kat. B) Stufe 3/4 — Beschreibung","","new",""
"item.family.B_BREAKTHROUGH.tier4.desc","item","Nach 3 Stichen ohne Sieg: nächste Karte +15 Stichwert.","","Perk-Familie „Durchbruch"" (Kat. B) Stufe 4/4 — Beschreibung","","new",""
"item.family.B_COUNTER.name","item","Gegenangriff","","Perk-Familie (Kat. B) — Name; Perk-Auswahl/Build-Übersicht","","new",""
"item.family.B_COUNTER.tier1.desc","item","Nach einer Niederlage: nächste Karte +3 Stichwert.","","Perk-Familie „Gegenangriff"" (Kat. B) Stufe 1/4 — Beschreibung","","new",""
"item.family.B_COUNTER.tier2.desc","item","Nach einer Niederlage: nächste Karte +5 Stichwert.","","Perk-Familie „Gegenangriff"" (Kat. B) Stufe 2/4 — Beschreibung","","new",""
"item.family.B_COUNTER.tier3.desc","item","Nach einer Niederlage: nächste Karte +7 Stichwert.","","Perk-Familie „Gegenangriff"" (Kat. B) Stufe 3/4 — Beschreibung","","new",""
"item.family.B_COUNTER.tier4.desc","item","Nach einer Niederlage: nächste Karte +10 Stichwert.","","Perk-Familie „Gegenangriff"" (Kat. B) Stufe 4/4 — Beschreibung","","new",""
"item.family.B_INITIATIVE.name","item","Initiative","","Perk-Familie (Kat. B) — Name; Perk-Auswahl/Build-Übersicht","","new",""
"item.family.B_INITIATIVE.tier1.desc","item","Nach zwei Niederlagen gewinnst du den nächsten Gleichstand.","","Perk-Familie „Initiative"" (Kat. B) Stufe 1/4 — Beschreibung","","new",""
"item.family.B_INITIATIVE.tier2.desc","item","Nach einer Niederlage gewinnst du den nächsten Gleichstand.","","Perk-Familie „Initiative"" (Kat. B) Stufe 2/4 — Beschreibung","","new",""
"item.family.B_INITIATIVE.tier3.desc","item","Nach einer Niederlage: nächste Karte +1 Stichwert und gewinnt den nächsten Gleichstand.","","Perk-Familie „Initiative"" (Kat. B) Stufe 3/4 — Beschreibung","","new",""
"item.family.B_INITIATIVE.tier4.desc","item","Nach einer Niederlage: nächste Karte +2 Stichwert und gewinnt den nächsten Gleichstand.","","Perk-Familie „Initiative"" (Kat. B) Stufe 4/4 — Beschreibung","","new",""
"item.family.B_MOMENTUM.name","item","Momentum","","Perk-Familie (Kat. B) — Name; Perk-Auswahl/Build-Übersicht","","new",""
"item.family.B_MOMENTUM.tier1.desc","item","Nach genau 4 Siegen in Folge: nächste Karte +4 Stichwert.","","Perk-Familie „Momentum"" (Kat. B) Stufe 1/4 — Beschreibung","","new",""
"item.family.B_MOMENTUM.tier2.desc","item","Nach genau 3 Siegen in Folge: nächste Karte +5 Stichwert.","","Perk-Familie „Momentum"" (Kat. B) Stufe 2/4 — Beschreibung","","new",""
"item.family.B_MOMENTUM.tier3.desc","item","Nach genau 3 Siegen in Folge: nächste Karte +7 Stichwert.","","Perk-Familie „Momentum"" (Kat. B) Stufe 3/4 — Beschreibung","","new",""
"item.family.B_MOMENTUM.tier4.desc","item","Nach genau 3 Siegen in Folge: nächste Karte +10 Stichwert.","","Perk-Familie „Momentum"" (Kat. B) Stufe 4/4 — Beschreibung","","new",""
"item.family.B_OPENING.name","item","Starker Auftakt","","Perk-Familie (Kat. B) — Name; Perk-Auswahl/Build-Übersicht","","new",""
"item.family.B_OPENING.tier1.desc","item","Die ersten 2 Karten jedes Durchlaufs: je +2 Stichwert.","","Perk-Familie „Starker Auftakt"" (Kat. B) Stufe 1/4 — Beschreibung","","new",""
"item.family.B_OPENING.tier2.desc","item","Die ersten 3 Karten jedes Durchlaufs: je +3 Stichwert.","","Perk-Familie „Starker Auftakt"" (Kat. B) Stufe 2/4 — Beschreibung","","new",""
"item.family.B_OPENING.tier3.desc","item","Die ersten 4 Karten jedes Durchlaufs: je +4 Stichwert.","","Perk-Familie „Starker Auftakt"" (Kat. B) Stufe 3/4 — Beschreibung","","new",""
"item.family.B_OPENING.tier4.desc","item","Die ersten 5 Karten jedes Durchlaufs: je +5 Stichwert.","","Perk-Familie „Starker Auftakt"" (Kat. B) Stufe 4/4 — Beschreibung","","new",""
"item.family.B_PERFECT.name","item","Perfekte Folge","","Perk-Familie (Kat. B) — Name; Perk-Auswahl/Build-Übersicht","","new",""
"item.family.B_PERFECT.tier1.desc","item","Treppenkarten: ab der dritten +1, danach +2 Stichwert.","","Perk-Familie „Perfekte Folge"" (Kat. B) Stufe 1/4 — Beschreibung","","new",""
"item.family.B_PERFECT.tier2.desc","item","Treppenkarten: +1/+2/+3, danach +4 Stichwert.","","Perk-Familie „Perfekte Folge"" (Kat. B) Stufe 2/4 — Beschreibung","","new",""
"item.family.B_PERFECT.tier3.desc","item","Treppenkarten: +2/+3/+4, danach +5 Stichwert.","","Perk-Familie „Perfekte Folge"" (Kat. B) Stufe 3/4 — Beschreibung","","new",""
"item.family.B_PERFECT.tier4.desc","item","Treppenkarten: +3/+4/+5, danach +6 Stichwert.","","Perk-Familie „Perfekte Folge"" (Kat. B) Stufe 4/4 — Beschreibung","","new",""
"item.family.B_REVENGE.name","item","Revanche","","Perk-Familie (Kat. B) — Name; Perk-Auswahl/Build-Übersicht","","new",""
"item.family.B_REVENGE.tier1.desc","item","Nach drei Niederlagen in Folge: nächste Karte +6 Stichwert.","","Perk-Familie „Revanche"" (Kat. B) Stufe 1/4 — Beschreibung","","new",""
"item.family.B_REVENGE.tier2.desc","item","Nach zwei Niederlagen in Folge: nächste Karte +7 Stichwert.","","Perk-Familie „Revanche"" (Kat. B) Stufe 2/4 — Beschreibung","","new",""
"item.family.B_REVENGE.tier3.desc","item","Nach zwei Niederlagen in Folge: die nächsten zwei Karten je +6 Stichwert.","","Perk-Familie „Revanche"" (Kat. B) Stufe 3/4 — Beschreibung","","new",""
"item.family.B_REVENGE.tier4.desc","item","Nach jeder Niederlage: nächste Karte +8 Stichwert.","","Perk-Familie „Revanche"" (Kat. B) Stufe 4/4 — Beschreibung","","new",""
"item.family.B_SUPERIOR.name","item","Überzahl","","Perk-Familie (Kat. B) — Name; Perk-Auswahl/Build-Übersicht","","new",""
"item.family.B_SUPERIOR.tier1.desc","item","Dauerwert ≥2 höher als der Vorgänger: +2 Stichwert.","","Perk-Familie „Überzahl"" (Kat. B) Stufe 1/4 — Beschreibung","","new",""
"item.family.B_SUPERIOR.tier2.desc","item","Dauerwert höher als der Vorgänger: +3 Stichwert.","","Perk-Familie „Überzahl"" (Kat. B) Stufe 2/4 — Beschreibung","","new",""
"item.family.B_SUPERIOR.tier3.desc","item","Dauerwert nicht niedriger als der Vorgänger: +3 Stichwert.","","Perk-Familie „Überzahl"" (Kat. B) Stufe 3/4 — Beschreibung","","new",""
"item.family.B_SUPERIOR.tier4.desc","item","Höher als der Vorgänger: +5; genau gleich: +2 Stichwert.","","Perk-Familie „Überzahl"" (Kat. B) Stufe 4/4 — Beschreibung","","new",""
"item.family.B_TENTH_STRIKE.name","item","Zehnter Schlag","","Perk-Familie (Kat. B) — Name; Perk-Auswahl/Build-Übersicht","","new",""
"item.family.B_TENTH_STRIKE.tier1.desc","item","Karten auf Position 20 und 40: +6 Stichwert.","","Perk-Familie „Zehnter Schlag"" (Kat. B) Stufe 1/4 — Beschreibung","","new",""
"item.family.B_TENTH_STRIKE.tier2.desc","item","Karten auf Position 10, 20, 30 und 40: +6 Stichwert.","","Perk-Familie „Zehnter Schlag"" (Kat. B) Stufe 2/4 — Beschreibung","","new",""
"item.family.B_TENTH_STRIKE.tier3.desc","item","Jede fünfte Position (5, 10 … 40): +6 Stichwert.","","Perk-Familie „Zehnter Schlag"" (Kat. B) Stufe 3/4 — Beschreibung","","new",""
"item.family.B_TENTH_STRIKE.tier4.desc","item","Jede fünfte Position: +8 Stichwert.","","Perk-Familie „Zehnter Schlag"" (Kat. B) Stufe 4/4 — Beschreibung","","new",""
"item.family.B_TIGHT.name","item","Knappe Kiste","","Perk-Familie (Kat. B) — Name; Perk-Auswahl/Build-Übersicht","","new",""
"item.family.B_TIGHT.tier1.desc","item","Liegt die Karte in einer Wiederholung: +1 Stichwert.","","Perk-Familie „Knappe Kiste"" (Kat. B) Stufe 1/4 — Beschreibung","","new",""
"item.family.B_TIGHT.tier2.desc","item","Liegt die Karte in einer Wiederholung: +2 Stichwert.","","Perk-Familie „Knappe Kiste"" (Kat. B) Stufe 2/4 — Beschreibung","","new",""
"item.family.B_TIGHT.tier3.desc","item","Liegt die Karte in ≥1 Formation: +2 Stichwert.","","Perk-Familie „Knappe Kiste"" (Kat. B) Stufe 3/4 — Beschreibung","","new",""
"item.family.B_TIGHT.tier4.desc","item","Liegt die Karte in ≥1 Formation: +3 Stichwert.","","Perk-Familie „Knappe Kiste"" (Kat. B) Stufe 4/4 — Beschreibung","","new",""
"item.family.C_BRIDGE.name","item","Bindeglied","","Perk-Familie (Kat. C) — Name; Perk-Auswahl/Build-Übersicht","","new",""
"item.family.C_BRIDGE.tier1.desc","item","Wähle 1 Karte: darf für eine Treppe ±1 Wert gelten.","","Perk-Familie „Bindeglied"" (Kat. C) Stufe 1/4 — Beschreibung","","new",""
"item.family.C_BRIDGE.tier2.desc","item","Wähle 2 Karten: dürfen für eine Treppe ±1 Wert gelten.","","Perk-Familie „Bindeglied"" (Kat. C) Stufe 2/4 — Beschreibung","","new",""
"item.family.C_BRIDGE.tier3.desc","item","Wähle 3 Karten: dürfen für eine Treppe um 1 oder 2 abweichen.","","Perk-Familie „Bindeglied"" (Kat. C) Stufe 3/4 — Beschreibung","","new",""
"item.family.C_BRIDGE.tier4.desc","item","Wähle 4 Karten: dürfen für eine Treppe jeden Wert zwischen ihren Nachbarn annehmen.","","Perk-Familie „Bindeglied"" (Kat. C) Stufe 4/4 — Beschreibung","","new",""
"item.family.C_FINISHER.name","item","Finisher","","Perk-Familie (Kat. C) — Name; Perk-Auswahl/Build-Übersicht","","new",""
"item.family.C_FINISHER.tier1.desc","item","Wähle 1 Karte: auf der letzten Segmentposition +3 Stichwert.","","Perk-Familie „Finisher"" (Kat. C) Stufe 1/4 — Beschreibung","","new",""
"item.family.C_FINISHER.tier2.desc","item","Wähle 2 Karten: auf der letzten Segmentposition +4 Stichwert.","","Perk-Familie „Finisher"" (Kat. C) Stufe 2/4 — Beschreibung","","new",""
"item.family.C_FINISHER.tier3.desc","item","Wähle 3 Karten: auf der letzten Segmentposition +5 Stichwert.","","Perk-Familie „Finisher"" (Kat. C) Stufe 3/4 — Beschreibung","","new",""
"item.family.C_FINISHER.tier4.desc","item","Wähle 4 Karten: auf den letzten zwei Segmentpositionen +5 Stichwert.","","Perk-Familie „Finisher"" (Kat. C) Stufe 4/4 — Beschreibung","","new",""
"item.family.C_GUARD.name","item","Leibwache","","Perk-Familie (Kat. C) — Name; Perk-Auswahl/Build-Übersicht","","new",""
"item.family.C_GUARD.tier1.desc","item","Wähle 1 Karte: verliert ihr Vorgänger, +3 Stichwert.","","Perk-Familie „Leibwache"" (Kat. C) Stufe 1/4 — Beschreibung","","new",""
"item.family.C_GUARD.tier2.desc","item","Wähle 2 Karten: verliert ihr Vorgänger, +4 Stichwert.","","Perk-Familie „Leibwache"" (Kat. C) Stufe 2/4 — Beschreibung","","new",""
"item.family.C_GUARD.tier3.desc","item","Wähle 3 Karten: verliert ihr Vorgänger, +5 Stichwert.","","Perk-Familie „Leibwache"" (Kat. C) Stufe 3/4 — Beschreibung","","new",""
"item.family.C_GUARD.tier4.desc","item","Wähle 4 Karten: verliert einer ihrer zwei Vorgänger, +6 Stichwert.","","Perk-Familie „Leibwache"" (Kat. C) Stufe 4/4 — Beschreibung","","new",""
"item.family.C_JOKER.name","item","Joker","","Perk-Familie (Kat. C) — Name; Perk-Auswahl/Build-Übersicht","","new",""
"item.family.C_JOKER.tier1.desc","item","Wähle 1 Karte: zählt für einen Farbblock als Farbe ihres Vorgängers.","","Perk-Familie „Joker"" (Kat. C) Stufe 1/4 — Beschreibung","","new",""
"item.family.C_JOKER.tier2.desc","item","Wähle 2 Karten: zählen für einen Farbblock als Farbe ihres Vorgängers.","","Perk-Familie „Joker"" (Kat. C) Stufe 2/4 — Beschreibung","","new",""
"item.family.C_JOKER.tier3.desc","item","Wähle 3 Karten: zählen für einen Farbblock als Vorgänger- oder Nachfolgerfarbe.","","Perk-Familie „Joker"" (Kat. C) Stufe 3/4 — Beschreibung","","new",""
"item.family.C_JOKER.tier4.desc","item","Wähle 4 Karten: zählen für einen Farbblock als beliebige Farbe.","","Perk-Familie „Joker"" (Kat. C) Stufe 4/4 — Beschreibung","","new",""
"item.family.C_LEADER.name","item","Anführer","","Perk-Familie (Kat. C) — Name; Perk-Auswahl/Build-Übersicht","","new",""
"item.family.C_LEADER.tier1.desc","item","Wähle 1 Karte: nach ihrem Sieg nächste Karte +2 Stichwert.","","Perk-Familie „Anführer"" (Kat. C) Stufe 1/4 — Beschreibung","","new",""
"item.family.C_LEADER.tier2.desc","item","Wähle 1 Karte: nach ihrem Sieg die nächsten zwei Karten je +2 Stichwert.","","Perk-Familie „Anführer"" (Kat. C) Stufe 2/4 — Beschreibung","","new",""
"item.family.C_LEADER.tier3.desc","item","Wähle 2 Karten: nach ihrem Sieg die nächsten zwei Karten je +3 Stichwert.","","Perk-Familie „Anführer"" (Kat. C) Stufe 3/4 — Beschreibung","","new",""
"item.family.C_LEADER.tier4.desc","item","Wähle 2 Karten: nach ihrem Sieg die nächsten drei Karten je +4 Stichwert.","","Perk-Familie „Anführer"" (Kat. C) Stufe 4/4 — Beschreibung","","new",""
"item.family.C_RELAY.name","item","Staffelläufer","","Perk-Familie (Kat. C) — Name; Perk-Auswahl/Build-Übersicht","","new",""
"item.family.C_RELAY.tier1.desc","item","Wähle 1 Karte: nach ihrem Sieg direkter Nachfolger +2 Stichwert.","","Perk-Familie „Staffelläufer"" (Kat. C) Stufe 1/4 — Beschreibung","","new",""
"item.family.C_RELAY.tier2.desc","item","Wähle 2 Karten: nach ihrem Sieg direkter Nachfolger +2 Stichwert.","","Perk-Familie „Staffelläufer"" (Kat. C) Stufe 2/4 — Beschreibung","","new",""
"item.family.C_RELAY.tier3.desc","item","Wähle 3 Karten: nach ihrem Sieg direkter Nachfolger +3 Stichwert.","","Perk-Familie „Staffelläufer"" (Kat. C) Stufe 3/4 — Beschreibung","","new",""
"item.family.C_RELAY.tier4.desc","item","Wähle 4 Karten: nach ihrem Sieg die nächsten zwei Karten je +3 Stichwert.","","Perk-Familie „Staffelläufer"" (Kat. C) Stufe 4/4 — Beschreibung","","new",""
"item.family.C_SACRIFICE.name","item","Opfergabe","","Perk-Familie (Kat. C) — Name; Perk-Auswahl/Build-Übersicht","","new",""
"item.family.C_SACRIFICE.tier1.desc","item","Wähle 1 Karte: −2 Kartenwert dauerhaft, direkter Nachfolger +3 Kartenwert.","","Perk-Familie „Opfergabe"" (Kat. C) Stufe 1/4 — Beschreibung","","new",""
"item.family.C_SACRIFICE.tier2.desc","item","Wähle 1 Karte: −2 Kartenwert dauerhaft, direkter Nachfolger +4 Kartenwert.","","Perk-Familie „Opfergabe"" (Kat. C) Stufe 2/4 — Beschreibung","","new",""
"item.family.C_SACRIFICE.tier3.desc","item","Wähle 1 Karte: −3 Kartenwert dauerhaft, direkter Nachfolger +6 Kartenwert.","","Perk-Familie „Opfergabe"" (Kat. C) Stufe 3/4 — Beschreibung","","new",""
"item.family.C_SACRIFICE.tier4.desc","item","Wähle 2 Karten: je −3 Kartenwert dauerhaft, direkter Nachfolger je +7 Kartenwert.","","Perk-Familie „Opfergabe"" (Kat. C) Stufe 4/4 — Beschreibung","","new",""
"item.family.C_SURVIVOR.name","item","Überlebensvorteil","","Perk-Familie (Kat. C) — Name; Perk-Auswahl/Build-Übersicht","","new",""
"item.family.C_SURVIVOR.tier1.desc","item","Die niedrigste Karte der ersten vier Segmente: +2 Stichwert.","","Perk-Familie „Überlebensvorteil"" (Kat. C) Stufe 1/4 — Beschreibung","","new",""
"item.family.C_SURVIVOR.tier2.desc","item","Die niedrigste Karte jedes Segments: +2 Stichwert.","","Perk-Familie „Überlebensvorteil"" (Kat. C) Stufe 2/4 — Beschreibung","","new",""
"item.family.C_SURVIVOR.tier3.desc","item","Die zwei niedrigsten Karten jedes Segments: +3 Stichwert.","","Perk-Familie „Überlebensvorteil"" (Kat. C) Stufe 3/4 — Beschreibung","","new",""
"item.family.C_SURVIVOR.tier4.desc","item","Die zwei niedrigsten Karten jedes Segments: +5 Stichwert.","","Perk-Familie „Überlebensvorteil"" (Kat. C) Stufe 4/4 — Beschreibung","","new",""
"item.family.C_TRIUMPH.name","item","Triumph","","Perk-Familie (Kat. C) — Name; Perk-Auswahl/Build-Übersicht","","new",""
"item.family.C_TRIUMPH.tier1.desc","item","Wähle 1 Karte: nach einem Sieg beim nächsten Auftauchen +2 Stichwert.","","Perk-Familie „Triumph"" (Kat. C) Stufe 1/4 — Beschreibung","","new",""
"item.family.C_TRIUMPH.tier2.desc","item","Wähle 2 Karten: nach einem Sieg beim nächsten Auftauchen +2 Stichwert.","","Perk-Familie „Triumph"" (Kat. C) Stufe 2/4 — Beschreibung","","new",""
"item.family.C_TRIUMPH.tier3.desc","item","Wähle 3 Karten: nach einem Sieg beim nächsten Auftauchen +3 Stichwert.","","Perk-Familie „Triumph"" (Kat. C) Stufe 3/4 — Beschreibung","","new",""
"item.family.C_TRIUMPH.tier4.desc","item","Wähle 4 Karten: nach einem Sieg beim nächsten Auftauchen +4 Stichwert.","","Perk-Familie „Triumph"" (Kat. C) Stufe 4/4 — Beschreibung","","new",""
"item.family.C_VANGUARD.name","item","Vorhut","","Perk-Familie (Kat. C) — Name; Perk-Auswahl/Build-Übersicht","","new",""
"item.family.C_VANGUARD.tier1.desc","item","Wähle 1 Karte: auf Position 1–5 +2 Stichwert.","","Perk-Familie „Vorhut"" (Kat. C) Stufe 1/4 — Beschreibung","","new",""
"item.family.C_VANGUARD.tier2.desc","item","Wähle 2 Karten: auf Position 1–5 +3 Stichwert.","","Perk-Familie „Vorhut"" (Kat. C) Stufe 2/4 — Beschreibung","","new",""
"item.family.C_VANGUARD.tier3.desc","item","Wähle 3 Karten: auf Position 1–5 +4 Stichwert.","","Perk-Familie „Vorhut"" (Kat. C) Stufe 3/4 — Beschreibung","","new",""
"item.family.C_VANGUARD.tier4.desc","item","Wähle 4 Karten: auf Position 1–10 +4 Stichwert.","","Perk-Familie „Vorhut"" (Kat. C) Stufe 4/4 — Beschreibung","","new",""
"item.family.D_CRIT_FOLLOW.name","item","Crit-Folge","","Perk-Familie (Kat. D) — Name; Perk-Auswahl/Build-Übersicht","","new",""
"item.family.D_CRIT_FOLLOW.tier1.desc","item","Sieg direkt nach einem Crit: +150 Score.","","Perk-Familie „Crit-Folge"" (Kat. D) Stufe 1/4 — Beschreibung","","new",""
"item.family.D_CRIT_FOLLOW.tier2.desc","item","Sieg direkt nach einem Crit: +275 Score.","","Perk-Familie „Crit-Folge"" (Kat. D) Stufe 2/4 — Beschreibung","","new",""
"item.family.D_CRIT_FOLLOW.tier3.desc","item","Sieg direkt nach einem Crit: +450 Score.","","Perk-Familie „Crit-Folge"" (Kat. D) Stufe 3/4 — Beschreibung","","new",""
"item.family.D_CRIT_FOLLOW.tier4.desc","item","Sieg direkt nach einem Crit: +700 Score; ist der Folgesieg selbst ein Crit, zusätzlich +300.","","Perk-Familie „Crit-Folge"" (Kat. D) Stufe 4/4 — Beschreibung","","new",""
"item.family.D_CRIT_HARVEST.name","item","Kritische Ernte","","Perk-Familie (Kat. D) — Name; Perk-Auswahl/Build-Übersicht","","new",""
"item.family.D_CRIT_HARVEST.tier1.desc","item","Crit in ≥1 aktiver Formation: +175 Score.","","Perk-Familie „Kritische Ernte"" (Kat. D) Stufe 1/4 — Beschreibung","","new",""
"item.family.D_CRIT_HARVEST.tier2.desc","item","Crit in ≥1 aktiver Formation: +300 Score.","","Perk-Familie „Kritische Ernte"" (Kat. D) Stufe 2/4 — Beschreibung","","new",""
"item.family.D_CRIT_HARVEST.tier3.desc","item","Crit in ≥1 aktiver Formation: +475 Score.","","Perk-Familie „Kritische Ernte"" (Kat. D) Stufe 3/4 — Beschreibung","","new",""
"item.family.D_CRIT_HARVEST.tier4.desc","item","Crit in ≥1 aktiver Formation: +750 Score.","","Perk-Familie „Kritische Ernte"" (Kat. D) Stufe 4/4 — Beschreibung","","new",""
"item.family.D_CRIT_MOMENTUM.name","item","Kritisches Momentum","","Perk-Familie (Kat. D) — Name; Perk-Auswahl/Build-Übersicht","","new",""
"item.family.D_CRIT_MOMENTUM.tier1.desc","item","Jeder Crit in einer Serie ab 3: +150 Score.","","Perk-Familie „Kritisches Momentum"" (Kat. D) Stufe 1/4 — Beschreibung","","new",""
"item.family.D_CRIT_MOMENTUM.tier2.desc","item","Jeder Crit in einer Serie ab 2: +250 Score.","","Perk-Familie „Kritisches Momentum"" (Kat. D) Stufe 2/4 — Beschreibung","","new",""
"item.family.D_CRIT_MOMENTUM.tier3.desc","item","Jeder Crit in einer Serie: +350 Score.","","Perk-Familie „Kritisches Momentum"" (Kat. D) Stufe 3/4 — Beschreibung","","new",""
"item.family.D_CRIT_MOMENTUM.tier4.desc","item","Jeder Crit in einer Serie: +500 Score; die Serie steigt zusätzlich um 1.","","Perk-Familie „Kritisches Momentum"" (Kat. D) Stufe 4/4 — Beschreibung","","new",""
"item.family.D_CRIT_SCORE.name","item","Kritische Chance","","Perk-Familie (Kat. D) — Name; Perk-Auswahl/Build-Übersicht","","new",""
"item.family.D_CRIT_SCORE.tier1.desc","item","Jeder Crit: +100 Score.","","Perk-Familie „Kritische Chance"" (Kat. D) Stufe 1/4 — Beschreibung","","new",""
"item.family.D_CRIT_SCORE.tier2.desc","item","Jeder Crit: +175 Score.","","Perk-Familie „Kritische Chance"" (Kat. D) Stufe 2/4 — Beschreibung","","new",""
"item.family.D_CRIT_SCORE.tier3.desc","item","Jeder Crit: +275 Score.","","Perk-Familie „Kritische Chance"" (Kat. D) Stufe 3/4 — Beschreibung","","new",""
"item.family.D_CRIT_SCORE.tier4.desc","item","Jeder Crit: +450 Score.","","Perk-Familie „Kritische Chance"" (Kat. D) Stufe 4/4 — Beschreibung","","new",""
"item.family.D_FORMATION_BONUS.name","item","Punktebonus","","Perk-Familie (Kat. D) — Name; Perk-Auswahl/Build-Übersicht","","new",""
"item.family.D_FORMATION_BONUS.tier1.desc","item","Sieg mit ≥1 aktiver Formation: +50 Score.","","Perk-Familie „Punktebonus"" (Kat. D) Stufe 1/4 — Beschreibung","","new",""
"item.family.D_FORMATION_BONUS.tier2.desc","item","Sieg mit ≥1 aktiver Formation: +100 Score.","","Perk-Familie „Punktebonus"" (Kat. D) Stufe 2/4 — Beschreibung","","new",""
"item.family.D_FORMATION_BONUS.tier3.desc","item","Sieg mit ≥1 aktiver Formation: +175 Score.","","Perk-Familie „Punktebonus"" (Kat. D) Stufe 3/4 — Beschreibung","","new",""
"item.family.D_FORMATION_BONUS.tier4.desc","item","Sieg mit ≥1 aktiver Formation: +300 Score.","","Perk-Familie „Punktebonus"" (Kat. D) Stufe 4/4 — Beschreibung","","new",""
"item.family.D_FULL_HOUSE.name","item","Volles Haus","","Perk-Familie (Kat. D) — Name; Perk-Auswahl/Build-Übersicht","","new",""
"item.family.D_FULL_HOUSE.tier1.desc","item","Fünf Siege in einem Segment: +500 Score auf den fünften.","","Perk-Familie „Volles Haus"" (Kat. D) Stufe 1/4 — Beschreibung","","new",""
"item.family.D_FULL_HOUSE.tier2.desc","item","Vier Siege in einem Segment: +650 Score auf den vierten.","","Perk-Familie „Volles Haus"" (Kat. D) Stufe 2/4 — Beschreibung","","new",""
"item.family.D_FULL_HOUSE.tier3.desc","item","Vier Siege in einem Segment: +900 Score auf den vierten.","","Perk-Familie „Volles Haus"" (Kat. D) Stufe 3/4 — Beschreibung","","new",""
"item.family.D_FULL_HOUSE.tier4.desc","item","Drei Siege in einem Segment: +1.000 auf den dritten; der fünfte Sieg zusätzlich +1.000.","","Perk-Familie „Volles Haus"" (Kat. D) Stufe 4/4 — Beschreibung","","new",""
"item.family.D_HIGH.name","item","Hohe Karten, hohe Belohnung","","Perk-Familie (Kat. D) — Name; Perk-Auswahl/Build-Übersicht","","new",""
"item.family.D_HIGH.tier1.desc","item","Sieg mit Kartenwert ≥9: +100 Score.","","Perk-Familie „Hohe Karten, hohe Belohnung"" (Kat. D) Stufe 1/4 — Beschreibung","","new",""
"item.family.D_HIGH.tier2.desc","item","Sieg mit Kartenwert ≥8: +150 Score.","","Perk-Familie „Hohe Karten, hohe Belohnung"" (Kat. D) Stufe 2/4 — Beschreibung","","new",""
"item.family.D_HIGH.tier3.desc","item","Sieg mit Kartenwert ≥7: +225 Score.","","Perk-Familie „Hohe Karten, hohe Belohnung"" (Kat. D) Stufe 3/4 — Beschreibung","","new",""
"item.family.D_HIGH.tier4.desc","item","Sieg mit Kartenwert ≥6: +350 Score.","","Perk-Familie „Hohe Karten, hohe Belohnung"" (Kat. D) Stufe 4/4 — Beschreibung","","new",""
"item.family.D_INTERPLAY.name","item","Wechselspiel","","Perk-Familie (Kat. D) — Name; Perk-Auswahl/Build-Übersicht","","new",""
"item.family.D_INTERPLAY.tier1.desc","item","Sieg direkt nach einer Niederlage: +150 Score.","","Perk-Familie „Wechselspiel"" (Kat. D) Stufe 1/4 — Beschreibung","","new",""
"item.family.D_INTERPLAY.tier2.desc","item","Sieg direkt nach einer Niederlage: +275 Score.","","Perk-Familie „Wechselspiel"" (Kat. D) Stufe 2/4 — Beschreibung","","new",""
"item.family.D_INTERPLAY.tier3.desc","item","Sieg direkt nach einer Niederlage: +450 Score.","","Perk-Familie „Wechselspiel"" (Kat. D) Stufe 3/4 — Beschreibung","","new",""
"item.family.D_INTERPLAY.tier4.desc","item","Sieg direkt nach einer Niederlage: +700 Score; die nächste Niederlage gibt +200 gespeicherten Score.","","Perk-Familie „Wechselspiel"" (Kat. D) Stufe 4/4 — Beschreibung","","new",""
"item.family.D_MISFIRE.name","item","Fehlzündung","","Perk-Familie (Kat. D) — Name; Perk-Auswahl/Build-Übersicht","","new",""
"item.family.D_MISFIRE.tier1.desc","item","Jeder Sieg ohne Crit lädt +20 Score für den nächsten Crit (max +200).","","Perk-Familie „Fehlzündung"" (Kat. D) Stufe 1/4 — Beschreibung","","new",""
"item.family.D_MISFIRE.tier2.desc","item","Jeder Sieg ohne Crit lädt +35 Score für den nächsten Crit (max +350).","","Perk-Familie „Fehlzündung"" (Kat. D) Stufe 2/4 — Beschreibung","","new",""
"item.family.D_MISFIRE.tier3.desc","item","Jeder Sieg ohne Crit lädt +50 Score für den nächsten Crit (max +500).","","Perk-Familie „Fehlzündung"" (Kat. D) Stufe 3/4 — Beschreibung","","new",""
"item.family.D_MISFIRE.tier4.desc","item","Jeder Sieg ohne Crit lädt +75 Score (max +750); nach einem Crit bleiben 25 % der Ladung.","","Perk-Familie „Fehlzündung"" (Kat. D) Stufe 4/4 — Beschreibung","","new",""
"item.family.D_OVERCRIT.name","item","Überschusskrit","","Perk-Familie (Kat. D) — Name; Perk-Auswahl/Build-Übersicht","","new",""
"item.family.D_OVERCRIT.tier1.desc","item","Crit über 110 % effektiver Crit-Chance: +200 Score.","","Perk-Familie „Überschusskrit"" (Kat. D) Stufe 1/4 — Beschreibung","","new",""
"item.family.D_OVERCRIT.tier2.desc","item","Crit über 100 % effektiver Crit-Chance: +300 Score.","","Perk-Familie „Überschusskrit"" (Kat. D) Stufe 2/4 — Beschreibung","","new",""
"item.family.D_OVERCRIT.tier3.desc","item","Jeder Überschuss-Crit (über 100 %): +500 Score.","","Perk-Familie „Überschusskrit"" (Kat. D) Stufe 3/4 — Beschreibung","","new",""
"item.family.D_OVERCRIT.tier4.desc","item","Jeder Überschuss-Crit: +500 Score plus 5 je Prozentpunkt über 100 %.","","Perk-Familie „Überschusskrit"" (Kat. D) Stufe 4/4 — Beschreibung","","new",""
"item.family.D_OVERPOWER.name","item","Übermacht","","Perk-Familie (Kat. D) — Name; Perk-Auswahl/Build-Übersicht","","new",""
"item.family.D_OVERPOWER.tier1.desc","item","Sieg mit ≥10 Wertvorsprung: +300 Score.","","Perk-Familie „Übermacht"" (Kat. D) Stufe 1/4 — Beschreibung","","new",""
"item.family.D_OVERPOWER.tier2.desc","item","Sieg mit ≥8 Wertvorsprung: +400 Score.","","Perk-Familie „Übermacht"" (Kat. D) Stufe 2/4 — Beschreibung","","new",""
"item.family.D_OVERPOWER.tier3.desc","item","Sieg mit ≥6 Wertvorsprung: +550 Score.","","Perk-Familie „Übermacht"" (Kat. D) Stufe 3/4 — Beschreibung","","new",""
"item.family.D_OVERPOWER.tier4.desc","item","Sieg mit ≥4 Wertvorsprung: +750 Score.","","Perk-Familie „Übermacht"" (Kat. D) Stufe 4/4 — Beschreibung","","new",""
"item.family.D_PRECISION.name","item","Präzision","","Perk-Familie (Kat. D) — Name; Perk-Auswahl/Build-Übersicht","","new",""
"item.family.D_PRECISION.tier1.desc","item","Zwei Siege in Folge mit gleichem Kartenwert: +250 Score auf den zweiten.","","Perk-Familie „Präzision"" (Kat. D) Stufe 1/4 — Beschreibung","","new",""
"item.family.D_PRECISION.tier2.desc","item","Zwei Siege in Folge mit gleichem Kartenwert: +450 Score auf den zweiten.","","Perk-Familie „Präzision"" (Kat. D) Stufe 2/4 — Beschreibung","","new",""
"item.family.D_PRECISION.tier3.desc","item","Zwei Siege in Folge mit gleichem oder um 1 abweichendem Wert: +550 Score auf den zweiten.","","Perk-Familie „Präzision"" (Kat. D) Stufe 3/4 — Beschreibung","","new",""
"item.family.D_PRECISION.tier4.desc","item","Zwei Siege in Folge mit gleichem oder um 1 abweichendem Wert: +800 Score; die Kette läuft weiter (jeder wertgleiche Folgesieg zahlt).","","Perk-Familie „Präzision"" (Kat. D) Stufe 4/4 — Beschreibung","","new",""
"item.family.D_RHYTHM.name","item","Perfekter Rhythmus","","Perk-Familie (Kat. D) — Name; Perk-Auswahl/Build-Übersicht","","new",""
"item.family.D_RHYTHM.tier1.desc","item","Jeder 7. gewonnene Stich: +250 Score.","","Perk-Familie „Perfekter Rhythmus"" (Kat. D) Stufe 1/4 — Beschreibung","","new",""
"item.family.D_RHYTHM.tier2.desc","item","Jeder 5. gewonnene Stich: +350 Score.","","Perk-Familie „Perfekter Rhythmus"" (Kat. D) Stufe 2/4 — Beschreibung","","new",""
"item.family.D_RHYTHM.tier3.desc","item","Jeder 4. gewonnene Stich: +450 Score.","","Perk-Familie „Perfekter Rhythmus"" (Kat. D) Stufe 3/4 — Beschreibung","","new",""
"item.family.D_RHYTHM.tier4.desc","item","Jeder 3. gewonnene Stich: +600 Score.","","Perk-Familie „Perfekter Rhythmus"" (Kat. D) Stufe 4/4 — Beschreibung","","new",""
"item.family.D_SHARP_EYE.name","item","Geschärfter Blick","","Perk-Familie (Kat. D) — Name; Perk-Auswahl/Build-Übersicht","","new",""
"item.family.D_SHARP_EYE.tier1.desc","item","Crit mit Kartenwert ≥9: +225 Score.","","Perk-Familie „Geschärfter Blick"" (Kat. D) Stufe 1/4 — Beschreibung","","new",""
"item.family.D_SHARP_EYE.tier2.desc","item","Crit mit Kartenwert ≥8: +350 Score.","","Perk-Familie „Geschärfter Blick"" (Kat. D) Stufe 2/4 — Beschreibung","","new",""
"item.family.D_SHARP_EYE.tier3.desc","item","Crit mit Kartenwert ≥7: +500 Score.","","Perk-Familie „Geschärfter Blick"" (Kat. D) Stufe 3/4 — Beschreibung","","new",""
"item.family.D_SHARP_EYE.tier4.desc","item","Crit mit Kartenwert ≥6: +750 Score.","","Perk-Familie „Geschärfter Blick"" (Kat. D) Stufe 4/4 — Beschreibung","","new",""
"item.family.D_STREAK.name","item","Siegesserie","","Perk-Familie (Kat. D) — Name; Perk-Auswahl/Build-Übersicht","","new",""
"item.family.D_STREAK.tier1.desc","item","Jeder Sieg: +15 Score je Serienpunkt (max +150).","","Perk-Familie „Siegesserie"" (Kat. D) Stufe 1/4 — Beschreibung","","new",""
"item.family.D_STREAK.tier2.desc","item","Jeder Sieg: +25 Score je Serienpunkt (max +250).","","Perk-Familie „Siegesserie"" (Kat. D) Stufe 2/4 — Beschreibung","","new",""
"item.family.D_STREAK.tier3.desc","item","Jeder Sieg: +35 Score je Serienpunkt (max +420).","","Perk-Familie „Siegesserie"" (Kat. D) Stufe 3/4 — Beschreibung","","new",""
"item.family.D_STREAK.tier4.desc","item","Jeder Sieg: +50 Score je Serienpunkt (max +750).","","Perk-Familie „Siegesserie"" (Kat. D) Stufe 4/4 — Beschreibung","","new",""
"item.family.D_SUIT_STREAK.name","item","Farbserie","","Perk-Familie (Kat. D) — Name; Perk-Auswahl/Build-Übersicht","","new",""
"item.family.D_SUIT_STREAK.tier1.desc","item","Siege in Folge derselben Farbe: je +75 mehr Score (max +300).","","Perk-Familie „Farbserie"" (Kat. D) Stufe 1/4 — Beschreibung","","new",""
"item.family.D_SUIT_STREAK.tier2.desc","item","Siege in Folge derselben Farbe: je +100 mehr Score (max +500).","","Perk-Familie „Farbserie"" (Kat. D) Stufe 2/4 — Beschreibung","","new",""
"item.family.D_SUIT_STREAK.tier3.desc","item","Siege in Folge derselben Farbe: je +150 mehr Score (max +750).","","Perk-Familie „Farbserie"" (Kat. D) Stufe 3/4 — Beschreibung","","new",""
"item.family.D_SUIT_STREAK.tier4.desc","item","Siege in Folge derselben Farbe: je +200 mehr Score (max +1.200); ein Farbwechsel halbiert die Stufe statt sie zurückzusetzen.","","Perk-Familie „Farbserie"" (Kat. D) Stufe 4/4 — Beschreibung","","new",""
"item.family.D_TENTH_WIN.name","item","Zehnter Sieg","","Perk-Familie (Kat. D) — Name; Perk-Auswahl/Build-Übersicht","","new",""
"item.family.D_TENTH_WIN.tier1.desc","item","Jeder 12. gewonnene Stich: +600 Score.","","Perk-Familie „Zehnter Sieg"" (Kat. D) Stufe 1/4 — Beschreibung","","new",""
"item.family.D_TENTH_WIN.tier2.desc","item","Jeder 10. gewonnene Stich: +800 Score.","","Perk-Familie „Zehnter Sieg"" (Kat. D) Stufe 2/4 — Beschreibung","","new",""
"item.family.D_TENTH_WIN.tier3.desc","item","Jeder 8. gewonnene Stich: +900 Score.","","Perk-Familie „Zehnter Sieg"" (Kat. D) Stufe 3/4 — Beschreibung","","new",""
"item.family.D_TENTH_WIN.tier4.desc","item","Jeder 5. gewonnene Stich: +1.000 Score.","","Perk-Familie „Zehnter Sieg"" (Kat. D) Stufe 4/4 — Beschreibung","","new",""
"item.family.D_UNDERDOG.name","item","Außenseitersieg","","Perk-Familie (Kat. D) — Name; Perk-Auswahl/Build-Übersicht","","new",""
"item.family.D_UNDERDOG.tier1.desc","item","Sieg mit Kartenwert ≤2: +250 Score.","","Perk-Familie „Außenseitersieg"" (Kat. D) Stufe 1/4 — Beschreibung","","new",""
"item.family.D_UNDERDOG.tier2.desc","item","Sieg mit Kartenwert ≤3: +350 Score.","","Perk-Familie „Außenseitersieg"" (Kat. D) Stufe 2/4 — Beschreibung","","new",""
"item.family.D_UNDERDOG.tier3.desc","item","Sieg mit Kartenwert ≤4: +500 Score.","","Perk-Familie „Außenseitersieg"" (Kat. D) Stufe 3/4 — Beschreibung","","new",""
"item.family.D_UNDERDOG.tier4.desc","item","Sieg mit Kartenwert ≤5: +750 Score.","","Perk-Familie „Außenseitersieg"" (Kat. D) Stufe 4/4 — Beschreibung","","new",""
"item.family.D_WEAKNESS.name","item","Schwachstellenanalyse","","Perk-Familie (Kat. D) — Name; Perk-Auswahl/Build-Übersicht","","new",""
"item.family.D_WEAKNESS.tier1.desc","item","Nach einer Niederlage mit ≥7 Wertabstand: nächster Sieg +250 Score.","","Perk-Familie „Schwachstellenanalyse"" (Kat. D) Stufe 1/4 — Beschreibung","","new",""
"item.family.D_WEAKNESS.tier2.desc","item","Nach einer Niederlage mit ≥5 Wertabstand: nächster Sieg +350 Score.","","Perk-Familie „Schwachstellenanalyse"" (Kat. D) Stufe 2/4 — Beschreibung","","new",""
"item.family.D_WEAKNESS.tier3.desc","item","Nach einer Niederlage mit ≥4 Wertabstand: nächster Sieg +500 Score.","","Perk-Familie „Schwachstellenanalyse"" (Kat. D) Stufe 3/4 — Beschreibung","","new",""
"item.family.D_WEAKNESS.tier4.desc","item","Nach jeder Niederlage: nächster Sieg +600 Score; bei ≥5 Wertabstand +900.","","Perk-Familie „Schwachstellenanalyse"" (Kat. D) Stufe 4/4 — Beschreibung","","new",""
"item.family.E_AFTERGLOW.name","item","Nachhall","","Perk-Familie (Kat. E) — Name; Perk-Auswahl/Build-Übersicht","","new",""
"item.family.E_AFTERGLOW.tier1.desc","item","Nachhall: der Formations-Faktor deiner Wiederholung überträgt sich auf die nächste Karte (höchstens ×1,20), auch wenn sie selbst nicht Teil der Formation ist.","","Perk-Familie „Nachhall"" (Kat. E) Stufe 1/4 — Beschreibung","","new",""
"item.family.E_AFTERGLOW.tier2.desc","item","Nachhall bei allen Formationen; Faktor höchstens ×1,25.","","Perk-Familie „Nachhall"" (Kat. E) Stufe 2/4 — Beschreibung","","new",""
"item.family.E_AFTERGLOW.tier3.desc","item","Nachhall übernimmt den stärksten Einzelfaktor vollständig.","","Perk-Familie „Nachhall"" (Kat. E) Stufe 3/4 — Beschreibung","","new",""
"item.family.E_AFTERGLOW.tier4.desc","item","Nachhall übernimmt den stärksten Einzelfaktor und hält für die nächsten zwei Karten.","","Perk-Familie „Nachhall"" (Kat. E) Stufe 4/4 — Beschreibung","","new",""
"item.family.E_BIGSTEP.name","item","Großer Schritt","","Perk-Familie (Kat. E) — Name; Perk-Auswahl/Build-Übersicht","","new",""
"item.family.E_BIGSTEP.tier1.desc","item","Einmal pro Segment darf eine Treppe einen Rückschritt enthalten.","","Perk-Familie „Großer Schritt"" (Kat. E) Stufe 1/4 — Beschreibung","","new",""
"item.family.E_BIGSTEP.tier2.desc","item","Jede Treppe darf einen Rückschritt enthalten.","","Perk-Familie „Großer Schritt"" (Kat. E) Stufe 2/4 — Beschreibung","","new",""
"item.family.E_BIGSTEP.tier3.desc","item","Jede Treppe darf zwei Rückschritte enthalten.","","Perk-Familie „Großer Schritt"" (Kat. E) Stufe 3/4 — Beschreibung","","new",""
"item.family.E_BIGSTEP.tier4.desc","item","Treppen dürfen die Richtung wechseln.","","Perk-Familie „Großer Schritt"" (Kat. E) Stufe 4/4 — Beschreibung","","new",""
"item.family.E_COLOR_ALLIANCE.name","item","Farballianz","","Perk-Familie (Kat. E) — Name; Perk-Auswahl/Build-Übersicht","","new",""
"item.family.E_COLOR_ALLIANCE.tier1.desc","item","Wähle 2 Farben: sie zählen für Farbblöcke als dieselbe Farbe.","","Perk-Familie „Farballianz"" (Kat. E) Stufe 1/4 — Beschreibung","","new",""
"item.family.E_COLOR_ALLIANCE.tier2.desc","item","Wähle 3 Farben: sie zählen für Farbblöcke als dieselbe Farbe.","","Perk-Familie „Farballianz"" (Kat. E) Stufe 2/4 — Beschreibung","","new",""
"item.family.E_COLOR_ALLIANCE.tier3.desc","item","Wähle 4 Farben: alle vier zählen für Farbblöcke als dieselbe Farbe.","","Perk-Familie „Farballianz"" (Kat. E) Stufe 3/4 — Beschreibung","","new",""
"item.family.E_COLOR_ALLIANCE.tier4.desc","item","Wähle 4 Farben: sie bilden zwei Allianzen (je zwei zählen als eine).","","Perk-Familie „Farballianz"" (Kat. E) Stufe 4/4 — Beschreibung","","new",""
"item.family.E_COLORBRIDGE.name","item","Farbbrücke","","Perk-Familie (Kat. E) — Name; Perk-Auswahl/Build-Übersicht","","new",""
"item.family.E_COLORBRIDGE.tier1.desc","item","Einmal pro Segment darf ein Farbblock eine Fremdfarbe überbrücken.","","Perk-Familie „Farbbrücke"" (Kat. E) Stufe 1/4 — Beschreibung","","new",""
"item.family.E_COLORBRIDGE.tier2.desc","item","Jeder Farbblock darf eine Fremdfarbe enthalten.","","Perk-Familie „Farbbrücke"" (Kat. E) Stufe 2/4 — Beschreibung","","new",""
"item.family.E_COLORBRIDGE.tier3.desc","item","Jeder Farbblock darf zwei Fremdfarben enthalten.","","Perk-Familie „Farbbrücke"" (Kat. E) Stufe 3/4 — Beschreibung","","new",""
"item.family.E_COLORBRIDGE.tier4.desc","item","Fremdfarben unterbrechen Farbblöcke nicht (zählen nicht mit).","","Perk-Familie „Farbbrücke"" (Kat. E) Stufe 4/4 — Beschreibung","","new",""
"item.family.E_CORE.name","item","Formationskern","","Perk-Familie (Kat. E) — Name; Perk-Auswahl/Build-Übersicht","","new",""
"item.family.E_CORE.tier1.desc","item","Wähle 1 Formationstyp: seine aktiven Formationen zusätzlich ×1,15.","","Perk-Familie „Formationskern"" (Kat. E) Stufe 1/4 — Beschreibung","","new",""
"item.family.E_CORE.tier2.desc","item","Wähle 1 Formationstyp: seine aktiven Formationen zusätzlich ×1,25.","","Perk-Familie „Formationskern"" (Kat. E) Stufe 2/4 — Beschreibung","","new",""
"item.family.E_CORE.tier3.desc","item","Wähle 1 Formationstyp: seine aktiven Formationen zusätzlich ×1,40.","","Perk-Familie „Formationskern"" (Kat. E) Stufe 3/4 — Beschreibung","","new",""
"item.family.E_CORE.tier4.desc","item","Wähle 1 Formationstyp: seine aktiven Formationen zusätzlich ×1,50 (inkl. Nachhall).","","Perk-Familie „Formationskern"" (Kat. E) Stufe 4/4 — Beschreibung","","new",""
"item.family.E_GENTLE.name","item","Sanfter Anstieg","","Perk-Familie (Kat. E) — Name; Perk-Auswahl/Build-Übersicht","","new",""
"item.family.E_GENTLE.tier1.desc","item","Einmal pro Segment darf eine Treppe einen Gleichstand enthalten.","","Perk-Familie „Sanfter Anstieg"" (Kat. E) Stufe 1/4 — Beschreibung","","new",""
"item.family.E_GENTLE.tier2.desc","item","Jede Treppe darf einen Gleichstand enthalten.","","Perk-Familie „Sanfter Anstieg"" (Kat. E) Stufe 2/4 — Beschreibung","","new",""
"item.family.E_GENTLE.tier3.desc","item","Jede Treppe darf zwei Gleichstände enthalten.","","Perk-Familie „Sanfter Anstieg"" (Kat. E) Stufe 3/4 — Beschreibung","","new",""
"item.family.E_GENTLE.tier4.desc","item","Gleiche Werte gelten in Treppen als ein Schritt, wenn nötig.","","Perk-Familie „Sanfter Anstieg"" (Kat. E) Stufe 4/4 — Beschreibung","","new",""
"item.family.E_LOSS.name","item","Kontrollverlust","","Perk-Familie (Kat. E) — Name; Perk-Auswahl/Build-Übersicht","","new",""
"item.family.E_LOSS.tier1.desc","item","Positionen 20 und 40 sind Anker (siegreicher Anker ×1,25).","","Perk-Familie „Kontrollverlust"" (Kat. E) Stufe 1/4 — Beschreibung","","new",""
"item.family.E_LOSS.tier2.desc","item","Positionen 10, 20, 30 und 40 sind Anker.","","Perk-Familie „Kontrollverlust"" (Kat. E) Stufe 2/4 — Beschreibung","","new",""
"item.family.E_LOSS.tier3.desc","item","Jede Segment-Endposition ist ein Anker.","","Perk-Familie „Kontrollverlust"" (Kat. E) Stufe 3/4 — Beschreibung","","new",""
"item.family.E_LOSS.tier4.desc","item","Jede Segment-Endposition ist ein ×1,35-Anker.","","Perk-Familie „Kontrollverlust"" (Kat. E) Stufe 4/4 — Beschreibung","","new",""
"item.family.E_PACE.name","item","Schrittmacher","","Perk-Familie (Kat. E) — Name; Perk-Auswahl/Build-Übersicht","","new",""
"item.family.E_PACE.tier1.desc","item","Einmal pro Segment darf eine Wiederholung eine fremde Karte überbrücken.","","Perk-Familie „Schrittmacher"" (Kat. E) Stufe 1/4 — Beschreibung","","new",""
"item.family.E_PACE.tier2.desc","item","Jede Wiederholung darf eine fremde Karte überbrücken.","","Perk-Familie „Schrittmacher"" (Kat. E) Stufe 2/4 — Beschreibung","","new",""
"item.family.E_PACE.tier3.desc","item","Jede Wiederholung darf bis zu zwei fremde Karten überbrücken.","","Perk-Familie „Schrittmacher"" (Kat. E) Stufe 3/4 — Beschreibung","","new",""
"item.family.E_PACE.tier4.desc","item","Fremde Karten unterbrechen Wiederholungen nicht (zählen nicht mit).","","Perk-Familie „Schrittmacher"" (Kat. E) Stufe 4/4 — Beschreibung","","new",""
"item.family.E_PENDULUM.name","item","Pendelwerk","","Perk-Familie (Kat. E) — Name; Perk-Auswahl/Build-Übersicht","","new",""
"item.family.E_PENDULUM.tier1.desc","item","Wechsel bilden sich ab 3 Karten (Mindestdifferenz 3).","","Perk-Familie „Pendelwerk"" (Kat. E) Stufe 1/4 — Beschreibung","","new",""
"item.family.E_PENDULUM.tier2.desc","item","Wechsel bilden sich ab 2 Karten (Mindestdifferenz 4).","","Perk-Familie „Pendelwerk"" (Kat. E) Stufe 2/4 — Beschreibung","","new",""
"item.family.E_PENDULUM.tier3.desc","item","Wechsel bilden sich ab 2 Karten (Mindestdifferenz 3).","","Perk-Familie „Pendelwerk"" (Kat. E) Stufe 3/4 — Beschreibung","","new",""
"item.family.E_PENDULUM.tier4.desc","item","Wechsel bilden sich ab 2 Karten (Mindestdifferenz 2); der Faktor startet bei ×1,35.","","Perk-Familie „Pendelwerk"" (Kat. E) Stufe 4/4 — Beschreibung","","new",""
"item.family.E_QUICKSHOT.name","item","Schnellschuss","","Perk-Familie (Kat. E) — Name; Perk-Auswahl/Build-Übersicht","","new",""
"item.family.E_QUICKSHOT.tier1.desc","item","Positionen 5 und 25 sind Anker (siegreicher Anker ×1,25).","","Perk-Familie „Schnellschuss"" (Kat. E) Stufe 1/4 — Beschreibung","","new",""
"item.family.E_QUICKSHOT.tier2.desc","item","Positionen 5, 15, 25 und 35 sind Anker.","","Perk-Familie „Schnellschuss"" (Kat. E) Stufe 2/4 — Beschreibung","","new",""
"item.family.E_QUICKSHOT.tier3.desc","item","Jede fünfte Position (5, 10 … 40) ist ein Anker.","","Perk-Familie „Schnellschuss"" (Kat. E) Stufe 3/4 — Beschreibung","","new",""
"item.family.E_QUICKSHOT.tier4.desc","item","Jede fünfte Position ist ein ×1,35-Anker und erhält +2 Stichwert.","","Perk-Familie „Schnellschuss"" (Kat. E) Stufe 4/4 — Beschreibung","","new",""
"item.family.E_RPM.name","item","Drehzahl","","Perk-Familie (Kat. E) — Name; Perk-Auswahl/Build-Übersicht","","new",""
"item.family.E_RPM.tier1.desc","item","Einmal pro Segment darf eine Karte zu zwei Treppen gehören.","","Perk-Familie „Drehzahl"" (Kat. E) Stufe 1/4 — Beschreibung","","new",""
"item.family.E_RPM.tier2.desc","item","Bis zu zwei Karten pro Segment dürfen zu zwei Treppen gehören.","","Perk-Familie „Drehzahl"" (Kat. E) Stufe 2/4 — Beschreibung","","new",""
"item.family.E_RPM.tier3.desc","item","Bis zu drei Karten pro Segment dürfen zu zwei Treppen gehören.","","Perk-Familie „Drehzahl"" (Kat. E) Stufe 3/4 — Beschreibung","","new",""
"item.family.E_RPM.tier4.desc","item","Jede Karte darf gleichzeitig zu zwei Treppen gehören.","","Perk-Familie „Drehzahl"" (Kat. E) Stufe 4/4 — Beschreibung","","new",""
"item.family.E_SEGMENT.name","item","Segmentarbeit","","Perk-Familie (Kat. E) — Name; Perk-Auswahl/Build-Übersicht","","new",""
"item.family.E_SEGMENT.tier1.desc","item","Eine Segmentgrenze ist offen; Formationen dürfen sie überschreiten.","","Perk-Familie „Segmentarbeit"" (Kat. E) Stufe 1/4 — Beschreibung","","new",""
"item.family.E_SEGMENT.tier2.desc","item","Zwei Segmentgrenzen sind offen.","","Perk-Familie „Segmentarbeit"" (Kat. E) Stufe 2/4 — Beschreibung","","new",""
"item.family.E_SEGMENT.tier3.desc","item","Alle Segmentgrenzen sind offen.","","Perk-Familie „Segmentarbeit"" (Kat. E) Stufe 3/4 — Beschreibung","","new",""
"item.family.E_SEGMENT.tier4.desc","item","Alle Segmentgrenzen sind offen; Karten einer segmentüberschreitenden Formation geben zusätzlich ×1,25 Score.","","Perk-Familie „Segmentarbeit"" (Kat. E) Stufe 4/4 — Beschreibung","","new",""
"item.family.E_STRONG_REP.name","item","Verstärkte Wiederholung","","Perk-Familie (Kat. E) — Name; Perk-Auswahl/Build-Übersicht","","new",""
"item.family.E_STRONG_REP.tier1.desc","item","Zweite Karte einer Wiederholung: ×1,30 (statt ×1,25).","","Perk-Familie „Verstärkte Wiederholung"" (Kat. E) Stufe 1/4 — Beschreibung","","new",""
"item.family.E_STRONG_REP.tier2.desc","item","Zweite Karte einer Wiederholung: ×1,35.","","Perk-Familie „Verstärkte Wiederholung"" (Kat. E) Stufe 2/4 — Beschreibung","","new",""
"item.family.E_STRONG_REP.tier3.desc","item","Zweite und dritte Wiederholungskarte: je +0,10 Faktor.","","Perk-Familie „Verstärkte Wiederholung"" (Kat. E) Stufe 3/4 — Beschreibung","","new",""
"item.family.E_STRONG_REP.tier4.desc","item","Alle Wiederholungsfaktoren: zusätzlich ×1,20.","","Perk-Familie „Verstärkte Wiederholung"" (Kat. E) Stufe 4/4 — Beschreibung","","new",""
"item.family.E_TUNING.name","item","Feinjustierung","","Perk-Familie (Kat. E) — Name; Perk-Auswahl/Build-Übersicht","","new",""
"item.family.E_TUNING.tier1.desc","item","Jede zweite Formationsphase: +1 Energie.","","Perk-Familie „Feinjustierung"" (Kat. E) Stufe 1/4 — Beschreibung","","new",""
"item.family.E_TUNING.tier2.desc","item","Jede Formationsphase: +1 Energie.","","Perk-Familie „Feinjustierung"" (Kat. E) Stufe 2/4 — Beschreibung","","new",""
"item.family.E_TUNING.tier3.desc","item","Jede Formationsphase: +2 Energie.","","Perk-Familie „Feinjustierung"" (Kat. E) Stufe 3/4 — Beschreibung","","new",""
"item.family.E_TUNING.tier4.desc","item","Jede Formationsphase: +3 Energie.","","Perk-Familie „Feinjustierung"" (Kat. E) Stufe 4/4 — Beschreibung","","new",""
"item.perk.E10.desc","item","Jede Formationsphase erhält einen zusätzlichen kostenlosen beliebigen Tausch.","","Perk-Beschreibung — Perk-Auswahl/Build-Übersicht","","new",""
"item.perk.E10.label","item","Feinjustierung","","Perk-Name — Perk-Auswahl/Build-Übersicht","","new",""
"item.perk.L_BRENN.desc","item","Gewinnt eine Karte in mindestens 3 gleichzeitigen Formationen, zählt der Stich ×2,5.","","legendärer Perk-Beschreibung — Perk-Auswahl/Build-Übersicht","","new",""
"item.perk.L_BRENN.label","item","Brennpunkt","","legendärer Perk-Name — Perk-Auswahl/Build-Übersicht","","new",""
"item.perk.L_ECHO.desc","item","Am Ende jedes Durchlaufs wird dein höchstwertiger Stich dieses Durchlaufs noch einmal ×1,6 gutgeschrieben.","","legendärer Perk-Beschreibung — Perk-Auswahl/Build-Übersicht","","new",""
"item.perk.L_ECHO.label","item","Echo","","legendärer Perk-Name — Perk-Auswahl/Build-Übersicht","","new",""
"item.perk.L_HENK.desc","item","Im letzten Segment (Positionen 36–40) zählt jeder Sieg 2-fach und ist garantiert ein Crit.","","legendärer Perk-Beschreibung — Perk-Auswahl/Build-Übersicht","","new",""
"item.perk.L_HENK.label","item","Henker","","legendärer Perk-Name — Perk-Auswahl/Build-Übersicht","","new",""
"item.perk.L_PATT.desc","item","Eine Niederlage um höchstens 2 Werte zählt stattdessen als Sieg.","","legendärer Perk-Beschreibung — Perk-Auswahl/Build-Übersicht","","new",""
"item.perk.L_PATT.label","item","Patt","","legendärer Perk-Name — Perk-Auswahl/Build-Übersicht","","new",""
"item.perk.L_SAMM.desc","item","Jede unterschiedliche Formationsart, die in einem Durchlauf gewinnt (höchstens 5), gibt +0,15 Formations-Multiplikator für den restlichen Durchlauf.","","legendärer Perk-Beschreibung — Perk-Auswahl/Build-Übersicht","","new",""
"item.perk.L_SAMM.label","item","Sammler","","legendärer Perk-Name — Perk-Auswahl/Build-Übersicht","","new",""
"item.perk.L_UMV.desc","item","Sofort: alle Karten nehmen dauerhaft den durchschnittlichen Kartenwert des Decks an (keine Karte wird entfernt). Stark bei schiefem Deck.","","legendärer Perk-Beschreibung — Perk-Auswahl/Build-Übersicht","","new",""
"item.perk.L_UMV.label","item","Umverteilung","","legendärer Perk-Name — Perk-Auswahl/Build-Übersicht","","new",""
"item.perk.L_VAB.desc","item","Eröffnungs-Wette: Gewinnst du die ersten 5 Stiche eines Durchlaufs in Folge, gibt es einen großen Score-Bonus (bis zu 3 Mal pro Lauf).","","legendärer Perk-Beschreibung — Perk-Auswahl/Build-Übersicht","","new",""
"item.perk.L_VAB.label","item","Vabanque","","legendärer Perk-Name — Perk-Auswahl/Build-Übersicht","","new",""
"item.perk.L_ZINS.desc","item","Jeder Durchlauf mit positiver Bilanz (mehr Siege als Niederlagen) gibt dauerhaft +Score, der sich mit jedem weiteren aufstapelt (flach, kein Multiplikator).","","legendärer Perk-Beschreibung — Perk-Auswahl/Build-Übersicht","","new",""
"item.perk.L_ZINS.label","item","Zinseszins","","legendärer Perk-Name — Perk-Auswahl/Build-Übersicht","","new",""
"item.perk.L2.desc","item","Solange du siegst, erhält die nächste Karte +3 Stichwert (bis eine Niederlage eintritt).","","legendärer Perk-Beschreibung — Perk-Auswahl/Build-Übersicht","","new",""
"item.perk.L2.label","item","Unaufhaltsam","","legendärer Perk-Name — Perk-Auswahl/Build-Übersicht","","new",""
"item.perk.L4.desc","item","Jeder Crit gibt der betreffenden Karte dauerhaft +1 Kartenwert (maximal +3).","","legendärer Perk-Beschreibung — Perk-Auswahl/Build-Übersicht","","new",""
"item.perk.L4.label","item","Kritische Masse","","legendärer Perk-Name — Perk-Auswahl/Build-Übersicht","","new",""
"item.perk.L6.desc","item","Jeder Sieg in Folge gibt +5 % Crit-Chance. Über 100 % Gesamt-Crit wird der Überschuss zu Crit-Schaden (max +100 %).","","legendärer Perk-Beschreibung — Perk-Auswahl/Build-Übersicht","","new",""
"item.perk.L6.label","item","Raserei","","legendärer Perk-Name — Perk-Auswahl/Build-Übersicht","","new",""
"store.architectscreen.back-btn","store","← Zurück","","Button in der upgrade-Phase: zurück zur Auswahl","","new",""
"store.architectscreen.boost-label","store","Gebäude-Boost","","Label neben dem Prozent-Boost-Wert über dem Brett","","new",""
"store.architectscreen.boost-tooltip","store","Score-Boost durch die Gebäude: Struktur-Kombis (volle Zeile/Spalte/Diagonale) + neu gegründete Formationen. Aktualisiert live beim Bauen/Verschieben.","","Tooltip auf der Gebäude-Boost-Anzeige über dem Brett","","new",""
"store.architectscreen.buffs-color-tooltip","store","bufft Farbe {farbe}","","Tooltip auf dem Farb-Punkt einer belegten Gebäudezelle (welche Farbe verstärkt wird) · Var.: {farbe} = Farbcode (R/B/G/Y)","","new",""
"store.architectscreen.build-btn","store","Bauen ✓","","Bestätigen-Button in der place-Phase (Gebäude errichten)","","new",""
"store.architectscreen.buildfield-free","store","Baufeld frei","","Label über der Anzeige des freien Baufelds (Rest der Baufeld-Kapazität)","","new",""
"store.architectscreen.building-count","store","{n} Gebäude","","Zusammenfassung unter dem Vorschau-Panel: Anzahl gebauter Gebäude · Var.: {n} = Anzahl Gebäude (Zahl)","","new",""
"store.architectscreen.building-fallback-name","store","Gebäude","","Fallback-Name eines Gebäudes in der Aufrüsten-Fehlermeldung, wenn kein Familienname vorliegt · Fallback","","new",""
"store.architectscreen.cancel-btn","store","Abbrechen","","Button in der schwebenden Aktions-Leiste (removeFor-Zustand abbrechen)","","new",""
"store.architectscreen.cell-title-building","store","{gebaeude} ({stufe}) · Vorschau — {effekt} · Formation ×{mult} · Struktur ×{faktor}","","Tooltip einer belegten Brett-Zelle (Gebäude-Info) im Architekt · Var.: {gebaeude} = Gebäudename; {stufe} = Stufe I–IV bzw. ★; {effekt} = Effektbeschreibung; {mult}/{faktor} = Multiplikatoren · „ · Vorschau"" nur in der Bauvorschau; „ · Formation ×…"" nur wenn die Karte in einer Formation steht; „ · Struktur ×…"" nur auf einer erfüllten Struktur-Kombi","","new",""
"store.architectscreen.cell-title-empty","store","Pos {n} — Formation ×{mult} · Struktur ×{faktor}","","Tooltip einer leeren Brett-Zelle im Architekt (Positionsnummer) · Var.: {n} = Positionsnummer (Zahl); {mult}/{faktor} = Multiplikatoren · „ — Formation ×…"" und „ · Struktur ×…"" nur wenn zutreffend","","new",""
"store.architectscreen.choose-heading","store","Was baust du diese Phase?","","Überschrift der Bauplan-Auswahl (choose-Phase)","","new",""
"store.architectscreen.continue-btn","store","Fortfahren →","","Button in der move-Phase: Durchlauf starten","","new",""
"store.architectscreen.cover-count","store","{n} belegt · {pct}%","","Kleinanzeige unter dem freien Baufeld: belegte Zellen + Abdeckungsprozent · Var.: {n} = belegte Zellen (Zahl); {pct} = Abdeckung in Prozent (Zahl)","","new",""
"store.architectscreen.done-msg","store","✓ Fertig gebaut. Optional: Gebäude auf dem Brett ziehen zum Verschieben (Griff überall, ⟳ dreht) — beliebig oft. Sonst direkt weiter.","","Meldung in der move-Phase (fertig gebaut, optional verschieben) · „Fertig gebaut."" und „ziehen"" sind fett","","new",""
"store.architectscreen.drag-delta-forms","store","Formationen","","Live-Delta beim Ziehen: Veränderung der Formationszahl","","new",""
"store.architectscreen.drag-delta-value","store","Σ Wert","","Live-Delta beim Ziehen: Veränderung des Kartenwerts","","new",""
"store.architectscreen.drag-preview-bad","store","passt hier nicht","","Status beim Ziehen: ungültige Platzierung","","new",""
"store.architectscreen.drag-preview-ok","store","Vorschau","","Status beim Ziehen: gültige Platzierung","","new",""
"store.architectscreen.eff-anker","store","jede Zelle = Anker ×{faktor}","","Gebäude-Effektbeschreibung (anker) · Var.: {faktor} = Multiplikator (Zahl, 2 Nachkommastellen)","","new",""
"store.architectscreen.eff-bind","store","Treppen-Bindeglied (±Span)","","Gebäude-Effektbeschreibung (bind)","","new",""
"store.architectscreen.eff-color-score","store","passende Farbe +{punkte} Punkte","","Gebäude-Effektbeschreibung (color, score-Kategorie) · Var.: {punkte} = Punkte-Betrag (Zahl)","","new",""
"store.architectscreen.eff-color-value","store","passende Farbe +{wert} Stichwert","","Gebäude-Effektbeschreibung (color, value-Kategorie) · Var.: {wert} = Stichwert-Betrag (Zahl)","","new",""
"store.architectscreen.eff-crit","store","Crit-Sieg +{punkte} Punkte","","Gebäude-Effektbeschreibung (crit) · Var.: {punkte} = Punkte-Betrag (Zahl)","","new",""
"store.architectscreen.eff-crossseg","store","öffnet die Segmentgrenze","","Gebäude-Effektbeschreibung (crossSeg)","","new",""
"store.architectscreen.eff-flat-score","store","Sieg +{punkte} Punkte","","Gebäude-Effektbeschreibung (flat, score-Kategorie) · Var.: {punkte} = Punkte-Betrag (Zahl)","","new",""
"store.architectscreen.eff-flat-value","store","alle Abgedeckten +{wert} Stichwert","","Gebäude-Effektbeschreibung (flat, value-Kategorie) · Var.: {wert} = Stichwert-Betrag (Zahl)","","new",""
"store.architectscreen.eff-formmult","store","Formationen hier ×{faktor}","","Gebäude-Effektbeschreibung (formMult) · Var.: {faktor} = Multiplikator (Zahl)","","new",""
"store.architectscreen.eff-joker","store","Formations-Joker ({typen})","","Gebäude-Effektbeschreibung (joker) · Var.: {typen} = Liste der Formationstypen (mit / getrennt)","","new",""
"store.architectscreen.eff-lowvalue","store","niedrige Karten +{wert} Stichwert","","Gebäude-Effektbeschreibung (lowValue) · Var.: {wert} = Stichwert-Betrag (Zahl)","","new",""
"store.architectscreen.eff-milestone","store","jeder {n}. Sieg +{punkte} Punkte","","Gebäude-Effektbeschreibung (milestone) · Var.: {n} = Intervall (Zahl); {punkte} = Punkte-Betrag (Zahl)","","new",""
"store.architectscreen.eff-mult","store","Siege hier ×{faktor}","","Gebäude-Effektbeschreibung (mult) · Var.: {faktor} = Multiplikator (Zahl)","","new",""
"store.architectscreen.eff-streak","store","Sieg +{punkte} Punkte × Serie","","Gebäude-Effektbeschreibung (streak) · Var.: {punkte} = Punkte-Betrag (Zahl)","","new",""
"store.architectscreen.eff-target","store","{ziel} Karte +{betrag} {einheit}","","Gebäude-Effektbeschreibung (target: höchste/niedrigste Karte) · Var.: {ziel} = „höchste"" oder „niedrigste""; {betrag} = Zahl; {einheit} = „Stichwert"" (value) oder „Punkte"" (score)","","new",""
"store.architectscreen.eff-transparent","store","Farbblock-Transparenz","","Gebäude-Effektbeschreibung (transparentFarb)","","new",""
"store.architectscreen.eyebrow","store","Architekt · Bauphase","","Kleine Überschrift (Eyebrow) oben im Architekt-Overlay","","new",""
"store.architectscreen.legend-form-alt","store","Wechsel","","Formations-Legende unter dem Brett (Kürzel Z) · Vorangestelltes fettes Kürzel „Z""","","new",""
"store.architectscreen.legend-form-anchor","store","Anker","","Formations-Legende unter dem Brett (Kürzel A) · Vorangestelltes fettes Kürzel „A""","","new",""
"store.architectscreen.legend-form-color","store","Farbblock","","Formations-Legende unter dem Brett (Kürzel F) · Vorangestelltes fettes Kürzel „F""","","new",""
"store.architectscreen.legend-form-repeat","store","Wiederholung","","Formations-Legende unter dem Brett (Kürzel W) · Vorangestelltes fettes Kürzel „W""","","new",""
"store.architectscreen.legend-form-stair","store","Treppe","","Formations-Legende unter dem Brett (Kürzel T) · Vorangestelltes fettes Kürzel „T""","","new",""
"store.architectscreen.legend-frame-tier","store","Rahmen = Stufe:","","Legende unter dem Brett: Rahmenfarbe kodiert die Gebäudestufe","","new",""
"store.architectscreen.legend-legendary","store","★ legendär","","Legende unter dem Brett: goldener Rahmen = legendäres Gebäude","","new",""
"store.architectscreen.legend-ring","store","Ring = aktive Formation (×mult)","","Legende unter dem Brett: Ring markiert Zelle in aktiver Formation","","new",""
"store.architectscreen.no-room-msg","store","Kein Platz für „{gebaeude}"". Soll ein Gebäude weichen? Tippe eins (rot gestrichelt) zum Zerstören — danach wird der Bauplan automatisch platziert.","","Meldung, wenn ein gewählter Bauplan nicht passt (Gebäude zum Entfernen anbieten) · Var.: {gebaeude} = Name des gewählten Bauplans · „Kein Platz"" und „Zerstören"" sind fett","","new",""
"store.architectscreen.offer-badge-legendary","store","Legendär","","Stufen-Badge auf einer Bauplan-Karte (legendäres Angebot)","","new",""
"store.architectscreen.offer-badge-tier","store","Stufe {stufe}","","Stufen-Badge auf einer Bauplan-Karte (nicht-legendär) · Var.: {stufe} = Stufe I–IV bzw. ★","","new",""
"store.architectscreen.offer-no-room","store","kein Platz →","","Hinweis auf einer Bauplan-Karte, die aktuell nicht passt","","new",""
"store.architectscreen.other-plan-btn","store","← Anderer Bauplan","","Button in der place-Phase: zurück zur Bauplan-Auswahl","","new",""
"store.architectscreen.place-color-label","store","bufft Farbe:","","Label vor der Farbwahl in der place-Phase (colorLocked-Gebäude)","","new",""
"store.architectscreen.place-instructions","store","Platzieren: zieh das Gebäude (weiß gestrichelt) an die richtige Stelle, ⟳ Drehen oben. „Bauen"" errichtet es.","","Anleitung in der place-Phase (Gebäude positionieren) · „Platzieren:"" und „⟳ Drehen"" sind fett","","new",""
"store.architectscreen.plan-fallback-name","store","Bauplan","","Fallback-Name eines Bauplans in der „Kein Platz""-Meldung · Fallback","","new",""
"store.architectscreen.preview-status-heading","store","Vorschau & Brett-Status","","Überschrift des Vorschau-/Brett-Status-Panels","","new",""
"store.architectscreen.readout-legendary","store","Legendär","","Stufen-Label im Effekt-Readout des gewählten/platzierten Gebäudes","","new",""
"store.architectscreen.readout-tier","store","Stufe {stufe}","","Stufen-Label im Effekt-Readout (nicht-legendär) · Var.: {stufe} = Stufe I–IV bzw. ★","","new",""
"store.architectscreen.rotate-btn","store","⟳ Drehen","","Button zum Drehen des ausgewählten Gebäudes (über dem Brett)","","new",""
"store.architectscreen.round","store","Runde {runde}","","Rundenanzeige oben rechts im Architekt-Kopf · Var.: {runde} = aktuelle Rundennummer (Zahl)","","new",""
"store.architectscreen.skip-btn","store","Nichts bauen · Fortfahren →","","Button in der choose-Phase: nichts bauen und weiter","","new",""
"store.architectscreen.stat-coverage","store","Abdeckung","","Stat-Kachel im Vorschau-Panel: Brett-Abdeckung in Prozent","","new",""
"store.architectscreen.stat-house-rows","store","Häuserzeilen","","Stat-Kachel im Vorschau-Panel: Anzahl voller Häuserzeilen","","new",""
"store.architectscreen.stat-struct-bonus","store","Struktur-Bonus","","Stat-Kachel im Vorschau-Panel: Struktur-Bonus in Prozent","","new",""
"store.architectscreen.stat-sum-value","store","Σ Kartenwert","","Stat-Kachel im Vorschau-Panel: Summe der Kartenwerte","","new",""
"store.architectscreen.struct-col","store","volle Spalte ×{faktor}","","Struktur-Kombi-Liste: Faktor für eine volle Brett-Spalte · Var.: {faktor} = Multiplikator (SPALTE_FACTOR) · „Spalte"" ist fett","","new",""
"store.architectscreen.struct-combos-heading","store","Struktur-Kombis · ×Punkte je Durchlauf","","Überschrift des Struktur-Kombi-Blocks im Bau-Assistenten","","new",""
"store.architectscreen.struct-diag","store","Diagonale ×{faktor}","","Struktur-Kombi-Liste: Faktor für eine volle Diagonale · Var.: {faktor} = Multiplikator (DIAGONALE_FACTOR) · „Diagonale"" ist fett","","new",""
"store.architectscreen.struct-explain","store","Jede Karte auf einer vollständigen Zeile/Spalte/Diagonale macht bei einem Sieg entsprechend mehr Punkte. Faktoren stapeln multiplikativ.","","Erklärtext unter der Struktur-Kombi-Liste · „Punkte"" ist fett","","new",""
"store.architectscreen.struct-row","store","volle Zeile ×{faktor}","","Struktur-Kombi-Liste: Faktor für eine volle Brett-Zeile · Var.: {faktor} = Multiplikator (HAEUSERZEILE_FACTOR, z. B. 1,50) · „Zeile"" ist fett","","new",""
"store.architectscreen.title","store","🏗 Der Architekt","","Haupttitel des Architekt-Overlays (Bau-/Shop-Ersatz)","","new",""
"store.architectscreen.upgrade-btn","store","⬆ Aufrüsten","","Vierte Wahl in der choose-Phase: bestehendes Gebäude aufrüsten","","new",""
"store.architectscreen.upgrade-desc","store","ein Gebäude +1 Stufe","","Beschreibung unter der Aufrüsten-Wahl","","new",""
"store.architectscreen.upgrade-desc-nothing","store"," · nichts ausbaubar","","Zusatz an der Aufrüsten-Beschreibung, wenn nichts aufwertbar ist · Suffix","","new",""
"store.architectscreen.upgrade-instructions","store","Aufrüsten: tippe ein aufwertbares Gebäude → +1 Stufe. Nicht aufwertbare (Legendär/No-op-Effekt/max) sind ausgegraut.","","Anleitung in der upgrade-Phase · „Aufrüsten:"" und „aufwertbares"" sind fett","","new",""
"store.architectscreen.upgrade-max","store","max. Stufe","","Hinweis auf einer Bauplan-Karte: bereits maximale Stufe","","new",""
"store.architectscreen.upgrade-msg-generic","store","nicht aufwertbar","","Generische Meldung beim Antippen eines nicht-aufwertbaren Gebäudes","","new",""
"store.architectscreen.upgrade-msg-inert","store","keine Aufwertung, der Effekt hat keine Stufen","","Meldung beim Antippen eines nicht-aufwertbaren Gebäudes (Grund: inert)","","new",""
"store.architectscreen.upgrade-msg-legendary","store","Legendäre sind nicht aufwertbar","","Meldung beim Antippen eines legendären Gebäudes in der upgrade-Phase","","new",""
"store.architectscreen.upgrade-msg-max","store","bereits auf höchster Stufe","","Meldung beim Antippen eines Gebäudes auf Maximalstufe","","new",""
"store.architectscreen.upgrade-none","store","keine Aufwertung","","Hinweis auf einer Bauplan-Karte: Effekt hat keine Aufwertungsstufen","","new",""
"store.architectscreen.upgrade-noop-tooltip","store","Aufrüsten ändert bei diesem Effekt nichts","","Tooltip auf einem Bauplan, dessen Aufwertung nichts bringt","","new",""
"system.app.testbranch-marker","system","TESTBRANCH","","Fester Marker oben links, nur im Testbranch-/Preview-Build sichtbar · Nur im Testbranch-Build; Eigenname, evtl. nicht übersetzen","","new",""
"system.globalleaderboard.error","system","Global nicht verfügbar.","","Fehlermeldung, wenn das Board nicht erreichbar ist","","new",""
"system.globalleaderboard.loading","system","Lädt globale Bestenliste …","","Ladehinweis beim Abruf des globalen Boards","","new",""
"system.leaderboardscreen.global-unavailable","system","Globale Bestenliste ist nicht verfügbar.","","Hinweis im Global-Reiter, wenn kein Board konfiguriert ist","","new",""
"system.runloader.loading","system","Lade Deck …","","Ladebalken-Text beim Vorladen der Deck-/Battlefield-Skins zum Run-Start","","new",""
"system.seedchip.copied","system","kopiert!","","Bestätigung nach dem Kopieren des Seeds","","new",""
"system.seedchip.copy-title","system","Seed kopieren","","Tooltip des Seed-Kopier-Buttons (Challenger-Modus)","","new",""
"system.seedchip.replay-title","system","Diesen Seed nachspielen","","Tooltip des „Nachspielen“-Buttons (Challenge mit demselben Seed)","","new",""
"system.startscreen.seed-aria","system","Seed einfügen und spielen","","aria-label des Seed-Eingabefelds","","new",""
"system.startscreen.seed-error","system","Kein gültiger Seed — prüf den Code und versuch es erneut.","","Fehlermeldung bei ungültigem Seed","","new",""
"system.startscreen.seed-placeholder","system","Seed einfügen & spielen …","","Placeholder im Seed-Eingabefeld (Challenger-Seed nachspielen)","","new",""
"system.startscreen.seed-play-button","system","↻ Spielen","","Button, der den eingegebenen Seed abspielt","","new",""
"system.statsscreen.seed-global-error","system","Global nicht verfügbar.","","Meldung im Seed-Top-3-Block, wenn die globale Bestenliste nicht erreichbar ist","","new",""
"system.statsscreen.seed-global-loading","system","Lädt globale Top 3 …","","Ladehinweis beim Abruf der globalen Top 3 für einen Seed","","new",""
"system.usernamemodal.save-button","system","Speichern","","Speichern-Button (übernimmt den Namen) · Als system markiert gemäß Datei-Vorgabe (Speicher-Aktion); inhaltlich ein UI-Button","","new",""
"tutorial.anleitungmodal.close-button","tutorial","Verstanden","","Schließen-Button der Anleitung","","new",""
"tutorial.anleitungmodal.eyebrow","tutorial","Anleitung","","Eyebrow oben im Anleitungs-Overlay","","new",""
"tutorial.anleitungmodal.heading","tutorial","So funktioniert Autostich","","Überschrift (h2) des Anleitungs-Overlays","","new",""
"tutorial.anleitungmodal.item1-desc","tutorial","Beide Seiten decken je eine Karte auf — die höhere Karte gewinnt den Stich. Du spielst keine Karte selbst.","","Beschreibung der Anleitungs-Kachel 1","","new",""
"tutorial.anleitungmodal.item1-title","tutorial","Automatisches Stechspiel","","Titel der Anleitungs-Kachel 1","","new",""
"tutorial.anleitungmodal.item2-desc","tutorial","Ein Lauf geht über genau {maxDurchläufe} Deck-Durchläufe. Sammle so viel Score wie möglich; Bestscore und Geist laufen über den Score.","","Beschreibung der Anleitungs-Kachel 2 · Var.: {maxDurchläufe} = Anzahl Deck-Durchläufe je Lauf (MAX_CYCLES)","","new",""
"tutorial.anleitungmodal.item2-title","tutorial","Ziel: maximaler Score","","Titel der Anleitungs-Kachel 2","","new",""
"tutorial.anleitungmodal.item3-desc","tutorial","Sieg → +Score (× deine Multiplikatoren). Niederlage → kein Score, und die Siegesserie reißt. Gleichstand → nichts passiert.","","Beschreibung der Anleitungs-Kachel 3","","new",""
"tutorial.anleitungmodal.item3-title","tutorial","Sieg · Niederlage · Gleichstand","","Titel der Anleitungs-Kachel 3","","new",""
"tutorial.anleitungmodal.item4-desc","tutorial","Reihum wählst du einen Stat, einen Perk, die Deck-Aufstellung oder einen Skill — dein Build wird dauerhaft stärker.","","Beschreibung der Anleitungs-Kachel 4","","new",""
"tutorial.anleitungmodal.item4-title","tutorial","Entscheidung vor jedem Durchlauf","","Titel der Anleitungs-Kachel 4","","new",""
"tutorial.anleitungmodal.item5-desc","tutorial","In der Formationsphase ordnest du dein Deck an: benachbarte Karten bilden Formationen (Wiederholung/Farbblock/Treppe/Wechsel) und geben bei Sieg Score-Multiplikatoren.","","Beschreibung der Anleitungs-Kachel 5","","new",""
"tutorial.anleitungmodal.item5-title","tutorial","Formationen & Aufstellung","","Titel der Anleitungs-Kachel 5 · Literales „&“ (kein HTML-Entity, JS-String)","","new",""
"tutorial.anleitungmodal.item6-desc","tutorial","Ein Durchlauf = alle 40 Karten. Danach mischt nur der Gegner neu — deine Reihenfolge und deine dauerhaften Kartenwerte bleiben erhalten.","","Beschreibung der Anleitungs-Kachel 6","","new",""
"tutorial.anleitungmodal.item6-title","tutorial","Deck-Durchlauf","","Titel der Anleitungs-Kachel 6","","new",""
"tutorial.anleitungmodal.item7-desc","tutorial","Auto-Play läuft von allein. Mit Pause hältst du an; das Ablauf-Tempo stellst du mit 2×/4×/6× ein (rein Anzeige, kein Score-Effekt).","","Beschreibung der Anleitungs-Kachel 7","","new",""
"tutorial.anleitungmodal.item7-title","tutorial","Steuerung","","Titel der Anleitungs-Kachel 7","","new",""
"tutorial.anleitungmodal.summary","tutorial","Kernidee: Aus einem neutralen Karten-Autobattler baust du mit vielen kleinen Entscheidungen (Stats, Perks, Aufstellung, Skills) eine immer stärkere Score-Maschine.","","Zusammenfassungs-Box unten im Anleitungs-Overlay","","new",""
"tutorial.glossary.anker.label","tutorial","Anker","","Glossar-Begriff „anker"" (Kat. form) — Titel","","new",""
"tutorial.glossary.anker.text","tutorial","Eine einzelne Position zählt als aktive Formation (×1,25). Aus einem Eisanker oder dem Architekten. Höchstens ein Anker je Position.","","Glossar-Erklärung „Anker"" (Kat. form) — Fließtext im Glossar-Overlay","","new",""
"tutorial.glossary.archetyp.label","tutorial","Archetyp","","Glossar-Begriff „archetyp"" (Kat. frak) — Titel","","new",""
"tutorial.glossary.archetyp.text","tutorial","Eine Skill-Familie mit eigener Identität (Feuer · Blitz · Eis · Pflanze). Der erste Skill schaltet sie frei; bis zu 4 mischbar.","","Glossar-Erklärung „Archetyp"" (Kat. frak) — Fließtext im Glossar-Overlay","","new",""
"tutorial.glossary.ash.label","tutorial","Asche","","Glossar-Begriff „ash"" (Kat. frak) — Titel","","new",""
"tutorial.glossary.ash.text","tutorial","Rohstoff der Feuer-Schmiede: Brände geben +1 Asche. Die Ascheschmiede verbraucht 5 Asche je Schmiedung (+2 Kartenwert); Damaststahl lässt sie nie verfallen. Gehaltene Asche gibt zusätzlich kleinen Score je Feuer-Sieg.","","Glossar-Erklärung „Asche"" (Kat. frak) — Fließtext im Glossar-Overlay","","new",""
"tutorial.glossary.aufruesten.label","tutorial","Aufrüsten","","Glossar-Begriff „aufruesten"" (Kat. arch) — Titel","","new",""
"tutorial.glossary.aufruesten.text","tutorial","Ein bestehendes Gebäude um +1 Stufe erhöhen statt neu zu bauen (Legendäre haben keine Stufen).","","Glossar-Erklärung „Aufrüsten"" (Kat. arch) — Fließtext im Glossar-Overlay","","new",""
"tutorial.glossary.aufstellung.label","tutorial","Aufstellungsphase","","Glossar-Begriff „aufstellung"" (Kat. grund) — Titel","","new",""
"tutorial.glossary.aufstellung.text","tutorial","Zwischen zwei Durchläufen stellst du deine Kartenreihenfolge um — jeder Tausch kostet Formations-Energie.","","Glossar-Erklärung „Aufstellungsphase"" (Kat. grund) — Fließtext im Glossar-Overlay","","new",""
"tutorial.glossary.bank.label","tutorial","Bank (Ablage)","","Glossar-Begriff „bank"" (Kat. frak) — Titel","","new",""
"tutorial.glossary.bank.text","tutorial","Ungenutzte Frosttausche banken Schicht-Fortschritt — Geduld verdichtet Schnee zu Gletschereis.","","Glossar-Erklärung „Bank (Ablage)"" (Kat. frak) — Fließtext im Glossar-Overlay","","new",""
"tutorial.glossary.baufeld.label","tutorial","Baufeld (Deckel)","","Glossar-Begriff „baufeld"" (Kat. arch) — Titel","","new",""
"tutorial.glossary.baufeld.text","tutorial","Die begrenzte Zahl belegbarer Brettzellen. Die Knappheit macht das Platzieren zur Entscheidung (Meisterränge heben den Deckel).","","Glossar-Erklärung „Baufeld (Deckel)"" (Kat. arch) — Fließtext im Glossar-Overlay","","new",""
"tutorial.glossary.baukat.label","tutorial","Bau-Kategorien","","Glossar-Begriff „baukat"" (Kat. arch) — Titel","","new",""
"tutorial.glossary.baukat.text","tutorial","Drei Effekt-Arten: Wert (Tragwerk, +Stichwert) · Punkte (Handelsbau, +Score) · Formation (Sakralbau, biegt die Erkennung).","","Glossar-Erklärung „Bau-Kategorien"" (Kat. arch) — Fließtext im Glossar-Overlay","","new",""
"tutorial.glossary.bauphase.label","tutorial","Bauphase / Der Architekt","","Glossar-Begriff „bauphase"" (Kat. arch) — Titel","","new",""
"tutorial.glossary.bauphase.text","tutorial","Der Architekt ersetzt den Shop: statt zu kaufen legst du geometrische Gebäude als Overlay aufs Kartenbrett. Kein Geld, keine Münzen.","","Glossar-Erklärung „Bauphase / Der Architekt"" (Kat. arch) — Fließtext im Glossar-Overlay","","new",""
"tutorial.glossary.bauplan.label","tutorial","Bauplan","","Glossar-Begriff „bauplan"" (Kat. arch) — Titel","","new",""
"tutorial.glossary.bauplan.text","tutorial","Ein Angebots-Eintrag, aus dem du ein Gebäude errichtest. 3 Baupläne je Bauphase.","","Glossar-Erklärung „Bauplan"" (Kat. arch) — Fließtext im Glossar-Overlay","","new",""
"tutorial.glossary.bestenliste.label","tutorial","Bestenliste","","Glossar-Begriff „bestenliste"" (Kat. meta) — Titel","","new",""
"tutorial.glossary.bestenliste.text","tutorial","Deine lokalen Läufe plus die globale Rangliste.","","Glossar-Erklärung „Bestenliste"" (Kat. meta) — Fließtext im Glossar-Overlay","","new",""
"tutorial.glossary.bindeglied.label","tutorial","Bindeglied","","Glossar-Begriff „bindeglied"" (Kat. form) — Titel","","new",""
"tutorial.glossary.bindeglied.text","tutorial","Eine Karte darf für eine Treppe im Wert abweichen (Spannweite je Stufe ±1 / ±2 / frei).","","Glossar-Erklärung „Bindeglied"" (Kat. form) — Fließtext im Glossar-Overlay","","new",""
"tutorial.glossary.brand.label","tutorial","Brandmal","","Glossar-Begriff „brand"" (Kat. frak) — Titel","","new",""
"tutorial.glossary.brand.text","tutorial","Eine gebrandmarkte Gegnerkarte verliert Wert; jeder Brand gibt +1 Asche — Rohstoff der Feuer-Schmiede, und gehaltene Asche gibt zusätzlich kleinen Score je Feuer-Sieg.","","Glossar-Erklärung „Brandmal"" (Kat. frak) — Fließtext im Glossar-Overlay","","new",""
"tutorial.glossary.breakdown.label","tutorial","Score-Aufschlüsselung","","Glossar-Begriff „breakdown"" (Kat. grund) — Titel","","new",""
"tutorial.glossary.breakdown.text","tutorial","Die Punktkette eines Siegs: Basis × Serie × Perk-Mult × Formation × Crit — jeder Faktor wird einzeln ausgewiesen.","","Glossar-Erklärung „Score-Aufschlüsselung"" (Kat. grund) — Fließtext im Glossar-Overlay","","new",""
"tutorial.glossary.brett.label","tutorial","Brett (8×5)","","Glossar-Begriff „brett"" (Kat. arch) — Titel","","new",""
"tutorial.glossary.brett.text","tutorial","Deine 40 Deckpositionen als 8 Zeilen × 5 Spalten. Formationen laufen weiter auf der 1D-Reihenfolge.","","Glossar-Erklärung „Brett (8×5)"" (Kat. arch) — Fließtext im Glossar-Overlay","","new",""
"tutorial.glossary.challenger.label","tutorial","Challenger / Seed","","Glossar-Begriff „challenger"" (Kat. meta) — Titel","","new",""
"tutorial.glossary.challenger.text","tutorial","Teile einen Lauf über seinen Seed (kurzer Code); andere spielen exakt dieselben Karten nach und vergleichen den Score.","","Glossar-Erklärung „Challenger / Seed"" (Kat. meta) — Fließtext im Glossar-Overlay","","new",""
"tutorial.glossary.charge.label","tutorial","Ladung","","Glossar-Begriff „charge"" (Kat. frak) — Titel","","new",""
"tutorial.glossary.charge.text","tutorial","Crits erzeugen Ladung (max 10). Bei voller Ladung lösen Blitz-Konsumenten ihren Effekt aus und verbrauchen sie.","","Glossar-Erklärung „Ladung"" (Kat. frak) — Fließtext im Glossar-Overlay","","new",""
"tutorial.glossary.chronik.label","tutorial","Chronik","","Glossar-Begriff „chronik"" (Kat. meta) — Titel","","new",""
"tutorial.glossary.chronik.text","tutorial","Lesende Übersicht aller 40 Karten des Laufs in aktueller Reihenfolge, mit Formations-, Rollen- und Ankermarkern.","","Glossar-Erklärung „Chronik"" (Kat. meta) — Fließtext im Glossar-Overlay","","new",""
"tutorial.glossary.colonize.label","tutorial","Kolonisieren / Ausläufer","","Glossar-Begriff „colonize"" (Kat. frak) — Titel","","new",""
"tutorial.glossary.colonize.text","tutorial","Markiert gegnerische Karten grün (Ausläufer/Rhizom). Besiegst du eine kolonisierte Karte, erntest du Wachstum.","","Glossar-Erklärung „Kolonisieren / Ausläufer"" (Kat. frak) — Fließtext im Glossar-Overlay","","new",""
"tutorial.glossary.consume.label","tutorial","Konsument","","Glossar-Begriff „consume"" (Kat. frak) — Titel","","new",""
"tutorial.glossary.consume.text","tutorial","Ein Skill, der eine angesammelte Ressource (Hitze bzw. Ladung) für einen starken Effekt verbraucht. Höchstens ein Konsument gleichzeitig — ein zweiter ersetzt den bestehenden.","","Glossar-Erklärung „Konsument"" (Kat. frak) — Fließtext im Glossar-Overlay","","new",""
"tutorial.glossary.crit.label","tutorial","Crit","","Glossar-Begriff „crit"" (Kat. grund) — Titel","","new",""
"tutorial.glossary.crit.text","tutorial","Kritischer Treffer: der Sieg zählt mit dem Crit-Multiplikator (Basis ×1,5). Crit-Chance kommt aus dem Crit-Stat und aus Blitz-Skills.","","Glossar-Erklärung „Crit"" (Kat. grund) — Fließtext im Glossar-Overlay","","new",""
"tutorial.glossary.deck.label","tutorial","Deck","","Glossar-Begriff „deck"" (Kat. deck) — Titel","","new",""
"tutorial.glossary.deck.text","tutorial","40 Karten = 4 Farben × Werte 1–10. Dein Deck ist durch Perks/Architekt veränderbar; der Gegner mischt je Durchlauf neu.","","Glossar-Erklärung „Deck"" (Kat. deck) — Fließtext im Glossar-Overlay","","new",""
"tutorial.glossary.durchlauf.label","tutorial","Durchlauf","","Glossar-Begriff „durchlauf"" (Kat. grund) — Titel","","new",""
"tutorial.glossary.durchlauf.text","tutorial","Ein kompletter Durchgang durchs 40-Karten-Deck (40 Stiche). Danach mischt der Gegner neu und eine Entscheidung steht an.","","Glossar-Erklärung „Durchlauf"" (Kat. grund) — Fließtext im Glossar-Overlay","","new",""
"tutorial.glossary.eisanker.label","tutorial","Eisanker","","Glossar-Begriff „eisanker"" (Kat. frak) — Titel","","new",""
"tutorial.glossary.eisanker.text","tutorial","Eine Frostkarte steht als Anker (×1,25) und lagert dabei garantiert eine Schicht ab — auch ohne volle Formation.","","Glossar-Erklärung „Eisanker"" (Kat. frak) — Fließtext im Glossar-Overlay","","new",""
"tutorial.glossary.eternalSpring.label","tutorial","Ewiger Frühling","","Glossar-Begriff „eternalSpring"" (Kat. frak) — Titel","","new",""
"tutorial.glossary.eternalSpring.text","tutorial","Farbblock zählt Grün schon ab 2 Karten und Überwucherung schon ab 25 % Feld. Je größer dein ewig-grünes Feld, desto mehr Punkte zahlt jeder grüne Sieg direkt.","","Glossar-Erklärung „Ewiger Frühling"" (Kat. frak) — Fließtext im Glossar-Overlay","","new",""
"tutorial.glossary.familie.label","tutorial","Familie","","Glossar-Begriff „familie"" (Kat. perk) — Titel","","new",""
"tutorial.glossary.familie.text","tutorial","Ein Perk oder Bau als aufwertbare Einheit mit bis zu vier Stufen (I–IV). Du wertest ihn Stufe für Stufe auf.","","Glossar-Erklärung „Familie"" (Kat. perk) — Fließtext im Glossar-Overlay","","new",""
"tutorial.glossary.farballianz.label","tutorial","Farballianz","","Glossar-Begriff „farballianz"" (Kat. form) — Titel","","new",""
"tutorial.glossary.farballianz.text","tutorial","Von dir verbundene Farben zählen für Farbblöcke als dieselbe Farbe.","","Glossar-Erklärung „Farballianz"" (Kat. form) — Fließtext im Glossar-Overlay","","new",""
"tutorial.glossary.farbblock.label","tutorial","Farbblock","","Glossar-Begriff „farbblock"" (Kat. form) — Titel","","new",""
"tutorial.glossary.farbblock.text","tutorial","≥3 Karten gleicher Farbe. Ab der 3. ×1,35, je weitere +0,20.","","Glossar-Erklärung „Farbblock"" (Kat. form) — Fließtext im Glossar-Overlay","","new",""
"tutorial.glossary.farbe.label","tutorial","Farbe","","Glossar-Begriff „farbe"" (Kat. deck) — Titel","","new",""
"tutorial.glossary.farbe.text","tutorial","Rot, Blau, Grün, Gelb. Relevant vor allem für Farbblock-Formationen.","","Glossar-Erklärung „Farbe"" (Kat. deck) — Fließtext im Glossar-Overlay","","new",""
"tutorial.glossary.farbtransparenz.label","tutorial","Farbblock-Transparenz","","Glossar-Begriff „farbtransparenz"" (Kat. form) — Titel","","new",""
"tutorial.glossary.farbtransparenz.text","tutorial","Eine so markierte Karte unterbricht einen Farbblock nicht — sie wird übersprungen (transparent) und zählt selbst nicht als Mitglied, sodass der Farbblock über eine andersfarbige Karte hinwegläuft. Kommt vom Architekt-Gebäude Arkade.","","Glossar-Erklärung „Farbblock-Transparenz"" (Kat. form) — Fließtext im Glossar-Overlay","","new",""
"tutorial.glossary.forge.label","tutorial","Schmieden","","Glossar-Begriff „forge"" (Kat. frak) — Titel","","new",""
"tutorial.glossary.forge.text","tutorial","Asche wird zu dauerhaftem Kartenwert (Ascheschmiede: 5 Asche → +2 Wert auf die niedrigste Karte).","","Glossar-Erklärung „Schmieden"" (Kat. frak) — Fließtext im Glossar-Overlay","","new",""
"tutorial.glossary.formation.label","tutorial","Formation","","Glossar-Begriff „formation"" (Kat. form) — Titel","","new",""
"tutorial.glossary.formation.text","tutorial","Ein erkanntes Muster benachbarter Karten (Wiederholung, Treppe, Farbblock, Wechsel). Ein Sieg in einer Formation zählt mit einem Formations-Faktor.","","Glossar-Erklärung „Formation"" (Kat. form) — Fließtext im Glossar-Overlay","","new",""
"tutorial.glossary.formationskern.label","tutorial","Formationskern","","Glossar-Begriff „formationskern"" (Kat. form) — Titel","","new",""
"tutorial.glossary.formationskern.text","tutorial","Ein von dir gewählter Formationstyp bekommt auf all seinen aktiven Formationen einen Zusatzfaktor.","","Glossar-Erklärung „Formationskern"" (Kat. form) — Fließtext im Glossar-Overlay","","new",""
"tutorial.glossary.formenergie.label","tutorial","Formations-Energie","","Glossar-Begriff „formenergie"" (Kat. form) — Titel","","new",""
"tutorial.glossary.formenergie.text","tutorial","Das Tausch-Budget der Aufstellungsphase (4 je Phase). Jeder Tausch zweier Karten kostet 1.","","Glossar-Erklärung „Formations-Energie"" (Kat. form) — Fließtext im Glossar-Overlay","","new",""
"tutorial.glossary.freeze.label","tutorial","Eingefroren","","Glossar-Begriff „freeze"" (Kat. frak) — Titel","","new",""
"tutorial.glossary.freeze.text","tutorial","Eis friert eigene Karten dauerhaft ein (blau): 2 beim ersten Eis-Skill, +1 je weiterem (Frostgriff: +2). Frostkarten biegen Formationen, lagern Schichten ab und dürfen 1× je Aufstellungsphase kostenlos getauscht werden.","","Glossar-Erklärung „Eingefroren"" (Kat. frak) — Fließtext im Glossar-Overlay","","new",""
"tutorial.glossary.frosttausch.label","tutorial","Frosttausch","","Glossar-Begriff „frosttausch"" (Kat. frak) — Titel","","new",""
"tutorial.glossary.frosttausch.text","tutorial","Der kostenlose Tausch einer Frostkarte in der Aufstellungsphase — meißelt Formationen, ohne Energie zu kosten.","","Glossar-Erklärung „Frosttausch"" (Kat. frak) — Fließtext im Glossar-Overlay","","new",""
"tutorial.glossary.gebaeude.label","tutorial","Gebäude","","Glossar-Begriff „gebaeude"" (Kat. arch) — Titel","","new",""
"tutorial.glossary.gebaeude.text","tutorial","Ein platziertes Bauwerk. Es bufft die Karte, die auf seiner Position im Stich steht — überlappt nie mit anderen.","","Glossar-Erklärung „Gebäude"" (Kat. arch) — Fließtext im Glossar-Overlay","","new",""
"tutorial.glossary.geist.label","tutorial","Geist / Rekord","","Glossar-Begriff „geist"" (Kat. grund) — Titel","","new",""
"tutorial.glossary.geist.text","tutorial","Dein gespeicherter Bestlauf als Vergleich — sein Score-Stand blitzt alle paar Stiche als Messlatte auf.","","Glossar-Erklärung „Geist / Rekord"" (Kat. grund) — Fließtext im Glossar-Overlay","","new",""
"tutorial.glossary.gleichstand.label","tutorial","Gleichstand","","Glossar-Begriff „gleichstand"" (Kat. grund) — Titel","","new",""
"tutorial.glossary.gleichstand.text","tutorial","Gleiche Kampfwerte im Stich — normalerweise ohne Sieg (kein Score).","","Glossar-Erklärung „Gleichstand"" (Kat. grund) — Fließtext im Glossar-Overlay","","new",""
"tutorial.glossary.glutdividende.label","tutorial","Glutdividende","","Glossar-Begriff „glutdividende"" (Kat. frak) — Titel","","new",""
"tutorial.glossary.glutdividende.text","tutorial","Ein direkter Score je Feuer-Sieg, der NICHT durch Serie/Crit/Formation multipliziert wird — hebt das frühe Spiel (∝ gehaltener Hitze, gedeckelt).","","Glossar-Erklärung „Glutdividende"" (Kat. frak) — Fließtext im Glossar-Overlay","","new",""
"tutorial.glossary.green.label","tutorial","Grün (Reife)","","Glossar-Begriff „green"" (Kat. frak) — Titel","","new",""
"tutorial.glossary.green.text","tutorial","Grüne Karten sind dauerhaft und bilden einen gemeinsamen Farbblock — je größer der Block, desto mehr Score. Grün ist Farbe, nicht Kraft; Kartenwert wächst nur über Wurzeln (Deckel 11).","","Glossar-Erklärung „Grün (Reife)"" (Kat. frak) — Fließtext im Glossar-Overlay","","new",""
"tutorial.glossary.grenzbonus.label","tutorial","Grenzbonus","","Glossar-Begriff „grenzbonus"" (Kat. form) — Titel","","new",""
"tutorial.glossary.grenzbonus.text","tutorial","Karten einer Formation, die eine Segmentgrenze überschreitet, geben zusätzlich ×1,25 (aus Segmentarbeit IV).","","Glossar-Erklärung „Grenzbonus"" (Kat. form) — Fließtext im Glossar-Overlay","","new",""
"tutorial.glossary.grossmeister.label","tutorial","Großmeister","","Glossar-Begriff „grossmeister"" (Kat. meta) — Titel","","new",""
"tutorial.glossary.grossmeister.text","tutorial","Fünf Stufen über Meister V — eskalierende Schwierigkeit (mitwachsender Gegner), aber KEINE neuen Belohnungen. Ziel bleibt 50 Mio.","","Glossar-Erklärung „Großmeister"" (Kat. meta) — Fließtext im Glossar-Overlay","","new",""
"tutorial.glossary.growth.label","tutorial","Wachstum","","Glossar-Begriff „growth"" (Kat. frak) — Titel","","new",""
"tutorial.glossary.growth.text","tutorial","Eigene Karten wachsen bei Siegen (nur steigend) — umso schneller, je mehr Pflanze-Skills du hältst (volles Tempo ab 3 Skills, darunter anteilig). Ab 8 Wachstum wird eine Karte dauerhaft grün (reif).","","Glossar-Erklärung „Wachstum"" (Kat. frak) — Fließtext im Glossar-Overlay","","new",""
"tutorial.glossary.heat.label","tutorial","Hitze","","Glossar-Begriff „heat"" (Kat. frak) — Titel","","new",""
"tutorial.glossary.heat.text","tutorial","Siege mit klarem Wertvorsprung heizen die Hitzeleiste (0–100 %) auf und geben Feuer-Score = (Vorsprung − 2) × 25 (+5 je weiterem Feuer-Skill); klare Niederlagen kühlen sie ab.","","Glossar-Erklärung „Hitze"" (Kat. frak) — Fließtext im Glossar-Overlay","","new",""
"tutorial.glossary.ionize.label","tutorial","Ionisierung","","Glossar-Begriff „ionize"" (Kat. frak) — Titel","","new",""
"tutorial.glossary.ionize.text","tutorial","Dauerhafte Kartenmarkierung: eine ionisierte Karte gibt bei Sieg +25 Score je Stapel und erhält danach +1 Stapel (max 5).","","Glossar-Erklärung „Ionisierung"" (Kat. frak) — Fließtext im Glossar-Overlay","","new",""
"tutorial.glossary.joker.label","tutorial","Joker","","Glossar-Begriff „joker"" (Kat. form) — Titel","","new",""
"tutorial.glossary.joker.text","tutorial","Eine Karte darf bei der Erkennung den benötigten Wert oder die Farbe annehmen. Bildet allein keine Formation.","","Glossar-Erklärung „Joker"" (Kat. form) — Fließtext im Glossar-Overlay","","new",""
"tutorial.glossary.kampfwert.label","tutorial","Kampfwert","","Glossar-Begriff „kampfwert"" (Kat. grund) — Titel","","new",""
"tutorial.glossary.kampfwert.text","tutorial","Der effektive Wert einer Karte im Stich: Kartenwert plus alle Stichwert-Boni. Der höhere gewinnt.","","Glossar-Erklärung „Kampfwert"" (Kat. grund) — Fließtext im Glossar-Overlay","","new",""
"tutorial.glossary.kartenwert.label","tutorial","Kartenwert","","Glossar-Begriff „kartenwert"" (Kat. deck) — Titel","","new",""
"tutorial.glossary.kartenwert.text","tutorial","Der bleibende Grundwert einer Karte — durch Perks, Schmieden, Schichten oder den Architekten dauerhaft veränderbar.","","Glossar-Erklärung „Kartenwert"" (Kat. deck) — Fließtext im Glossar-Overlay","","new",""
"tutorial.glossary.kaskade.label","tutorial","Kaskade","","Glossar-Begriff „kaskade"" (Kat. frak) — Titel","","new",""
"tutorial.glossary.kaskade.text","tutorial","Ereignis zündet Ereignis: ein Crit auf oder neben einer Karte mit Ionisierung erzeugt Zusatzladung — der Sturm nährt sich selbst.","","Glossar-Erklärung „Kaskade"" (Kat. frak) — Fließtext im Glossar-Overlay","","new",""
"tutorial.glossary.kategorien.label","tutorial","Kategorien A–E","","Glossar-Begriff „kategorien"" (Kat. perk) — Titel","","new",""
"tutorial.glossary.kategorien.text","tutorial","Die fünf Perk-Sorten: A Deck · B Stich · C Rolle · D Score · E Form (Formationswerkzeuge).","","Glossar-Erklärung „Kategorien A–E"" (Kat. perk) — Fließtext im Glossar-Overlay","","new",""
"tutorial.glossary.kosmetik.label","tutorial","Kosmetik / Deck","","Glossar-Begriff „kosmetik"" (Kat. meta) — Titel","","new",""
"tutorial.glossary.kosmetik.text","tutorial","Rein kosmetische Freischaltungen (Kartenrücken, Spielfeld-Skins) ohne Gameplay-Effekt — z. B. Rang-Decks.","","Glossar-Erklärung „Kosmetik / Deck"" (Kat. meta) — Fließtext im Glossar-Overlay","","new",""
"tutorial.glossary.legendaer.label","tutorial","Legendär","","Glossar-Begriff „legendaer"" (Kat. perk) — Titel","","new",""
"tutorial.glossary.legendaer.text","tutorial","Ein mächtiger Effekt mit Nachteil, außerhalb des Stufen-Systems — eigener Wurf, goldener Rahmen, höchstens einer je Angebot.","","Glossar-Erklärung „Legendär"" (Kat. perk) — Fließtext im Glossar-Overlay","","new",""
"tutorial.glossary.legskill.label","tutorial","Legendärer Skill","","Glossar-Begriff „legskill"" (Kat. frak) — Titel","","new",""
"tutorial.glossary.legskill.text","tutorial","Eine seltene, besonders mächtige Skill-Stufe (mit ★ markiert). Ab Meisterrang V gibt es einen garantierten Legendär.","","Glossar-Erklärung „Legendärer Skill"" (Kat. frak) — Fließtext im Glossar-Overlay","","new",""
"tutorial.glossary.meisterlauf.label","tutorial","Meister-Lauf","","Glossar-Begriff „meisterlauf"" (Kat. meta) — Titel","","new",""
"tutorial.glossary.meisterlauf.text","tutorial","Ein Lauf auf gewähltem Rang. Nur Meister-Läufe zählen für die Rang-Leiter und schalten frei; normale Läufe nicht.","","Glossar-Erklärung „Meister-Lauf"" (Kat. meta) — Fließtext im Glossar-Overlay","","new",""
"tutorial.glossary.meisterrang.label","tutorial","Meisterrang","","Glossar-Begriff „meisterrang"" (Kat. meta) — Titel","","new",""
"tutorial.glossary.meisterrang.text","tutorial","Laufübergreifende Stufe (Meister I–V), freigeschaltet über deinen besten Einzel-Score (5/10/15/25/50 Mio.). Bringt dauerhafte Belohnungen.","","Glossar-Erklärung „Meisterrang"" (Kat. meta) — Fließtext im Glossar-Overlay","","new",""
"tutorial.glossary.nachhall.label","tutorial","Nachhall","","Glossar-Begriff „nachhall"" (Kat. form) — Titel","","new",""
"tutorial.glossary.nachhall.text","tutorial","Der Faktor einer endenden Formation hält nach und überträgt sich auf die direkt folgende Karte.","","Glossar-Erklärung „Nachhall"" (Kat. form) — Fließtext im Glossar-Overlay","","new",""
"tutorial.glossary.opfergabe.label","tutorial","Opfergabe","","Glossar-Begriff „opfergabe"" (Kat. perk) — Titel","","new",""
"tutorial.glossary.opfergabe.text","tutorial","Eine gewählte Karte verliert dauerhaft Wert, ihr direkter Nachfolger gewinnt ihn.","","Glossar-Erklärung „Opfergabe"" (Kat. perk) — Fließtext im Glossar-Overlay","","new",""
"tutorial.glossary.overgrowth.label","tutorial","Überwucherung","","Glossar-Begriff „overgrowth"" (Kat. frak) — Titel","","new",""
"tutorial.glossary.overgrowth.text","tutorial","Ist das Feld ≥66 % grün, werden alle Farbblöcke stärker (+0,2 Faktor) und Blüte zählt doppelt.","","Glossar-Erklärung „Überwucherung"" (Kat. frak) — Fließtext im Glossar-Overlay","","new",""
"tutorial.glossary.perk.label","tutorial","Perk","","Glossar-Begriff „perk"" (Kat. perk) — Titel","","new",""
"tutorial.glossary.perk.text","tutorial","Ein wählbarer, dauerhafter Effekt. Jeder Perk ist pro Lauf nur einmal wählbar.","","Glossar-Erklärung „Perk"" (Kat. perk) — Fließtext im Glossar-Overlay","","new",""
"tutorial.glossary.polyomino.label","tutorial","Polyomino / Form","","Glossar-Begriff „polyomino"" (Kat. arch) — Titel","","new",""
"tutorial.glossary.polyomino.text","tutorial","Die Zellenform eines Gebäudes (Tetris-artig), in mehreren Drehlagen platzierbar.","","Glossar-Erklärung „Polyomino / Form"" (Kat. arch) — Fließtext im Glossar-Overlay","","new",""
"tutorial.glossary.raritaet.label","tutorial","Rarität","","Glossar-Begriff „raritaet"" (Kat. perk) — Titel","","new",""
"tutorial.glossary.raritaet.text","tutorial","Normal · Ungewöhnlich · Selten · Rar — die vier Familien-Stufen, farblich markiert (grau/grün/blau/lila).","","Glossar-Erklärung „Rarität"" (Kat. perk) — Fließtext im Glossar-Overlay","","new",""
"tutorial.glossary.reroll.label","tutorial","Neuwurf (Reroll)","","Glossar-Begriff „reroll"" (Kat. grund) — Titel","","new",""
"tutorial.glossary.reroll.text","tutorial","Würfelt ein Perk- oder Skill-Angebot komplett neu. Geteilter Vorrat je Lauf (Start 2); Meisterränge geben mehr. Ersetzt die alte Münzökonomie.","","Glossar-Erklärung „Neuwurf (Reroll)"" (Kat. grund) — Fließtext im Glossar-Overlay","","new",""
"tutorial.glossary.schichten.label","tutorial","Schichten","","Glossar-Begriff „schichten"" (Kat. frak) — Titel","","new",""
"tutorial.glossary.schichten.text","tutorial","Permanenter Kartenwert je Frostkarte (unverlierbar — der Spine). Je tiefer der Stapel, desto mehr Wert und Score. Wirksamer Deckel 12; die Tiefe darüber füttert die Legendären.","","Glossar-Erklärung „Schichten"" (Kat. frak) — Fließtext im Glossar-Overlay","","new",""
"tutorial.glossary.scoreherkunft.label","tutorial","Score-Herkunft","","Glossar-Begriff „scoreherkunft"" (Kat. meta) — Titel","","new",""
"tutorial.glossary.scoreherkunft.text","tutorial","Aufteilung deines Scores auf Formationen / Crits / Übrige — zeigt, woher dein Build seine Punkte zieht.","","Glossar-Erklärung „Score-Herkunft"" (Kat. meta) — Fließtext im Glossar-Overlay","","new",""
"tutorial.glossary.segment.label","tutorial","Segment","","Glossar-Begriff „segment"" (Kat. deck) — Titel","","new",""
"tutorial.glossary.segment.text","tutorial","Ein Block aus 5 Positionen. Basis-Formationen sind segmentgebunden — ein Lauf endet an jeder Segmentgrenze.","","Glossar-Erklärung „Segment"" (Kat. deck) — Fließtext im Glossar-Overlay","","new",""
"tutorial.glossary.skillrunde.label","tutorial","Skill-Runde","","Glossar-Begriff „skillrunde"" (Kat. frak) — Titel","","new",""
"tutorial.glossary.skillrunde.text","tutorial","Jede dritte Entscheidung bietet Skills statt Perks (12 Skills, alle 4 Archetypen im Angebot).","","Glossar-Erklärung „Skill-Runde"" (Kat. frak) — Fließtext im Glossar-Overlay","","new",""
"tutorial.glossary.skillslot.label","tutorial","Skill-Slot","","Glossar-Begriff „skillslot"" (Kat. frak) — Titel","","new",""
"tutorial.glossary.skillslot.text","tutorial","Du hältst höchstens 6 Skills gleichzeitig. Ist der Vorrat voll, ersetzt ein neuer einen alten.","","Glossar-Erklärung „Skill-Slot"" (Kat. frak) — Fließtext im Glossar-Overlay","","new",""
"tutorial.glossary.st_critChance.label","tutorial","Crit-Chance","","Glossar-Begriff „st_critChance"" (Kat. stat) — Titel","","new",""
"tutorial.glossary.st_critChance.text","tutorial","+7 Prozentpunkte Crit-Chance je Pick. Ungedeckelt — Überschuss über 100 % kann Blitz weiterverwerten.","","Glossar-Erklärung „Crit-Chance"" (Kat. stat) — Fließtext im Glossar-Overlay","","new",""
"tutorial.glossary.st_critMult.label","tutorial","Crit-Multiplikator","","Glossar-Begriff „st_critMult"" (Kat. stat) — Titel","","new",""
"tutorial.glossary.st_critMult.text","tutorial","+0,25× Crit-Multiplikator je Pick (auf Basis 1,5×).","","Glossar-Erklärung „Crit-Multiplikator"" (Kat. stat) — Fließtext im Glossar-Overlay","","new",""
"tutorial.glossary.st_formMult.label","tutorial","Formations-Multiplikator","","Glossar-Begriff „st_formMult"" (Kat. stat) — Titel","","new",""
"tutorial.glossary.st_formMult.text","tutorial","+5 % Score je aktiver Formation an der Siegposition (mehrere gleichzeitige Formationen stapeln).","","Glossar-Erklärung „Formations-Multiplikator"" (Kat. stat) — Fließtext im Glossar-Overlay","","new",""
"tutorial.glossary.st_streakMult.label","tutorial","Serien-Multiplikator","","Glossar-Begriff „st_streakMult"" (Kat. stat) — Titel","","new",""
"tutorial.glossary.st_streakMult.text","tutorial","+2 % Score je aktuellem Serienpunkt (bis +175 %).","","Glossar-Erklärung „Serien-Multiplikator"" (Kat. stat) — Fließtext im Glossar-Overlay","","new",""
"tutorial.glossary.statshub.label","tutorial","Statistik-Hub","","Glossar-Begriff „statshub"" (Kat. meta) — Titel","","new",""
"tutorial.glossary.statshub.text","tutorial","Aggregierte Statistiken deiner Läufe: Bestscore, Ø-Score, beste Serie, Archetyp-Nutzung u. a.","","Glossar-Erklärung „Statistik-Hub"" (Kat. meta) — Fließtext im Glossar-Overlay","","new",""
"tutorial.glossary.stich.label","tutorial","Stich","","Glossar-Begriff „stich"" (Kat. grund) — Titel","","new",""
"tutorial.glossary.stich.text","tutorial","Ein einzelnes Kartenduell — deine Karte gegen die Gegnerkarte; der höhere Kampfwert gewinnt.","","Glossar-Erklärung „Stich"" (Kat. grund) — Fließtext im Glossar-Overlay","","new",""
"tutorial.glossary.stichwert.label","tutorial","Stichwert","","Glossar-Begriff „stichwert"" (Kat. deck) — Titel","","new",""
"tutorial.glossary.stichwert.text","tutorial","Ein Wertbonus nur für den aktuellen Stich (verfällt danach wieder). Zusammen mit dem Kartenwert ergibt er den Kampfwert.","","Glossar-Erklärung „Stichwert"" (Kat. deck) — Fließtext im Glossar-Overlay","","new",""
"tutorial.glossary.streak.label","tutorial","Siegesserie (Serie)","","Glossar-Begriff „streak"" (Kat. grund) — Titel","","new",""
"tutorial.glossary.streak.text","tutorial","Siege in Folge (Siegesserie). Der Serien-Multiplikator und viele Skills wachsen mit ihr; eine Niederlage setzt sie zurück.","","Glossar-Erklärung „Siegesserie (Serie)"" (Kat. grund) — Fließtext im Glossar-Overlay","","new",""
"tutorial.glossary.struktur.label","tutorial","Struktur-Boni","","Glossar-Begriff „struktur"" (Kat. arch) — Titel","","new",""
"tutorial.glossary.struktur.text","tutorial","Eine vollständig bebaute Zeile, Spalte oder Diagonale gibt einen Multiplikator; sie stapeln multiplikativ.","","Glossar-Erklärung „Struktur-Boni"" (Kat. arch) — Fließtext im Glossar-Overlay","","new",""
"tutorial.glossary.stufe.label","tutorial","Stufe I–IV","","Glossar-Begriff „stufe"" (Kat. perk) — Titel","","new",""
"tutorial.glossary.stufe.text","tutorial","Der Rang einer Familie. Höhere Stufen sind stärker und werden seltener angeboten; Stufe IV schließt die Familie ab.","","Glossar-Erklärung „Stufe I–IV"" (Kat. perk) — Fließtext im Glossar-Overlay","","new",""
"tutorial.glossary.treppe.label","tutorial","Treppe","","Glossar-Begriff „treppe"" (Kat. form) — Titel","","new",""
"tutorial.glossary.treppe.text","tutorial","≥3 streng steigende Werte (Schritt ≤4). Ab der 3. ×1,35, je weitere +0,20.","","Glossar-Erklärung „Treppe"" (Kat. form) — Fließtext im Glossar-Overlay","","new",""
"tutorial.glossary.ueberlappung.label","tutorial","Überlappung","","Glossar-Begriff „ueberlappung"" (Kat. form) — Titel","","new",""
"tutorial.glossary.ueberlappung.text","tutorial","Steckt eine Karte in mehreren Formationen, wird ihr Faktor zusätzlich multipliziert: 2 → ×1,5 · 3 → ×2 · 4 → ×3.","","Glossar-Erklärung „Überlappung"" (Kat. form) — Fließtext im Glossar-Overlay","","new",""
"tutorial.glossary.upgradetyp.label","tutorial","Aufwertungs-Typen","","Glossar-Begriff „upgradetyp"" (Kat. perk) — Titel","","new",""
"tutorial.glossary.upgradetyp.text","tutorial","Wie eine Familie beim Aufwerten wirkt: Regelersetzung (nur höchste Stufe zählt) · Kumulativ (jede Stufe wirkt einmalig) · Rolle (Ziel behält Rolle, Zahlen steigen).","","Glossar-Erklärung „Aufwertungs-Typen"" (Kat. perk) — Fließtext im Glossar-Overlay","","new",""
"tutorial.glossary.versetzen.label","tutorial","Versetzen","","Glossar-Begriff „versetzen"" (Kat. arch) — Titel","","new",""
"tutorial.glossary.versetzen.text","tutorial","Ein bestehendes Gebäude auf dem Brett verschieben oder drehen (eigene Phase nach dem Bauen).","","Glossar-Erklärung „Versetzen"" (Kat. arch) — Fließtext im Glossar-Overlay","","new",""
"tutorial.glossary.wechsel.label","tutorial","Wechsel","","Glossar-Begriff „wechsel"" (Kat. form) — Titel","","new",""
"tutorial.glossary.wechsel.text","tutorial","≥3 im Zick-Zack (Nachbardifferenz ≥4). Ab der 3. ×1,40, je weitere +0,20.","","Glossar-Erklärung „Wechsel"" (Kat. form) — Fließtext im Glossar-Overlay","","new",""
"tutorial.glossary.wiederholung.label","tutorial","Wiederholung","","Glossar-Begriff „wiederholung"" (Kat. form) — Titel","","new",""
"tutorial.glossary.wiederholung.text","tutorial","≥2 gleiche Werte nebeneinander. 2. Karte ×1,25, 3. ×1,50, 4. ×1,80, danach je +0,40.","","Glossar-Erklärung „Wiederholung"" (Kat. form) — Fließtext im Glossar-Overlay","","new",""
"tutorial.glossary.wurzeln.label","tutorial","Wurzeln","","Glossar-Begriff „wurzeln"" (Kat. frak) — Titel","","new",""
"tutorial.glossary.wurzeln.text","tutorial","Der einzige Weg, den Kartenwert grüner Karten zu heben (bis zum Deckel). Tiefe zahlt danach in Score.","","Glossar-Erklärung „Wurzeln"" (Kat. frak) — Fließtext im Glossar-Overlay","","new",""
"tutorial.glossary.ziehreihenfolge.label","tutorial","Ziehreihenfolge","","Glossar-Begriff „ziehreihenfolge"" (Kat. deck) — Titel","","new",""
"tutorial.glossary.ziehreihenfolge.text","tutorial","Die feste Reihenfolge, in der deine Karten gespielt werden — bleibt über Durchläufe stabil (nur der Gegner mischt).","","Glossar-Erklärung „Ziehreihenfolge"" (Kat. deck) — Fließtext im Glossar-Overlay","","new",""
"ui.app.ghost-record","ui","⚑ Rekord","","Score-Unterzeile: Anzeige, wenn der aktuelle Lauf den Rekord/Geist an dieser Stelle überholt hat","","new",""
"ui.app.karten-alt","ui","Kartenübersicht","","Alt-Text des Kartenrücken-Icons in der Kartenübersicht-Kopfzelle","","new",""
"ui.app.karten-open-title","ui","Kartenübersicht öffnen","","Tooltip der Kartenübersicht-Kopfzelle im Run-Header","","new",""
"ui.app.mult-chip-armed-title","ui","Serie geschützt (Geladene Serie): Die nächste Niederlage setzt die Siegesserie nicht zurück.","","Tooltip des Mult-Chips, wenn die Serie durch „Geladene Serie“ geschützt ist","","new",""
"ui.app.mult-chip-title","ui","Score-Multiplikator: Siegesserie (Basis, +2 %/Stufe bis +150 %) × Perk-Mult — Farbe steigt mit der Höhe (grau/grün/blau/lila/gold)","","Standard-Tooltip des Score-Multiplikator-Chips im Run-Header","","new",""
"ui.app.stat-best","ui","Bester Score","","Kopf-Statuslabel „Bester Score“ im Run-Header","","new",""
"ui.app.stat-durchlauf","ui","Durchlauf","","Kopf-Statuslabel „Durchlauf“ (aktueller Deck-Durchlauf / MAX)","","new",""
"ui.app.stat-karten","ui","Karten","","Label der Kartenübersicht-Kopfzelle (öffnet die Chronik)","","new",""
"ui.app.stat-mult","ui","Mult","","Kopf-Statuslabel „Mult“ (Score-Multiplikator-Chip) im Run-Header","","new",""
"ui.app.stat-score","ui","Score","","Kopf-Statuslabel „Score“ im Run-Header","","new",""
"ui.app.stat-zeit","ui","Zeit","","Kopf-Statuslabel „Zeit“ (Lauf-Dauer) im Run-Header","","new",""
"ui.app.subtitle","ui","Roguelite-Autobattler-Stechspiel · Prototyp","","Untertitel unter der Wortmarke im Header","","new",""
"ui.app.wordmark-auto","ui","AUTO","","Erster Teil der Wortmarke im Header (AUTOSTICH) · Wortmarke/Logo (Eigenname, nicht übersetzen)","","new",""
"ui.app.wordmark-stich","ui","STICH","","Zweiter Teil der Wortmarke im Header (AUTOSTICH), farblich hervorgehoben · Wortmarke/Logo (Eigenname, nicht übersetzen)","","new",""
"ui.archcat.formation.label","ui","Formation","","Architekt-Kategorie (formation) — Brett-Overlay/Bauphase","","new",""
"ui.archcat.score.label","ui","Punkte","","Architekt-Kategorie (score) — Brett-Overlay/Bauphase","","new",""
"ui.archcat.value.label","ui","Wert","","Architekt-Kategorie (value) — Brett-Overlay/Bauphase","","new",""
"ui.archeffects.form-anker","ui","jede Zelle = Anker ×{faktor}","","Gebäude-Effekt-Readout (CardDetail): Anker-Formation je Zelle · Var.: {faktor} = Anker-Faktor (z. B. 1,50)","","new",""
"ui.archeffects.form-bind","ui","Treppen-Bindeglied (±Span)","","Gebäude-Effekt-Readout (CardDetail): Treppen-Bindeglied (Formation)","","new",""
"ui.archeffects.form-crossseg","ui","öffnet die Segmentgrenze","","Gebäude-Effekt-Readout (CardDetail): öffnet Segmentgrenze (Formation)","","new",""
"ui.archeffects.form-joker","ui","Formations-Joker ({typen})","","Gebäude-Effekt-Readout (CardDetail): Formations-Joker mit Typenliste · Var.: {typen} = Liste der Formationstypen (mit „/“ verbunden)","","new",""
"ui.archeffects.form-mult","ui","Formationen hier ×{faktor}","","Gebäude-Effekt-Readout (CardDetail): Formationsmultiplikator an dieser Position · Var.: {faktor} = Multiplikator (z. B. 1,50)","","new",""
"ui.archeffects.form-transparent","ui","Farbblock-Transparenz","","Gebäude-Effekt-Readout (CardDetail): Farbblock-Transparenz (Formation)","","new",""
"ui.archeffects.score-color","ui","+{n} Punkte bei {farbe}","","Gebäude-Effekt-Readout (CardDetail): Punkte bei bestimmter Farbe · Var.: {n} = Punkte (Zahl); {farbe} = Farbname","","new",""
"ui.archeffects.score-crit","ui","+{n} Punkte bei Crit","","Gebäude-Effekt-Readout (CardDetail): Punkte bei Crit-Sieg · Var.: {n} = Punkte (Zahl)","","new",""
"ui.archeffects.score-flat","ui","+{n} Punkte","","Gebäude-Effekt-Readout (CardDetail): flacher Punktebonus bei Sieg · Var.: {n} = Punkte (Zahl)","","new",""
"ui.archeffects.score-milestone","ui","+{n} Punkte alle {m} Siege","","Gebäude-Effekt-Readout (CardDetail): Punkte alle N Siege (Meilenstein) · Var.: {n} = Punkte (Zahl); {m} = Anzahl Siege (Zahl)","","new",""
"ui.archeffects.score-mult","ui","×{faktor} Punkte","","Gebäude-Effekt-Readout (CardDetail): Punkte-Multiplikator · Var.: {faktor} = Multiplikator (z. B. 1,50)","","new",""
"ui.archeffects.score-streak","ui","+{n} Punkte je Serienpunkt","","Gebäude-Effekt-Readout (CardDetail): Punkte je Serienpunkt · Var.: {n} = Punkte (Zahl)","","new",""
"ui.archeffects.score-target","ui","+{n} Punkte","","Gebäude-Effekt-Readout (CardDetail): Punktebonus (Ziel-Variante) · Var.: {n} = Punkte (Zahl) · Gleicher Wortlaut wie score-flat, andere Effektart","","new",""
"ui.archeffects.struktur","ui","Struktur ×{faktor}","","Gebäude-Effekt-Readout (CardDetail): Struktur-Multiplikator (Zeile/Spalte/Diagonale) · Var.: {faktor} = Struktur-Faktor (z. B. 1,50)","","new",""
"ui.archeffects.value-bonus","ui","+{n} Stichwert","","Gebäude-Effekt-Readout an einer Karte (CardDetail): Wert-Boost · Var.: {n} = Wert-Bonus (Zahl)","","new",""
"ui.archetype.fire.label","ui","Feuer","","Fraktionsname (fire) — Header, Panels, Glossar","","new",""
"ui.archetype.ice.label","ui","Eis","","Fraktionsname (ice) — Header, Panels, Glossar","","new",""
"ui.archetype.lightning.label","ui","Blitz","","Fraktionsname (lightning) — Header, Panels, Glossar","","new",""
"ui.archetype.plant.label","ui","Pflanze","","Fraktionsname (plant) — Header, Panels, Glossar","","new",""
"ui.battlefield.banner-loss","ui","VERLOREN","","Ergebnis-Banner über den Karten bei Niederlage","","new",""
"ui.battlefield.banner-tie","ui","GLEICHSTAND","","Ergebnis-Banner bei echtem Gleichstand","","new",""
"ui.battlefield.banner-win","ui","GEWONNEN","","Ergebnis-Banner über den Karten bei Sieg","","new",""
"ui.battlefield.banner-win-crit","ui","GEWONNEN · KRITISCH","","Ergebnis-Banner bei kritischem Sieg","","new",""
"ui.battlefield.banner-win-tie","ui","GLEICHSTAND → SIEG","","Ergebnis-Banner bei Gleichstand, der als Sieg gewertet wird","","new",""
"ui.battlefield.bigscore-brutal","ui","BRUTAL","","Große Score-Ansage bei hohem Einzelstich-Score","","new",""
"ui.battlefield.bigscore-godlike","ui","GOTTGLEICH","","Große Score-Ansage bei sehr hohem Einzelstich-Score (höchste Stufe)","","new",""
"ui.battlefield.bigscore-insane","ui","IRRE","","Große Score-Ansage bei hohem Einzelstich-Score","","new",""
"ui.battlefield.bigscore-strong","ui","STARK","","Große Score-Ansage bei hohem Einzelstich-Score (unterste Stufe)","","new",""
"ui.battlefield.breakdown-afterglow","ui","Nachhall","","Faktorenkette der Treffer-Aufschlüsselung: Nachhall-Multiplikator","","new",""
"ui.battlefield.breakdown-base","ui","Basis","","Faktorenkette der Treffer-Aufschlüsselung: Basiswert","","new",""
"ui.battlefield.breakdown-core","ui","Kern","","Faktorenkette der Treffer-Aufschlüsselung: Kern-Multiplikator","","new",""
"ui.battlefield.breakdown-crit","ui","Crit","","Faktorenkette der Treffer-Aufschlüsselung: Crit-Multiplikator","","new",""
"ui.battlefield.breakdown-flats","ui","Flats","","Faktorenkette der Treffer-Aufschlüsselung: flache Boni","","new",""
"ui.battlefield.breakdown-form","ui","Form","","Faktorenkette der Treffer-Aufschlüsselung: Formations-Multiplikator · Kurz für Formation","","new",""
"ui.battlefield.breakdown-perks","ui","Perks","","Faktorenkette der Treffer-Aufschlüsselung: Perk-Multiplikator","","new",""
"ui.battlefield.breakdown-streak","ui","Serie","","Faktorenkette der Treffer-Aufschlüsselung: Serien-Multiplikator","","new",""
"ui.battlefield.charge-full","ui","VOLL GELADEN","","Text am ⚡-Symbol oben am Rahmen bei voller Blitz-Ladung","","new",""
"ui.battlefield.crit-text","ui","KRITISCH","","Großer KRITISCH-Text über den Karten bei kritischem Sieg · Es folgt „!"" (normale Bewegung) oder „ ×{mult}"" (reduzierte Bewegung)","","new",""
"ui.battlefield.deck-counter","ui","Deck: {position} / {deckLen}","","Deck-Positionszähler unter jeder Kartenseite (Spieler/Gegner) · Var.: {position} = aktuelle Deckposition (Zahl); {deckLen} = Decklänge (Zahl)","","new",""
"ui.battlefield.form-fallback-label","ui","FORMATION","","Formations-Float-Label, wenn mehrere Formationen aktiv sind (Fallback)","","new",""
"ui.battlefield.idle-hint","ui","Bereit — starte den Autobattler","","Hinweis unter den Karten, wenn noch kein Stich läuft","","new",""
"ui.battlefield.side-opp","ui","Gegner","","Seiten-Label über der Gegnerkarte","","new",""
"ui.battlefield.side-player","ui","Du","","Seiten-Label über der Spielerkarte","","new",""
"ui.buildpanel.perks-empty","ui","Noch keine Perks. In manchen Durchläufen wählst du einen dazu.","","Leertext der Perk-Liste in der Build-Übersicht","","new",""
"ui.buildpanel.perks-heading","ui","Perks — {n}","","Überschrift der Perk-Spalte in der Build-Übersicht · Var.: {n} = Anzahl Perks inkl. Familien (Zahl)","","new",""
"ui.buildpanel.skills-empty","ui","Noch keine Skills — ab Runde 3 wählbar.","","Leertext der Skill-Liste in der Build-Übersicht","","new",""
"ui.buildpanel.skills-heading","ui","Skills — {n}","","Überschrift der Skill-Spalte in der Build-Übersicht · Var.: {n} = Anzahl Skills (Zahl)","","new",""
"ui.buildsummary.archetype-fallback","ui","Skill","","Fallback-Label für einen Skill-Archetyp, falls kein Meta gefunden wird (Kategorie-Badge) · Fallback, nur bei unbekanntem Archetyp sichtbar","","new",""
"ui.buildsummary.histogram-bar-title","ui","{farbe} {wert}: {n} Karten","","Tooltip einer Säule im Deck-Histogramm (Deck-Werte je Farbe) · Var.: {farbe} = Farbname; {wert} = Kartenwert (Zahl); {n} = Anzahl (Zahl)","","new",""
"ui.buildsummary.histogram-note","ui","Werte über 10 (violett) überbieten jede Gegnerkarte.","","Hinweis unter dem Deck-Histogramm","","new",""
"ui.buildsummary.no-perks","ui","Noch keine Perks.","","Leerzustand der Perk-Liste im Build-Panel (Default-Text)","","new",""
"ui.buildsummary.no-skills","ui","Noch keine Skills.","","Leerzustand der Skill-Liste im Build-Panel (Default-Text)","","new",""
"ui.card.base-label","ui","Basis {basis}","","Kleinanzeige unten auf der Karte: Basis-/Ursprungswert · Var.: {basis} = Ursprungswert (Zahl)","","new",""
"ui.card.branded-tooltip","ui","Gebrandmarkt −{wert} Wert","","Tooltip der −N-Brandmarke oben links auf einer Gegnerkarte · Var.: {wert} = Wertabzug (Zahl)","","new",""
"ui.card.branded-tooltip-flame","ui","Gebrandmarkt −{wert} Wert","","Tooltip des 🔥-Flammensymbols unten rechts auf einer gebrandmarkten Gegnerkarte · Var.: {wert} = Wertabzug (Zahl)","","new",""
"ui.card.colonized-tooltip","ui","Kolonisiert (Ausläufer) · Ernte +{n} Wachstum","","Tooltip des Ausläufer-Markers auf einer kolonisierten Gegnerkarte · Var.: {n} = Ernte-Wachstum (Zahl)","","new",""
"ui.card.forged-tooltip","ui","Geschmiedet +{wert} Wert (dauerhaft)","","Tooltip des ⚒-Schmiede-Badges auf einer geschmiedeten Karte · Var.: {wert} = geschmiedeter Wert (Zahl)","","new",""
"ui.card.frostbite-tooltip","ui","Frostbiss −3","","Tooltip des roten ❄ auf einer frostgebissenen Gegnerkarte","","new",""
"ui.card.frozen-tooltip","ui","Eingefroren","","Tooltip der ❄-Schneeflocke auf einer eingefrorenen eigenen Karte","","new",""
"ui.card.growth-ring-tooltip","ui","Wachstum {wachstum} / {schwelle} → reif","","Tooltip des Wachstumsrings auf einer wachsenden Pflanzen-Karte · Var.: {wachstum} = Wachstum (Zahl); {schwelle} = Reife-Schwelle (Zahl)","","new",""
"ui.card.ion-tooltip","ui","Ionisiert {n}/{max} — +{score} Score bei Sieg · VOLL IONISIERT","","Tooltip des Ionisierungs-Pip-Tracks oben mittig auf der Karte · Var.: {n} = Stapel (Zahl); {max} = Maximum (Zahl); {score} = Score bei Sieg (Zahl) · „ · VOLL IONISIERT"" nur bei vollem Stapel","","new",""
"ui.card.layers-tooltip","ui","Geschichtet — {n} Schicht{plural} · Überlauf +{over}","","Tooltip der Schicht-Eck-Kristalle auf einer geschichteten (eingefrorenen) Karte · Var.: {n} = Anzahl Schichten (Zahl); {plural} = „"" bei 1, sonst „en""; {over} = Überlauf-Tiefe (Zahl) · „ · Überlauf +…"" nur wenn Überlauf > 0","","new",""
"ui.card.permboost-tooltip","ui","Dauerhaft +{boost} (Basis {basis})","","Tooltip des violetten Dauerwert-Badges oben rechts auf der Karte · Var.: {boost} = dauerhafter Zugewinn (Zahl); {basis} = Ursprungswert (Zahl)","","new",""
"ui.card.ripe-tooltip","ui","Grün (reif) — Teil des Farbblocks","","Tooltip des 🌿-Blatts auf einer reifen (grünen) eigenen Karte","","new",""
"ui.card.stich-bonus-label","ui","⚔ +{n} Stich","","Kleinanzeige unten auf der Karte: temporärer Stich-Bonus · Var.: {n} = Stich-Bonus dieses Stichs (Zahl)","","new",""
"ui.carddetail.arch-label","ui","🏗 Gebäude:","","Label vor dem Architekt-Gebäude-Chip im Kartendetail","","new",""
"ui.carddetail.arch-none","ui","keine direkte Wirkung an dieser Karte","","Anzeige, wenn das abdeckende Gebäude an dieser Karte keinen Effekt hat","","new",""
"ui.carddetail.arch-tier-chip","ui","{gebaeude} · Stufe {stufe}","","Chip mit dem Architekt-Gebäude, das auf diese Karte wirkt · Var.: {gebaeude} = Gebäudename; {stufe} = Stufe (Zahl) · Bei legendär statt „ · Stufe …"" ein „ ★""","","new",""
"ui.carddetail.fire-forged-chip","ui","⚒ Geschmiedet +{wert} Kartenwert","","Feuer-Chip: geschmiedeter Dauerwert der Karte · Var.: {wert} = geschmiedeter Kartenwert (Zahl)","","new",""
"ui.carddetail.fire-label","ui","🔥 Feuer:","","Label vor dem Feuer-Chip im Kartendetail","","new",""
"ui.carddetail.form-member","ui"," (Mitglied)","","Zusatz an einem Formations-Chip, wenn die Karte Mitglied ohne Multiplikator ist · Alternative zum „ ×{faktor}""-Suffix","","new",""
"ui.carddetail.forms-label","ui","Formationen:","","Label vor den Formations-Chips im Kartendetail","","new",""
"ui.carddetail.forms-none","ui","keine","","Anzeige, wenn die Karte in keiner Formation ist","","new",""
"ui.carddetail.frost-explain","ui","Stichwert = aus {schichten} Eisschicht{plural}: jeder Frost-Sieg zählt +{wert} auf den Stichwert (nicht dauerhaft im Kartenwert {kartenwert}).","","Erklärzeile unter den Schicht-Chips im Kartendetail · Var.: {schichten} = Anzahl Schichten (Zahl); {plural} = „"" bei 1, sonst „en""; {wert} = Stichwert (Zahl); {kartenwert} = Kartenwert (Zahl)","","new",""
"ui.carddetail.frost-flat-chip","ui","+{flat} je Frost-Sieg","","Schicht-Chip: Flat-Score je Frost-Sieg · Var.: {flat} = Flat-Betrag (Zahl)","","new",""
"ui.carddetail.frost-label","ui","❄ Schichten:","","Label vor den Eis-Schicht-Chips im Kartendetail (nur Aufstellung)","","new",""
"ui.carddetail.frost-layers-chip","ui","{n} · Gletscher","","Schicht-Chip: Anzahl Schichten, optional Gletscher-Marker · Var.: {n} = Anzahl Schichten (Zahl) · „ · Gletscher"" nur bei gehaltenem Gletscher-Skill","","new",""
"ui.carddetail.frost-overflow-chip","ui","Überlauf {over}","","Schicht-Chip: Überlauf-Tiefe der Eisschichten · Var.: {over} = Überlauf-Tiefe (Zahl)","","new",""
"ui.carddetail.frost-value-chip","ui","+{wert} Stichwert","","Schicht-Chip: Stichwert-Bonus aus Eisschichten · Var.: {wert} = Stichwert-Bonus (Zahl)","","new",""
"ui.carddetail.ion-chip","ui","⚡ {ion}/{max} · +{score} Score","","Ionisierungs-Chip im Kartendetail · Var.: {ion} = Stapel (Zahl); {max} = Maximum (Zahl); {score} = Score-Bonus (Zahl)","","new",""
"ui.carddetail.ion-label","ui","Ionisierung:","","Label vor dem Ionisierungs-Chip im Kartendetail","","new",""
"ui.carddetail.origin-boost","ui","Ursprung {basis} (+{boost} Kartenwert)","","Anzeige des dauerhaften Kartenwert-Boosts im Kartendetail-Kopf · Var.: {basis} = Ursprungswert (Zahl); {boost} = dauerhafter Zugewinn (Zahl)","","new",""
"ui.carddetail.placeholder","ui","Karte antippen für Rolle & Modifikatoren …","","Platzhaltertext, solange keine Karte im Detail ausgewählt ist","","new",""
"ui.carddetail.plant-full","ui","Ausgewachsen","","Zustands-Chip einer voll ausgewachsenen Pflanzen-Karte","","new",""
"ui.carddetail.plant-growth-chip","ui","Wachstum {wachstum} / {schwelle}","","Pflanzen-Chip: aktuelles Wachstum bis zur Reife-Schwelle · Var.: {wachstum} = Wachstum (Zahl); {schwelle} = Reife-Schwelle (Zahl) · „ / {schwelle}"" entfällt bei bereits reifer Karte","","new",""
"ui.carddetail.plant-label","ui","🌿 Pflanze:","","Label vor den Pflanzen-Chips im Kartendetail","","new",""
"ui.carddetail.plant-overflow-chip","ui","Überlauf {n}","","Pflanzen-Chip: Überlauf-Tiefe (Wachstum über dem Wert-Deckel) · Var.: {n} = Überlauf-Tiefe (Zahl)","","new",""
"ui.carddetail.plant-ripe","ui","Grün (reif)","","Zustands-Chip einer reifen (grünen) Pflanzen-Karte","","new",""
"ui.carddetail.plant-roots-chip","ui","+{wurzeln} Wurzeln/Sieg (×2 Form.)","","Pflanzen-Chip: Wurzeln-Score je Sieg · Var.: {wurzeln} = Wurzeln-Score (Zahl) · „ (×2 Form.)"" nur bei gehaltener Pfahlwurzel","","new",""
"ui.carddetail.plant-seedling","ui","Setzling","","Zustands-Chip einer noch wachsenden Pflanzen-Karte","","new",""
"ui.carddetail.plant-value-chip","ui","Kartenwert {wert} / {deckel}","","Pflanzen-Chip: Kartenwert bis zum Wert-Deckel · Var.: {wert} = Kartenwert (Zahl); {deckel} = Wert-Deckel (Zahl)","","new",""
"ui.carddetail.roles-label","ui","Rollen:","","Label vor den Rollen-Chips im Kartendetail","","new",""
"ui.carddetail.roles-none","ui","keine","","Anzeige, wenn die Karte keine Rollen hat","","new",""
"ui.cardgrid.anchor-crit","ui","Krit","","Anker-Typ-Kurzlabel im Kachel-Tooltip","","new",""
"ui.cardgrid.anchor-formation","ui","Formation","","Anker-Typ-Kurzlabel im Kachel-Tooltip","","new",""
"ui.cardgrid.anchor-joker","ui","Joker","","Anker-Typ-Kurzlabel im Kachel-Tooltip","","new",""
"ui.cardgrid.anchor-power","ui","Kraft","","Anker-Typ-Kurzlabel im Kachel-Tooltip","","new",""
"ui.cardgrid.anchor-score","ui","Punkte","","Anker-Typ-Kurzlabel im Kachel-Tooltip","","new",""
"ui.cardgrid.anchor-streak","ui","Serie","","Anker-Typ-Kurzlabel im Kachel-Tooltip","","new",""
"ui.cardgrid.anchor-tooltip","ui","⚓ Anker · {ankerTyp}","","Tooltip einer Kachel mit belegtem Anker · Var.: {ankerTyp} = Anker-Kurzlabel (Kraft/Punkte/Krit/Serie/Formation/Joker)","","new",""
"ui.cardgrid.arch-badge-tooltip","ui","🏗 {gebaeude} · +{boost} Wert","","Tooltip auf dem Wert-Boost-Badge einer vom Architekten gebufften Kachel · Var.: {gebaeude} = Gebäudename; {boost} = Wert-Bonus (Zahl)","","new",""
"ui.cardgrid.frozen-tooltip","ui","Eingefroren","","Tooltip auf dem ❄-Marker einer eingefrorenen Kachel","","new",""
"ui.cardgrid.ripe-tooltip","ui","Grün (reif) — zählt fürs Farbblock","","Tooltip auf dem 🌿-Marker einer reifen (grünen) Kachel","","new",""
"ui.cardgrid.seg-bridge-badge","ui","⇕ Grenze offen","","Badge auf dem Segment-Verbinder (offene Segmentgrenze)","","new",""
"ui.cardgrid.seg-bridge-tooltip","ui","Segmentarbeit: Formationen dürfen die Grenze zwischen Segment {segA} und {segB} überschreiten","","Tooltip auf dem Verbinder zwischen zwei Segment-Zeilen (offene Grenze) · Var.: {segA}/{segB} = Segmentnummern (Zahlen)","","new",""
"ui.cardgrid.seg-strength-tooltip","ui","Formations-Bonus dieses Segments in % (grün = seit Rundenbeginn stärker, rot = schwächer)","","Tooltip auf der Pro-Segment-Stärkeanzeige am Bereichs-Label","","new",""
"ui.chargebar.blitz-intensitaet","ui","Blitz-Intensität","","Label des Blitz-Intensitäts-Balkens","","new",""
"ui.chargebar.konsument-badge","ui","Konsument: {konsument}","","Badge, das den aktiven Blitz-Konsumenten nennt · Var.: {konsument} = Name des aktiven Konsumenten (Ionisierung / Geladene Serie)","","new",""
"ui.chargebar.konsument-ionize","ui","Ionisierung","","Name des Blitz-Konsumenten „Ionisierung“, erscheint im Badge „Konsument: …“","","new",""
"ui.chargebar.konsument-protect","ui","Geladene Serie","","Name des Blitz-Konsumenten „Geladene Serie“, erscheint im Badge „Konsument: …“","","new",""
"ui.chargebar.ladung","ui","⚡ Ladung","","Überschrift der Ladungsanzeige im Blitz-Panel","","new",""
"ui.chargebar.serienkette","ui","🔗 Serienkette","","Überschrift der Serienketten-Anzeige im Blitz-Panel","","new",""
"ui.chargebar.serienkette-gerissen","ui","gerissen","","Anzeige rechts an der Serienkette, wenn die Serie gerissen ist (Streak 0)","","new",""
"ui.chargebar.serienkette-haelt","ui"," · hält","","Statuszusatz an der Serienketten-Überschrift, solange die Serie hält","","new",""
"ui.chargebar.ueberladen","ui","⚡ Überladen","","Anzeige rechts am Intensitäts-Balken bei ≥100 % Crit-Chance (Overcharge)","","new",""
"ui.chargebar.voll-geladen","ui"," · VOLL GELADEN","","Statuszusatz an der Ladungs-Überschrift bei voller Ladung","","new",""
"ui.chargebar.voll-hinweis","ui","⚡ Voll — ohne Konsument verpufft die Ladung. Wähle Ionisierung oder Geladene Serie.","","Hinweisbox bei voller Ladung ohne gewählten Konsumenten · „Ionisierung“ und „Geladene Serie“ werden fett (<b>) gerendert; im Code als drei JSX-Fragmente + <b>-Tags","","new",""
"ui.chronikoverview.arch-toggle","ui","🏗 Gebäude","","Label des Toggle-Buttons zum Ein-/Ausblenden der Architekt-Gebäude auf dem Grid · Toggle-Präfix vor an/aus, von der Heuristik verpasst","","new",""
"ui.chronikoverview.arch-toggle-off","ui","aus","","Toggle-Zustand „aus"" am Gebäude-Button","","new",""
"ui.chronikoverview.arch-toggle-on","ui","an","","Toggle-Zustand „an"" am Gebäude-Button · Von der Heuristik verpasst (Ternary-Zweig)","","new",""
"ui.chronikoverview.close","ui","Schließen","","Schließen-Button der Chronik-Kartenübersicht","","new",""
"ui.controls.beenden","ui","Beenden","","Button: laufenden Lauf beenden (zum Endscreen)","","new",""
"ui.controls.neustart","ui","Neustart","","Button: Lauf neu starten","","new",""
"ui.controls.optionen","ui","⚙ Optionen","","Sichtbare Beschriftung des Optionen-Buttons in der Steuerleiste","","new",""
"ui.controls.optionen-aria","ui","Optionen","","aria-label des Optionen-Buttons in der Steuerleiste · aria-label","","new",""
"ui.controls.pause","ui","⏸ Pause","","Beschriftung des Pause-Buttons im laufenden Spiel","","new",""
"ui.controls.speed-2","ui","X2","","Tempo-Umschalter (2×) in der Steuerleiste · Tempo-Multiplikator, evtl. nicht übersetzen","","new",""
"ui.controls.speed-4","ui","X4","","Tempo-Umschalter (4×) in der Steuerleiste · Tempo-Multiplikator, evtl. nicht übersetzen","","new",""
"ui.controls.speed-max","ui","MAX","","Tempo-Umschalter (höchste Stufe) in der Steuerleiste · Tempo-Stufe","","new",""
"ui.controls.weiter","ui","▶ Weiter","","Beschriftung des Pause-Buttons, wenn pausiert (fortsetzen)","","new",""
"ui.crystalbar.frostbiss","ui","Gegner-Frostbiss","","Label der roten Zeile für vom Gegner markierte (frostgebissene) Karten","","new",""
"ui.crystalbar.frostbiss-debuff","ui"," · −{n} Wert","","Zusatz an der Frostbiss-Zeile: Summe des Wert-Debuffs · Var.: {n} = Summe des Frostbiss-Debuffs (Zahl)","","new",""
"ui.crystalbar.kein-konsument","ui","Kein Konsument — Schichten sind permanent.","","Hinweis unter dem Balken: Eis hat keinen Konsumenten","","new",""
"ui.crystalbar.masse","ui","❄️ Kristalline Masse","","Überschrift des Kristalline-Masse-Balkens (Eis-Panel)","","new",""
"ui.crystalbar.masse-title","ui","Summe aller Schichten. Ab {schwelle} erhalten alle Frostkarten +{wert} Wert (Kristalline Masse).","","Tooltip auf dem Kristalline-Masse-Balken · Var.: {schwelle} = Kristalline-Schwelle (Zahl); {wert} = Bonuswert (Zahl)","","new",""
"ui.crystalbar.schwelle","ui"," · SCHWELLE","","Statuszusatz an der Überschrift, sobald die Kristalline-Schwelle erreicht ist","","new",""
"ui.crystalbar.schwelle-bonus","ui"," · alle Frostkarten +{wert}","","Zusatz an der Schwelle-Anzeige, wenn Kristalline Masse gehalten wird (+Wert für alle Frostkarten) · Var.: {wert} = Kristalline-Bonuswert (Zahl)","","new",""
"ui.crystalbar.schwelle-mark","ui","Schwelle {schwelle}","","Tooltip der Schwellenmarke am rechten Balkenende · Var.: {schwelle} = Kristalline-Schwelle (Zahl)","","new",""
"ui.crystalbar.ueberlauf","ui","Überlauf","","Label der Überlauf-Zählzelle (Direkt-Score der Eis-Legendären)","","new",""
"ui.crystalbar.ueberlauf-title","ui","Überlauf-Tiefe (Schichten über dem wirksamen Deckel) — Nahrung der Eis-Legendären: Direkt-Score je Frost-Sieg.","","Tooltip der Überlauf-Zählzelle","","new",""
"ui.customizescreen.active-badge","ui","Aktiv","","Badge auf der aktuell gewählten Skin-Kachel","","new",""
"ui.customizescreen.close-button","ui","Schließen","","Schließen-Button des Anpassungs-Overlays","","new",""
"ui.customizescreen.default-tile","ui","Standard","","Platzhalter-Text der Standard-Skin-Kachel (kein Bild)","","new",""
"ui.customizescreen.section-battlefields","ui","Battlefields","","Abschnittsüberschrift der Battlefield-Skins","","new",""
"ui.customizescreen.section-decks","ui","Decks","","Abschnittsüberschrift der Deck-Skins","","new",""
"ui.customizescreen.subtitle","ui","Rein kosmetisch — kein Einfluss aufs Spiel. Gesperrte schaltest du über Läufe &amp; Challenges frei.","","Untertitel des Anpassungs-Overlays · „&amp;“ ist die HTML-Entity für „&“ (byte-treu belassen)","","new",""
"ui.customizescreen.title","ui","Deck &amp; Battlefield","","Titel (h2) des Anpassungs-Overlays · „&amp;“ ist die HTML-Entity für „&“ (byte-treu belassen)","","new",""
"ui.familytargetselect.card-bound-suffix","ui"," ({gebunden} bereits als Rolle gebunden)","","Suffix hinter „Wähle N Karten“ beim Rollen-Upgrade (bereits gebundene Karten) · Var.: {gebunden} = Anzahl bereits als Rolle gebundener Karten","","new",""
"ui.familytargetselect.card-plural","ui","Karten","","Mehrzahl in „Wähle {n} Karten“ (Karten-Ziel-Modus)","","new",""
"ui.familytargetselect.card-singular","ui","Karte","","Einzahl in „Wähle {n} Karte“ (Karten-Ziel-Modus)","","new",""
"ui.familytargetselect.confirm-button","ui","Bestätigen","","Bestätigen-Button der Familien-Ziel-Auswahl","","new",""
"ui.familytargetselect.deck-buildings-suffix","ui"," & Gebäude","","Suffix an „Dein Deck · aktuelle Formationen“, wenn Architekt-Gebäude aktiv sind (Formationstyp-Modus)","","new",""
"ui.familytargetselect.deck-buildings-suffix-2","ui"," & Gebäude","","Suffix an „Dein Deck · aktuelle Formationen“, wenn Architekt-Gebäude aktiv sind (Farb-Modus)","","new",""
"ui.familytargetselect.deck-formations-label","ui","Dein Deck · aktuelle Formationen","","Label über dem Deck-Kontext (Formationstyp-Modus)","","new",""
"ui.familytargetselect.deck-formations-label-2","ui","Dein Deck · aktuelle Formationen","","Label über dem Deck-Kontext (Farb-Modus)","","new",""
"ui.familytargetselect.formation-strength-label","ui","Formations-Stärke:","","Label der Formations-Stärke-Vorschau (Farb-/Wert-Perks)","","new",""
"ui.familytargetselect.formation-type-heading","ui","Wähle einen Formationstyp","","Aufforderung im Formationstyp-Modus (Formationskern)","","new",""
"ui.familytargetselect.histogram-heading","ui","Deck-Werte je Farbe","","Überschrift des Deck-Histogramms (Farb-Modus)","","new",""
"ui.familytargetselect.selection-counter","ui","{gewählt} / {benötigt} gewählt","","Zähler gewählter/benötigter Ziele über dem Bestätigen-Button · Var.: {gewählt} = Anzahl aktuell gewählter Ziele; {benötigt} = benötigte Anzahl","","new",""
"ui.familytargetselect.suit-order-hint","ui","Reihenfolge: erste Farbe = Gewinner (+), zweite = Verlierer (−)","","Hinweis im geordneten Farb-Duell-Modus (zwei Farben)","","new",""
"ui.familytargetselect.suit-pick-heading","ui","Wähle {farbwahl}","","Aufforderung im ungeordneten Farb-Modus · Var.: {farbwahl} = „eine Farbe“ (bei 1) oder „{n} Farben“","","new",""
"ui.formation.anker.abbr","ui","A","","Formationstyp-Kürzel (anker) — Karten-Badge","1","new",""
"ui.formation.anker.label","ui","Anker","","Formationstyp-Name (anker) — Battlefield/CardDetail/CardGrid","","new",""
"ui.formation.farbblock.abbr","ui","F","","Formationstyp-Kürzel (farbblock) — Karten-Badge","1","new",""
"ui.formation.farbblock.label","ui","Farbblock","","Formationstyp-Name (farbblock) — Battlefield/CardDetail/CardGrid","","new",""
"ui.formation.formationskern.abbr","ui","K","","Formationstyp-Kürzel (formationskern) — Karten-Badge","1","new",""
"ui.formation.formationskern.label","ui","Kern","","Formationstyp-Name (formationskern) — Battlefield/CardDetail/CardGrid","","new",""
"ui.formation.grenzbonus.abbr","ui","G","","Formationstyp-Kürzel (grenzbonus) — Karten-Badge","1","new",""
"ui.formation.grenzbonus.label","ui","Grenzbonus","","Formationstyp-Name (grenzbonus) — Battlefield/CardDetail/CardGrid","","new",""
"ui.formation.nachhall.abbr","ui","N","","Formationstyp-Kürzel (nachhall) — Karten-Badge","1","new",""
"ui.formation.nachhall.label","ui","Nachhall","","Formationstyp-Name (nachhall) — Battlefield/CardDetail/CardGrid","","new",""
"ui.formation.treppe.abbr","ui","T","","Formationstyp-Kürzel (treppe) — Karten-Badge","1","new",""
"ui.formation.treppe.label","ui","Treppe","","Formationstyp-Name (treppe) — Battlefield/CardDetail/CardGrid","","new",""
"ui.formation.wechsel.abbr","ui","Z","","Formationstyp-Kürzel (wechsel) — Karten-Badge","1","new",""
"ui.formation.wechsel.label","ui","Wechsel","","Formationstyp-Name (wechsel) — Battlefield/CardDetail/CardGrid","","new",""
"ui.formation.wiederholung.abbr","ui","W","","Formationstyp-Kürzel (wiederholung) — Karten-Badge","1","new",""
"ui.formation.wiederholung.label","ui","Wiederholung","","Formationstyp-Name (wiederholung) — Battlefield/CardDetail/CardGrid","","new",""
"ui.formationpanel.summary","ui","{count} Formationen · max ×{mult}","","Zusammenfassung rechts oben im Formations-Panel · Var.: {count} = Anzahl Formationen (Zahl); {mult} = maximaler Multiplikator (Zahl)","","new",""
"ui.formationpanel.title-default","ui","Deine aktiven Formationen","","Standard-Überschrift des Read-only-Formations-Panels · Kann per Prop überschrieben werden","","new",""
"ui.formationphase.arch-pillar-active","ui","❄ Architekt — Spalte {spalte} aus {n} Frostkarten bildet eine senkrechte Formation (Pfeiler, je weitere Frostkarte in der Spalte mehr Multiplikator).","","Eis-Architekt-Hinweis, wenn eine Frost-Spalte (Pfeiler) besteht · Var.: {spalte} = Spaltennummer (Zahl); {n} = Anzahl Frostkarten in der Spalte (Zahl) · „Architekt"", {spalte}, {n} und „senkrechte Formation"" sind fett","","new",""
"ui.formationphase.arch-pillar-hint","ui","❄ Architekt — stelle ≥2 Frostkarten in dieselbe Spalte (gleiche Position je Segment), um eine senkrechte Formation zu meißeln.","","Eis-Architekt-Hinweis, wenn noch kein Pfeiler besteht · „Architekt"", „≥2 Frostkarten"" und „senkrechte Formation"" sind fett","","new",""
"ui.formationphase.arch-toggle","ui","🏗 Gebäude {status}","","Toggle-Button für das Architekt-Gebäude-Overlay über dem Karten-Grid · Var.: {status} = „an"" (Overlay sichtbar) oder „aus"" (verborgen)","","new",""
"ui.formationphase.continue-btn","ui","Fortfahren","","Bestätigen-Button der Aufstellung (Sticky-Leiste)","","new",""
"ui.formationphase.continue-sub","ui","{count} Formationen · noch {n} Energie","","Zweite Zeile unter dem „Fortfahren""-Button · Var.: {count} = Anzahl Formationen (Zahl); {n} = restliche Energie (Zahl)","","new",""
"ui.formationphase.delta-tooltip","ui","Formations-Differenz seit Rundenbeginn (was ein Zurücksetzen rückgängig macht)","","Tooltip auf der Δ-Differenzanzeige neben „Zurücksetzen""","","new",""
"ui.formationphase.energy-label","ui","Energie","","Label über der Energie-Anzeige im Kopf der Aufstellung","","new",""
"ui.formationphase.eyebrow","ui","Aufstellung · Runde {runde}","","Kleine Überschrift (Eyebrow) oben in der Formations-/Aufstellungsphase · Var.: {runde} = aktuelle Rundennummer (Zahl)","","new",""
"ui.formationphase.form-bonus-label","ui","Formations-Bonus","","Label über der Formations-Bonus-Summe im Kopf der Aufstellung","","new",""
"ui.formationphase.frost-free-swaps","ui","❄ {n} von {gesamt} eingefrorenen Karten haben noch einen kostenlosen Frosttausch (ohne Energie).","","Hinweis, wenn eingefrorene Karten noch kostenlose Frosttausche haben (Eis) · Var.: {n} = freie Frosttausche (Zahl); {gesamt} = eingefrorene Karten (Zahl) · {n} und „kostenlosen Frosttausch"" sind fett","","new",""
"ui.formationphase.ice-effects-heading","ui","❄ Eis-Effekte auf Formationen","","Überschrift des Blocks gehaltener Eis-Skills, die die Formationserkennung ändern","","new",""
"ui.formationphase.legend-alt","ui","Wechsel — ≥3 Zick-Zack, Diff ≥4 (ab ×1,40, +0,20 je weitere)","","Formations-Legende unter dem Karten-Grid (Wechsel) · Vorangestelltes fettes Kürzel „Z""; Name grün","","new",""
"ui.formationphase.legend-anchor","ui","Anker — Einzelposition ×1,25","","Formations-Legende unter dem Karten-Grid (Anker) · Vorangestelltes fettes Kürzel „A""; Name grün","","new",""
"ui.formationphase.legend-color","ui","Farbblock — ≥3 gleiche Farbe (ab ×1,35, +0,20 je weitere)","","Formations-Legende unter dem Karten-Grid (Farbblock) · Vorangestelltes fettes Kürzel „F""; Name grün","","new",""
"ui.formationphase.legend-frame-color","ui","Rahmenfarbe = Anzahl Formationen (1·2·3·4) — mehr Rahmen = mehr Multi · gestrichelt = ohne Multiplikator","","Formations-Legende: Rahmenfarbe kodiert Formationszahl · Die Ziffern 1/2/3/4 sind farbig/fett","","new",""
"ui.formationphase.legend-overlap","ui","⧉ Überlappung — mehr Formationen = mehr Multi: 2 ×1,5 · 3 ×2 · 4 ×3","","Formations-Legende: Überlappungs-Multiplikator","","new",""
"ui.formationphase.legend-repeat","ui","Wiederholung — ≥2 gleiche Werte (×1,25 / ×1,50 / ×1,80, dann +0,40 je weitere)","","Formations-Legende unter dem Karten-Grid (Wiederholung) · Vorangestelltes fettes Kürzel „W""; Name grün","","new",""
"ui.formationphase.legend-stair","ui","Treppe — ≥3 streng steigend, Schritt ≤4 (ab ×1,35, +0,20 je weitere)","","Formations-Legende unter dem Karten-Grid (Treppe) · Vorangestelltes fettes Kürzel „T""; Name grün","","new",""
"ui.formationphase.reset-btn","ui","Zurücksetzen","","Button in der Sticky-Leiste: alle Tausche zurücksetzen","","new",""
"ui.formationphase.seg-all-open","ui","Segmentarbeit: alle Grenzen offen, Formationen laufen segmentübergreifend","","Zusatz am Aufstellungs-Erklärtext, wenn alle Segmentgrenzen offen sind · Wird mit „ — "" an den swap-hint angehängt; „Segmentarbeit:"" ist fett","","new",""
"ui.formationphase.seg-some-open","ui","Segmentarbeit: die mit ⇕ markierten Grenzen dürfen überschritten werden","","Zusatz am Aufstellungs-Erklärtext, wenn einzelne Segmentgrenzen offen sind · Wird mit „ — "" an den swap-hint angehängt; „Segmentarbeit:"" und „⇕"" sind fett","","new",""
"ui.formationphase.swap-hint","ui","Tippe zwei Karten, um sie zu tauschen (1 Energie). Formationen entstehen nur innerhalb der {segmentgroesse}er-Segmente","","Erklärtext über dem Karten-Grid in der Aufstellung · Var.: {segmentgroesse} = Segmentgröße (SEGMENT_SIZE, Zahl) · „innerhalb"" ist fett; es folgt ggf. ein Segmentarbeit-Zusatz und ein abschließender Punkt","","new",""
"ui.formationphase.title","ui","Deck aufstellen","","Haupttitel der Formations-/Aufstellungsphase","","new",""
"ui.formationphase.undo-btn","ui","↶ Rückgängig","","Button in der Sticky-Leiste: letzten Tausch rückgängig","","new",""
"ui.gameover.chart-heading","ui","Punkteverlauf","","Überschrift des Score-Verlauf-Diagramms","","new",""
"ui.gameover.chart-legend-first","ui","erster Lauf","","Legende im Punkteverlauf, wenn noch kein Rekord-Vergleich existiert","","new",""
"ui.gameover.chart-legend-run","ui","Lauf","","Legende (aktueller Lauf, gold) im Punkteverlauf","","new",""
"ui.gameover.eyebrow","ui","Lauf beendet","","Eyebrow oben im Game-Over-Overlay","","new",""
"ui.gameover.final-layout-toggle","ui","Finale Aufstellung ansehen","","Aufklapp-Titel (summary) für die finale Deck-Aufstellung","","new",""
"ui.gameover.menu-button","ui","Menü","","Button zurück ins Menü","","new",""
"ui.gameover.restart-button","ui","Neuer Lauf","","Button, der einen neuen Lauf startet","","new",""
"ui.gameover.score-label","ui","Score","","Label unter dem Endscore; optional ergänzt um „ · {zeit}“ (Spielzeit)","","new",""
"ui.glossary.button-aria","ui","Glossar öffnen","","aria-label des ⓘ-Glossar-Buttons","","new",""
"ui.glossary.button-title","ui","Glossar","","Standard-title (Tooltip) des ⓘ-Glossar-Buttons","","new",""
"ui.glossary.chip-all","ui","Alle","","Kategorie-Chip „Alle“ (zeigt alle Begriffe)","","new",""
"ui.glossary.close-aria","ui","Schließen","","aria-label des Schließen-Buttons im Glossar-Overlay","","new",""
"ui.glossary.empty-search-1","ui","Kein Begriff zu „{suche}"".","","Leeres-Suchergebnis im Glossar (Teil 1, vor Zeilenumbruch) · Var.: {suche} = eingegebener Suchtext · Schließendes Anführungszeichen ist ein gerades "" (byte-treu)","","new",""
"ui.glossary.empty-search-2","ui","Andere Schreibweise probieren?","","Leeres-Suchergebnis im Glossar (Teil 2, nach <br/>)","","new",""
"ui.glossary.overlay-aria","ui","Glossar","","aria-label des Glossar-Overlays (Dialog)","","new",""
"ui.glossary.overlay-heading","ui","Glossar","","Überschrift (h2) im Glossar-Overlay","","new",""
"ui.glossary.search-clear-aria","ui","Suche löschen","","aria-label des „Suche löschen“-Buttons im Glossar","","new",""
"ui.glossary.search-placeholder","ui","Suchen … z. B. Nachhall, Schichten, Hitze","","Placeholder im Glossar-Suchfeld","","new",""
"ui.glossary.subtitle","ui","Begriffe &amp; Sonderregeln — keine einzelnen Perks/Skills","","Untertitel im Glossar-Kopf · „&amp;“ ist die HTML-Entity für „&“ (byte-treu belassen)","","new",""
"ui.glossarycat.arch.label","ui","Der Architekt","","Glossar-Kategorie — Reiter im Glossar-Overlay","","new",""
"ui.glossarycat.deck.label","ui","Deck & Karten","","Glossar-Kategorie — Reiter im Glossar-Overlay","","new",""
"ui.glossarycat.form.label","ui","Formationen","","Glossar-Kategorie — Reiter im Glossar-Overlay","","new",""
"ui.glossarycat.frak.label","ui","Archetypen","","Glossar-Kategorie — Reiter im Glossar-Overlay","","new",""
"ui.glossarycat.grund.label","ui","Grundbegriffe","","Glossar-Kategorie — Reiter im Glossar-Overlay","","new",""
"ui.glossarycat.meta.label","ui","Fortschritt & Meta","","Glossar-Kategorie — Reiter im Glossar-Overlay","","new",""
"ui.glossarycat.perk.label","ui","Perks & Rarität","","Glossar-Kategorie — Reiter im Glossar-Overlay","","new",""
"ui.glossarycat.stat.label","ui","Werte · Stats","","Glossar-Kategorie — Reiter im Glossar-Overlay","","new",""
"ui.glossarygroup.fire.label","ui","Feuer","","Glossar-Untergruppe (Archetypen) — Überschrift im Glossar","","new",""
"ui.glossarygroup.gen.label","ui","Allgemein","","Glossar-Untergruppe (Archetypen) — Überschrift im Glossar","","new",""
"ui.glossarygroup.ice.label","ui","Eis","","Glossar-Untergruppe (Archetypen) — Überschrift im Glossar","","new",""
"ui.glossarygroup.lightning.label","ui","Blitz","","Glossar-Untergruppe (Archetypen) — Überschrift im Glossar","","new",""
"ui.glossarygroup.plant.label","ui","Pflanze","","Glossar-Untergruppe (Archetypen) — Überschrift im Glossar","","new",""
"ui.heatbar.asche","ui","Asche","","Label der Asche-Zählzelle (Sekundär-Akku neben der Hitzeleiste)","","new",""
"ui.heatbar.asche-title","ui","Asche — {glossartext}","","Tooltip der Asche-Zählzelle · Var.: {glossartext} = Glossar-Definition zu „Asche“ (separat übersetzt) · Text = „Asche — “ + Glossar-Eintrag „Asche“","","new",""
"ui.heatbar.feuerwalze","ui","Feuerwalze","","Badge unter der Hitzeleiste (Skill Feuerwalze gehalten, aber Bonus 0)","","new",""
"ui.heatbar.feuerwalze-plus","ui","Feuerwalze +{n}","","Badge unter der Hitzeleiste, wenn die Feuerwalze aktiv ist (mit Bonuswert) · Var.: {n} = aktueller Feuerwalze-Bonus (Zahl)","","new",""
"ui.heatbar.flaechenbrand","ui"," · FLÄCHENBRAND BEREIT","","Statuszusatz an der Hitze-Überschrift bei voller Hitze mit Flächenbrand-Konsument","","new",""
"ui.heatbar.gluehende-klinge","ui","Glühende Klinge","","Badge unter der Hitzeleiste (Glühende Klinge gehalten, Bonus 0)","","new",""
"ui.heatbar.gluehende-klinge-mark","ui","Glühende Klinge: +Wert ab {t} % Hitze","","Tooltip der Schwellenmarken auf der Hitzeleiste (Glühende Klinge) · Var.: {t} = Hitze-Schwelle in % (Zahl)","","new",""
"ui.heatbar.gluehende-klinge-plus","ui","Glühende Klinge +{n}","","Badge unter der Hitzeleiste, wenn Glühende Klinge einen Bonus gibt · Var.: {n} = aktueller Bonuswert (Zahl)","","new",""
"ui.heatbar.hitze","ui","🔥 Hitze","","Überschrift der Hitzeleiste (Feuer-Panel)","","new",""
"ui.heatbar.schmiede","ui","Schmiede","","Label der Schmiede-Zählzelle (geschmiedeter Dauerwert)","","new",""
"ui.heatbar.schmiede-title","ui","Geschmiedeter Dauerwert — Summe der ⚒-Aufwertungen über alle Karten.","","Tooltip der Schmiede-Zählzelle","","new",""
"ui.heatbar.weissglut","ui"," · WEISSGLUT","","Statuszusatz an der Hitze-Überschrift bei Weißglut (volle Hitze, Skill gehalten)","","new",""
"ui.heatbar.weissglut-title","ui","Weißglut: bei voller Hitze wird jeder Überschuss zu +10 Score je überlaufendem Hitzepunkt","","Tooltip der Weißglut-Kappe am heißen Ende der Hitzeleiste","","new",""
"ui.leaderboardscreen.close","ui","Schließen","","Schließen-Button des Bestenlisten-Screens","","new",""
"ui.leaderboardscreen.run-details","ui","Details anzeigen","","Tooltip an einer lokalen Lauf-Zeile (öffnet Lauf-Details)","","new",""
"ui.leaderboardscreen.tab-global","ui","Global","","Reiter der Bestenliste: globale Läufe","","new",""
"ui.leaderboardscreen.tab-master","ui","Master","","Reiter der Bestenliste: Meister-Läufe","","new",""
"ui.leaderboardscreen.tab-mine","ui","Meine Runs","","Reiter der Bestenliste: eigene Läufe","","new",""
"ui.leaderboardscreen.title","ui","🏆 Bestenliste","","Titel des Bestenlisten-Screens","","new",""
"ui.masterrunselect.close","ui","Schließen","","Schließen-Button des Overlays","","new",""
"ui.masterrunselect.exp-badge","ui","exp","","Kurz-Badge „experimentell"" am Titel · Von der Heuristik verpasst","3","new",""
"ui.masterrunselect.play","ui","▶ Spielen","","Button: Meister-Lauf auf diesem Rang starten","","new",""
"ui.masterrunselect.play-rankless","ui","▶ Ranglos spielen","","Button: ranglosen Meister-Lauf starten · Von der Heuristik verpasst","","new",""
"ui.masterrunselect.title","ui","Meister-Lauf","","Titel des Meister-Lauf-Auswahl-Overlays · Von der Heuristik verpasst","","new",""
"ui.meta.page-title","ui","Autostich — Prototyp","","Browser-Tab-Titel (index.html <title>) — außerhalb des React-Baums, einzige Nicht-JS-Textquelle","","new",""
"ui.music.asymmetric-loop","ui","Asymmetric Loop","","Track-Titel im Run-Zufallspool (Anzeige im Musik-Panel) · Musiktitel (Eigenname, evtl. nicht übersetzen)","","new",""
"ui.music.card-momentum","ui","Card Momentum","","Track-Titel im Run-Zufallspool (Anzeige im Musik-Panel) · Musiktitel (Eigenname, evtl. nicht übersetzen)","","new",""
"ui.music.card-momentum-remastered","ui","Card Momentum (Remastered)","","Track-Titel im Run-Zufallspool (Anzeige im Musik-Panel) · Musiktitel (Eigenname, evtl. nicht übersetzen)","","new",""
"ui.music.deck-alignment","ui","Deck Alignment","","Track-Titel im Run-Zufallspool (Anzeige im Musik-Panel) · Musiktitel (Eigenname, evtl. nicht übersetzen)","","new",""
"ui.music.formation-shuffle","ui","Formation Shuffle","","Track-Titel im Run-Zufallspool (Anzeige im Musik-Panel) · Musiktitel (Eigenname, evtl. nicht übersetzen)","","new",""
"ui.music.glass-sequence","ui","Glass Sequence","","Track-Titel im Run-Zufallspool (Anzeige im Musik-Panel) · Musiktitel (Eigenname, evtl. nicht übersetzen)","","new",""
"ui.music.morning-deck","ui","Morning Deck","","Menü-/Victory-Track (Anzeige im Musik-Panel) · Musiktitel (Eigenname, evtl. nicht übersetzen)","","new",""
"ui.music.mutation-funk-drive","ui","Mutation Funk Drive","","Track-Titel im Run-Zufallspool (Anzeige im Musik-Panel) · Musiktitel (Eigenname, evtl. nicht übersetzen)","","new",""
"ui.music.neon-card-rush","ui","Neon Card Rush","","Track-Titel im Run-Zufallspool (Anzeige im Musik-Panel) · Musiktitel (Eigenname, evtl. nicht übersetzen)","","new",""
"ui.music.neon-card-rush-2","ui","Neon Card Rush 2","","Track-Titel im Run-Zufallspool (Anzeige im Musik-Panel) · Musiktitel (Eigenname, evtl. nicht übersetzen)","","new",""
"ui.music.neon-static","ui","Neon Static","","Track-Titel im Run-Zufallspool (Anzeige im Musik-Panel) · Musiktitel (Eigenname, evtl. nicht übersetzen)","","new",""
"ui.music.neon-static-remaster","ui","Neon Static (Remaster)","","Track-Titel im Run-Zufallspool (Anzeige im Musik-Panel) · Musiktitel (Eigenname, evtl. nicht übersetzen)","","new",""
"ui.music.pulsing-cards","ui","Pulsing Cards","","Track-Titel im Run-Zufallspool (Anzeige im Musik-Panel) · Musiktitel (Eigenname, evtl. nicht übersetzen)","","new",""
"ui.music.relay-of-multipliers","ui","Relay of Multipliers","","Track-Titel im Run-Zufallspool (Anzeige im Musik-Panel) · Musiktitel (Eigenname, evtl. nicht übersetzen)","","new",""
"ui.music.shuffle-pulse","ui","Shuffle Pulse","","Track-Titel im Run-Zufallspool (Anzeige im Musik-Panel) · Musiktitel (Eigenname, evtl. nicht übersetzen)","","new",""
"ui.music.stacked-multipliers","ui","Stacked Multipliers","","Track-Titel im Run-Zufallspool (Anzeige im Musik-Panel) · Musiktitel (Eigenname, evtl. nicht übersetzen)","","new",""
"ui.music.table-dust","ui","Table Dust","","Track-Titel im Run-Zufallspool (Anzeige im Musik-Panel) · Musiktitel (Eigenname, evtl. nicht übersetzen)","","new",""
"ui.music.table-dust-2","ui","Table Dust 2","","Track-Titel im Run-Zufallspool (Anzeige im Musik-Panel) · Musiktitel (Eigenname, evtl. nicht übersetzen)","","new",""
"ui.musicbar.label","ui","Musik","","Kleines Label über dem Track-Titel im Musik-Panel","","new",""
"ui.musicbar.next-aria","ui","Nächster Track","","aria-label des Skip-Buttons im Musik-Panel","","new",""
"ui.musicbar.next-title","ui","Läuft: {titel} — nächster Track","","Tooltip des Skip-Buttons, wenn ein Titel läuft · Var.: {titel} = aktueller Track-Titel","","new",""
"ui.musicbar.next-title-fallback","ui","Nächster Track","","Tooltip des Skip-Buttons ohne laufenden Titel (Fallback)","","new",""
"ui.mutebutton.mute","ui","Ton stummschalten","","aria-label/Tooltip des Mute-Buttons, wenn Ton an (Aktion: stummschalten)","","new",""
"ui.mutebutton.unmute","ui","Ton einschalten","","aria-label/Tooltip des Mute-Buttons, wenn stummgeschaltet (Aktion: Ton einschalten)","","new",""
"ui.optionsmodal.close-button","ui","Schließen","","Schließen-Button des Optionen-Overlays","","new",""
"ui.optionsmodal.eyebrow","ui","Optionen","","Eyebrow oben im Optionen-Overlay","","new",""
"ui.optionsmodal.heading","ui","Einstellungen","","Überschrift (h2) des Optionen-Overlays","","new",""
"ui.optionsmodal.music-slider-aria","ui","Musik-Lautstärke","","aria-label des Musik-Lautstärke-Reglers","","new",""
"ui.optionsmodal.placeholder-note","ui","Weitere Optionen (Tempo-Default …) folgen hier.","","Platzhalter-Hinweis unten im Optionen-Overlay","","new",""
"ui.optionsmodal.row-crt-desc","ui","Pixel-Schrift, Scanlines, Neon-Glow. Rein optisch — Layout & Spiel bleiben gleich.","","Beschreibung der CRT-/Retro-Skin-Option · Literales „&“ (JS-String, kein HTML-Entity)","","new",""
"ui.optionsmodal.row-crt-title","ui","Retro-Skin (CRT)","","Titel der CRT-/Retro-Skin-Option","","new",""
"ui.optionsmodal.row-haptics-desc","ui","Kurzes Vibrieren bei Bestätigungen. Nur auf Touch-Geräten (Handy) spürbar; System-Einstellung „reduzierte Bewegung“ wird respektiert.","","Beschreibung der Haptik-Option","","new",""
"ui.optionsmodal.row-haptics-title","ui","Haptik (Vibration)","","Titel der Haptik-Option","","new",""
"ui.optionsmodal.row-music-desc","ui","Lautstärke der Hintergrundmusik.","","Beschreibung der Musik-Lautstärke-Option","","new",""
"ui.optionsmodal.row-music-title","ui","Musik-Lautstärke","","Titel der Musik-Lautstärke-Option","","new",""
"ui.optionsmodal.row-mute-desc","ui","Schaltet alle Klick- und Spiel-Sounds ab.","","Beschreibung der Stummschalt-Option","","new",""
"ui.optionsmodal.row-mute-title","ui","Ton stumm","","Titel der Stummschalt-Option","","new",""
"ui.optionsmodal.row-reducedfx-desc","ui","Lässt teure Effekte weg (Schnitt/Explosion, Blitz-Flash, Screen-Shake) — flüssiger auf schwachen Geräten. „Auto“ erkennt Handy und System-Einstellung.","","Beschreibung der Effekt-Reduktions-Option","","new",""
"ui.optionsmodal.row-reducedfx-title","ui","Effekte reduziert","","Titel der Effekt-Reduktions-Option","","new",""
"ui.optionsmodal.row-sfx-desc","ui","Lautstärke der Klick-/Spiel-Sounds (SFX).","","Beschreibung der SFX-Lautstärke-Option","","new",""
"ui.optionsmodal.row-sfx-title","ui","Effekt-Lautstärke","","Titel der SFX-Lautstärke-Option","","new",""
"ui.optionsmodal.seg-auto","ui","Auto","","Segment-Option (automatisch) bei „Effekte reduziert“","","new",""
"ui.optionsmodal.seg-off","ui","Aus","","Segment-Option (aus) bei „Effekte reduziert“","","new",""
"ui.optionsmodal.seg-on","ui","An","","Segment-Option (an) bei „Effekte reduziert“","","new",""
"ui.optionsmodal.sfx-slider-aria","ui","SFX-Lautstärke","","aria-label des SFX-Lautstärke-Reglers","","new",""
"ui.perkcat.A.desc","ui","Dauerhafte Kartenwerte","","Perk-Kategorie-Untertitel (A) — Perk-Auswahl","","new",""
"ui.perkcat.A.name","ui","Deck","","Perk-Kategoriename (A) — Kategorie-Chip in der Perk-Auswahl","","new",""
"ui.perkcat.B.desc","ui","Stich-Effekte","","Perk-Kategorie-Untertitel (B) — Perk-Auswahl","","new",""
"ui.perkcat.B.name","ui","Stich","","Perk-Kategoriename (B) — Kategorie-Chip in der Perk-Auswahl","","new",""
"ui.perkcat.C.desc","ui","Kartenrollen","","Perk-Kategorie-Untertitel (C) — Perk-Auswahl","","new",""
"ui.perkcat.C.name","ui","Rolle","","Perk-Kategoriename (C) — Kategorie-Chip in der Perk-Auswahl","","new",""
"ui.perkcat.D.desc","ui","Punkte","","Perk-Kategorie-Untertitel (D) — Perk-Auswahl","","new",""
"ui.perkcat.D.name","ui","Score","","Perk-Kategoriename (D) — Kategorie-Chip in der Perk-Auswahl","","new",""
"ui.perkcat.E.desc","ui","Formationswerkzeuge","","Perk-Kategorie-Untertitel (E) — Perk-Auswahl","","new",""
"ui.perkcat.E.name","ui","Form","","Perk-Kategoriename (E) — Kategorie-Chip in der Perk-Auswahl","","new",""
"ui.perkselect.badge-upgrade","ui","⬆ UPGRADE · {vonRang}→{zuRang}","","Badge auf einem Familien-Perk, wenn eine niedrigere Stufe bereits gehalten wird · Var.: {vonRang} = gehaltene römische Stufe; {zuRang} = römische Zielstufe","","new",""
"ui.perkselect.build-empty","ui","Noch keine Perks gewählt.","","Platzhalter im Build-Kontext, wenn noch keine Perks gewählt sind","","new",""
"ui.perkselect.build-heading","ui","Dein Build — {n} Perk{plural}","","Überschrift des Build-Kontexts (aktive Perks) · Var.: {n} = Anzahl Perks; {plural} = „s“ bei Mehrzahl, sonst leer","","new",""
"ui.perkselect.decline-button","ui","Alle ablehnen","","Button, der alle angebotenen Perks ablehnt","","new",""
"ui.perkselect.eyebrow-round","ui","Runde {runde}","","Eyebrow der Perk-Wahl ab Runde 1 · Var.: {runde} = aktuelle Rundennummer","","new",""
"ui.perkselect.eyebrow-start","ui","Start","","Eyebrow bei der allerersten Perk-Wahl (noch keine Perks)","","new",""
"ui.perkselect.heading","ui","Wähle einen Perk","","Überschrift (h2) der Perk-Auswahl","","new",""
"ui.perkselect.histogram-heading","ui","Deck-Werte je Farbe","","Überschrift des Deck-Histogramms im Build-Kontext","","new",""
"ui.perkselect.note-once","ui","Jeder Perk ist pro Lauf nur einmal wählbar.","","Hinweis unter dem Perk-Angebot","","new",""
"ui.perkselect.reroll-button","ui","🎲 Angebot neu würfeln","","Button, der das Perk-Angebot neu würfelt (Neuwurf)","","new",""
"ui.perkselect.reroll-free","ui","· gratis","","Suffix am Neuwurf-Button, wenn ein gratis Neuwurf verfügbar ist","","new",""
"ui.perkselect.reroll-remaining","ui","· {übrig} übrig","","Suffix am Neuwurf-Button mit Anzahl verbleibender Neuwürfe · Var.: {übrig} = verbleibende Neuwurf-Marken","","new",""
"ui.perkselect.stat-crit-label","ui","Crit","","Label der Crit-Chance im Kern-Stats-Streifen (gefolgt von einem Prozentwert)","","new",""
"ui.perkselect.stat-scoremult-label","ui","Score-Mult","","Label des Score-Multiplikators im Kern-Stats-Streifen (gefolgt von ×Wert)","","new",""
"ui.plantbar.ausgewachsen","ui","Ausgewachsen","","Zähler-Label: voll ausgewachsene Karten (Wert am Deckel)","","new",""
"ui.plantbar.ausgewachsen-title","ui","Voll ausgewachsen (Wert {wert}, Auto-Sieg; weiteres Wachstum zahlt als Überlauf-Score).","","Tooltip der Ausgewachsen-Zählzelle im Pflanze-Panel · Var.: {wert} = Pflanzen-Wert-Deckel (Zahl)","","new",""
"ui.plantbar.auslaeufer","ui","Ausläufer · Kolonisiert","","Label der Zeile für kolonisierte Gegnerkarten (Ausläufer) im Pflanze-Panel","","new",""
"ui.plantbar.efr-label","ui","Ew. Frühling","","Kurzlabel der Schwellenmarke „Ewiger Frühling“ unter dem Balken · Kurzform von „Ewiger Frühling“","","new",""
"ui.plantbar.efr-mark","ui","Ewiger Frühling — Überwucherung schon ab {pct} % Feld grün","","Tooltip der Schwellenmarke „Ewiger Frühling“ (Legendär-Skill senkt die Überwucherungs-Schwelle) · Var.: {pct} = Feld-Schwelle in % (Zahl)","","new",""
"ui.plantbar.gruen","ui","Grün","","Zähler-Label: reife grüne Karten","","new",""
"ui.plantbar.gruen-anteil","ui","🌿 Grün-Anteil des Feldes","","Überschrift des Grün-Anteil-Balkens im Pflanze-Panel","","new",""
"ui.plantbar.gruen-anteil-title","ui","Anteil grüner (reifer + ausgewachsener) Karten am Feld.","","Tooltip auf dem Grün-Anteil-Balken im Pflanze-Panel","","new",""
"ui.plantbar.gruen-title","ui","Reife (grüne) Karten, Wert noch unter dem Deckel — zählen fürs Farbblock.","","Tooltip der Grün-Zählzelle im Pflanze-Panel","","new",""
"ui.plantbar.setzling","ui","Setzling","","Zähler-Label: wachsende, noch nicht reife Karten","","new",""
"ui.plantbar.setzling-title","ui","Wachsende, noch nicht reife Karten (grau, unter der Reife-Schwelle).","","Tooltip der Setzling-Zählzelle im Pflanze-Panel","","new",""
"ui.plantbar.ueb-label","ui","Überwucherung","","Label der Schwellenmarke „Überwucherung“ unter dem Balken","","new",""
"ui.plantbar.ueb-mark","ui","Überwucherung — ab {pct} % alle Farbblöcke +Faktor","","Tooltip der Schwellenmarke „Überwucherung“ im Pflanze-Panel · Var.: {pct} = Feld-Schwelle in % (Zahl)","","new",""
"ui.plantbar.ueberwuchert","ui"," · ÜBERWUCHERT","","Statuszusatz an der Grün-Anteil-Überschrift, wenn das Feld überwuchert ist","","new",""
"ui.roundscorebadge.diff-tooltip","ui","Differenz zur Vorrunde","","Tooltip auf der %-Differenz im Rundenscore-Chip","","new",""
"ui.roundscorebadge.first-round","ui","erste Runde","","Anzeige im Rundenscore-Chip in der ersten Runde (keine Vorrunde)","","new",""
"ui.roundscorebadge.label","ui","Rundenscore","","Label im Rundenscore-Chip (auf allen Entscheidungs-Panels)","","new",""
"ui.roundscorebadge.no-prev-tooltip","ui","keine Vorrunde zum Vergleich","","Tooltip, wenn keine Vorrunde zum Vergleich existiert","","new",""
"ui.rundetail.close","ui","Schließen","","Schließen-Button des Lauf-Detail-Overlays","","new",""
"ui.shopcat.anchors.label","ui","Anker","","Shop-Kategorielabel (anchors) — evtl. dormant (Shop → Architekt)","","new",""
"ui.shopcat.cards.label","ui","Karten","","Shop-Kategorielabel (cards) — evtl. dormant (Shop → Architekt)","","new",""
"ui.shopcat.planning.label","ui","Planung","","Shop-Kategorielabel (planning) — evtl. dormant (Shop → Architekt)","","new",""
"ui.skillselect.arch-header-title","ui","{archetyp}: Passiv {zustand}","","title-Tooltip auf dem tappbaren Archetyp-Header (klappt Passiv-Beschreibung auf/zu) · Var.: {archetyp} = Archetyp-Name; {zustand} = „einklappen“ oder „ausklappen“","","new",""
"ui.skillselect.arch-more-details","ui","klicken für mehr Details","","Hinweis am eingeklappten Archetyp-Header","","new",""
"ui.skillselect.arch-passive-chip","ui","Passiv","","Chip am Archetyp-Header, der die Passiv-Beschreibung aufklappt","","new",""
"ui.skillselect.badge-consumer","ui","KONSUMENT","","Badge auf einer Skill-Karte, die eine Ressource verbraucht","","new",""
"ui.skillselect.badge-legendary","ui","★ LEGENDÄR","","Badge auf einer legendären Skill-Karte","","new",""
"ui.skillselect.consumer-label-charge","ui","Ladungs","","Konsumenten-Typ-Label; wird im Ersatzdialog zu „Ladungs-Konsument“ verkettet · Wortstamm, wird mit „-Konsument(en)“ verkettet","","new",""
"ui.skillselect.consumer-label-heat","ui","Hitze","","Konsumenten-Typ-Label; wird im Ersatzdialog zu „Hitze-Konsument“ verkettet · Wortstamm, wird mit „-Konsument(en)“ verkettet","","new",""
"ui.skillselect.consumer-replace-cancel","ui","Abbrechen","","Abbrechen-Button im Konsumenten-Ersatzdialog","","new",""
"ui.skillselect.consumer-replace-confirm","ui","Ersetzen","","Bestätigen-Button im Konsumenten-Ersatzdialog","","new",""
"ui.skillselect.consumer-replace-dialog","ui","Du hältst bereits den {konsumTyp}-Konsumenten {skillA}. {skillB} ersetzt ihn (höchstens 1 {konsumTyp}-Konsument). Deine aktuelle Ressource bleibt erhalten.","","Bestätigungsdialog beim Wählen eines zweiten Konsumenten desselben Typs · Var.: {konsumTyp} = „Hitze“ oder „Ladungs“; {skillA} = bereits gehaltener Skill-Name; {skillB} = neuer Skill-Name","","new",""
"ui.skillselect.decline-button","ui","Ablehnen → stattdessen ein Perk","","Button, der das Skill-Angebot ablehnt und stattdessen einen Perk gibt","","new",""
"ui.skillselect.eyebrow-round","ui","⚡ Skill · Runde {runde}","","Eyebrow-Kopfzeile über der Skill-Auswahl · Var.: {runde} = aktuelle Rundennummer","","new",""
"ui.skillselect.formations-title","ui","Deine aktiven Formationen (Eis biegt die Erkennung)","","Titel des Formations-Panels, angezeigt bei Eis-Relevanz","","new",""
"ui.skillselect.heading","ui","Wähle einen Skill","","Überschrift (h2) der Skill-Auswahl","","new",""
"ui.skillselect.held-heading","ui","Deine Skills — {gehalten}/{maxSlots} · bereits gehalten · antippen für Beschreibung","","Überschrift der Liste gehaltener Skills (Normalmodus) · Var.: {gehalten} = Anzahl gehaltener Skills; {maxSlots} = maximale Skill-Slots","","new",""
"ui.skillselect.held-heading-replace","ui","Welchen Skill ersetzen?","","Überschrift der Liste gehaltener Skills im Ersetzen-Modus","","new",""
"ui.skillselect.held-mark","ui","✓ gehalten","","Suffix am gehaltenen Skill-Button (Normalmodus)","","new",""
"ui.skillselect.held-replace-suffix","ui","↔ ersetzen","","Suffix am gehaltenen Skill-Button im Ersetzen-Modus","","new",""
"ui.skillselect.replace-hint-full","ui","Alle {maxSlots} Slots belegt. Wähle einen neuen Skill, dann tippe unten den zu ersetzenden Skill an.","","Hinweis bei vollen Slots, bevor ein neuer Skill vorgemerkt ist · Var.: {maxSlots} = maximale Skill-Slots","","new",""
"ui.skillselect.replace-hint-pending","ui","Neuer Skill {skillName} gewählt — tippe unten den Skill an, der ihn ersetzen soll.","","Hinweis bei vollen Slots, nachdem ein neuer Skill vorgemerkt wurde · Var.: {skillName} = Name des neu vorgemerkten Skills · Im Quelltext umschließen zwei JSX-Textknoten ein <b>{name}</b>; hier zusammengeführt","","new",""
"ui.skillselect.reroll-button","ui","🎲 Angebot neu würfeln","","Button, der das Skill-Angebot neu würfelt (Neuwurf)","","new",""
"ui.skillselect.reroll-free","ui","· gratis","","Suffix am Neuwurf-Button, wenn ein gratis Neuwurf verfügbar ist","","new",""
"ui.skillselect.reroll-remaining","ui","· {übrig} übrig","","Suffix am Neuwurf-Button mit Anzahl verbleibender Neuwürfe · Var.: {übrig} = verbleibende Neuwurf-Marken","","new",""
"ui.skillselect.selected-mark","ui","✓ ausgewählt","","Markierung auf der vorgemerkten Skill-Karte (bei vollen Slots)","","new",""
"ui.skillselect.subtitle","ui","Skills sind seltene, regelverändernde Motoren — {gehalten}/{maxSlots} Slots belegt.","","Untertitel unter der Skill-Auswahl-Überschrift · Var.: {gehalten} = Anzahl gehaltener Skills; {maxSlots} = maximale Skill-Slots","","new",""
"ui.skillselect.unlock-fire-first","ui","Schaltet die Hitzeleiste frei (0–100 %): Siege mit klarem Wertvorsprung heizen auf und geben Feuer-Score, klare Niederlagen kühlen ab.","","Aufklapp-Passivbeschreibung im Skill-Angebot, wenn Feuer erstmals gewählt wird","","new",""
"ui.skillselect.unlock-fire-more","ui","Jeder weitere Feuer-Skill erhöht den Feuer-Score je Vorsprungspunkt. Die Hitzeleiste ist bereits aktiv.","","Aufklapp-Passivbeschreibung im Skill-Angebot, wenn Feuer bereits aktiv ist","","new",""
"ui.skillselect.unlock-ice-first","ui","Schaltet das Einfrieren frei: eigene Karten werden blau, biegen Formationen und dürfen 1× je Aufstellungsphase kostenlos getauscht werden. Jeder weitere Eis-Skill friert eine weitere Karte ein.","","Aufklapp-Passivbeschreibung im Skill-Angebot, wenn Eis erstmals gewählt wird","","new",""
"ui.skillselect.unlock-ice-more","ui","Jeder weitere Eis-Skill friert eine weitere eigene Karte ein und erweitert deine Aufstellungs-Optionen.","","Aufklapp-Passivbeschreibung im Skill-Angebot, wenn Eis bereits aktiv ist","","new",""
"ui.skillselect.unlock-lightning-first","ui","Schaltet den Blitz-Archetyp frei: Ladung (Crits erzeugen Ladung, max {maxLadung}) und eine Crit-Basis von +{critBasis} % (Sockel +{sockel} % plus +{jeSkill} % je Blitz-Skill).","","Aufklapp-Passivbeschreibung im Skill-Angebot, wenn Blitz erstmals gewählt wird (schaltet den Archetyp frei) · Var.: {maxLadung} = max. Ladung (Zahl); {critBasis} = Crit-Basis in % (Sockel + je Skill); {sockel} = Aktivierungs-Sockel in %; {jeSkill} = Crit-% je Blitz-Skill","","new",""
"ui.skillselect.unlock-lightning-more","ui","Jeder weitere Blitz-Skill gibt +{jeSkill} % Crit-Chance. Ladung und Crit-Basis sind bereits aktiv.","","Aufklapp-Passivbeschreibung im Skill-Angebot, wenn Blitz bereits aktiv ist (vertieft) · Var.: {jeSkill} = Crit-% je zusätzlichem Blitz-Skill","","new",""
"ui.skillselect.unlock-plant-first","ui","Schaltet das Wachstum frei: eigene Karten wachsen bei Siegen — je mehr Pflanze-Skills, desto schneller (volles Tempo ab {vollTempoAb} Skills). Ab {grünAb} Wachstum werden sie grün und bilden einen Farbblock, der Score gibt.","","Aufklapp-Passivbeschreibung im Skill-Angebot, wenn Pflanze erstmals gewählt wird · Var.: {vollTempoAb} = Skill-Anzahl für volles Wachstumstempo; {grünAb} = Wachstums-Schwelle für „grün“","","new",""
"ui.skillselect.unlock-plant-more","ui","Jeder weitere Pflanze-Skill beschleunigt das Wachstum (volles Tempo ab {vollTempoAb}) — mehr grüne Karten, größerer Farbblock. Wachstum und Grün sind bereits aktiv.","","Aufklapp-Passivbeschreibung im Skill-Angebot, wenn Pflanze bereits aktiv ist · Var.: {vollTempoAb} = Skill-Anzahl für volles Wachstumstempo","","new",""
"ui.sparkline.placeholder","ui","Verlauf erscheint nach den ersten Stichen…","","Platzhalter der Score-Verlauf-Sparkline, bevor genug Datenpunkte vorliegen","","new",""
"ui.startscreen.logo-alt","ui","Autostich","","alt-Text des Element-Logos unter der Wortmarke · Eigenname (Spieltitel)","","new",""
"ui.startscreen.master-exp-aria","ui","experimentell","","aria-label des „exp“-Badges am Meister-Run-Button","","new",""
"ui.startscreen.master-exp-badge","ui","exp","","Kleines Badge am Meister-Run-Button · Kürzel für „experimentell“; sehr schmales Badge","3","new",""
"ui.startscreen.name-set","ui","Namen festlegen für den globalen Highscore","","Link unten, wenn noch kein Name gesetzt ist","","new",""
"ui.startscreen.name-signedin","ui","Angemeldet als {name} · Name ändern","","Link unten: angemeldeter Spielername mit „Name ändern“ · Var.: {name} = lokaler Spielername · Im Quelltext steht {name} in einem <b>-Element zwischen zwei JSX-Textknoten","","new",""
"ui.startscreen.nav-deck","ui","Deck","","Navigations-Chip zur Deck-/Kosmetik-Anpassung","","new",""
"ui.startscreen.nav-guide","ui","Anleitung","","Navigations-Chip, der die Anleitung öffnet","","new",""
"ui.startscreen.nav-leaderboard","ui","Bestenliste","","Navigations-Chip zur Bestenliste","","new",""
"ui.startscreen.nav-options","ui","Optionen","","Navigations-Chip zu den Optionen (Text und aria-label identisch)","","new",""
"ui.startscreen.nav-stats","ui","Statistiken","","Navigations-Chip zu den Statistiken","","new",""
"ui.startscreen.start-master","ui","Meister Run","","Start-Button für den Meister-Modus (Rang-Freischaltungen) · Bezieht sich auf das Meisterrang-System (grenzt an achievement)","","new",""
"ui.startscreen.start-normal","ui","Normaler Run","","Primärer Start-Button (normaler Lauf, ohne Rang-Progression)","","new",""
"ui.startscreen.tagline","ui","Roguelite-Autobattler-Stechspiel · Prototyp","","Untertitel unter der Wortmarke","","new",""
"ui.startscreen.wordmark-stich","ui","STICH","","Zweite Hälfte der Wortmarke „AUTOSTICH“ auf dem Startbildschirm (AUTO + STICH) · Teil der Wortmarke/Eigenname, vermutlich nicht übersetzen","","new",""
"ui.stat.critChance.blurb","ui","+7 pp","","Stat-Kurzwert (critChance) — kompakter Chip · sehr kurz (Chip)","","new",""
"ui.stat.critChance.desc","ui","+7 Prozentpunkte Crit-Chance.","","Stat-Beschreibung (critChance) — Stat-Auswahl","","new",""
"ui.stat.critChance.label","ui","Crit-Chance","","Stat-Name (critChance) — Stat-Auswahl/StatusRail","","new",""
"ui.stat.critMult.blurb","ui","+0,25×","","Stat-Kurzwert (critMult) — kompakter Chip · sehr kurz (Chip)","","new",""
"ui.stat.critMult.desc","ui","+0,25× Crit-Multiplikator (auf Basis 1,5×).","","Stat-Beschreibung (critMult) — Stat-Auswahl","","new",""
"ui.stat.critMult.label","ui","Crit-Multiplikator","","Stat-Name (critMult) — Stat-Auswahl/StatusRail","","new",""
"ui.stat.formMult.blurb","ui","+5 %/Formation","","Stat-Kurzwert (formMult) — kompakter Chip · sehr kurz (Chip)","","new",""
"ui.stat.formMult.desc","ui","+5 % Score je aktiver Formation an der Siegposition (mehrere gleichzeitige Formationen stapeln).","","Stat-Beschreibung (formMult) — Stat-Auswahl","","new",""
"ui.stat.formMult.label","ui","Formations-Multiplikator","","Stat-Name (formMult) — Stat-Auswahl/StatusRail","","new",""
"ui.stat.streakMult.blurb","ui","+2 %/Serie","","Stat-Kurzwert (streakMult) — kompakter Chip · sehr kurz (Chip)","","new",""
"ui.stat.streakMult.desc","ui","+2 % Score je aktuellem Serienpunkt (bis +175 %).","","Stat-Beschreibung (streakMult) — Stat-Auswahl","","new",""
"ui.stat.streakMult.label","ui","Serien-Multiplikator","","Stat-Name (streakMult) — Stat-Auswahl/StatusRail","","new",""
"ui.statselect.current-critchance","ui","{prozent} % Crit-Chance (gesamt)","","„Aktuell“-Wert für den Crit-Chance-Stat (Gesamt-Crit inkl. Blitz/Perk) · Var.: {prozent} = Gesamt-Crit-Chance in %","","new",""
"ui.statselect.current-critmult","ui","×{faktor} Crit-Faktor","","„Aktuell“-Wert für den Crit-Faktor-Stat · Var.: {faktor} = Crit-Faktor (z. B. 1,50)","","new",""
"ui.statselect.current-formmult","ui","+{prozent} % bei aktiver Formation","","„Aktuell“-Wert für den Formations-Stat · Var.: {prozent} = Bonus in % bei aktiver Formation","","new",""
"ui.statselect.current-prefix","ui","Aktuell: {wert}","","Prefix vor dem aktuellen akkumulierten Stat-Wert auf jeder Stat-Karte · Var.: {wert} = aktueller Stat-Wert (siehe current-* Zeilen, z. B. „×1,50 Crit-Faktor“)","","new",""
"ui.statselect.current-streakmult","ui","+{prozent} % je Serienpunkt","","„Aktuell“-Wert für den Serien-Stat · Var.: {prozent} = Bonus in % je Serienpunkt","","new",""
"ui.statselect.eyebrow-round","ui","Runde {runde}","","Eyebrow der Stat-Wahl ab Runde 1 · Var.: {runde} = aktuelle Rundennummer","","new",""
"ui.statselect.eyebrow-start","ui","Start","","Eyebrow bei der allerersten Stat-Wahl","","new",""
"ui.statselect.heading","ui","Wähle einen Stat","","Überschrift (h2) der Stat-Auswahl","","new",""
"ui.statselect.subtitle","ui","Dauerhaft · stapelbar · ohne Obergrenze","","Untertitel der Stat-Auswahl","","new",""
"ui.statsscreen.bestbuild-details","ui","Details anzeigen","","Tooltip am „Bestes Build""-Button (öffnet Lauf-Details)","","new",""
"ui.statsscreen.close","ui","Schließen","","Schließen-Button des Statistik-Hubs","","new",""
"ui.statsscreen.exp-aria","ui","experimentell","","aria-label des „exp""-Markers am Master-Reiter · aria-label, von der Heuristik verpasst","","new",""
"ui.statsscreen.exp-badge","ui","exp","","Kurz-Badge „experimentell"" am Master-Reiter","3","new",""
"ui.statsscreen.run-details","ui","Details anzeigen","","Tooltip an einer Lauf-Zeile (öffnet Lauf-Details)","","new",""
"ui.statsscreen.tab-challenges","ui","Challenges","","Reiter im Statistik-Hub (Challenges/Seeds)","","new",""
"ui.statsscreen.tab-master","ui","Master","","Reiter im Statistik-Hub (Master/Meisterränge)","","new",""
"ui.statsscreen.tab-overview","ui","Übersicht","","Reiter im Statistik-Hub (Übersicht)","","new",""
"ui.statsscreen.title","ui","Statistiken","","Titel (Überschrift) des Statistik-Hub-Overlays","","new",""
"ui.statusrail.best-streak","ui","best {n}×","","Kleine Zusatzangabe „beste Serie“ neben der aktuellen Serie in der StatusRail · Var.: {n} = beste Siegesserie bisher (Zahl)","","new",""
"ui.statusrail.crit","ui","Crit","","Label des Crit-Multiplikators in der StatusRail","","new",""
"ui.statusrail.crit-chance","ui","Crit-Chance","","Label der Gesamt-Crit-Chance in % in der StatusRail","","new",""
"ui.statusrail.crits","ui","Crits","","Label der Anzahl bisher erzielter Crits in der StatusRail","","new",""
"ui.statusrail.deck-position","ui","Deck-Position","","Label des Deck-Positions-Balkens (aktuelle Position im Durchlauf)","","new",""
"ui.statusrail.erster-lauf","ui","erster Lauf","","Sparkline-Legende, wenn noch kein Rekord existiert (erster Lauf)","","new",""
"ui.statusrail.form-stat","ui","Form-Stat","","Label des Formations-Stats in der StatusRail · Abkürzung von „Formations-Stat“","","new",""
"ui.statusrail.form-stat-title","ui","Formations-Stat: +5 % Score je Pick bei aktiver Formation (ab Phase mit Formationen wirksam)","","Tooltip zum Formations-Stat in der StatusRail","","new",""
"ui.statusrail.formation","ui","Formation","","Label des Formations-Bonus (Anzahl + Summen-%) in der StatusRail","","new",""
"ui.statusrail.gebaeude","ui","Gebäude","","Label des Architekt-Gebäude-Bonus in % in der StatusRail","","new",""
"ui.statusrail.gebaeude-title","ui","Summe aller Gebäude-Boni in %: Wert-Boosts (relativ zum Kartenwert) + Struktur-/Schatzkammer-Multiplikatoren","","Tooltip auf dem Gebäude-Bonus in der StatusRail","","new",""
"ui.statusrail.jackpot","ui","Jackpot","","Zusatz-Label bei Perk L5 (Jackpot-Crit), neben dem Crit-Mult","","new",""
"ui.statusrail.lauf","ui","Lauf","","Sparkline-Legende: Farbe für den aktuellen Lauf","","new",""
"ui.statusrail.rekord","ui","Rekord","","Sparkline-Legende: Farbe für den Rekord/Geist-Lauf","","new",""
"ui.statusrail.score-verlauf","ui","Score-Verlauf","","Überschrift der Sparkline (Score-Verlauf: aktueller Lauf vs. Rekord)","","new",""
"ui.statusrail.serie","ui","Serie","","Label der Serien-Kennzahl (aktuelle Siegesserie) in der StatusRail","","new",""
"ui.statusrail.serien-stat","ui","Serien-Stat","","Label des Serien-Stats (Score je Serienpunkt) in der StatusRail","","new",""
"ui.statusrail.serien-stat-title","ui","Serien-Stat: +0,5 % Score je Pick pro aktuellem Serienpunkt","","Tooltip zum Serien-Stat in der StatusRail","","new",""
"ui.statusrail.siege","ui","Siege","","Label der gewonnenen Stiche (grün) in der StatusRail","","new",""
"ui.statusrail.siegquote","ui","Siegquote","","Label der Stich-Siegquote in %","","new",""
"ui.statusrail.stiche","ui","Stiche","","Label der Kennzahl „Anzahl gespielter Stiche“","","new",""
"ui.statusrail.verluste","ui","Verl.","","Label der verlorenen Stiche (rot) in der StatusRail · Abkürzung für „Verluste“, kurz halten","","new",""
"ui.suit.B.name","ui","Blau","","Kartenfarbe (B) — Farb-/Formationsanzeige","","new",""
"ui.suit.G.name","ui","Grün","","Kartenfarbe (G) — Farb-/Formationsanzeige","","new",""
"ui.suit.R.name","ui","Rot","","Kartenfarbe (R) — Farb-/Formationsanzeige","","new",""
"ui.suit.Y.name","ui","Gelb","","Kartenfarbe (Y) — Farb-/Formationsanzeige","","new",""
"ui.targetselect.card-plural","ui","Karten","","Mehrzahl in der Überschrift „Wähle {n} Karten“","","new",""
"ui.targetselect.card-singular","ui","Karte","","Einzahl in der Überschrift „Wähle {n} Karte“","","new",""
"ui.targetselect.confirm-button","ui","Bestätigen","","Bestätigen-Button der Rollen-Zielauswahl","","new",""
"ui.targetselect.eyebrow-role","ui","Rolle · {rolle}","","Eyebrow über der Kartenrollen-Zielauswahl · Var.: {rolle} = Name des Ziel-Perks/der Rolle","","new",""
"ui.targetselect.selection-counter","ui","{gewählt} / {benötigt} gewählt","","Zähler gewählter/benötigter Karten über dem Bestätigen-Button · Var.: {gewählt} = Anzahl aktuell gewählter Karten; {benötigt} = benötigte Anzahl","","new",""
"ui.usernamemodal.cancel-button","ui","Abbrechen","","Abbrechen-Button (nur beim Ändern sichtbar)","","new",""
"ui.usernamemodal.eyebrow-change","ui","Name ändern","","Eyebrow beim späteren Ändern des Namens","","new",""
"ui.usernamemodal.eyebrow-welcome","ui","Willkommen","","Eyebrow bei der Erst-Einrichtung des Namens","","new",""
"ui.usernamemodal.heading-change","ui","Dein Name","","Überschrift (h2) beim späteren Ändern","","new",""
"ui.usernamemodal.heading-first","ui","Wähle deinen Namen","","Überschrift (h2) bei der Erst-Einrichtung","","new",""
"ui.usernamemodal.input-hint","ui","1–20 Zeichen · erscheint im globalen Highscore. Jederzeit im Menü änderbar.","","Hinweis unter dem Namens-Eingabefeld","","new",""
"ui.usernamemodal.input-placeholder","ui","Dein Name","","Placeholder im Namens-Eingabefeld","","new",""
