"id","category","de","en","context","limit","status","note"
"ability.SK_FIRE_01.desc","ability","Siege mit Wertvorsprung geben +50 % mehr Hitze (Hitzegewinn ×1,5).","","Skill-Beschreibung (Feuer) — Skill-Auswahl/Detailkarte","","new",""
"ability.SK_FIRE_01.name","ability","Glut","","Skill-Name (Feuer) — Skill-Auswahl/Detailkarte","","new",""
"ability.SK_FIRE_02.desc","ability","Jeder Sieg gibt +2 % Hitze — auch bei knappem Vorsprung.","","Skill-Beschreibung (Feuer) — Skill-Auswahl/Detailkarte","","new",""
"ability.SK_FIRE_02.name","ability","Zunder","","Skill-Name (Feuer) — Skill-Auswahl/Detailkarte","","new",""
"ability.SK_FIRE_03.desc","ability","Jeder Sieg in Folge gibt +1 % mehr Hitze (bis +5 %); eine Niederlage setzt zurück.","","Skill-Beschreibung (Feuer) — Skill-Auswahl/Detailkarte","","new",""
"ability.SK_FIRE_03.name","ability","Feuersturm","","Skill-Name (Feuer) — Skill-Auswahl/Detailkarte","","new",""
"ability.SK_FIRE_04.desc","ability","Niederlagen kosten nur 50 % der Hitze; unter 30 % Hitze gar keine.","","Skill-Beschreibung (Feuer) — Skill-Auswahl/Detailkarte","","new",""
"ability.SK_FIRE_04.name","ability","Glutbett","","Skill-Name (Feuer) — Skill-Auswahl/Detailkarte","","new",""
"ability.SK_FIRE_05.desc","ability","Nach einer Niederlage gibt der nächste Sieg +1 % Hitze je Punkt Wert-Rückstand und der Siegkarte +2 Stichwert.","","Skill-Beschreibung (Feuer) — Skill-Auswahl/Detailkarte","","new",""
"ability.SK_FIRE_05.name","ability","Rückzündung","","Skill-Name (Feuer) — Skill-Auswahl/Detailkarte","","new",""
"ability.SK_FIRE_06.desc","ability","Alle deine Karten bekommen Stichwert nach Hitze: +1 ab 40 %, +2 ab 70 %, +3 bei 100 %.","","Skill-Beschreibung (Feuer) — Skill-Auswahl/Detailkarte","","new",""
"ability.SK_FIRE_06.name","ability","Glühende Klinge","","Skill-Name (Feuer) — Skill-Auswahl/Detailkarte","","new",""
"ability.SK_FIRE_07.desc","ability","Bei voller Hitze wird jeder weitere Hitzegewinn zu Score: +10 Score je überlaufendem Hitzepunkt.","","Skill-Beschreibung (Feuer) — Skill-Auswahl/Detailkarte","","new",""
"ability.SK_FIRE_07.name","ability","Weißglut","","Skill-Name (Feuer) — Skill-Auswahl/Detailkarte","","new",""
"ability.SK_FIRE_08.desc","ability","Ab 40 % Hitze gibt jeder Sieg in Folge der nächsten Karte +1 Stichwert (steigend bis +3); eine Niederlage setzt zurück.","","Skill-Beschreibung (Feuer) — Skill-Auswahl/Detailkarte","","new",""
"ability.SK_FIRE_08.name","ability","Feuerwalze","","Skill-Name (Feuer) — Skill-Auswahl/Detailkarte","","new",""
"ability.SK_FIRE_09.desc","ability","Großer Wertvorsprung gibt mehr Feuer-Score: ×1,5 ab 8, ×2 ab 12 Wertvorsprung.","","Skill-Beschreibung (Feuer) — Skill-Auswahl/Detailkarte","","new",""
"ability.SK_FIRE_09.name","ability","Verbrennung","","Skill-Name (Feuer) — Skill-Auswahl/Detailkarte","","new",""
"ability.SK_FIRE_10.desc","ability","Jeder Sieg unter 8 Wertvorsprung legt seinen Feuer-Score in einen Speicher. Ein Sieg mit ≥8 Vorsprung schüttet den Speicher aus und leert ihn; eine Niederlage halbiert ihn.","","Skill-Beschreibung (Feuer) — Skill-Auswahl/Detailkarte","","new",""
"ability.SK_FIRE_10.name","ability","Funkenflug","","Skill-Name (Feuer) — Skill-Auswahl/Detailkarte","","new",""
"ability.SK_FIRE_11.desc","ability","Ab 80 % Hitze verbrennt der nächste Sieg deine ganze Hitze für +12 Score je Hitzepunkt (voll ≈ +1.200).","","Skill-Beschreibung (Feuer) — Skill-Auswahl/Detailkarte","","new",""
"ability.SK_FIRE_11.name","ability","Flächenbrand","","Skill-Name (Feuer) — Skill-Auswahl/Detailkarte","","new",""
"ability.SK_FIRE_12.desc","ability","Vor jedem Stich −10 % Hitze; bei Sieg +50 Score.","","Skill-Beschreibung (Feuer) — Skill-Auswahl/Detailkarte","","new",""
"ability.SK_FIRE_12.name","ability","Schmelzpunkt","","Skill-Name (Feuer) — Skill-Auswahl/Detailkarte","","new",""
"ability.SK_FIRE_13.desc","ability","Jeder Sieg brandmarkt eine Gegnerkarte (−1 Wert) und gibt +1 Asche.","","Skill-Beschreibung (Feuer) — Skill-Auswahl/Detailkarte","","new",""
"ability.SK_FIRE_13.name","ability","Brandmal","","Skill-Name (Feuer) — Skill-Auswahl/Detailkarte","","new",""
"ability.SK_FIRE_14.desc","ability","Verstärker: Brände greifen auf eine Nachbarkarte über (−1 Wert) und geben +1 Asche.","","Skill-Beschreibung (Feuer) — Skill-Auswahl/Detailkarte","","new",""
"ability.SK_FIRE_14.name","ability","Lauffeuer","","Skill-Name (Feuer) — Skill-Auswahl/Detailkarte","","new",""
"ability.SK_FIRE_15.desc","ability","Am Ende jedes Durchlaufs: solange du ≥20 Asche hast, erhält jeweils deine niedrigste Karte dauerhaft +3 Kartenwert. Ist die Schmiede voll, verglüht weitere Asche als Ascheglut zu +2.000 Score je 20 Asche. (Schmelzofen senkt die Asche-Kosten ab 50 % Hitze.)","","Skill-Beschreibung (Feuer) — Skill-Auswahl/Detailkarte","","new",""
"ability.SK_FIRE_15.name","ability","Ascheschmiede","","Skill-Name (Feuer) — Skill-Auswahl/Detailkarte","","new",""
"ability.SK_FIRE_16.desc","ability","Verstärker: Geschmiedete Karten geben bei Sieg +12 Score je geschmiedetem Wert.","","Skill-Beschreibung (Feuer) — Skill-Auswahl/Detailkarte","","new",""
"ability.SK_FIRE_16.name","ability","Glutstahl","","Skill-Name (Feuer) — Skill-Auswahl/Detailkarte","","new",""
"ability.SK_FIRE_17.desc","ability","Ab 50 % Hitze brennen Brände zusätzlich −1 Wert und geben +1 Asche extra; Schmieden kostet 25 % weniger Asche.","","Skill-Beschreibung (Feuer) — Skill-Auswahl/Detailkarte","","new",""
"ability.SK_FIRE_17.name","ability","Schmelzofen","","Skill-Name (Feuer) — Skill-Auswahl/Detailkarte","","new",""
"ability.SK_FIRE_L01.desc","ability","Endet ein Durchlauf mit ≥60 % Hitze, erhält jede Karte unter Wert 9 dauerhaft +2 Kartenwert.","","Skill-Beschreibung (Feuer, legendär) — Skill-Auswahl/Detailkarte","","new",""
"ability.SK_FIRE_L01.name","ability","Sonnenkern","","Skill-Name (Feuer, legendär) — Skill-Auswahl/Detailkarte","","new",""
"ability.SK_FIRE_L02.desc","ability","Niederlagen kosten keine Hitze, sondern geben +8 % Hitze je Rückstandspunkt. Sinkt deine Hitze durch Verbrauch auf 0, entzündet sie sich 1×/Durchlauf auf 40 % neu.","","Skill-Beschreibung (Feuer, legendär) — Skill-Auswahl/Detailkarte","","new",""
"ability.SK_FIRE_L02.name","ability","Phönixfeuer","","Skill-Name (Feuer, legendär) — Skill-Auswahl/Detailkarte","","new",""
"ability.SK_FIRE_L03.desc","ability","Dein gesamter Sieg-Score wird mit deiner höchsten je gehaltenen Hitze multipliziert: +1,3 % je Peak-Prozent (Peak 100 → ×2,3).","","Skill-Beschreibung (Feuer, legendär) — Skill-Auswahl/Detailkarte","","new",""
"ability.SK_FIRE_L03.name","ability","Sonnenzorn","","Skill-Name (Feuer, legendär) — Skill-Auswahl/Detailkarte","","new",""
"ability.SK_FIRE_L04.desc","ability","Schmiedet ohne Asche jeden Durchlauf deine niedrigste Karte (+3 Wert, bis 4 Karten). Geschmiedete Karten kämpfen mit +5 Wert. Jeder Sieg gibt +14 Score je Punkt Gesamt-Schmiedewert. Kein Ascheverbrauch.","","Skill-Beschreibung (Feuer, legendär) — Skill-Auswahl/Detailkarte","","new",""
"ability.SK_FIRE_L04.name","ability","Damaststahl","","Skill-Name (Feuer, legendär) — Skill-Auswahl/Detailkarte","","new",""
"ability.SK_ICE_01.desc","ability","Ein Gletscher-Sieg gibt +1 Masse extra; siegt der Gletscher in einer Formation, zusätzlich +2.","","Skill-Beschreibung (Eis) — Skill-Auswahl/Detailkarte","","new",""
"ability.SK_ICE_01.name","ability","Anfrieren","","Skill-Name (Eis) — Skill-Auswahl/Detailkarte","","new",""
"ability.SK_ICE_02.desc","ability","Gewinnt ein Gletscher, sät er +2 Firn in die Boden-Reserve eines angrenzenden offenen Feldes — zusätzlich, ohne eigene Masse abzugeben; nur bei 0 eigener Masse gibt er stattdessen seine Sieg-Masse ab. Nur offener Boden (nie unter einen Gletscher), nur die 4 direkten Nachbarn, Eisbrücke zählt hier nicht.","","Skill-Beschreibung (Eis) — Skill-Auswahl/Detailkarte","","new",""
"ability.SK_ICE_02.name","ability","Schneetreiben","","Skill-Name (Eis) — Skill-Auswahl/Detailkarte","","new",""
"ability.SK_ICE_03.desc","ability","Jeden Durchlauf frostet offener Boden zu: ungefrorene Felder sammeln Firn in ihrer Boden-Reserve nach Abstand zum nächsten Gletscher — +1 bei 2 Feldern Abstand, +2 ab 3. Die 8 Felder direkt um einen Gletscher bleiben leer. Die Reserve füllt einen später hier gefrorenen Gletscher zum Durchlauf-Beginn wieder auf.","","Skill-Beschreibung (Eis) — Skill-Auswahl/Detailkarte","","new",""
"ability.SK_ICE_03.name","ability","Dauerfrost","","Skill-Name (Eis) — Skill-Auswahl/Detailkarte","","new",""
"ability.SK_ICE_04.desc","ability","Erhöht ein Gebäude die Kartenstärke einer Gletscher-Karte, wird dieser Wert-Bonus nicht ausgespielt (die Karte kämpft ohne ihn), sondern in Masse getankt: +0,25 Masse je Punkt. Score-Gebäude bleiben unberührt.","","Skill-Beschreibung (Eis) — Skill-Auswahl/Detailkarte","","new",""
"ability.SK_ICE_04.name","ability","Verdichtung","","Skill-Name (Eis) — Skill-Auswahl/Detailkarte","","new",""
"ability.SK_ICE_05.desc","ability","Zu Durchlauf-Beginn heben angrenzende Gletscher einander auf den Masse-Durchschnitt ihres Clusters — nur anhebend, nie fallend.","","Skill-Beschreibung (Eis) — Skill-Auswahl/Detailkarte","","new",""
"ability.SK_ICE_05.name","ability","Verschmelzen","","Skill-Name (Eis) — Skill-Auswahl/Detailkarte","","new",""
"ability.SK_ICE_06.desc","ability","Jeden Durchlauf gewinnt ein Gletscher +0,5 Masse je Gletscher-Nachbar.","","Skill-Beschreibung (Eis) — Skill-Auswahl/Detailkarte","","new",""
"ability.SK_ICE_06.name","ability","Packeis","","Skill-Name (Eis) — Skill-Auswahl/Detailkarte","","new",""
"ability.SK_ICE_07.desc","ability","Zählt auch die vier Diagonalen als angrenzend (8-Nachbarschaft) — verbindet zersplitterte Felder zu einem Cluster (wirkt auf Bruch, Kollision und Cluster-Größe).","","Skill-Beschreibung (Eis) — Skill-Auswahl/Detailkarte","","new",""
"ability.SK_ICE_07.name","ability","Eisbrücke","","Skill-Name (Eis) — Skill-Auswahl/Detailkarte","","new",""
"ability.SK_ICE_08.desc","ability","Eine komplett gefrorene Reihe oder Spalte (die Linien-Formation) verstärkt das Bersten aller ihrer Gletscher: ×1,6 statt ×1,3.","","Skill-Beschreibung (Eis) — Skill-Auswahl/Detailkarte","","new",""
"ability.SK_ICE_08.name","ability","Eiswall","","Skill-Name (Eis) — Skill-Auswahl/Detailkarte","","new",""
"ability.SK_ICE_09.desc","ability","Jeden Durchlauf gewinnt jeder Gletscher +0,25 Masse je Gletscher im verbundenen Cluster.","","Skill-Beschreibung (Eis) — Skill-Auswahl/Detailkarte","","new",""
"ability.SK_ICE_09.name","ability","Verzahnung","","Skill-Name (Eis) — Skill-Auswahl/Detailkarte","","new",""
"ability.SK_ICE_10.desc","ability","Höhere Masse-Schwellen bersten steiler: Wucht ×1,8 / ×3 an der 2. / 3. Schwelle (statt ×1,5 / ×2,2).","","Skill-Beschreibung (Eis) — Skill-Auswahl/Detailkarte","","new",""
"ability.SK_ICE_10.name","ability","Abbruchkante","","Skill-Name (Eis) — Skill-Auswahl/Detailkarte","","new",""
"ability.SK_ICE_11.desc","ability","Bricht ein Gletscher, zwingt er angrenzende Gletscher, sofort mitzubrechen — auch wenn sie die Schwelle nicht erreicht hätten.","","Skill-Beschreibung (Eis) — Skill-Auswahl/Detailkarte","","new",""
"ability.SK_ICE_11.name","ability","Kettenbruch","","Skill-Name (Eis) — Skill-Auswahl/Detailkarte","","new",""
"ability.SK_ICE_12.desc","ability","Trifft ein Bruch einen Gletscher-Nachbarn, zählt die Kollision stärker: Faktor ×2 statt ×1,5.","","Skill-Beschreibung (Eis) — Skill-Auswahl/Detailkarte","","new",""
"ability.SK_ICE_12.name","ability","Zermalmen","","Skill-Name (Eis) — Skill-Auswahl/Detailkarte","","new",""
"ability.SK_ICE_13.desc","ability","Instabiles Eis: ein Gletscher bricht schon ab 6 Masse (statt 12).","","Skill-Beschreibung (Eis) — Skill-Auswahl/Detailkarte","","new",""
"ability.SK_ICE_13.name","ability","Rissbildung","","Skill-Name (Eis) — Skill-Auswahl/Detailkarte","","new",""
"ability.SK_ICE_14.desc","ability","Je mehr Gletscher im selben Durchlauf brechen, desto stärker jeder Bruch: +5 % je brechendem Gletscher.","","Skill-Beschreibung (Eis) — Skill-Auswahl/Detailkarte","","new",""
"ability.SK_ICE_14.name","ability","Gletschersturz","","Skill-Name (Eis) — Skill-Auswahl/Detailkarte","","new",""
"ability.SK_ICE_15.desc","ability","Bricht ein Gletscher auf eine Gegnerkarte, verliert diese ihren Stich im nächsten Durchlauf.","","Skill-Beschreibung (Eis) — Skill-Auswahl/Detailkarte","","new",""
"ability.SK_ICE_15.name","ability","Einfrieren","","Skill-Name (Eis) — Skill-Auswahl/Detailkarte","","new",""
"ability.SK_ICE_16.desc","ability","Bricht ein Gletscher, werden seine Nicht-Eis-Nachbarn verstärkt: +3 Stichwert im nächsten Durchlauf. Mit Eisbrücke reicht der Buff auf die 8er-Nachbarschaft (inkl. Diagonalen).","","Skill-Beschreibung (Eis) — Skill-Auswahl/Detailkarte","","new",""
"ability.SK_ICE_16.name","ability","Frostbund","","Skill-Name (Eis) — Skill-Auswahl/Detailkarte","","new",""
"ability.SK_ICE_17.desc","ability","Eine Niederlage neben einem Gletscher bricht deine Serie nicht — und füttert stattdessen +1 Masse je angrenzendem Gletscher.","","Skill-Beschreibung (Eis) — Skill-Auswahl/Detailkarte","","new",""
"ability.SK_ICE_17.name","ability","Eispanzer","","Skill-Name (Eis) — Skill-Auswahl/Detailkarte","","new",""
"ability.SK_ICE_L01.desc","ability","Jeden Durchlauf: +3 Firn in die Boden-Reserve jedes ungefrorenen Felds, dann friert das reservestärkste davon zum Gletscher ein (startet leer, füllt sich aus seiner Reserve nach) — bis zu 16 Gletscher.","","Skill-Beschreibung (Eis, legendär) — Skill-Auswahl/Detailkarte","","new",""
"ability.SK_ICE_L01.name","ability","Eiszeit","","Skill-Name (Eis, legendär) — Skill-Auswahl/Detailkarte","","new",""
"ability.SK_ICE_L02.desc","ability","Das ganze Feld wird zu EINEM Übergletscher. Jeden Durchlauf ziehen alle deine Gletscher auf die Masse des stärksten hoch und bekommen +3 Masse obendrauf (nie fallend). Beim Bruch gilt jeder Gletscher als Nachbar aller anderen — volle Kaskade und Kollision, egal wo sie liegen. Anordnung wird bedeutungslos, nur die stärkste Masse zählt.","","Skill-Beschreibung (Eis, legendär) — Skill-Auswahl/Detailkarte","","new",""
"ability.SK_ICE_L02.name","ability","Ewiges Schild","","Skill-Name (Eis, legendär) — Skill-Auswahl/Detailkarte","","new",""
"ability.SK_ICE_L03.desc","ability","Im letzten Durchlauf brechen ALLE deine Gletscher auf einen Schlag — auch die noch nicht vollen —, jeder mit der Wucht der höchsten Schwelle und massiv verstärkt. Bis dahin lohnt sich Horten: mehr Gletscher, mehr Masse = ein umso gewaltigerer Schlag.","","Skill-Beschreibung (Eis, legendär) — Skill-Auswahl/Detailkarte","","new",""
"ability.SK_ICE_L03.name","ability","Große Lawine","","Skill-Name (Eis, legendär) — Skill-Auswahl/Detailkarte","","new",""
"ability.SK_ICE_L04.desc","ability","Der Gegner erstarrt: jede vom Bruch getroffene Gegnerkarte verliert ihren Stich, und der Bruch greift über die vier Nachbarn hinaus weiter ins Gegnerfeld. Dazu zählt jeder Bruch ×3 Score.","","Skill-Beschreibung (Eis, legendär) — Skill-Auswahl/Detailkarte","","new",""
"ability.SK_ICE_L04.name","ability","Erstarrung","","Skill-Name (Eis, legendär) — Skill-Auswahl/Detailkarte","","new",""
"ability.SK_LIGHTNING_01.desc","ability","Jeder Crit erzeugt +1 zusätzliche Ladung (über die Grund-Ladung des Archetyps hinaus); zudem gibt jeder volle Ladungsverbrauch +1 Ladung zurück.","","Skill-Beschreibung (Blitz) — Skill-Auswahl/Detailkarte","","new",""
"ability.SK_LIGHTNING_01.name","ability","Blitzableiter","","Skill-Name (Blitz) — Skill-Auswahl/Detailkarte","","new",""
"ability.SK_LIGHTNING_02.desc","ability","Bei voller Ladung: 2 ungespielte Karten ionisieren (+1 je Blitz-Skill über 2), dann Ladung leeren.

▸ Sieg mit ionisierter Karte: +12 Score je Stapel.
▸ Jeder Stapel im Deck: +2 % Crit-Chance für alle Karten (max +18 %).
▸ Sind ~85 % der Karten ionisiert: alle Karten +1 Wert.
▸ Sind ~85 % voll ionisiert: Überschlag holt doppelt so viel Ladung aus überschüssiger Crit-Chance.","","Skill-Beschreibung (Blitz) — Skill-Auswahl/Detailkarte","","new",""
"ability.SK_LIGHTNING_02.name","ability","Ionisierung","","Skill-Name (Blitz) — Skill-Auswahl/Detailkarte","","new",""
"ability.SK_LIGHTNING_03.desc","ability","Verstärker: Jede Ionisierung erfasst +2 weitere Karten.","","Skill-Beschreibung (Blitz) — Skill-Auswahl/Detailkarte","","new",""
"ability.SK_LIGHTNING_03.name","ability","Kettenblitz","","Skill-Name (Blitz) — Skill-Auswahl/Detailkarte","","new",""
"ability.SK_LIGHTNING_04.desc","ability","Ein Crit auf oder direkt neben einer ionisierten Karte erzeugt +3 Ladung.","","Skill-Beschreibung (Blitz) — Skill-Auswahl/Detailkarte","","new",""
"ability.SK_LIGHTNING_04.name","ability","Überspannung","","Skill-Name (Blitz) — Skill-Auswahl/Detailkarte","","new",""
"ability.SK_LIGHTNING_05.desc","ability","Nach jedem vollen Ladungsverbrauch bleiben 4 Ladungen erhalten (statt 0).","","Skill-Beschreibung (Blitz) — Skill-Auswahl/Detailkarte","","new",""
"ability.SK_LIGHTNING_05.name","ability","Reststrom","","Skill-Name (Blitz) — Skill-Auswahl/Detailkarte","","new",""
"ability.SK_LIGHTNING_06.desc","ability","Jeder volle Ladungsverbrauch gibt dauerhaft +1 % Crit-Chance (bis +50 %). Der Überschuss über 100 % fließt über Überschlag zurück in Ladung.","","Skill-Beschreibung (Blitz) — Skill-Auswahl/Detailkarte","","new",""
"ability.SK_LIGHTNING_06.name","ability","Gewitterfront","","Skill-Name (Blitz) — Skill-Auswahl/Detailkarte","","new",""
"ability.SK_LIGHTNING_07.desc","ability","Jeder Serienpunkt gibt +2 % Crit-Chance (bis +30 %). Verbraucht keine Ladung.","","Skill-Beschreibung (Blitz) — Skill-Auswahl/Detailkarte","","new",""
"ability.SK_LIGHTNING_07.name","ability","Ladungsserie","","Skill-Name (Blitz) — Skill-Auswahl/Detailkarte","","new",""
"ability.SK_LIGHTNING_08.desc","ability","Jeder Sieg ohne Crit erzeugt +1 Ladung; zusätzlich gibt jeder volle Ladungsverbrauch +40 Direkt-Score.","","Skill-Beschreibung (Blitz) — Skill-Auswahl/Detailkarte","","new",""
"ability.SK_LIGHTNING_08.name","ability","Statische Aufladung","","Skill-Name (Blitz) — Skill-Auswahl/Detailkarte","","new",""
"ability.SK_LIGHTNING_09.desc","ability","Gewinnst du mit einer voll ionisierten Karte (5 Stapel), kurzschließt sie: +250 Score und +3 Ladung — bei jedem Sieg, ohne die Stapel zu verlieren.","","Skill-Beschreibung (Blitz) — Skill-Auswahl/Detailkarte","","new",""
"ability.SK_LIGHTNING_09.name","ability","Kurzschluss","","Skill-Name (Blitz) — Skill-Auswahl/Detailkarte","","new",""
"ability.SK_LIGHTNING_10.desc","ability","Jeder volle Ladungsverbrauch gibt dauerhaft +0,1× Crit-Multiplikator (bis +1×).","","Skill-Beschreibung (Blitz) — Skill-Auswahl/Detailkarte","","new",""
"ability.SK_LIGHTNING_10.name","ability","Entladung","","Skill-Name (Blitz) — Skill-Auswahl/Detailkarte","","new",""
"ability.SK_LIGHTNING_11.desc","ability","Trifft eine Ionisierung eine bereits volle Karte (5 Stapel), verpufft sie normalerweise. Stattdessen gibt sie jetzt +2 Stichwert (nur beim nächsten Auftauchen) und +1 Ladung.","","Skill-Beschreibung (Blitz) — Skill-Auswahl/Detailkarte","","new",""
"ability.SK_LIGHTNING_11.name","ability","Blitzfänger","","Skill-Name (Blitz) — Skill-Auswahl/Detailkarte","","new",""
"ability.SK_LIGHTNING_12.desc","ability","Gewinnt eine ionisierte Karte, springt ein Ionisierungsstapel bevorzugt auf eine noch nicht ionisierte Karte (0 Stapel) — treibt die Breite Richtung Voll-Ionisierung. Gibt es keine, auf den nächsten nicht-vollen Nachfolger.","","Skill-Beschreibung (Blitz) — Skill-Auswahl/Detailkarte","","new",""
"ability.SK_LIGHTNING_12.name","ability","Breitenbeschleuniger","","Skill-Name (Blitz) — Skill-Auswahl/Detailkarte","","new",""
"ability.SK_LIGHTNING_13.desc","ability","Jeder Sieg ohne Crit gibt +5 % Crit-Chance für den nächsten Sieg (bis +50 %); ein Crit entlädt den Stau und setzt ihn zurück.","","Skill-Beschreibung (Blitz) — Skill-Auswahl/Detailkarte","","new",""
"ability.SK_LIGHTNING_13.name","ability","Spannungsstau","","Skill-Name (Blitz) — Skill-Auswahl/Detailkarte","","new",""
"ability.SK_LIGHTNING_14.desc","ability","Crit-Chance über 100 % verfällt nicht — sie wird bei jedem Sieg in Ladung umgewandelt: je 10 Prozentpunkte über 100 % gibt es +1 Ladung. Sind ~85 % der Karten voll ionisiert (Voll-Tiefe), reichen 5 Prozentpunkte je Ladung.","","Skill-Beschreibung (Blitz) — Skill-Auswahl/Detailkarte","","new",""
"ability.SK_LIGHTNING_14.name","ability","Überschlag","","Skill-Name (Blitz) — Skill-Auswahl/Detailkarte","","new",""
"ability.SK_LIGHTNING_15.desc","ability","Jeder Crit ionisiert die gewonnene Karte (+1 Stapel).","","Skill-Beschreibung (Blitz) — Skill-Auswahl/Detailkarte","","new",""
"ability.SK_LIGHTNING_15.name","ability","Blitzschlag","","Skill-Name (Blitz) — Skill-Auswahl/Detailkarte","","new",""
"ability.SK_LIGHTNING_16.desc","ability","Jeder Sieg in Folge gibt +1 Ladung je 3 Serienpunkte (höchstens +3/Sieg). Jeder volle Verbrauch gibt zudem dauerhaft +2 % Crit-Chance (bis +40 %).","","Skill-Beschreibung (Blitz) — Skill-Auswahl/Detailkarte","","new",""
"ability.SK_LIGHTNING_16.name","ability","Dauerstrom","","Skill-Name (Blitz) — Skill-Auswahl/Detailkarte","","new",""
"ability.SK_LIGHTNING_17.desc","ability","Verlierst du einen Stich, während du mindestens die halbe Ladung (50 %) hast, bricht deine Serie nicht — dafür wird diese Ladung verbraucht.","","Skill-Beschreibung (Blitz) — Skill-Auswahl/Detailkarte","","new",""
"ability.SK_LIGHTNING_17.name","ability","Serienschutz","","Skill-Name (Blitz) — Skill-Auswahl/Detailkarte","","new",""
"ability.SK_LIGHTNING_L01.desc","ability","Konsumenten lösen schon bei 70 % Ladung aus (öfter entladen) und geben dauerhaft +0,4× Crit-Multiplikator.","","Skill-Beschreibung (Blitz, legendär) — Skill-Auswahl/Detailkarte","","new",""
"ability.SK_LIGHTNING_L01.name","ability","Donnergott","","Skill-Name (Blitz, legendär) — Skill-Auswahl/Detailkarte","","new",""
"ability.SK_LIGHTNING_L02.desc","ability","Bei vollem Ladungsverbrauch ionisiert der Konsument 3× so viele Karten. Zusätzlich gibt jeder Sieg mit einer ionisierten Karte +40 Score je Ionisierungsstapel auf dem Feld (bis 120 Stapel) — der Score-Anteil skaliert mit dem Blitz-Bekenntnis (voll bei reinem Blitz).","","Skill-Beschreibung (Blitz, legendär) — Skill-Auswahl/Detailkarte","","new",""
"ability.SK_LIGHTNING_L02.name","ability","Doppelentladung","","Skill-Name (Blitz, legendär) — Skill-Auswahl/Detailkarte","","new",""
"ability.SK_LIGHTNING_L03.desc","ability","Gewinnst du mit einer ionisierten Karte, bekommen beide ungespielten Nachbarkarten je +1 Ionisierungsstapel. Zusätzlich gibt jeder Sieg mit einer ionisierten Karte +130 Score je ionisierter Karte auf dem Feld (bis 30 Karten) — der Score-Anteil skaliert mit dem Blitz-Bekenntnis (voll bei reinem Blitz).","","Skill-Beschreibung (Blitz, legendär) — Skill-Auswahl/Detailkarte","","new",""
"ability.SK_LIGHTNING_L03.name","ability","Flächenionisation","","Skill-Name (Blitz, legendär) — Skill-Auswahl/Detailkarte","","new",""
"ability.SK_LIGHTNING_L04.desc","ability","Gewinnt eine voll ionisierte Karte (5 Stapel) mit Crit, gibt sie dauerhaft +0,18× Crit-Multiplikator (bis +2×).","","Skill-Beschreibung (Blitz, legendär) — Skill-Auswahl/Detailkarte","","new",""
"ability.SK_LIGHTNING_L04.name","ability","Durchschlag","","Skill-Name (Blitz, legendär) — Skill-Auswahl/Detailkarte","","new",""
"ability.SK_PLANT_02.desc","ability","Jeder Sieg einer grünen Karte gibt +15 Wurzel-Score, dazu einen Bonus, der mit dem Gesamtwachstum des Feldes steigt (max. +120 bei ~13.000 Wachstum).","","Skill-Beschreibung (Pflanze) — Skill-Auswahl/Detailkarte","","new",""
"ability.SK_PLANT_02.name","ability","Wurzeltiefe","","Skill-Name (Pflanze) — Skill-Auswahl/Detailkarte","","new",""
"ability.SK_PLANT_03.desc","ability","Verstärker: die Wurzel-Basis (15) ×2, wenn die grüne Karte in einer Formation gewinnt (Jahresringe und der Feld-Bonus bleiben unberührt).","","Skill-Beschreibung (Pflanze) — Skill-Auswahl/Detailkarte","","new",""
"ability.SK_PLANT_03.name","ability","Pfahlwurzel","","Skill-Name (Pflanze) — Skill-Auswahl/Detailkarte","","new",""
"ability.SK_PLANT_04.desc","ability","Verstärker: Je volle 10 eigenes Wachstum gibt eine grüne Karte bei ihrem Sieg +35 Wurzel-Score extra.","","Skill-Beschreibung (Pflanze) — Skill-Auswahl/Detailkarte","","new",""
"ability.SK_PLANT_04.name","ability","Jahresringe","","Skill-Name (Pflanze) — Skill-Auswahl/Detailkarte","","new",""
"ability.SK_PLANT_05.desc","ability","Gewinnt eine grüne Karte, sät sie beide Nachbarn: +1 Wachstum je Seite. Trimmen: beim Ersetzen dauerhaft +20 % Wurzel-/Blüten-Score (bis +150 %).","","Skill-Beschreibung (Pflanze) — Skill-Auswahl/Detailkarte","","new",""
"ability.SK_PLANT_05.name","ability","Aussaat","","Skill-Name (Pflanze) — Skill-Auswahl/Detailkarte","","new",""
"ability.SK_PLANT_06.desc","ability","Verstärker: Aussaat überspringt schon grüne Karten und sät die nächste noch-graue dahinter. Trimmen: beim Ersetzen dauerhaft +20 % Wurzel-/Blüten-Score (bis +150 %).","","Skill-Beschreibung (Pflanze) — Skill-Auswahl/Detailkarte","","new",""
"ability.SK_PLANT_06.name","ability","Flugsamen","","Skill-Name (Pflanze) — Skill-Auswahl/Detailkarte","","new",""
"ability.SK_PLANT_07.desc","ability","Die niedrigste Karte je Segment startet den Lauf mit +3 Wachstum Vorsprung. Trimmen: beim Ersetzen dauerhaft +20 % Wurzel-/Blüten-Score (bis +150 %).","","Skill-Beschreibung (Pflanze) — Skill-Auswahl/Detailkarte","","new",""
"ability.SK_PLANT_07.name","ability","Setzlingsbeet","","Skill-Name (Pflanze) — Skill-Auswahl/Detailkarte","","new",""
"ability.SK_PLANT_08.desc","ability","Unreife (graue) Karten wachsen auch bei Niederlage +1 — bis sie grün sind. Trimmen: beim Ersetzen dauerhaft +20 % Wurzel-/Blüten-Score (bis +150 %).","","Skill-Beschreibung (Pflanze) — Skill-Auswahl/Detailkarte","","new",""
"ability.SK_PLANT_08.name","ability","Zäher Halm","","Skill-Name (Pflanze) — Skill-Auswahl/Detailkarte","","new",""
"ability.SK_PLANT_09.desc","ability","Gewinnt eine grüne Karte, färbt sie einen noch-grauen Nachbarn sofort grün.","","Skill-Beschreibung (Pflanze) — Skill-Auswahl/Detailkarte","","new",""
"ability.SK_PLANT_09.name","ability","Ranken","","Skill-Name (Pflanze) — Skill-Auswahl/Detailkarte","","new",""
"ability.SK_PLANT_10.desc","ability","Gewinnt eine grüne Karte, deren Nachbarn schon grün sind, blüht sie: +15 Blüte-Score je grüner Karte im Segment.","","Skill-Beschreibung (Pflanze) — Skill-Auswahl/Detailkarte","","new",""
"ability.SK_PLANT_10.name","ability","Blüte","","Skill-Name (Pflanze) — Skill-Auswahl/Detailkarte","","new",""
"ability.SK_PLANT_11.desc","ability","Verstärker: Blüte-Score ×2, wenn die Karte in einer Formation gewinnt.","","Skill-Beschreibung (Pflanze) — Skill-Auswahl/Detailkarte","","new",""
"ability.SK_PLANT_11.name","ability","Blütezeit","","Skill-Name (Pflanze) — Skill-Auswahl/Detailkarte","","new",""
"ability.SK_PLANT_12.desc","ability","Grüne Karten in einer Formation geben zusätzlich ×1,08 Score.","","Skill-Beschreibung (Pflanze) — Skill-Auswahl/Detailkarte","","new",""
"ability.SK_PLANT_12.name","ability","Photosynthese","","Skill-Name (Pflanze) — Skill-Auswahl/Detailkarte","","new",""
"ability.SK_PLANT_13.desc","ability","In einem grünen Farbblock ab 4 Karten gibt jede grüne Karte bei Sieg zusätzlich +8 Score je Karte im Block (bis 10).","","Skill-Beschreibung (Pflanze) — Skill-Auswahl/Detailkarte","","new",""
"ability.SK_PLANT_13.name","ability","Blätterdach","","Skill-Name (Pflanze) — Skill-Auswahl/Detailkarte","","new",""
"ability.SK_PLANT_14.desc","ability","Ist das Feld ≥66 % grün, werden alle Farbblöcke stärker (+0,2 Faktor) und Blüte zählt doppelt.","","Skill-Beschreibung (Pflanze) — Skill-Auswahl/Detailkarte","","new",""
"ability.SK_PLANT_14.name","ability","Überwucherung","","Skill-Name (Pflanze) — Skill-Auswahl/Detailkarte","","new",""
"ability.SK_PLANT_15.desc","ability","Gewinnt eine grüne Karte, kolonisiert sie die niedrigste Gegnerkarte. Besiegst du eine kolonisierte Karte, erntest du +2 Wachstum. Trimmen: beim Ersetzen dauerhaft +20 % Wurzel-/Blüten-Score (bis +150 %).","","Skill-Beschreibung (Pflanze) — Skill-Auswahl/Detailkarte","","new",""
"ability.SK_PLANT_15.name","ability","Ausläufer","","Skill-Name (Pflanze) — Skill-Auswahl/Detailkarte","","new",""
"ability.SK_PLANT_16.desc","ability","Verstärker: Beim Ernten wird ein ebenfalls kolonisierter Gegner-Nachbar mitgeerntet — +2 Wachstum extra. Trimmen: beim Ersetzen dauerhaft +20 % Wurzel-/Blüten-Score (bis +150 %).","","Skill-Beschreibung (Pflanze) — Skill-Auswahl/Detailkarte","","new",""
"ability.SK_PLANT_16.name","ability","Rhizom","","Skill-Name (Pflanze) — Skill-Auswahl/Detailkarte","","new",""
"ability.SK_PLANT_17.desc","ability","Verstärker: Erntest du mit einer reifen Karte, gibt es zusätzlich +70 Score.","","Skill-Beschreibung (Pflanze) — Skill-Auswahl/Detailkarte","","new",""
"ability.SK_PLANT_17.name","ability","Erntedank","","Skill-Name (Pflanze) — Skill-Auswahl/Detailkarte","","new",""
"ability.SK_PLANT_18.desc","ability","Jeder Sieg einer grünen Karte gibt +15 Score je Kartenwert-Punkt über ihrem Startwert (max. +150 bei einer von Wert 1 auf 11 gewachsenen Karte). Karten gewinnen Wert nur bei Mono-Pflanze.","","Skill-Beschreibung (Pflanze) — Skill-Auswahl/Detailkarte","","new",""
"ability.SK_PLANT_18.name","ability","Kernholz","","Skill-Name (Pflanze) — Skill-Auswahl/Detailkarte","","new",""
"ability.SK_PLANT_L01.desc","ability","Am Ende jedes Durchlaufs wächst der ganze Wald (+1 Wachstum je 5 grüne Karten im Feld). Zusätzlich gibt jeder grüne Sieg +6,5 Score je Überlauf-Wachstum (Wachstum über dem Wert-Deckel), summiert über alle grünen Karten (bis 600).","","Skill-Beschreibung (Pflanze, legendär) — Skill-Auswahl/Detailkarte","","new",""
"ability.SK_PLANT_L01.name","ability","Weltenbaum","","Skill-Name (Pflanze, legendär) — Skill-Auswahl/Detailkarte","","new",""
"ability.SK_PLANT_L02.desc","ability","Mit Wurzeltiefe: ist deine höchstgewachsene Karte am Zug, verdoppelt sie ihren Wurzel-Score. Zusätzlich (auch ohne Wurzeltiefe) gibt jeder grüne Sieg +68 Score je Überlauf-Wachstum deines tiefsten Baums (bis 60).","","Skill-Beschreibung (Pflanze, legendär) — Skill-Auswahl/Detailkarte","","new",""
"ability.SK_PLANT_L02.name","ability","Mutterbaum","","Skill-Name (Pflanze, legendär) — Skill-Auswahl/Detailkarte","","new",""
"ability.SK_PLANT_L03.desc","ability","Voll ausgewachsene grüne Karten (Wert 11) bilden eine positionsfreie Wiederholung: je solcher Karte auf dem Brett steigt der Faktor auf ihre Stiche (ab 2 ×1,3, je weitere +0,15, bis ×2) — egal wo sie liegen, jede darf zugleich lokal eine andere Formation füttern.","","Skill-Beschreibung (Pflanze, legendär) — Skill-Auswahl/Detailkarte","","new",""
"ability.SK_PLANT_L03.name","ability","Baumreihe","","Skill-Name (Pflanze, legendär) — Skill-Auswahl/Detailkarte","","new",""
"ability.SK_PLANT_L04.desc","ability","Jeder grüne Sieg gibt +80 Score je grüner Karte im Feld (bis 40). Bei voll grünem Feld zählt jede grüne Karte 1,5× (effektiv bis 60).","","Skill-Beschreibung (Pflanze, legendär) — Skill-Auswahl/Detailkarte","","new",""
"ability.SK_PLANT_L04.name","ability","Ewiger Frühling","","Skill-Name (Pflanze, legendär) — Skill-Auswahl/Detailkarte","","new",""
"achievement.branch.deck.desc","achievement","Archetypen & Legendäre","","Upgrade-Ast „Decks"" — Untertitel","","new",""
"achievement.branch.deck.name","achievement","Decks","","Upgrade-Baum — Reiter/Astname","12","new",""
"achievement.branch.gen.desc","achievement","Baufeld · Energie · Rarität · Drops","","Upgrade-Ast „Allgemein"" — Untertitel","","new",""
"achievement.branch.gen.name","achievement","Allgemein","","Upgrade-Baum — Reiter/Astname","12","new",""
"achievement.gameover.antippen-zeigt-am-brett-wo-es","achievement","Antippen zeigt am Brett, wo es liegt.","","Endbildschirm — src/ui/GameOver.jsx:357","","new",""
"achievement.gameover.asche-verbrannt","achievement","Asche verbrannt","","Endbildschirm — src/ui/GameOver.jsx:103","","new",""
"achievement.gameover.auswahlbar-im-menu-unter-deck","achievement","Auswählbar im Menü unter „Deck“.","","Endbildschirm — src/ui/GameOver.jsx:246","","new",""
"achievement.gameover.brande","achievement","Brände","","Endbildschirm — src/ui/GameOver.jsx:104","","new",""
"achievement.gameover.build","achievement","Build","","Endbildschirm — src/ui/GameOver.jsx:280","","new",""
"achievement.gameover.deck-punkte","achievement","Deck-Punkte","","Endbildschirm — src/ui/GameOver.jsx:179","","new",""
"achievement.gameover.durchlauf","achievement","Durchlauf","","Endbildschirm — src/ui/GameOver.jsx:151","","new",""
"achievement.gameover.durchlaufe","achievement","Durchläufe","","Endbildschirm — src/ui/GameOver.jsx:151","","new",""
"achievement.gameover.durchschnittlicher-score-je-stich","achievement","Durchschnittlicher Score je Stich","","Endbildschirm — src/ui/GameOver.jsx:150","","new",""
"achievement.gameover.erster-lauf","achievement","erster Lauf","","Endbildschirm — src/ui/GameOver.jsx:316","","new",""
"achievement.gameover.finale-aufstellung-ansehen","achievement","Finale Aufstellung ansehen","","Endbildschirm — src/ui/GameOver.jsx:331","","new",""
"achievement.gameover.fortschritt-gesichert","achievement","Fortschritt gesichert","","Endbildschirm — src/ui/GameOver.jsx:215","","new",""
"achievement.gameover.freigeschaltet","achievement","✦ Freigeschaltet:","","Endbildschirm — src/ui/GameOver.jsx:202","","new",""
"achievement.gameover.freigeschaltet-2","achievement","✦ Freigeschaltet","","Endbildschirm — src/ui/GameOver.jsx:255","","new",""
"achievement.gameover.gewachsen","achievement","Gewachsen","","Endbildschirm — src/ui/GameOver.jsx:101","","new",""
"achievement.gameover.ionisierungen","achievement","Ionisierungen","","Endbildschirm — src/ui/GameOver.jsx:102","","new",""
"achievement.gameover.lauf","achievement","Lauf","","Endbildschirm — src/ui/GameOver.jsx:315","","new",""
"achievement.gameover.lauf-abgeschlossen","achievement","Lauf abgeschlossen","","Endbildschirm — src/ui/GameOver.jsx:215","","new",""
"achievement.gameover.lauf-beendet","achievement","Lauf beendet","","Endbildschirm — src/ui/GameOver.jsx:132","","new",""
"achievement.gameover.legendar","achievement","Legendär","","Endbildschirm — src/ui/GameOver.jsx:372","","new",""
"achievement.gameover.maximum","achievement","Maximum","","Endbildschirm — src/ui/GameOver.jsx:163","","new",""
"achievement.gameover.meilensteine","achievement","💠 Meilensteine","","Endbildschirm — src/ui/GameOver.jsx:162","","new",""
"achievement.gameover.motor-kennzahlen","achievement","Motor-Kennzahlen","","Endbildschirm — src/ui/GameOver.jsx:284","","new",""
"achievement.gameover.neu-freigeschaltet","achievement","★ Neu freigeschaltet","","Endbildschirm — src/ui/GameOver.jsx:232","","new",""
"achievement.gameover.rekord","achievement","Rekord","","Endbildschirm — src/ui/GameOver.jsx:316","","new",""
"achievement.gameover.score-verlauf","achievement","Score-Verlauf","","Endbildschirm — src/ui/GameOver.jsx:313","","new",""
"achievement.gameover.stichpunkte","achievement","Stichpunkte","","Endbildschirm — src/ui/GameOver.jsx:175","","new",""
"achievement.gameover.zu-den-upgrades","achievement","Zu den Upgrades","","Endbildschirm — src/ui/GameOver.jsx:259","","new",""
"achievement.gameover.zur-rangliste","achievement","Zur Rangliste","","Endbildschirm — src/ui/GameOver.jsx:260","","new",""
"achievement.gameover.zur-werkstatt","achievement","Zur Werkstatt","","Endbildschirm — src/ui/GameOver.jsx:258","","new",""
"achievement.globalleaderboard.details-anzeigen","achievement","Details anzeigen","","Globale Bestenliste — src/ui/GlobalLeaderboard.jsx:96","","new",""
"achievement.globalleaderboard.global","achievement","Global","","Globale Bestenliste — src/ui/GlobalLeaderboard.jsx:62","","new",""
"achievement.globalleaderboard.ladt-bestenliste","achievement","Lädt Bestenliste …","","Globale Bestenliste — src/ui/GlobalLeaderboard.jsx:85","","new",""
"achievement.globalleaderboard.nicht-verfugbar","achievement","nicht verfügbar.","","Globale Bestenliste — src/ui/GlobalLeaderboard.jsx:83","","new",""
"achievement.globalleaderboard.noch-keine-eintrage-mach-den-anfang","achievement","Noch keine Einträge — mach den Anfang.","","Globale Bestenliste — src/ui/GlobalLeaderboard.jsx:87","","new",""
"achievement.globalleaderboard.rangliste","achievement","Rangliste","","Globale Bestenliste — src/ui/GlobalLeaderboard.jsx:62","","new",""
"achievement.globalleaderboard.standard","achievement","Standard","","Globale Bestenliste — src/ui/GlobalLeaderboard.jsx:62","","new",""
"achievement.globalleaderboard.top","achievement","— Top","","Globale Bestenliste — src/ui/GlobalLeaderboard.jsx:81","","new",""
"achievement.leaderboardscreen.3-5-zufallige-modifikatoren","achievement","3–5 zufällige Modifikatoren","","Bestenliste / Wochen-Rangliste — src/ui/LeaderboardScreen.jsx:49","","new",""
"achievement.leaderboardscreen.alle-spielen-wochentlich-denselben-seed-unter","achievement","Alle spielen wöchentlich denselben Seed unter fairer Baseline — der Upgrade-Baum hat","","Bestenliste / Wochen-Rangliste — src/ui/LeaderboardScreen.jsx:49","","new",""
"achievement.leaderboardscreen.bestenliste","achievement","🏆 Bestenliste","","Bestenliste / Wochen-Rangliste — src/ui/LeaderboardScreen.jsx:148","","new",""
"achievement.leaderboardscreen.bestenliste-ist-nicht-verfugbar","achievement","Bestenliste ist nicht verfügbar.","","Bestenliste / Wochen-Rangliste — src/ui/LeaderboardScreen.jsx:199","","new",""
"achievement.leaderboardscreen.challenger","achievement","🏆 Challenger","","Bestenliste / Wochen-Rangliste — src/ui/LeaderboardScreen.jsx:28","","new",""
"achievement.leaderboardscreen.champions-sind-nicht-verfugbar","achievement","Champions sind nicht verfügbar.","","Bestenliste / Wochen-Rangliste — src/ui/LeaderboardScreen.jsx:93","","new",""
"achievement.leaderboardscreen.diese-woche","achievement","Diese Woche","","Bestenliste / Wochen-Rangliste — src/ui/LeaderboardScreen.jsx:27","","new",""
"achievement.leaderboardscreen.eine-person-pro-woche","achievement","eine Person pro Woche","","Bestenliste / Wochen-Rangliste — src/ui/LeaderboardScreen.jsx:97","","new",""
"achievement.leaderboardscreen.ladt-champions","achievement","Lädt Champions …","","Bestenliste / Wochen-Rangliste — src/ui/LeaderboardScreen.jsx:100","","new",""
"achievement.leaderboardscreen.meister","achievement","Meister","","Bestenliste / Wochen-Rangliste — src/ui/LeaderboardScreen.jsx:97","","new",""
"achievement.leaderboardscreen.modifikatoren-dieser-woche","achievement","Modifikatoren dieser Woche","","Bestenliste / Wochen-Rangliste — src/ui/LeaderboardScreen.jsx:195","","new",""
"achievement.leaderboardscreen.negative-modifikatoren","achievement","Negative Modifikatoren","","Bestenliste / Wochen-Rangliste — src/ui/LeaderboardScreen.jsx:52","","new",""
"achievement.leaderboardscreen.noch-keine-wochensieger-die-erste-meister","achievement","Noch keine Wochensieger — die erste Meister-Woche muss erst abgeschlossen sein.","","Bestenliste / Wochen-Rangliste — src/ui/LeaderboardScreen.jsx:102","","new",""
"achievement.leaderboardscreen.positive-modifikatoren","achievement","Positive Modifikatoren","","Bestenliste / Wochen-Rangliste — src/ui/LeaderboardScreen.jsx:50","","new",""
"achievement.leaderboardscreen.regeln","achievement","Regeln","","Bestenliste / Wochen-Rangliste — src/ui/LeaderboardScreen.jsx:29","","new",""
"achievement.leaderboardscreen.rerolls-je-phase-alle-raritaten-legendar","achievement","Rerolls je Phase, alle Raritäten, Legendär-Phase in Durchlauf","","Bestenliste / Wochen-Rangliste — src/ui/LeaderboardScreen.jsx:49","","new",""
"achievement.leaderboardscreen.reset-in","achievement","Reset in","","Bestenliste / Wochen-Rangliste — src/ui/LeaderboardScreen.jsx:175","","new",""
"achievement.leaderboardscreen.schliessen","achievement","Schließen","","Bestenliste / Wochen-Rangliste — src/ui/LeaderboardScreen.jsx:149","","new",""
"achievement.leaderboardscreen.seed-der-woche","achievement","Seed der Woche","","Bestenliste / Wochen-Rangliste — src/ui/LeaderboardScreen.jsx:180","","new",""
"achievement.leaderboardscreen.spielen","achievement","▶ Spielen","","Bestenliste / Wochen-Rangliste — src/ui/LeaderboardScreen.jsx:186","","new",""
"achievement.leaderboardscreen.woche-landet-hier","achievement","-Woche landet hier —","","Bestenliste / Wochen-Rangliste — src/ui/LeaderboardScreen.jsx:97","","new",""
"achievement.node.boltLeg1.detail","achievement","1 Blitz-Kandidat in der Legendär-Phase","","Upgrade-Knoten „Legendär I"" — Wirkung (Tooltip/Detail)","","new",""
"achievement.node.boltLeg1.label","achievement","Legendär I","","Upgrade-Knoten — Name (Ast deck)","20","new",""
"achievement.node.boltLeg2.detail","achievement","2 Blitz-Kandidaten","","Upgrade-Knoten „Legendär II"" — Wirkung (Tooltip/Detail)","","new",""
"achievement.node.boltLeg2.label","achievement","Legendär II","","Upgrade-Knoten — Name (Ast deck)","20","new",""
"achievement.node.cover1.detail","achievement","Baufeld 20 → 21 Zellen","","Upgrade-Knoten „Baufeld I"" — Wirkung (Tooltip/Detail)","","new",""
"achievement.node.cover1.label","achievement","Baufeld I","","Upgrade-Knoten — Name (Ast gen)","20","new",""
"achievement.node.cover2.detail","achievement","Baufeld 21 → 22 Zellen","","Upgrade-Knoten „Baufeld II"" — Wirkung (Tooltip/Detail)","","new",""
"achievement.node.cover2.label","achievement","Baufeld II","","Upgrade-Knoten — Name (Ast gen)","20","new",""
"achievement.node.cover3.detail","achievement","Baufeld 22 → 24 Zellen","","Upgrade-Knoten „Baufeld III"" — Wirkung (Tooltip/Detail)","","new",""
"achievement.node.cover3.label","achievement","Baufeld III","","Upgrade-Knoten — Name (Ast gen)","20","new",""
"achievement.node.deckReroll.detail","achievement","+1 Reroll in der Archetyp-Legendär-Phase","","Upgrade-Knoten „Reroll · Legendär-Phase"" — Wirkung (Tooltip/Detail)","","new",""
"achievement.node.deckReroll.label","achievement","Reroll · Legendär-Phase","","Upgrade-Knoten — Name (Ast deck)","20","new",""
"achievement.node.drop1.detail","achievement","hochwertigere Perks & Gebäude","","Upgrade-Knoten „Drop-Rate I"" — Wirkung (Tooltip/Detail)","","new",""
"achievement.node.drop1.label","achievement","Drop-Rate I","","Upgrade-Knoten — Name (Ast gen)","20","new",""
"achievement.node.drop2.detail","achievement","hochwertigere Perks & Gebäude","","Upgrade-Knoten „Drop-Rate II"" — Wirkung (Tooltip/Detail)","","new",""
"achievement.node.drop2.label","achievement","Drop-Rate II","","Upgrade-Knoten — Name (Ast gen)","20","new",""
"achievement.node.drop3.detail","achievement","hochwertigere Perks & Gebäude","","Upgrade-Knoten „Drop-Rate III"" — Wirkung (Tooltip/Detail)","","new",""
"achievement.node.drop3.label","achievement","Drop-Rate III","","Upgrade-Knoten — Name (Ast gen)","20","new",""
"achievement.node.drop4.detail","achievement","hochwertigere Perks & Gebäude","","Upgrade-Knoten „Drop-Rate IV"" — Wirkung (Tooltip/Detail)","","new",""
"achievement.node.drop4.label","achievement","Drop-Rate IV","","Upgrade-Knoten — Name (Ast gen)","20","new",""
"achievement.node.energy1.detail","achievement","Formations-Energie 3 → 4","","Upgrade-Knoten „Energie I"" — Wirkung (Tooltip/Detail)","","new",""
"achievement.node.energy1.label","achievement","Energie I","","Upgrade-Knoten — Name (Ast gen)","20","new",""
"achievement.node.energy2.detail","achievement","Formations-Energie 4 → 5","","Upgrade-Knoten „Energie II"" — Wirkung (Tooltip/Detail)","","new",""
"achievement.node.energy2.label","achievement","Energie II","","Upgrade-Knoten — Name (Ast gen)","20","new",""
"achievement.node.fireLeg1.detail","achievement","1 Feuer-Kandidat in der Legendär-Phase","","Upgrade-Knoten „Legendär I"" — Wirkung (Tooltip/Detail)","","new",""
"achievement.node.fireLeg1.label","achievement","Legendär I","","Upgrade-Knoten — Name (Ast deck)","20","new",""
"achievement.node.fireLeg2.detail","achievement","2 Feuer-Kandidaten","","Upgrade-Knoten „Legendär II"" — Wirkung (Tooltip/Detail)","","new",""
"achievement.node.fireLeg2.label","achievement","Legendär II","","Upgrade-Knoten — Name (Ast deck)","20","new",""
"achievement.node.iceDeck.detail","achievement","Eis-Archetyp spielbar","","Upgrade-Knoten „Eis-Deck"" — Wirkung (Tooltip/Detail)","","new",""
"achievement.node.iceDeck.label","achievement","Eis-Deck","","Upgrade-Knoten — Name (Ast deck)","20","new",""
"achievement.node.iceLeg1.detail","achievement","1 Eis-Kandidat in der Legendär-Phase","","Upgrade-Knoten „Legendär I"" — Wirkung (Tooltip/Detail)","","new",""
"achievement.node.iceLeg1.label","achievement","Legendär I","","Upgrade-Knoten — Name (Ast deck)","20","new",""
"achievement.node.iceLeg2.detail","achievement","2 Eis-Kandidaten","","Upgrade-Knoten „Legendär II"" — Wirkung (Tooltip/Detail)","","new",""
"achievement.node.iceLeg2.label","achievement","Legendär II","","Upgrade-Knoten — Name (Ast deck)","20","new",""
"achievement.node.legLayer.detail","achievement","Legendär-Perk-Schicht (gold) an","","Upgrade-Knoten „Legendär"" — Wirkung (Tooltip/Detail)","","new",""
"achievement.node.legLayer.label","achievement","Legendär","","Upgrade-Knoten — Name (Ast gen)","20","new",""
"achievement.node.perk2Leg.detail","achievement","2. Perk-Phase wird generelle Legendär-Phase","","Upgrade-Knoten „2. Perk → Legendär"" — Wirkung (Tooltip/Detail)","","new",""
"achievement.node.perk2Leg.label","achievement","2. Perk → Legendär","","Upgrade-Knoten — Name (Ast gen)","20","new",""
"achievement.node.perk2Reroll.detail","achievement","+1 Reroll in der generellen Legendär-Phase","","Upgrade-Knoten „Reroll · 2. Perk-Phase"" — Wirkung (Tooltip/Detail)","","new",""
"achievement.node.perk2Reroll.label","achievement","Reroll · 2. Perk-Phase","","Upgrade-Knoten — Name (Ast gen)","20","new",""
"achievement.node.plantDeck.detail","achievement","Pflanze-Archetyp spielbar","","Upgrade-Knoten „Pflanze-Deck"" — Wirkung (Tooltip/Detail)","","new",""
"achievement.node.plantDeck.label","achievement","Pflanze-Deck","","Upgrade-Knoten — Name (Ast deck)","20","new",""
"achievement.node.plantLeg1.detail","achievement","1 Pflanze-Kandidat in der Legendär-Phase","","Upgrade-Knoten „Legendär I"" — Wirkung (Tooltip/Detail)","","new",""
"achievement.node.plantLeg1.label","achievement","Legendär I","","Upgrade-Knoten — Name (Ast deck)","20","new",""
"achievement.node.plantLeg2.detail","achievement","2 Pflanze-Kandidaten","","Upgrade-Knoten „Legendär II"" — Wirkung (Tooltip/Detail)","","new",""
"achievement.node.plantLeg2.label","achievement","Legendär II","","Upgrade-Knoten — Name (Ast deck)","20","new",""
"achievement.node.synLeg.detail","achievement","Bald verfügbar","","Upgrade-Knoten „Synergie-Legendäre"" — Wirkung (Tooltip/Detail)","","new",""
"achievement.node.synLeg.label","achievement","Synergie-Legendäre","","Upgrade-Knoten — Name (Ast deck)","20","new",""
"achievement.node.tier3.detail","achievement","Rarität Sehr selten (blau) freischalten","","Upgrade-Knoten „Sehr selten"" — Wirkung (Tooltip/Detail)","","new",""
"achievement.node.tier3.label","achievement","Sehr selten","","Upgrade-Knoten — Name (Ast gen)","20","new",""
"achievement.node.tier4.detail","achievement","Rarität Rar (lila) freischalten","","Upgrade-Knoten „Rar"" — Wirkung (Tooltip/Detail)","","new",""
"achievement.node.tier4.label","achievement","Rar","","Upgrade-Knoten — Name (Ast gen)","20","new",""
"achievement.rundetail.antippen-zeigt-am-brett-wo-es","achievement","Antippen zeigt am Brett, wo es liegt.","","Lauf-Detailansicht — src/ui/RunDetail.jsx:85","","new",""
"achievement.rundetail.finale-aufstellung-ansehen","achievement","Finale Aufstellung ansehen","","Lauf-Detailansicht — src/ui/RunDetail.jsx:60","","new",""
"achievement.rundetail.lauf-details","achievement","Lauf-Details","","Lauf-Detailansicht — src/ui/RunDetail.jsx:40","","new",""
"achievement.rundetail.legendar","achievement","Legendär","","Lauf-Detailansicht — src/ui/RunDetail.jsx:100","","new",""
"achievement.rundetail.schliessen","achievement","Schließen","","Lauf-Detailansicht — src/ui/RunDetail.jsx:43","","new",""
"achievement.rundetail.score","achievement","Score","","Lauf-Detailansicht — src/ui/RunDetail.jsx:47","","new",""
"achievement.rungraphs.blitz-ertrag","achievement","Blitz-Ertrag","","Lauf-Diagramme — src/ui/RunGraphs.jsx:29","","new",""
"achievement.rungraphs.crit","achievement","Crit","","Lauf-Diagramme — src/ui/RunGraphs.jsx:14","","new",""
"achievement.rungraphs.crit-bonus","achievement","Crit-Bonus","","Lauf-Diagramme — src/ui/RunGraphs.jsx:32","","new",""
"achievement.rungraphs.feuer-score","achievement","Feuer-Score","","Lauf-Diagramme — src/ui/RunGraphs.jsx:30","","new",""
"achievement.rungraphs.formation","achievement","Formation","","Lauf-Diagramme — src/ui/RunGraphs.jsx:13","","new",""
"achievement.rungraphs.gebaude","achievement","Gebäude","","Lauf-Diagramme — src/ui/RunGraphs.jsx:15","","new",""
"achievement.rungraphs.gletscher-ertrag","achievement","Gletscher-Ertrag","","Lauf-Diagramme — src/ui/RunGraphs.jsx:27","","new",""
"achievement.rungraphs.kein-sieg","achievement","kein Sieg","","Lauf-Diagramme — src/ui/RunGraphs.jsx:143","","new",""
"achievement.rungraphs.score-herkunft","achievement","Score-Herkunft","","Lauf-Diagramme — src/ui/RunGraphs.jsx:60","","new",""
"achievement.rungraphs.serie","achievement","Serie","","Lauf-Diagramme — src/ui/RunGraphs.jsx:16","","new",""
"achievement.rungraphs.sieg","achievement","Sieg","","Lauf-Diagramme — src/ui/RunGraphs.jsx:142","","new",""
"achievement.rungraphs.sonstige","achievement","Sonstige","","Lauf-Diagramme — src/ui/RunGraphs.jsx:17","","new",""
"achievement.rungraphs.stich-score-je-durchlauf-ansehen","achievement","Stich-Score je Durchlauf ansehen","","Lauf-Diagramme — src/ui/RunGraphs.jsx:139","","new",""
"achievement.rungraphs.wurzel-blute","achievement","Wurzel + Blüte","","Lauf-Diagramme — src/ui/RunGraphs.jsx:28","","new",""
"achievement.runstats.anteil-gewonnener-stiche","achievement","Anteil gewonnener Stiche","","Lauf-Kennzahlen — src/ui/RunStats.jsx:65","","new",""
"achievement.runstats.anteil-stiche-mit-kritischem-treffer","achievement","Anteil Stiche mit kritischem Treffer","","Lauf-Kennzahlen — src/ui/RunStats.jsx:68","","new",""
"achievement.runstats.beschreibung-anzeigen","achievement","Beschreibung anzeigen","","Lauf-Kennzahlen — src/ui/RunStats.jsx:145","","new",""
"achievement.runstats.beste-serie","achievement","Beste Serie","","Lauf-Kennzahlen — src/ui/RunStats.jsx:66","","new",""
"achievement.runstats.bester-gletscherstich","achievement","Bester Gletscherstich","","Lauf-Kennzahlen — src/ui/RunStats.jsx:75","","new",""
"achievement.runstats.bester-stich","achievement","Bester Stich","","Lauf-Kennzahlen — src/ui/RunStats.jsx:67","","new",""
"achievement.runstats.crit-bonus","achievement","Crit-Bonus","","Lauf-Kennzahlen — src/ui/RunStats.jsx:86","","new",""
"achievement.runstats.crit-quote","achievement","Crit-Quote","","Lauf-Kennzahlen — src/ui/RunStats.jsx:68","","new",""
"achievement.runstats.form-score","achievement","Form.-Score","","Lauf-Kennzahlen — src/ui/RunStats.jsx:84","","new",""
"achievement.runstats.formationen","achievement","Formationen","","Lauf-Kennzahlen — src/ui/RunStats.jsx:83","","new",""
"achievement.runstats.geb-score","achievement","Geb.-Score","","Lauf-Kennzahlen — src/ui/RunStats.jsx:85","","new",""
"achievement.runstats.hochster-score-aus-einem-stich","achievement","Höchster Score aus einem Stich","","Lauf-Kennzahlen — src/ui/RunStats.jsx:67","","new",""
"achievement.runstats.langste-siegesserie","achievement","Längste Siegesserie","","Lauf-Kennzahlen — src/ui/RunStats.jsx:66","","new",""
"achievement.runstats.maximal-gleichzeitig-aktive-formationen","achievement","Maximal gleichzeitig aktive Formationen","","Lauf-Kennzahlen — src/ui/RunStats.jsx:83","","new",""
"achievement.runstats.score-anteil-aus-architekt-gebauden","achievement","Score-Anteil aus Architekt-Gebäuden","","Lauf-Kennzahlen — src/ui/RunStats.jsx:85","","new",""
"achievement.runstats.score-anteil-aus-formations-multiplikatoren","achievement","Score-Anteil aus Formations-Multiplikatoren","","Lauf-Kennzahlen — src/ui/RunStats.jsx:84","","new",""
"achievement.runstats.score-anteil-aus-kritischen-treffern","achievement","Score-Anteil aus kritischen Treffern","","Lauf-Kennzahlen — src/ui/RunStats.jsx:86","","new",""
"achievement.runstats.sektion-build-chips-in-die-build","achievement","-Sektion, Build-Chips in die „Build","","Lauf-Kennzahlen — src/ui/RunStats.jsx:12","","new",""
"achievement.runstats.winrate","achievement","Winrate","","Lauf-Kennzahlen — src/ui/RunStats.jsx:65","","new",""
"achievement.scoremilestonebar.alle-score-meilensteine-erreicht","achievement","Alle Score-Meilensteine erreicht","","Score-Meilensteine — src/ui/ScoreMilestoneBar.jsx:28","","new",""
"achievement.scoremilestonebar.maximum-5-sp","achievement","Maximum · +5 SP","","Score-Meilensteine — src/ui/ScoreMilestoneBar.jsx:34","","new",""
"achievement.statsscreen.alterer-lauf-grobes-herkunft-modell-formation","achievement","Älterer Lauf — grobes Herkunft-Modell (Formation / Crit / Gebäude / Sonstige). Neue Läufe zeigen die feine Fraktions-Aufschlüsselung.","","Statistik-Hub — src/ui/StatsScreen.jsx:194","","new",""
"achievement.statsscreen.am-haufigsten","achievement","Am häufigsten","","Statistik-Hub — src/ui/StatsScreen.jsx:228","","new",""
"achievement.statsscreen.archetyp-nutzung","achievement","Archetyp-Nutzung","","Statistik-Hub — src/ui/StatsScreen.jsx:247","","new",""
"achievement.statsscreen.beste-serie","achievement","Beste Serie","","Statistik-Hub — src/ui/StatsScreen.jsx:171","","new",""
"achievement.statsscreen.bester-archetyp","achievement","Bester Archetyp","","Statistik-Hub — src/ui/StatsScreen.jsx:267","","new",""
"achievement.statsscreen.bestes-build","achievement","Bestes Build","","Statistik-Hub — src/ui/StatsScreen.jsx:181","","new",""
"achievement.statsscreen.bestscore","achievement","Bestscore","","Statistik-Hub — src/ui/StatsScreen.jsx:167","","new",""
"achievement.statsscreen.deine-laufe","achievement","Deine Läufe","","Statistik-Hub — src/ui/StatsScreen.jsx:201","","new",""
"achievement.statsscreen.details-anzeigen","achievement","Details anzeigen","","Statistik-Hub — src/ui/StatsScreen.jsx:182","","new",""
"achievement.statsscreen.grosster-perk-lift","achievement","Größter Perk-Lift","","Statistik-Hub — src/ui/StatsScreen.jsx:279","","new",""
"achievement.statsscreen.grosster-skill-lift","achievement","Größter Skill-Lift","","Statistik-Hub — src/ui/StatsScreen.jsx:273","","new",""
"achievement.statsscreen.laufe","achievement","Läufe","","Statistik-Hub — src/ui/StatsScreen.jsx:174","","new",""
"achievement.statsscreen.meistgewahlte-perks","achievement","Meistgewählte Perks","","Statistik-Hub — src/ui/StatsScreen.jsx:238","","new",""
"achievement.statsscreen.meistgewahlte-skills","achievement","Meistgewählte Skills","","Statistik-Hub — src/ui/StatsScreen.jsx:231","","new",""
"achievement.statsscreen.noch-keine-laufe-spiel-einen-run","achievement","Noch keine Läufe — spiel einen Run, dann erscheinen hier deine Statistiken.","","Statistik-Hub — src/ui/StatsScreen.jsx:159","","new",""
"achievement.statsscreen.noch-keine-skills-gespielt","achievement","Noch keine Skills gespielt.","","Statistik-Hub — src/ui/StatsScreen.jsx:233","","new",""
"achievement.statsscreen.rekord","achievement","Rekord","","Statistik-Hub — src/ui/StatsScreen.jsx:213","","new",""
"achievement.statsscreen.rekord-lauf-details-ansehen","achievement","Rekord-Lauf · Details ansehen ›","","Statistik-Hub — src/ui/StatsScreen.jsx:181","","new",""
"achievement.statsscreen.schliessen","achievement","Schließen","","Statistik-Hub — src/ui/StatsScreen.jsx:155","","new",""
"achievement.statsscreen.score","achievement","Ø-Score","","Statistik-Hub — src/ui/StatsScreen.jsx:168","","new",""
"achievement.statsscreen.score-verlauf-letzte","achievement","Score-Verlauf · letzte","","Statistik-Hub — src/ui/StatsScreen.jsx:174","","new",""
"achievement.statsscreen.spiele","achievement","Spiele","","Statistik-Hub — src/ui/StatsScreen.jsx:170","","new",""
"achievement.statsscreen.spielzeit","achievement","Spielzeit","","Statistik-Hub — src/ui/StatsScreen.jsx:169","","new",""
"achievement.statsscreen.statistiken","achievement","Statistiken","","Statistik-Hub — src/ui/StatsScreen.jsx:154","","new",""
"achievement.statsscreen.uber","achievement","über","","Statistik-Hub — src/ui/StatsScreen.jsx:269","","new",""
"achievement.statsscreen.uber-deine-historie","achievement","über deine Historie","","Statistik-Hub — src/ui/StatsScreen.jsx:228","","new",""
"achievement.statsscreen.ubersicht","achievement","Übersicht","","Statistik-Hub — src/ui/StatsScreen.jsx:165","","new",""
"achievement.statsscreen.was-am-besten-lauft","achievement","Was am besten läuft","","Statistik-Hub — src/ui/StatsScreen.jsx:259","","new",""
"achievement.upgradescreen.2-perk-phase","achievement","2. Perk-Phase","","Upgrade-Baum — src/ui/UpgradeScreen.jsx:29","","new",""
"achievement.upgradescreen.allgemein","achievement","Allgemein","","Upgrade-Baum — src/ui/UpgradeScreen.jsx:174","","new",""
"achievement.upgradescreen.bald-verfugbar","achievement","Bald verfügbar","","Upgrade-Baum — src/ui/UpgradeScreen.jsx:82","","new",""
"achievement.upgradescreen.baufeld","achievement","Baufeld","","Upgrade-Baum — src/ui/UpgradeScreen.jsx:25","","new",""
"achievement.upgradescreen.braucht-eine-freigeschaltete-legendar-stufe","achievement","Braucht eine freigeschaltete Legendär-Stufe","","Upgrade-Baum — src/ui/UpgradeScreen.jsx:85","","new",""
"achievement.upgradescreen.deck","achievement","Deck","","Upgrade-Baum — src/ui/UpgradeScreen.jsx:202","","new",""
"achievement.upgradescreen.decks","achievement","Decks","","Upgrade-Baum — src/ui/UpgradeScreen.jsx:174","","new",""
"achievement.upgradescreen.details","achievement","Details ›","","Upgrade-Baum — src/ui/UpgradeScreen.jsx:209","","new",""
"achievement.upgradescreen.drop-raten","achievement","Drop-Raten","","Upgrade-Baum — src/ui/UpgradeScreen.jsx:28","","new",""
"achievement.upgradescreen.energie","achievement","Energie","","Upgrade-Baum — src/ui/UpgradeScreen.jsx:26","","new",""
"achievement.upgradescreen.gekauft","achievement","✓ Gekauft","","Upgrade-Baum — src/ui/UpgradeScreen.jsx:81","","new",""
"achievement.upgradescreen.gesperrt","achievement","🔒 gesperrt ·","","Upgrade-Baum — src/ui/UpgradeScreen.jsx:242","","new",""
"achievement.upgradescreen.kaufbar","achievement","Kaufbar","","Upgrade-Baum — src/ui/UpgradeScreen.jsx:86","","new",""
"achievement.upgradescreen.kaufen","achievement","Kaufen ·","","Upgrade-Baum — src/ui/UpgradeScreen.jsx:102","","new",""
"achievement.upgradescreen.knoten-antippen-zeigt-was-er-bewirkt","achievement","Knoten antippen zeigt, was er bewirkt.","","Upgrade-Baum — src/ui/UpgradeScreen.jsx:191","","new",""
"achievement.upgradescreen.knoten-ranglisten-lauf","achievement","Knoten · Ranglisten-Lauf","","Upgrade-Baum — src/ui/UpgradeScreen.jsx:189","","new",""
"achievement.upgradescreen.legendar-phase","achievement","Legendär-Phase","","Upgrade-Baum — src/ui/UpgradeScreen.jsx:217","","new",""
"achievement.upgradescreen.noch-gesperrt","achievement","Noch gesperrt","","Upgrade-Baum — src/ui/UpgradeScreen.jsx:85","","new",""
"achievement.upgradescreen.offnet-sich-nach-dem-legendar-unlock","achievement","öffnet sich nach dem Legendär-Unlock","","Upgrade-Baum — src/ui/UpgradeScreen.jsx:28","","new",""
"achievement.upgradescreen.raritat","achievement","Rarität","","Upgrade-Baum — src/ui/UpgradeScreen.jsx:27","","new",""
"achievement.upgradescreen.respec","achievement","↺ Respec","","Upgrade-Baum — src/ui/UpgradeScreen.jsx:168","","new",""
"achievement.upgradescreen.schliessen","achievement","Schließen","","Upgrade-Baum — src/ui/UpgradeScreen.jsx:169","","new",""
"achievement.upgradescreen.sp","achievement","SP","","Upgrade-Baum — src/ui/UpgradeScreen.jsx:102","","new",""
"achievement.upgradescreen.upgrades","achievement","Upgrades","","Upgrade-Baum — src/ui/UpgradeScreen.jsx:159","","new",""
"achievement.upgradescreen.vorganger-notig","achievement","Vorgänger nötig","","Upgrade-Baum — src/ui/UpgradeScreen.jsx:84","","new",""
"item.battlefield.bf_arcade.name","item","Beryll · Battlefield","","Spielfeld-Skin — Name (Kosmetik)","","new",""
"item.battlefield.bf_beach.name","item","Malibu Wave · Battlefield","","Spielfeld-Skin — Name (Kosmetik)","","new",""
"item.battlefield.bf_blitz.name","item","Blitz · Battlefield","","Spielfeld-Skin — Name (Kosmetik)","","new",""
"item.battlefield.bf_cat.name","item","Biolumen · Battlefield","","Spielfeld-Skin — Name (Kosmetik)","","new",""
"item.battlefield.bf_drache.name","item","Laternenfest · Battlefield","","Spielfeld-Skin — Name (Kosmetik)","","new",""
"item.battlefield.bf_eis.name","item","Eis · Battlefield","","Spielfeld-Skin — Name (Kosmetik)","","new",""
"item.battlefield.bf_elementar.name","item","Prisma · Battlefield","","Spielfeld-Skin — Name (Kosmetik)","","new",""
"item.battlefield.bf_feuer.name","item","Feuer · Battlefield","","Spielfeld-Skin — Name (Kosmetik)","","new",""
"item.battlefield.bf_geometrie.name","item","Seraph · Battlefield","","Spielfeld-Skin — Name (Kosmetik)","","new",""
"item.battlefield.bf_gottgleich.name","item","Ascension · Battlefield","","Spielfeld-Skin — Name (Kosmetik)","","new",""
"item.battlefield.bf_kosmos.name","item","Schwarzes Loch · Battlefield","","Spielfeld-Skin — Name (Kosmetik)","","new",""
"item.battlefield.bf_lofi.name","item","Kitsune · Battlefield","","Spielfeld-Skin — Name (Kosmetik)","","new",""
"item.battlefield.bf_onboarding.name","item","Genesis · Battlefield","","Spielfeld-Skin — Name (Kosmetik)","","new",""
"item.battlefield.bf_oni.name","item","Roter Oni · Battlefield","","Spielfeld-Skin — Name (Kosmetik)","","new",""
"item.battlefield.bf_pflanze.name","item","Pflanze · Battlefield","","Spielfeld-Skin — Name (Kosmetik)","","new",""
"item.battlefield.bf_polarlicht.name","item","Scarab · Battlefield","","Spielfeld-Skin — Name (Kosmetik)","","new",""
"item.battlefield.bf_ronin.name","item","Ronin · Battlefield","","Spielfeld-Skin — Name (Kosmetik)","","new",""
"item.battlefield.bf_seedrache.name","item","Eldritch · Battlefield","","Spielfeld-Skin — Name (Kosmetik)","","new",""
"item.battlefield.bf_serie1500.name","item","Königspfau · Battlefield","","Spielfeld-Skin — Name (Kosmetik)","","new",""
"item.battlefield.bf_serie300.name","item","Flamingo · Battlefield","","Spielfeld-Skin — Name (Kosmetik)","","new",""
"item.battlefield.bf_serie600.name","item","Peacock · Battlefield","","Spielfeld-Skin — Name (Kosmetik)","","new",""
"item.battlefield.bf_sonne.name","item","Kolossus · Battlefield","","Spielfeld-Skin — Name (Kosmetik)","","new",""
"item.battlefield.bf_spacedog.name","item","Kosmospanther · Battlefield","","Spielfeld-Skin — Name (Kosmetik)","","new",""
"item.battlefield.bf_sparfuchs.name","item","Sparfuchs · Battlefield","","Spielfeld-Skin — Name (Kosmetik)","","new",""
"item.battlefield.bf_sunset.name","item","Sunset Rider · Battlefield","","Spielfeld-Skin — Name (Kosmetik)","","new",""
"item.battlefield.bf_wale.name","item","Moonwhale · Battlefield","","Spielfeld-Skin — Name (Kosmetik)","","new",""
"item.battlefield.default.name","item","Standard","","Spielfeld-Skin — Name (Kosmetik)","","new",""
"item.building.A_ARKADE.name","item","Arkade","","Architekt-Gebäude — Name (Formation)","","new",""
"item.building.A_ARKADE.tier1.eff","item","Farbblock-Transparenz","","Architekt-Gebäude „Arkade"" — Effekt Stufe I","","new",""
"item.building.A_BASILIKA.legendary.eff","item","Formations-Joker (Wiederholung/Farbblock/Treppe/Wechsel)","","Architekt-Gebäude „Basilika"" — Effekt (legendär)","","new",""
"item.building.A_BASILIKA.name","item","Basilika","","Architekt-Gebäude — Name (Formation, legendär)","","new",""
"item.building.A_BOLLWERK.legendary.eff","item","alle Abgedeckten +6 Stichwert","","Architekt-Gebäude „Bollwerk"" — Effekt (legendär)","","new",""
"item.building.A_BOLLWERK.name","item","Bollwerk","","Architekt-Gebäude — Name (Wert, legendär)","","new",""
"item.building.A_BUNTGLAS.name","item","Buntglas","","Architekt-Gebäude — Name (Wert)","","new",""
"item.building.A_BUNTGLAS.tier1.eff","item","passende Farbe +3 Stichwert","","Architekt-Gebäude „Buntglas"" — Effekt Stufe I","","new",""
"item.building.A_BUNTGLAS.tier2.eff","item","passende Farbe +5 Stichwert","","Architekt-Gebäude „Buntglas"" — Effekt Stufe II","","new",""
"item.building.A_BUNTGLAS.tier3.eff","item","passende Farbe +7 Stichwert","","Architekt-Gebäude „Buntglas"" — Effekt Stufe III","","new",""
"item.building.A_BUNTGLAS.tier4.eff","item","passende Farbe +9 Stichwert","","Architekt-Gebäude „Buntglas"" — Effekt Stufe IV","","new",""
"item.building.A_FIRST.name","item","Firstträger","","Architekt-Gebäude — Name (Wert)","","new",""
"item.building.A_FIRST.tier1.eff","item","höchste Karte +3 Stichwert","","Architekt-Gebäude „Firstträger"" — Effekt Stufe I","","new",""
"item.building.A_FIRST.tier2.eff","item","höchste Karte +5 Stichwert","","Architekt-Gebäude „Firstträger"" — Effekt Stufe II","","new",""
"item.building.A_FIRST.tier3.eff","item","höchste Karte +7 Stichwert","","Architekt-Gebäude „Firstträger"" — Effekt Stufe III","","new",""
"item.building.A_FIRST.tier4.eff","item","höchste Karte +9 Stichwert","","Architekt-Gebäude „Firstträger"" — Effekt Stufe IV","","new",""
"item.building.A_FRIES.name","item","Fries","","Architekt-Gebäude — Name (Formation)","","new",""
"item.building.A_FRIES.tier1.eff","item","Formations-Joker (Wiederholung)","","Architekt-Gebäude „Fries"" — Effekt Stufe I","","new",""
"item.building.A_FUNDAMENT.legendary.eff","item","alle Abgedeckten +5 Stichwert","","Architekt-Gebäude „Fundamentplatte"" — Effekt (legendär)","","new",""
"item.building.A_FUNDAMENT.name","item","Fundamentplatte","","Architekt-Gebäude — Name (Wert, legendär)","","new",""
"item.building.A_GEWOELBE.name","item","Gewölbe","","Architekt-Gebäude — Name (Formation)","","new",""
"item.building.A_GEWOELBE.tier1.eff","item","Formations-Joker (Wiederholung/Treppe)","","Architekt-Gebäude „Gewölbe"" — Effekt Stufe I","","new",""
"item.building.A_GIEBEL.name","item","Giebel","","Architekt-Gebäude — Name (Score)","","new",""
"item.building.A_GIEBEL.tier1.eff","item","höchste Karte +160 Score","","Architekt-Gebäude „Giebel"" — Effekt Stufe I","","new",""
"item.building.A_GIEBEL.tier2.eff","item","höchste Karte +240 Score","","Architekt-Gebäude „Giebel"" — Effekt Stufe II","","new",""
"item.building.A_GIEBEL.tier3.eff","item","höchste Karte +352 Score","","Architekt-Gebäude „Giebel"" — Effekt Stufe III","","new",""
"item.building.A_GIEBEL.tier4.eff","item","höchste Karte +496 Score","","Architekt-Gebäude „Giebel"" — Effekt Stufe IV","","new",""
"item.building.A_GRUNDSTEIN.name","item","Grundstein","","Architekt-Gebäude — Name (Formation)","","new",""
"item.building.A_GRUNDSTEIN.tier1.eff","item","jede Zelle zählt als Anker (×1,10) (Stufe III: +2 Stichwert je Ankerzelle)","","Architekt-Gebäude „Grundstein"" — Effekt Stufe I","","new",""
"item.building.A_GRUNDSTEIN.tier2.eff","item","jede Zelle zählt als Anker (×1,23) (Stufe III: +2 Stichwert je Ankerzelle)","","Architekt-Gebäude „Grundstein"" — Effekt Stufe II","","new",""
"item.building.A_GRUNDSTEIN.tier3.eff","item","jede Zelle zählt als Anker (×1,36) · +2 Stichwert je Ankerzelle","","Architekt-Gebäude „Grundstein"" — Effekt Stufe III","","new",""
"item.building.A_GRUNDSTEIN.tier4.eff","item","jede Zelle zählt als Anker (×1,49) · +2 Stichwert je Ankerzelle","","Architekt-Gebäude „Grundstein"" — Effekt Stufe IV","","new",""
"item.building.A_KATHEDRALE.legendary.eff","item","Formationen hier ×1,40","","Architekt-Gebäude „Kathedrale"" — Effekt (legendär)","","new",""
"item.building.A_KATHEDRALE.name","item","Kathedrale","","Architekt-Gebäude — Name (Formation, legendär)","","new",""
"item.building.A_KLAMMER.name","item","Klammer","","Architekt-Gebäude — Name (Formation)","","new",""
"item.building.A_KLAMMER.tier1.eff","item","Formations-Joker (Farbblock) (Stufe III: zweiter Joker-Typ: Wiederholung)","","Architekt-Gebäude „Klammer"" — Effekt Stufe I","","new",""
"item.building.A_KLAMMER.tier3.eff","item","Formations-Joker (Farbblock/Wiederholung)","","Architekt-Gebäude „Klammer"" — Effekt Stufe III","","new",""
"item.building.A_KONTOR.name","item","Kontor","","Architekt-Gebäude — Name (Score)","","new",""
"item.building.A_KONTOR.tier1.eff","item","Sieg +65 Score (Stufe IV: bei Crit ×2 Direkt-Score)","","Architekt-Gebäude „Kontor"" — Effekt Stufe I","","new",""
"item.building.A_KONTOR.tier2.eff","item","Sieg +98 Score (Stufe IV: bei Crit ×2 Direkt-Score)","","Architekt-Gebäude „Kontor"" — Effekt Stufe II","","new",""
"item.building.A_KONTOR.tier3.eff","item","Sieg +143 Score (Stufe IV: bei Crit ×2 Direkt-Score)","","Architekt-Gebäude „Kontor"" — Effekt Stufe III","","new",""
"item.building.A_KONTOR.tier4.eff","item","Sieg +202 Score · bei Crit ×2 Direkt-Score","","Architekt-Gebäude „Kontor"" — Effekt Stufe IV","","new",""
"item.building.A_KREUZGANG.name","item","Kreuzgang","","Architekt-Gebäude — Name (Formation)","","new",""
"item.building.A_KREUZGANG.tier1.eff","item","Treppen-Bindeglied: Karte darf im Wert um ±1 abweichen","","Architekt-Gebäude „Kreuzgang"" — Effekt Stufe I","","new",""
"item.building.A_KREUZGANG.tier3.eff","item","Treppen-Bindeglied: Karte darf im Wert um ±2 abweichen","","Architekt-Gebäude „Kreuzgang"" — Effekt Stufe III","","new",""
"item.building.A_LAUFGANG.name","item","Laufgang","","Architekt-Gebäude — Name (Score)","","new",""
"item.building.A_LAUFGANG.tier1.eff","item","reicht +50 Score ans Feld rechts weiter","","Architekt-Gebäude „Laufgang"" — Effekt Stufe I","","new",""
"item.building.A_LAUFGANG.tier2.eff","item","reicht +75 Score ans Feld rechts weiter","","Architekt-Gebäude „Laufgang"" — Effekt Stufe II","","new",""
"item.building.A_LAUFGANG.tier3.eff","item","reicht +110 Score ans Feld rechts weiter","","Architekt-Gebäude „Laufgang"" — Effekt Stufe III","","new",""
"item.building.A_LAUFGANG.tier4.eff","item","reicht +155 Score ans Feld rechts weiter","","Architekt-Gebäude „Laufgang"" — Effekt Stufe IV","","new",""
"item.building.A_LEUCHTTURM.legendary.eff","item","strahlt +100 Score in beide Nachbarfelder","","Architekt-Gebäude „Leuchtturm"" — Effekt (legendär)","","new",""
"item.building.A_LEUCHTTURM.name","item","Leuchtturm","","Architekt-Gebäude — Name (Score, legendär)","","new",""
"item.building.A_LOSBUDE.name","item","Losbude","","Architekt-Gebäude — Name (Score)","","new",""
"item.building.A_LOSBUDE.tier1.eff","item","Crit-Sieg +90 Score · Sieg ohne Crit −15 Score","","Architekt-Gebäude „Losbude"" — Effekt Stufe I","","new",""
"item.building.A_LOSBUDE.tier2.eff","item","Crit-Sieg +135 Score · Sieg ohne Crit −15 Score","","Architekt-Gebäude „Losbude"" — Effekt Stufe II","","new",""
"item.building.A_LOSBUDE.tier3.eff","item","Crit-Sieg +198 Score · Sieg ohne Crit −15 Score","","Architekt-Gebäude „Losbude"" — Effekt Stufe III","","new",""
"item.building.A_LOSBUDE.tier4.eff","item","Crit-Sieg +279 Score · Sieg ohne Crit −15 Score","","Architekt-Gebäude „Losbude"" — Effekt Stufe IV","","new",""
"item.building.A_MARKT.name","item","Marktplatz","","Architekt-Gebäude — Name (Score)","","new",""
"item.building.A_MARKT.tier1.eff","item","Sieg +20 Score je Nachbargebäude (max 4)","","Architekt-Gebäude „Marktplatz"" — Effekt Stufe I","","new",""
"item.building.A_MARKT.tier2.eff","item","Sieg +30 Score je Nachbargebäude (max 4)","","Architekt-Gebäude „Marktplatz"" — Effekt Stufe II","","new",""
"item.building.A_MARKT.tier3.eff","item","Sieg +44 Score je Nachbargebäude (max 4)","","Architekt-Gebäude „Marktplatz"" — Effekt Stufe III","","new",""
"item.building.A_MARKT.tier4.eff","item","Sieg +62 Score je Nachbargebäude (max 4)","","Architekt-Gebäude „Marktplatz"" — Effekt Stufe IV","","new",""
"item.building.A_MEILENSTEIN.name","item","Meilenstein","","Architekt-Gebäude — Name (Score)","","new",""
"item.building.A_MEILENSTEIN.tier1.eff","item","jeder 5. Sieg auf diesem Gebäude +200 Score","","Architekt-Gebäude „Meilenstein"" — Effekt Stufe I","","new",""
"item.building.A_MEILENSTEIN.tier2.eff","item","jeder 5. Sieg auf diesem Gebäude +300 Score","","Architekt-Gebäude „Meilenstein"" — Effekt Stufe II","","new",""
"item.building.A_MEILENSTEIN.tier3.eff","item","jeder 5. Sieg auf diesem Gebäude +440 Score","","Architekt-Gebäude „Meilenstein"" — Effekt Stufe III","","new",""
"item.building.A_MEILENSTEIN.tier4.eff","item","jeder 3. Sieg auf diesem Gebäude +620 Score","","Architekt-Gebäude „Meilenstein"" — Effekt Stufe IV","","new",""
"item.building.A_PFEILER.name","item","Pfeiler","","Architekt-Gebäude — Name (Formation)","","new",""
"item.building.A_PFEILER.tier1.eff","item","öffnet die Segmentgrenze","","Architekt-Gebäude „Pfeiler"" — Effekt Stufe I","","new",""
"item.building.A_PRISMA.legendary.eff","item","Formations-Joker (Wiederholung/Farbblock/Treppe/Wechsel)","","Architekt-Gebäude „Prisma"" — Effekt (legendär)","","new",""
"item.building.A_PRISMA.name","item","Prisma","","Architekt-Gebäude — Name (Formation, legendär)","","new",""
"item.building.A_PRUNKSAAL.legendary.eff","item","Sieg +300 Score","","Architekt-Gebäude „Prunksaal"" — Effekt (legendär)","","new",""
"item.building.A_PRUNKSAAL.name","item","Prunksaal","","Architekt-Gebäude — Name (Score, legendär)","","new",""
"item.building.A_QUADER.name","item","Quader","","Architekt-Gebäude — Name (Wert)","","new",""
"item.building.A_QUADER.tier1.eff","item","alle Abgedeckten +2 Stichwert","","Architekt-Gebäude „Quader"" — Effekt Stufe I","","new",""
"item.building.A_QUADER.tier2.eff","item","alle Abgedeckten +3 Stichwert","","Architekt-Gebäude „Quader"" — Effekt Stufe II","","new",""
"item.building.A_QUADER.tier3.eff","item","alle Abgedeckten +4 Stichwert","","Architekt-Gebäude „Quader"" — Effekt Stufe III","","new",""
"item.building.A_QUADER.tier4.eff","item","alle Abgedeckten +6 Stichwert","","Architekt-Gebäude „Quader"" — Effekt Stufe IV","","new",""
"item.building.A_RAMPE.name","item","Rampe","","Architekt-Gebäude — Name (Wert)","","new",""
"item.building.A_RAMPE.tier1.eff","item","niedrige Karten +2 Stichwert","","Architekt-Gebäude „Rampe"" — Effekt Stufe I","","new",""
"item.building.A_RAMPE.tier2.eff","item","niedrige Karten +3 Stichwert","","Architekt-Gebäude „Rampe"" — Effekt Stufe II","","new",""
"item.building.A_RAMPE.tier3.eff","item","niedrige Karten +4 Stichwert","","Architekt-Gebäude „Rampe"" — Effekt Stufe III","","new",""
"item.building.A_RAMPE.tier4.eff","item","niedrige Karten +6 Stichwert","","Architekt-Gebäude „Rampe"" — Effekt Stufe IV","","new",""
"item.building.A_RATHAUS.legendary.eff","item","Sieg +45 Score je Nachbargebäude (max 6)","","Architekt-Gebäude „Rathaus"" — Effekt (legendär)","","new",""
"item.building.A_RATHAUS.name","item","Rathaus","","Architekt-Gebäude — Name (Score, legendär)","","new",""
"item.building.A_REIHENHAUS.name","item","Reihenhaus","","Architekt-Gebäude — Name (Score)","","new",""
"item.building.A_REIHENHAUS.tier1.eff","item","Sieg +9 Score je Serienpunkt (max 50) (Stufe III: ab Serie 4 doppelt)","","Architekt-Gebäude „Reihenhaus"" — Effekt Stufe I","","new",""
"item.building.A_REIHENHAUS.tier2.eff","item","Sieg +14 Score je Serienpunkt (max 50) (Stufe III: ab Serie 4 doppelt)","","Architekt-Gebäude „Reihenhaus"" — Effekt Stufe II","","new",""
"item.building.A_REIHENHAUS.tier3.eff","item","Sieg +20 Score je Serienpunkt (max 50) · ab Serie 4 doppelt","","Architekt-Gebäude „Reihenhaus"" — Effekt Stufe III","","new",""
"item.building.A_REIHENHAUS.tier4.eff","item","Sieg +28 Score je Serienpunkt (max 50) · ab Serie 4 doppelt","","Architekt-Gebäude „Reihenhaus"" — Effekt Stufe IV","","new",""
"item.building.A_RIEGEL.name","item","Riegel","","Architekt-Gebäude — Name (Wert)","","new",""
"item.building.A_RIEGEL.tier1.eff","item","alle Abgedeckten +1 Stichwert","","Architekt-Gebäude „Riegel"" — Effekt Stufe I","","new",""
"item.building.A_RIEGEL.tier2.eff","item","alle Abgedeckten +2 Stichwert","","Architekt-Gebäude „Riegel"" — Effekt Stufe II","","new",""
"item.building.A_RIEGEL.tier4.eff","item","alle Abgedeckten +3 Stichwert","","Architekt-Gebäude „Riegel"" — Effekt Stufe IV","","new",""
"item.building.A_SCHATZ.legendary.eff","item","Siege hier ×1,30 Score","","Architekt-Gebäude „Schatzkammer"" — Effekt (legendär)","","new",""
"item.building.A_SCHATZ.name","item","Schatzkammer","","Architekt-Gebäude — Name (Score, legendär)","","new",""
"item.building.A_SOCKEL.name","item","Sockel","","Architekt-Gebäude — Name (Wert)","","new",""
"item.building.A_SOCKEL.tier1.eff","item","niedrigste Karte +3 Stichwert","","Architekt-Gebäude „Sockel"" — Effekt Stufe I","","new",""
"item.building.A_SOCKEL.tier2.eff","item","niedrigste Karte +5 Stichwert","","Architekt-Gebäude „Sockel"" — Effekt Stufe II","","new",""
"item.building.A_SOCKEL.tier3.eff","item","niedrigste Karte +7 Stichwert","","Architekt-Gebäude „Sockel"" — Effekt Stufe III","","new",""
"item.building.A_SOCKEL.tier4.eff","item","niedrigste Karte +9 Stichwert","","Architekt-Gebäude „Sockel"" — Effekt Stufe IV","","new",""
"item.building.A_SPEICHER.name","item","Speicherstadt","","Architekt-Gebäude — Name (Score)","","new",""
"item.building.A_SPEICHER.tier1.eff","item","Sieg +40 Score je vollendeter Struktur","","Architekt-Gebäude „Speicherstadt"" — Effekt Stufe I","","new",""
"item.building.A_SPEICHER.tier2.eff","item","Sieg +60 Score je vollendeter Struktur","","Architekt-Gebäude „Speicherstadt"" — Effekt Stufe II","","new",""
"item.building.A_SPEICHER.tier3.eff","item","Sieg +88 Score je vollendeter Struktur","","Architekt-Gebäude „Speicherstadt"" — Effekt Stufe III","","new",""
"item.building.A_SPEICHER.tier4.eff","item","Sieg +124 Score je vollendeter Struktur","","Architekt-Gebäude „Speicherstadt"" — Effekt Stufe IV","","new",""
"item.building.A_SPIELBANK.legendary.eff","item","Crit-Sieg +500 Score · Sieg ohne Crit −80 Score","","Architekt-Gebäude „Spielbank"" — Effekt (legendär)","","new",""
"item.building.A_SPIELBANK.name","item","Spielbank","","Architekt-Gebäude — Name (Score, legendär)","","new",""
"item.building.A_STERNWARTE.legendary.eff","item","Sieg +90 Score je vollendeter Struktur","","Architekt-Gebäude „Sternwarte"" — Effekt (legendär)","","new",""
"item.building.A_STERNWARTE.name","item","Sternwarte","","Architekt-Gebäude — Name (Score, legendär)","","new",""
"item.building.A_STUETZE.name","item","Stützbalken","","Architekt-Gebäude — Name (Wert)","","new",""
"item.building.A_STUETZE.tier1.eff","item","alle Abgedeckten +1 Stichwert","","Architekt-Gebäude „Stützbalken"" — Effekt Stufe I","","new",""
"item.building.A_STUETZE.tier2.eff","item","alle Abgedeckten +2 Stichwert","","Architekt-Gebäude „Stützbalken"" — Effekt Stufe II","","new",""
"item.building.A_STUETZE.tier4.eff","item","alle Abgedeckten +3 Stichwert","","Architekt-Gebäude „Stützbalken"" — Effekt Stufe IV","","new",""
"item.building.A_VORWERK.name","item","Vorwerk","","Architekt-Gebäude — Name (Score)","","new",""
"item.building.A_VORWERK.tier1.eff","item","frühe Segmente +70 Score","","Architekt-Gebäude „Vorwerk"" — Effekt Stufe I","","new",""
"item.building.A_VORWERK.tier2.eff","item","frühe Segmente +105 Score","","Architekt-Gebäude „Vorwerk"" — Effekt Stufe II","","new",""
"item.building.A_VORWERK.tier3.eff","item","frühe Segmente +154 Score","","Architekt-Gebäude „Vorwerk"" — Effekt Stufe III","","new",""
"item.building.A_VORWERK.tier4.eff","item","frühe Segmente +217 Score","","Architekt-Gebäude „Vorwerk"" — Effekt Stufe IV","","new",""
"item.building.A_WEHRGANG.name","item","Wehrgang","","Architekt-Gebäude — Name (Wert)","","new",""
"item.building.A_WEHRGANG.tier1.eff","item","frühe Segmente +2 Stichwert","","Architekt-Gebäude „Wehrgang"" — Effekt Stufe I","","new",""
"item.building.A_WEHRGANG.tier2.eff","item","frühe Segmente +3 Stichwert","","Architekt-Gebäude „Wehrgang"" — Effekt Stufe II","","new",""
"item.building.A_WEHRGANG.tier3.eff","item","frühe Segmente +4 Stichwert","","Architekt-Gebäude „Wehrgang"" — Effekt Stufe III","","new",""
"item.building.A_WEHRGANG.tier4.eff","item","frühe Segmente +6 Stichwert","","Architekt-Gebäude „Wehrgang"" — Effekt Stufe IV","","new",""
"item.building.A_WETTHALLE.name","item","Wetthalle","","Architekt-Gebäude — Name (Score)","","new",""
"item.building.A_WETTHALLE.tier1.eff","item","Crit-Sieg +260 Score · Sieg ohne Crit −60 Score","","Architekt-Gebäude „Wetthalle"" — Effekt Stufe I","","new",""
"item.building.A_WETTHALLE.tier2.eff","item","Crit-Sieg +390 Score · Sieg ohne Crit −60 Score","","Architekt-Gebäude „Wetthalle"" — Effekt Stufe II","","new",""
"item.building.A_WETTHALLE.tier3.eff","item","Crit-Sieg +572 Score · Sieg ohne Crit −60 Score","","Architekt-Gebäude „Wetthalle"" — Effekt Stufe III","","new",""
"item.building.A_WETTHALLE.tier4.eff","item","Crit-Sieg +806 Score · Sieg ohne Crit −60 Score","","Architekt-Gebäude „Wetthalle"" — Effekt Stufe IV","","new",""
"item.building.A_ZINNE.name","item","Zinne","","Architekt-Gebäude — Name (Score)","","new",""
"item.building.A_ZINNE.tier1.eff","item","Crit-Sieg +80 Score","","Architekt-Gebäude „Zinne"" — Effekt Stufe I","","new",""
"item.building.A_ZINNE.tier2.eff","item","Crit-Sieg +120 Score","","Architekt-Gebäude „Zinne"" — Effekt Stufe II","","new",""
"item.building.A_ZINNE.tier3.eff","item","Crit-Sieg +176 Score","","Architekt-Gebäude „Zinne"" — Effekt Stufe III","","new",""
"item.building.A_ZINNE.tier4.eff","item","Crit-Sieg +248 Score","","Architekt-Gebäude „Zinne"" — Effekt Stufe IV","","new",""
"item.building.A_ZOLLHAUS.name","item","Zollhaus","","Architekt-Gebäude — Name (Score)","","new",""
"item.building.A_ZOLLHAUS.tier1.eff","item","Sieg +35 Score (Stufe IV: zusätzlich ×1,15 Score)","","Architekt-Gebäude „Zollhaus"" — Effekt Stufe I","","new",""
"item.building.A_ZOLLHAUS.tier2.eff","item","Sieg +53 Score (Stufe IV: zusätzlich ×1,15 Score)","","Architekt-Gebäude „Zollhaus"" — Effekt Stufe II","","new",""
"item.building.A_ZOLLHAUS.tier3.eff","item","Sieg +77 Score (Stufe IV: zusätzlich ×1,15 Score)","","Architekt-Gebäude „Zollhaus"" — Effekt Stufe III","","new",""
"item.building.A_ZOLLHAUS.tier4.eff","item","Sieg +109 Score · zusätzlich ×1,15 Score","","Architekt-Gebäude „Zollhaus"" — Effekt Stufe IV","","new",""
"item.building.A_ZUNFTHAUS.name","item","Zunfthaus","","Architekt-Gebäude — Name (Score)","","new",""
"item.building.A_ZUNFTHAUS.tier1.eff","item","passende Farbe +130 Score","","Architekt-Gebäude „Zunfthaus"" — Effekt Stufe I","","new",""
"item.building.A_ZUNFTHAUS.tier2.eff","item","passende Farbe +195 Score","","Architekt-Gebäude „Zunfthaus"" — Effekt Stufe II","","new",""
"item.building.A_ZUNFTHAUS.tier3.eff","item","passende Farbe +286 Score","","Architekt-Gebäude „Zunfthaus"" — Effekt Stufe III","","new",""
"item.building.A_ZUNFTHAUS.tier4.eff","item","passende Farbe +403 Score","","Architekt-Gebäude „Zunfthaus"" — Effekt Stufe IV","","new",""
"item.building.A_ZUNFTV.name","item","Zunftviertel","","Architekt-Gebäude — Name (Wert)","","new",""
"item.building.A_ZUNFTV.tier1.eff","item","+1 Stichwert je Nachbargebäude (max 3)","","Architekt-Gebäude „Zunftviertel"" — Effekt Stufe I","","new",""
"item.building.A_ZUNFTV.tier2.eff","item","+2 Stichwert je Nachbargebäude (max 3)","","Architekt-Gebäude „Zunftviertel"" — Effekt Stufe II","","new",""
"item.building.A_ZUNFTV.tier4.eff","item","+3 Stichwert je Nachbargebäude (max 3)","","Architekt-Gebäude „Zunftviertel"" — Effekt Stufe IV","","new",""
"item.building.A_ZWINGER.legendary.eff","item","+2 Stichwert je Nachbargebäude (max 5)","","Architekt-Gebäude „Zwinger"" — Effekt (legendär)","","new",""
"item.building.A_ZWINGER.name","item","Zwinger","","Architekt-Gebäude — Name (Wert, legendär)","","new",""
"item.deck.deck_arcade.name","item","Beryll","","Kartenrücken — Name (Kosmetik)","","new",""
"item.deck.deck_beach.name","item","Malibu Wave","","Kartenrücken — Name (Kosmetik)","","new",""
"item.deck.deck_blitz.name","item","Blitz","","Kartenrücken — Name (Kosmetik)","","new",""
"item.deck.deck_cat.name","item","Biolumen","","Kartenrücken — Name (Kosmetik)","","new",""
"item.deck.deck_drache.name","item","Laternenfest","","Kartenrücken — Name (Kosmetik)","","new",""
"item.deck.deck_eis.name","item","Eis","","Kartenrücken — Name (Kosmetik)","","new",""
"item.deck.deck_elementar.name","item","Prisma","","Kartenrücken — Name (Kosmetik)","","new",""
"item.deck.deck_feuer.name","item","Feuer","","Kartenrücken — Name (Kosmetik)","","new",""
"item.deck.deck_geometrie.name","item","Seraph","","Kartenrücken — Name (Kosmetik)","","new",""
"item.deck.deck_gottgleich.name","item","Ascension","","Kartenrücken — Name (Kosmetik)","","new",""
"item.deck.deck_kosmos.name","item","Schwarzes Loch","","Kartenrücken — Name (Kosmetik)","","new",""
"item.deck.deck_lofi.name","item","Kitsune","","Kartenrücken — Name (Kosmetik)","","new",""
"item.deck.deck_onboarding.name","item","Genesis","","Kartenrücken — Name (Kosmetik)","","new",""
"item.deck.deck_oni.name","item","Roter Oni","","Kartenrücken — Name (Kosmetik)","","new",""
"item.deck.deck_pflanze.name","item","Pflanze","","Kartenrücken — Name (Kosmetik)","","new",""
"item.deck.deck_polarlicht.name","item","Scarab","","Kartenrücken — Name (Kosmetik)","","new",""
"item.deck.deck_ronin.name","item","Ronin","","Kartenrücken — Name (Kosmetik)","","new",""
"item.deck.deck_seedrache.name","item","Eldritch","","Kartenrücken — Name (Kosmetik)","","new",""
"item.deck.deck_serie1500.name","item","Königspfau","","Kartenrücken — Name (Kosmetik)","","new",""
"item.deck.deck_serie300.name","item","Flamingo","","Kartenrücken — Name (Kosmetik)","","new",""
"item.deck.deck_serie600.name","item","Peacock","","Kartenrücken — Name (Kosmetik)","","new",""
"item.deck.deck_sonne.name","item","Kolossus","","Kartenrücken — Name (Kosmetik)","","new",""
"item.deck.deck_spacedog.name","item","Kosmospanther","","Kartenrücken — Name (Kosmetik)","","new",""
"item.deck.deck_sparfuchs.name","item","Sparfuchs","","Kartenrücken — Name (Kosmetik)","","new",""
"item.deck.deck_sunset.name","item","Sunset Rider","","Kartenrücken — Name (Kosmetik)","","new",""
"item.deck.deck_wale.name","item","Moonwhale","","Kartenrücken — Name (Kosmetik)","","new",""
"item.deck.default.name","item","Standard","","Kartenrücken — Name (Kosmetik)","","new",""
"item.family.A_BOTTOM.name","item","Nachzügler","","Perk-Familie — Name (Kategorie Deck)","","new",""
"item.family.A_BOTTOM.tier1.desc","item","Die zwei aktuell niedrigsten Karten: dauerhaft je +3 Kartenwert.","","Perk-Familie „Nachzügler"" — Beschreibung Stufe I","","new",""
"item.family.A_BOTTOM.tier2.desc","item","Die drei aktuell niedrigsten Karten: dauerhaft je +4 Kartenwert.","","Perk-Familie „Nachzügler"" — Beschreibung Stufe II","","new",""
"item.family.A_BOTTOM.tier3.desc","item","Die vier aktuell niedrigsten Karten: dauerhaft je +5 Kartenwert.","","Perk-Familie „Nachzügler"" — Beschreibung Stufe III","","new",""
"item.family.A_BOTTOM.tier4.desc","item","Die fünf aktuell niedrigsten Karten: dauerhaft je +6 Kartenwert.","","Perk-Familie „Nachzügler"" — Beschreibung Stufe IV","","new",""
"item.family.A_CONDENSE.name","item","Verdichtung","","Perk-Familie — Name (Kategorie Deck)","","new",""
"item.family.A_CONDENSE.tier1.desc","item","Zwei zufällige Karten aus mehrfach vorkommenden Wertgruppen: dauerhaft +1 Kartenwert.","","Perk-Familie „Verdichtung"" — Beschreibung Stufe I","","new",""
"item.family.A_CONDENSE.tier2.desc","item","Vier zufällige Karten aus mehrfach vorkommenden Wertgruppen: dauerhaft +1 Kartenwert.","","Perk-Familie „Verdichtung"" — Beschreibung Stufe II","","new",""
"item.family.A_CONDENSE.tier3.desc","item","Alle Karten aus Wertgruppen mit ≥3 Vorkommen: dauerhaft +1 Kartenwert.","","Perk-Familie „Verdichtung"" — Beschreibung Stufe III","","new",""
"item.family.A_CONDENSE.tier4.desc","item","Alle Karten aus mehrfach vorkommenden Wertgruppen: dauerhaft +1 Kartenwert.","","Perk-Familie „Verdichtung"" — Beschreibung Stufe IV","","new",""
"item.family.A_EVEN.name","item","Gerade Stärke","","Perk-Familie — Name (Kategorie Deck)","","new",""
"item.family.A_EVEN.tier1.desc","item","Vier zufällige gerade Karten: dauerhaft +1 Kartenwert.","","Perk-Familie „Gerade Stärke"" — Beschreibung Stufe I","","new",""
"item.family.A_EVEN.tier2.desc","item","Alle ursprünglichen 2er und 8er: dauerhaft +1 Kartenwert.","","Perk-Familie „Gerade Stärke"" — Beschreibung Stufe II","","new",""
"item.family.A_EVEN.tier3.desc","item","Alle ursprünglichen 4er und 6er: dauerhaft +1 Kartenwert.","","Perk-Familie „Gerade Stärke"" — Beschreibung Stufe III","","new",""
"item.family.A_EVEN.tier4.desc","item","Alle geraden Karten: dauerhaft +1 Kartenwert (zusätzlich zu den Stufen davor).","","Perk-Familie „Gerade Stärke"" — Beschreibung Stufe IV","","new",""
"item.family.A_HIGH_STRONG.name","item","Starke Karten werden stärker","","Perk-Familie — Name (Kategorie Deck)","","new",""
"item.family.A_HIGH_STRONG.tier1.desc","item","Alle ursprünglichen 6er: dauerhaft +1 Kartenwert.","","Perk-Familie „Starke Karten werden stärker"" — Beschreibung Stufe I","","new",""
"item.family.A_HIGH_STRONG.tier2.desc","item","Alle ursprünglichen 7er: dauerhaft +2 Kartenwert.","","Perk-Familie „Starke Karten werden stärker"" — Beschreibung Stufe II","","new",""
"item.family.A_HIGH_STRONG.tier3.desc","item","Alle ursprünglichen 8er: dauerhaft +3 Kartenwert.","","Perk-Familie „Starke Karten werden stärker"" — Beschreibung Stufe III","","new",""
"item.family.A_HIGH_STRONG.tier4.desc","item","Alle ursprünglichen 9er und 10er: dauerhaft +4 Kartenwert.","","Perk-Familie „Starke Karten werden stärker"" — Beschreibung Stufe IV","","new",""
"item.family.A_MIDRANGE.name","item","Mittelklasse","","Perk-Familie — Name (Kategorie Deck)","","new",""
"item.family.A_MIDRANGE.tier1.desc","item","Drei zufällige Karten mit aktuellem Wert 4–7: dauerhaft +1 Kartenwert.","","Perk-Familie „Mittelklasse"" — Beschreibung Stufe I","","new",""
"item.family.A_MIDRANGE.tier2.desc","item","Fünf zufällige Karten mit aktuellem Wert 4–7: dauerhaft +1 Kartenwert.","","Perk-Familie „Mittelklasse"" — Beschreibung Stufe II","","new",""
"item.family.A_MIDRANGE.tier3.desc","item","Alle Karten mit aktuellem Wert 4–7: dauerhaft +1 Kartenwert.","","Perk-Familie „Mittelklasse"" — Beschreibung Stufe III","","new",""
"item.family.A_MIDRANGE.tier4.desc","item","Alle Karten mit aktuellem Wert 3–8: dauerhaft +1 Kartenwert.","","Perk-Familie „Mittelklasse"" — Beschreibung Stufe IV","","new",""
"item.family.A_ODD.name","item","Ungerade Stärke","","Perk-Familie — Name (Kategorie Deck)","","new",""
"item.family.A_ODD.tier1.desc","item","Vier zufällige ungerade Karten: dauerhaft +1 Kartenwert.","","Perk-Familie „Ungerade Stärke"" — Beschreibung Stufe I","","new",""
"item.family.A_ODD.tier2.desc","item","Alle ursprünglichen 3er und 7er: dauerhaft +1 Kartenwert.","","Perk-Familie „Ungerade Stärke"" — Beschreibung Stufe II","","new",""
"item.family.A_ODD.tier3.desc","item","Alle ursprünglichen 1er und 9er: dauerhaft +1 Kartenwert.","","Perk-Familie „Ungerade Stärke"" — Beschreibung Stufe III","","new",""
"item.family.A_ODD.tier4.desc","item","Alle ungeraden Karten: dauerhaft +1 Kartenwert (zusätzlich zu den Stufen davor).","","Perk-Familie „Ungerade Stärke"" — Beschreibung Stufe IV","","new",""
"item.family.A_SMALL_BIG.name","item","Kleine ganz groß","","Perk-Familie — Name (Kategorie Deck)","","new",""
"item.family.A_SMALL_BIG.tier1.desc","item","Zwei zufällige ursprüngliche 1–3er: dauerhaft je +3 Kartenwert.","","Perk-Familie „Kleine ganz groß"" — Beschreibung Stufe I","","new",""
"item.family.A_SMALL_BIG.tier2.desc","item","Drei zufällige ursprüngliche 1–3er: dauerhaft je +4 Kartenwert.","","Perk-Familie „Kleine ganz groß"" — Beschreibung Stufe II","","new",""
"item.family.A_SMALL_BIG.tier3.desc","item","Vier zufällige ursprüngliche 1–3er: dauerhaft je +5 Kartenwert.","","Perk-Familie „Kleine ganz groß"" — Beschreibung Stufe III","","new",""
"item.family.A_SMALL_BIG.tier4.desc","item","Alle ursprünglichen 1–3er: dauerhaft je +3 Kartenwert.","","Perk-Familie „Kleine ganz groß"" — Beschreibung Stufe IV","","new",""
"item.family.A_SUIT_BOOST.name","item","Farbverstärkung","","Perk-Familie — Name (Kategorie Deck)","","new",""
"item.family.A_SUIT_BOOST.tier1.desc","item","Eine zufällige Farbe: vier zufällige Karten dauerhaft +1 Kartenwert.","","Perk-Familie „Farbverstärkung"" — Beschreibung Stufe I","","new",""
"item.family.A_SUIT_BOOST.tier2.desc","item","Eine zufällige Farbe: alle Karten dauerhaft +1 Kartenwert.","","Perk-Familie „Farbverstärkung"" — Beschreibung Stufe II","","new",""
"item.family.A_SUIT_BOOST.tier3.desc","item","Wähle eine Farbe: alle ihre Karten dauerhaft +1 Kartenwert.","","Perk-Familie „Farbverstärkung"" — Beschreibung Stufe III","","new",""
"item.family.A_SUIT_BOOST.tier4.desc","item","Wähle eine Farbe: alle ihre Karten dauerhaft +2 Kartenwert.","","Perk-Familie „Farbverstärkung"" — Beschreibung Stufe IV","","new",""
"item.family.A_SUIT_DUEL.name","item","Farbduell","","Perk-Familie — Name (Kategorie Deck)","","new",""
"item.family.A_SUIT_DUEL.tier1.desc","item","Eine zufällige Farbe +1 Kartenwert dauerhaft, eine andere −1 Kartenwert.","","Perk-Familie „Farbduell"" — Beschreibung Stufe I","","new",""
"item.family.A_SUIT_DUEL.tier2.desc","item","Eine zufällige Farbe +2 Kartenwert dauerhaft, eine andere −1 Kartenwert.","","Perk-Familie „Farbduell"" — Beschreibung Stufe II","","new",""
"item.family.A_SUIT_DUEL.tier3.desc","item","Wähle die Gewinnerfarbe (+3 Kartenwert); eine zufällige andere Farbe verliert 1 Kartenwert.","","Perk-Familie „Farbduell"" — Beschreibung Stufe III","","new",""
"item.family.A_SUIT_DUEL.tier4.desc","item","Wähle Gewinner- und Verliererfarbe: +4 / −1 Kartenwert.","","Perk-Familie „Farbduell"" — Beschreibung Stufe IV","","new",""
"item.family.A_TOP.name","item","Spitzenförderung","","Perk-Familie — Name (Kategorie Deck)","","new",""
"item.family.A_TOP.tier1.desc","item","Die zwei aktuell höchsten Karten: dauerhaft je +2 Kartenwert.","","Perk-Familie „Spitzenförderung"" — Beschreibung Stufe I","","new",""
"item.family.A_TOP.tier2.desc","item","Die drei aktuell höchsten Karten: dauerhaft je +3 Kartenwert.","","Perk-Familie „Spitzenförderung"" — Beschreibung Stufe II","","new",""
"item.family.A_TOP.tier3.desc","item","Die vier aktuell höchsten Karten: dauerhaft je +4 Kartenwert.","","Perk-Familie „Spitzenförderung"" — Beschreibung Stufe III","","new",""
"item.family.A_TOP.tier4.desc","item","Die fünf aktuell höchsten Karten: dauerhaft je +5 Kartenwert.","","Perk-Familie „Spitzenförderung"" — Beschreibung Stufe IV","","new",""
"item.family.A_WEAK_STRONG.name","item","Schwache Karten sind stark","","Perk-Familie — Name (Kategorie Deck)","","new",""
"item.family.A_WEAK_STRONG.tier1.desc","item","Alle ursprünglichen 5er: dauerhaft +1 Kartenwert.","","Perk-Familie „Schwache Karten sind stark"" — Beschreibung Stufe I","","new",""
"item.family.A_WEAK_STRONG.tier2.desc","item","Alle ursprünglichen 4er: dauerhaft +2 Kartenwert.","","Perk-Familie „Schwache Karten sind stark"" — Beschreibung Stufe II","","new",""
"item.family.A_WEAK_STRONG.tier3.desc","item","Alle ursprünglichen 3er: dauerhaft +3 Kartenwert.","","Perk-Familie „Schwache Karten sind stark"" — Beschreibung Stufe III","","new",""
"item.family.A_WEAK_STRONG.tier4.desc","item","Alle ursprünglichen 1er und 2er: dauerhaft +4 Kartenwert.","","Perk-Familie „Schwache Karten sind stark"" — Beschreibung Stufe IV","","new",""
"item.family.B_BREAKTHROUGH.name","item","Durchbruch","","Perk-Familie — Name (Kategorie Stich)","","new",""
"item.family.B_BREAKTHROUGH.tier1.desc","item","Nach 6 Stichen ohne Sieg: nächste Karte +7 Stichwert.","","Perk-Familie „Durchbruch"" — Beschreibung Stufe I","","new",""
"item.family.B_BREAKTHROUGH.tier2.desc","item","Nach 5 Stichen ohne Sieg: nächste Karte +10 Stichwert.","","Perk-Familie „Durchbruch"" — Beschreibung Stufe II","","new",""
"item.family.B_BREAKTHROUGH.tier3.desc","item","Nach 4 Stichen ohne Sieg: nächste Karte +12 Stichwert.","","Perk-Familie „Durchbruch"" — Beschreibung Stufe III","","new",""
"item.family.B_BREAKTHROUGH.tier4.desc","item","Nach 3 Stichen ohne Sieg: nächste Karte +15 Stichwert.","","Perk-Familie „Durchbruch"" — Beschreibung Stufe IV","","new",""
"item.family.B_COUNTER.name","item","Gegenangriff","","Perk-Familie — Name (Kategorie Stich)","","new",""
"item.family.B_COUNTER.tier1.desc","item","Nach einer Niederlage: nächste Karte +3 Stichwert.","","Perk-Familie „Gegenangriff"" — Beschreibung Stufe I","","new",""
"item.family.B_COUNTER.tier2.desc","item","Nach einer Niederlage: nächste Karte +5 Stichwert.","","Perk-Familie „Gegenangriff"" — Beschreibung Stufe II","","new",""
"item.family.B_COUNTER.tier3.desc","item","Nach einer Niederlage: nächste Karte +7 Stichwert.","","Perk-Familie „Gegenangriff"" — Beschreibung Stufe III","","new",""
"item.family.B_COUNTER.tier4.desc","item","Nach einer Niederlage: nächste Karte +10 Stichwert.","","Perk-Familie „Gegenangriff"" — Beschreibung Stufe IV","","new",""
"item.family.B_FINALE.name","item","Starkes Finale","","Perk-Familie — Name (Kategorie Stich)","","new",""
"item.family.B_FINALE.tier1.desc","item","Die letzten 2 Karten jedes Durchlaufs: je +2 Stichwert.","","Perk-Familie „Starkes Finale"" — Beschreibung Stufe I","","new",""
"item.family.B_FINALE.tier2.desc","item","Die letzten 3 Karten jedes Durchlaufs: je +3 Stichwert.","","Perk-Familie „Starkes Finale"" — Beschreibung Stufe II","","new",""
"item.family.B_FINALE.tier3.desc","item","Die letzten 4 Karten jedes Durchlaufs: je +4 Stichwert.","","Perk-Familie „Starkes Finale"" — Beschreibung Stufe III","","new",""
"item.family.B_FINALE.tier4.desc","item","Die letzten 5 Karten jedes Durchlaufs: je +5 Stichwert.","","Perk-Familie „Starkes Finale"" — Beschreibung Stufe IV","","new",""
"item.family.B_INITIATIVE.name","item","Initiative","","Perk-Familie — Name (Kategorie Stich)","","new",""
"item.family.B_INITIATIVE.tier1.desc","item","Nach zwei Niederlagen gewinnst du den nächsten Gleichstand.","","Perk-Familie „Initiative"" — Beschreibung Stufe I","","new",""
"item.family.B_INITIATIVE.tier2.desc","item","Nach einer Niederlage gewinnst du den nächsten Gleichstand.","","Perk-Familie „Initiative"" — Beschreibung Stufe II","","new",""
"item.family.B_INITIATIVE.tier3.desc","item","Nach einer Niederlage: nächste Karte +1 Stichwert und gewinnt den nächsten Gleichstand.","","Perk-Familie „Initiative"" — Beschreibung Stufe III","","new",""
"item.family.B_INITIATIVE.tier4.desc","item","Nach einer Niederlage: nächste Karte +2 Stichwert und gewinnt den nächsten Gleichstand.","","Perk-Familie „Initiative"" — Beschreibung Stufe IV","","new",""
"item.family.B_MOMENTUM.name","item","Momentum","","Perk-Familie — Name (Kategorie Stich)","","new",""
"item.family.B_MOMENTUM.tier1.desc","item","Nach genau 4 Siegen in Folge: nächste Karte +4 Stichwert.","","Perk-Familie „Momentum"" — Beschreibung Stufe I","","new",""
"item.family.B_MOMENTUM.tier2.desc","item","Nach genau 3 Siegen in Folge: nächste Karte +5 Stichwert.","","Perk-Familie „Momentum"" — Beschreibung Stufe II","","new",""
"item.family.B_MOMENTUM.tier3.desc","item","Nach genau 3 Siegen in Folge: nächste Karte +7 Stichwert.","","Perk-Familie „Momentum"" — Beschreibung Stufe III","","new",""
"item.family.B_MOMENTUM.tier4.desc","item","Nach genau 3 Siegen in Folge: nächste Karte +10 Stichwert.","","Perk-Familie „Momentum"" — Beschreibung Stufe IV","","new",""
"item.family.B_OPENING.name","item","Starker Auftakt","","Perk-Familie — Name (Kategorie Stich)","","new",""
"item.family.B_OPENING.tier1.desc","item","Die ersten 2 Karten jedes Durchlaufs: je +2 Stichwert.","","Perk-Familie „Starker Auftakt"" — Beschreibung Stufe I","","new",""
"item.family.B_OPENING.tier2.desc","item","Die ersten 3 Karten jedes Durchlaufs: je +3 Stichwert.","","Perk-Familie „Starker Auftakt"" — Beschreibung Stufe II","","new",""
"item.family.B_OPENING.tier3.desc","item","Die ersten 4 Karten jedes Durchlaufs: je +4 Stichwert.","","Perk-Familie „Starker Auftakt"" — Beschreibung Stufe III","","new",""
"item.family.B_OPENING.tier4.desc","item","Die ersten 5 Karten jedes Durchlaufs: je +5 Stichwert.","","Perk-Familie „Starker Auftakt"" — Beschreibung Stufe IV","","new",""
"item.family.B_PERFECT.name","item","Perfekte Folge","","Perk-Familie — Name (Kategorie Stich)","","new",""
"item.family.B_PERFECT.tier1.desc","item","Treppenkarten: +0/+0/+1, danach +2 Stichwert.","","Perk-Familie „Perfekte Folge"" — Beschreibung Stufe I","","new",""
"item.family.B_PERFECT.tier2.desc","item","Treppenkarten: +1/+2/+3, danach +4 Stichwert.","","Perk-Familie „Perfekte Folge"" — Beschreibung Stufe II","","new",""
"item.family.B_PERFECT.tier3.desc","item","Treppenkarten: +2/+3/+4, danach +5 Stichwert.","","Perk-Familie „Perfekte Folge"" — Beschreibung Stufe III","","new",""
"item.family.B_PERFECT.tier4.desc","item","Treppenkarten: +3/+4/+5, danach +6 Stichwert.","","Perk-Familie „Perfekte Folge"" — Beschreibung Stufe IV","","new",""
"item.family.B_REVENGE.name","item","Revanche","","Perk-Familie — Name (Kategorie Stich)","","new",""
"item.family.B_REVENGE.tier1.desc","item","Nach drei Niederlagen in Folge: nächste Karte +6 Stichwert.","","Perk-Familie „Revanche"" — Beschreibung Stufe I","","new",""
"item.family.B_REVENGE.tier2.desc","item","Nach zwei Niederlagen in Folge: nächste Karte +7 Stichwert.","","Perk-Familie „Revanche"" — Beschreibung Stufe II","","new",""
"item.family.B_REVENGE.tier3.desc","item","Nach zwei Niederlagen in Folge: die nächsten zwei Karten je +6 Stichwert.","","Perk-Familie „Revanche"" — Beschreibung Stufe III","","new",""
"item.family.B_REVENGE.tier4.desc","item","Nach jeder Niederlage: nächste Karte +8 Stichwert.","","Perk-Familie „Revanche"" — Beschreibung Stufe IV","","new",""
"item.family.B_SUPERIOR.name","item","Überzahl","","Perk-Familie — Name (Kategorie Stich)","","new",""
"item.family.B_SUPERIOR.tier1.desc","item","Kartenwert ≥2 höher als der Vorgänger: +2 Stichwert.","","Perk-Familie „Überzahl"" — Beschreibung Stufe I","","new",""
"item.family.B_SUPERIOR.tier2.desc","item","Kartenwert höher als der Vorgänger: +3 Stichwert.","","Perk-Familie „Überzahl"" — Beschreibung Stufe II","","new",""
"item.family.B_SUPERIOR.tier3.desc","item","Kartenwert nicht niedriger als der Vorgänger: +3 Stichwert.","","Perk-Familie „Überzahl"" — Beschreibung Stufe III","","new",""
"item.family.B_SUPERIOR.tier4.desc","item","Kartenwert höher als der Vorgänger: +5 Stichwert; genau gleich: +2.","","Perk-Familie „Überzahl"" — Beschreibung Stufe IV","","new",""
"item.family.B_TENTH_STRIKE.name","item","Markstein","","Perk-Familie — Name (Kategorie Stich)","","new",""
"item.family.B_TENTH_STRIKE.tier1.desc","item","Karten auf Position 20 und 40: +6 Stichwert.","","Perk-Familie „Markstein"" — Beschreibung Stufe I","","new",""
"item.family.B_TENTH_STRIKE.tier2.desc","item","Karten auf Position 10, 20, 30 und 40: +6 Stichwert.","","Perk-Familie „Markstein"" — Beschreibung Stufe II","","new",""
"item.family.B_TENTH_STRIKE.tier3.desc","item","Jede fünfte Position (5, 10 … 40): +6 Stichwert.","","Perk-Familie „Markstein"" — Beschreibung Stufe III","","new",""
"item.family.B_TENTH_STRIKE.tier4.desc","item","Jede fünfte Position: +8 Stichwert.","","Perk-Familie „Markstein"" — Beschreibung Stufe IV","","new",""
"item.family.B_TIGHT.name","item","Knappe Kiste","","Perk-Familie — Name (Kategorie Stich)","","new",""
"item.family.B_TIGHT.tier1.desc","item","Liegt die Karte in einer Wiederholung: +1 Stichwert.","","Perk-Familie „Knappe Kiste"" — Beschreibung Stufe I","","new",""
"item.family.B_TIGHT.tier2.desc","item","Liegt die Karte in einer Wiederholung: +2 Stichwert.","","Perk-Familie „Knappe Kiste"" — Beschreibung Stufe II","","new",""
"item.family.B_TIGHT.tier3.desc","item","Liegt die Karte in ≥1 Formation: +2 Stichwert.","","Perk-Familie „Knappe Kiste"" — Beschreibung Stufe III","","new",""
"item.family.B_TIGHT.tier4.desc","item","Liegt die Karte in ≥1 Formation: +3 Stichwert.","","Perk-Familie „Knappe Kiste"" — Beschreibung Stufe IV","","new",""
"item.family.C_BRIDGE.name","item","Bindeglied","","Perk-Familie — Name (Kategorie Rolle)","","new",""
"item.family.C_BRIDGE.tier1.desc","item","Wähle 1 Karte: darf für eine Treppe ±1 Wert gelten.","","Perk-Familie „Bindeglied"" — Beschreibung Stufe I","","new",""
"item.family.C_BRIDGE.tier2.desc","item","Wähle 2 Karten: dürfen für eine Treppe ±1 Wert gelten.","","Perk-Familie „Bindeglied"" — Beschreibung Stufe II","","new",""
"item.family.C_BRIDGE.tier3.desc","item","Wähle 3 Karten: dürfen für eine Treppe um 1 oder 2 abweichen.","","Perk-Familie „Bindeglied"" — Beschreibung Stufe III","","new",""
"item.family.C_BRIDGE.tier4.desc","item","Wähle 4 Karten: dürfen für eine Treppe jeden Wert zwischen ihren Nachbarn annehmen.","","Perk-Familie „Bindeglied"" — Beschreibung Stufe IV","","new",""
"item.family.C_ECKPFEILER.name","item","Eckpfeiler","","Perk-Familie — Name (Kategorie Rolle)","","new",""
"item.family.C_ECKPFEILER.tier1.desc","item","Wähle 1 Karte: liegt sie in ≥1 Formation, +3 Stichwert.","","Perk-Familie „Eckpfeiler"" — Beschreibung Stufe I","","new",""
"item.family.C_ECKPFEILER.tier2.desc","item","Wähle 2 Karten: in ≥1 Formation, +4 Stichwert.","","Perk-Familie „Eckpfeiler"" — Beschreibung Stufe II","","new",""
"item.family.C_ECKPFEILER.tier3.desc","item","Wähle 3 Karten: in ≥1 Formation, +5 Stichwert.","","Perk-Familie „Eckpfeiler"" — Beschreibung Stufe III","","new",""
"item.family.C_ECKPFEILER.tier4.desc","item","Wähle 4 Karten: in ≥1 Formation +6; liegt die Karte in ≥2 Formationen, +9 Stichwert.","","Perk-Familie „Eckpfeiler"" — Beschreibung Stufe IV","","new",""
"item.family.C_ECKSTEIN.name","item","Eckstein","","Perk-Familie — Name (Kategorie Rolle)","","new",""
"item.family.C_ECKSTEIN.tier1.desc","item","Wähle 1 Karte: liegt sie in einem Gebäude, +3 Stichwert.","","Perk-Familie „Eckstein"" — Beschreibung Stufe I","","new",""
"item.family.C_ECKSTEIN.tier2.desc","item","Wähle 2 Karten: in einem Gebäude, +4 Stichwert.","","Perk-Familie „Eckstein"" — Beschreibung Stufe II","","new",""
"item.family.C_ECKSTEIN.tier3.desc","item","Wähle 3 Karten: in einem Gebäude, +5 Stichwert.","","Perk-Familie „Eckstein"" — Beschreibung Stufe III","","new",""
"item.family.C_ECKSTEIN.tier4.desc","item","Wähle 4 Karten: in einem Gebäude +6; in einer vollendeten Struktur +9 Stichwert.","","Perk-Familie „Eckstein"" — Beschreibung Stufe IV","","new",""
"item.family.C_FINISHER.name","item","Finisher","","Perk-Familie — Name (Kategorie Rolle)","","new",""
"item.family.C_FINISHER.tier1.desc","item","Wähle 1 Karte: auf der letzten Segmentposition +3 Stichwert.","","Perk-Familie „Finisher"" — Beschreibung Stufe I","","new",""
"item.family.C_FINISHER.tier2.desc","item","Wähle 2 Karten: auf der letzten Segmentposition +4 Stichwert.","","Perk-Familie „Finisher"" — Beschreibung Stufe II","","new",""
"item.family.C_FINISHER.tier3.desc","item","Wähle 3 Karten: auf der letzten Segmentposition +5 Stichwert.","","Perk-Familie „Finisher"" — Beschreibung Stufe III","","new",""
"item.family.C_FINISHER.tier4.desc","item","Wähle 4 Karten: auf den letzten zwei Segmentpositionen +5 Stichwert.","","Perk-Familie „Finisher"" — Beschreibung Stufe IV","","new",""
"item.family.C_GUARD.name","item","Leibwache","","Perk-Familie — Name (Kategorie Rolle)","","new",""
"item.family.C_GUARD.tier1.desc","item","Wähle 1 Karte: verliert ihr Vorgänger, +3 Stichwert.","","Perk-Familie „Leibwache"" — Beschreibung Stufe I","","new",""
"item.family.C_GUARD.tier2.desc","item","Wähle 2 Karten: verliert ihr Vorgänger, +4 Stichwert.","","Perk-Familie „Leibwache"" — Beschreibung Stufe II","","new",""
"item.family.C_GUARD.tier3.desc","item","Wähle 3 Karten: verliert ihr Vorgänger, +5 Stichwert.","","Perk-Familie „Leibwache"" — Beschreibung Stufe III","","new",""
"item.family.C_GUARD.tier4.desc","item","Wähle 4 Karten: verliert einer ihrer zwei Vorgänger, +6 Stichwert.","","Perk-Familie „Leibwache"" — Beschreibung Stufe IV","","new",""
"item.family.C_JOKER.name","item","Joker","","Perk-Familie — Name (Kategorie Rolle)","","new",""
"item.family.C_JOKER.tier1.desc","item","Wähle 1 Karte: zählt für einen Farbblock als Farbe ihres Vorgängers.","","Perk-Familie „Joker"" — Beschreibung Stufe I","","new",""
"item.family.C_JOKER.tier2.desc","item","Wähle 2 Karten: zählen für einen Farbblock als Farbe ihres Vorgängers.","","Perk-Familie „Joker"" — Beschreibung Stufe II","","new",""
"item.family.C_JOKER.tier3.desc","item","Wähle 3 Karten: zählen für einen Farbblock als Vorgänger- oder Nachfolgerfarbe.","","Perk-Familie „Joker"" — Beschreibung Stufe III","","new",""
"item.family.C_JOKER.tier4.desc","item","Wähle 4 Karten: zählen für einen Farbblock als beliebige Farbe.","","Perk-Familie „Joker"" — Beschreibung Stufe IV","","new",""
"item.family.C_LEADER.name","item","Anführer","","Perk-Familie — Name (Kategorie Rolle)","","new",""
"item.family.C_LEADER.tier1.desc","item","Wähle 1 Karte: nach ihrem Sieg nächste Karte +2 Stichwert.","","Perk-Familie „Anführer"" — Beschreibung Stufe I","","new",""
"item.family.C_LEADER.tier2.desc","item","Wähle 1 Karte: nach ihrem Sieg die nächsten zwei Karten je +2 Stichwert.","","Perk-Familie „Anführer"" — Beschreibung Stufe II","","new",""
"item.family.C_LEADER.tier3.desc","item","Wähle 2 Karten: nach ihrem Sieg die nächsten zwei Karten je +3 Stichwert.","","Perk-Familie „Anführer"" — Beschreibung Stufe III","","new",""
"item.family.C_LEADER.tier4.desc","item","Wähle 2 Karten: nach ihrem Sieg die nächsten drei Karten je +4 Stichwert.","","Perk-Familie „Anführer"" — Beschreibung Stufe IV","","new",""
"item.family.C_RELAY.name","item","Staffelläufer","","Perk-Familie — Name (Kategorie Rolle)","","new",""
"item.family.C_RELAY.tier1.desc","item","Wähle 1 Karte: nach ihrem Sieg direkter Nachfolger +2 Stichwert.","","Perk-Familie „Staffelläufer"" — Beschreibung Stufe I","","new",""
"item.family.C_RELAY.tier2.desc","item","Wähle 2 Karten: nach ihrem Sieg direkter Nachfolger +2 Stichwert.","","Perk-Familie „Staffelläufer"" — Beschreibung Stufe II","","new",""
"item.family.C_RELAY.tier3.desc","item","Wähle 3 Karten: nach ihrem Sieg direkter Nachfolger +3 Stichwert.","","Perk-Familie „Staffelläufer"" — Beschreibung Stufe III","","new",""
"item.family.C_RELAY.tier4.desc","item","Wähle 4 Karten: nach ihrem Sieg die nächsten zwei Karten je +3 Stichwert.","","Perk-Familie „Staffelläufer"" — Beschreibung Stufe IV","","new",""
"item.family.C_SACRIFICE.name","item","Opfergabe","","Perk-Familie — Name (Kategorie Rolle)","","new",""
"item.family.C_SACRIFICE.tier1.desc","item","Wähle 1 Karte: −2 Kartenwert dauerhaft, direkter Nachfolger +3 Kartenwert.","","Perk-Familie „Opfergabe"" — Beschreibung Stufe I","","new",""
"item.family.C_SACRIFICE.tier2.desc","item","Wähle 1 Karte: −2 Kartenwert dauerhaft, direkter Nachfolger +4 Kartenwert.","","Perk-Familie „Opfergabe"" — Beschreibung Stufe II","","new",""
"item.family.C_SACRIFICE.tier3.desc","item","Wähle 1 Karte: −3 Kartenwert dauerhaft, direkter Nachfolger +6 Kartenwert.","","Perk-Familie „Opfergabe"" — Beschreibung Stufe III","","new",""
"item.family.C_SACRIFICE.tier4.desc","item","Wähle 2 Karten: je −3 Kartenwert dauerhaft, direkter Nachfolger je +7 Kartenwert.","","Perk-Familie „Opfergabe"" — Beschreibung Stufe IV","","new",""
"item.family.C_SURVIVOR.name","item","Überlebensvorteil","","Perk-Familie — Name (Kategorie Rolle)","","new",""
"item.family.C_SURVIVOR.tier1.desc","item","Die niedrigste Karte der ersten vier Segmente: +2 Stichwert.","","Perk-Familie „Überlebensvorteil"" — Beschreibung Stufe I","","new",""
"item.family.C_SURVIVOR.tier2.desc","item","Die niedrigste Karte jedes Segments: +2 Stichwert.","","Perk-Familie „Überlebensvorteil"" — Beschreibung Stufe II","","new",""
"item.family.C_SURVIVOR.tier3.desc","item","Die zwei niedrigsten Karten jedes Segments: +3 Stichwert.","","Perk-Familie „Überlebensvorteil"" — Beschreibung Stufe III","","new",""
"item.family.C_SURVIVOR.tier4.desc","item","Die zwei niedrigsten Karten jedes Segments: +5 Stichwert.","","Perk-Familie „Überlebensvorteil"" — Beschreibung Stufe IV","","new",""
"item.family.C_TRIUMPH.name","item","Triumph","","Perk-Familie — Name (Kategorie Rolle)","","new",""
"item.family.C_TRIUMPH.tier1.desc","item","Wähle 1 Karte: nach einem Sieg beim nächsten Auftauchen +2 Stichwert.","","Perk-Familie „Triumph"" — Beschreibung Stufe I","","new",""
"item.family.C_TRIUMPH.tier2.desc","item","Wähle 2 Karten: nach einem Sieg beim nächsten Auftauchen +2 Stichwert.","","Perk-Familie „Triumph"" — Beschreibung Stufe II","","new",""
"item.family.C_TRIUMPH.tier3.desc","item","Wähle 3 Karten: nach einem Sieg beim nächsten Auftauchen +3 Stichwert.","","Perk-Familie „Triumph"" — Beschreibung Stufe III","","new",""
"item.family.C_TRIUMPH.tier4.desc","item","Wähle 4 Karten: nach einem Sieg beim nächsten Auftauchen +4 Stichwert.","","Perk-Familie „Triumph"" — Beschreibung Stufe IV","","new",""
"item.family.C_VANGUARD.name","item","Vorhut","","Perk-Familie — Name (Kategorie Rolle)","","new",""
"item.family.C_VANGUARD.tier1.desc","item","Wähle 1 Karte: auf Position 1–5 +2 Stichwert.","","Perk-Familie „Vorhut"" — Beschreibung Stufe I","","new",""
"item.family.C_VANGUARD.tier2.desc","item","Wähle 2 Karten: auf Position 1–5 +3 Stichwert.","","Perk-Familie „Vorhut"" — Beschreibung Stufe II","","new",""
"item.family.C_VANGUARD.tier3.desc","item","Wähle 3 Karten: auf Position 1–5 +4 Stichwert.","","Perk-Familie „Vorhut"" — Beschreibung Stufe III","","new",""
"item.family.C_VANGUARD.tier4.desc","item","Wähle 4 Karten: auf Position 1–10 +4 Stichwert.","","Perk-Familie „Vorhut"" — Beschreibung Stufe IV","","new",""
"item.family.D_BEBAUUNG.name","item","Dichte Bebauung","","Perk-Familie — Name (Kategorie Score)","","new",""
"item.family.D_BEBAUUNG.tier1.desc","item","Jeder Sieg: +4 Score je abgedeckter Zelle (max +100).","","Perk-Familie „Dichte Bebauung"" — Beschreibung Stufe I","","new",""
"item.family.D_BEBAUUNG.tier2.desc","item","Jeder Sieg: +6 Score je abgedeckter Zelle (max +160).","","Perk-Familie „Dichte Bebauung"" — Beschreibung Stufe II","","new",""
"item.family.D_BEBAUUNG.tier3.desc","item","Jeder Sieg: +9 Score je abgedeckter Zelle (max +240).","","Perk-Familie „Dichte Bebauung"" — Beschreibung Stufe III","","new",""
"item.family.D_BEBAUUNG.tier4.desc","item","Jeder Sieg: +12 Score je abgedeckter Zelle (max +360).","","Perk-Familie „Dichte Bebauung"" — Beschreibung Stufe IV","","new",""
"item.family.D_CRIT_FOLLOW.name","item","Crit-Folge","","Perk-Familie — Name (Kategorie Score)","","new",""
"item.family.D_CRIT_FOLLOW.tier1.desc","item","Sieg direkt nach einem Crit: +150 Score.","","Perk-Familie „Crit-Folge"" — Beschreibung Stufe I","","new",""
"item.family.D_CRIT_FOLLOW.tier2.desc","item","Sieg direkt nach einem Crit: +275 Score.","","Perk-Familie „Crit-Folge"" — Beschreibung Stufe II","","new",""
"item.family.D_CRIT_FOLLOW.tier3.desc","item","Sieg direkt nach einem Crit: +450 Score.","","Perk-Familie „Crit-Folge"" — Beschreibung Stufe III","","new",""
"item.family.D_CRIT_FOLLOW.tier4.desc","item","Sieg direkt nach einem Crit: +700 Score; ist der Folgesieg selbst ein Crit, zusätzlich +300.","","Perk-Familie „Crit-Folge"" — Beschreibung Stufe IV","","new",""
"item.family.D_CRIT_HARVEST.name","item","Kritische Ernte","","Perk-Familie — Name (Kategorie Score)","","new",""
"item.family.D_CRIT_HARVEST.tier1.desc","item","Crit in ≥1 aktiver Formation: +175 Score.","","Perk-Familie „Kritische Ernte"" — Beschreibung Stufe I","","new",""
"item.family.D_CRIT_HARVEST.tier2.desc","item","Crit in ≥1 aktiver Formation: +300 Score.","","Perk-Familie „Kritische Ernte"" — Beschreibung Stufe II","","new",""
"item.family.D_CRIT_HARVEST.tier3.desc","item","Crit in ≥1 aktiver Formation: +475 Score.","","Perk-Familie „Kritische Ernte"" — Beschreibung Stufe III","","new",""
"item.family.D_CRIT_HARVEST.tier4.desc","item","Crit in ≥1 aktiver Formation: +750 Score.","","Perk-Familie „Kritische Ernte"" — Beschreibung Stufe IV","","new",""
"item.family.D_CRIT_MOMENTUM.name","item","Kritisches Momentum","","Perk-Familie — Name (Kategorie Score)","","new",""
"item.family.D_CRIT_MOMENTUM.tier1.desc","item","Jeder Crit in einer Serie ab 3: +150 Score.","","Perk-Familie „Kritisches Momentum"" — Beschreibung Stufe I","","new",""
"item.family.D_CRIT_MOMENTUM.tier2.desc","item","Jeder Crit in einer Serie ab 2: +250 Score.","","Perk-Familie „Kritisches Momentum"" — Beschreibung Stufe II","","new",""
"item.family.D_CRIT_MOMENTUM.tier3.desc","item","Jeder Crit in einer Serie: +350 Score.","","Perk-Familie „Kritisches Momentum"" — Beschreibung Stufe III","","new",""
"item.family.D_CRIT_MOMENTUM.tier4.desc","item","Jeder Crit in einer Serie: +500 Score; die Serie steigt zusätzlich um 1.","","Perk-Familie „Kritisches Momentum"" — Beschreibung Stufe IV","","new",""
"item.family.D_CRIT_SCORE.name","item","Kritische Chance","","Perk-Familie — Name (Kategorie Score)","","new",""
"item.family.D_CRIT_SCORE.tier1.desc","item","Jeder Crit: +100 Score.","","Perk-Familie „Kritische Chance"" — Beschreibung Stufe I","","new",""
"item.family.D_CRIT_SCORE.tier2.desc","item","Jeder Crit: +175 Score.","","Perk-Familie „Kritische Chance"" — Beschreibung Stufe II","","new",""
"item.family.D_CRIT_SCORE.tier3.desc","item","Jeder Crit: +275 Score.","","Perk-Familie „Kritische Chance"" — Beschreibung Stufe III","","new",""
"item.family.D_CRIT_SCORE.tier4.desc","item","Jeder Crit: +450 Score.","","Perk-Familie „Kritische Chance"" — Beschreibung Stufe IV","","new",""
"item.family.D_FORMATION_BONUS.name","item","Score-Bonus","","Perk-Familie — Name (Kategorie Score)","","new",""
"item.family.D_FORMATION_BONUS.tier1.desc","item","Sieg mit ≥1 aktiver Formation: +50 Score.","","Perk-Familie „Score-Bonus"" — Beschreibung Stufe I","","new",""
"item.family.D_FORMATION_BONUS.tier2.desc","item","Sieg mit ≥1 aktiver Formation: +100 Score.","","Perk-Familie „Score-Bonus"" — Beschreibung Stufe II","","new",""
"item.family.D_FORMATION_BONUS.tier3.desc","item","Sieg mit ≥1 aktiver Formation: +175 Score.","","Perk-Familie „Score-Bonus"" — Beschreibung Stufe III","","new",""
"item.family.D_FORMATION_BONUS.tier4.desc","item","Sieg mit ≥1 aktiver Formation: +300 Score.","","Perk-Familie „Score-Bonus"" — Beschreibung Stufe IV","","new",""
"item.family.D_FULL_HOUSE.name","item","Volles Haus","","Perk-Familie — Name (Kategorie Score)","","new",""
"item.family.D_FULL_HOUSE.tier1.desc","item","Fünf Siege in einem Segment: +500 Score auf den fünften.","","Perk-Familie „Volles Haus"" — Beschreibung Stufe I","","new",""
"item.family.D_FULL_HOUSE.tier2.desc","item","Vier Siege in einem Segment: +650 Score auf den vierten.","","Perk-Familie „Volles Haus"" — Beschreibung Stufe II","","new",""
"item.family.D_FULL_HOUSE.tier3.desc","item","Vier Siege in einem Segment: +900 Score auf den vierten.","","Perk-Familie „Volles Haus"" — Beschreibung Stufe III","","new",""
"item.family.D_FULL_HOUSE.tier4.desc","item","Drei Siege in einem Segment: +1.000 Score auf den dritten; der fünfte Sieg zusätzlich +1.000 Score.","","Perk-Familie „Volles Haus"" — Beschreibung Stufe IV","","new",""
"item.family.D_HIGH.name","item","Hohe Karten, hohe Belohnung","","Perk-Familie — Name (Kategorie Score)","","new",""
"item.family.D_HIGH.tier1.desc","item","Sieg mit Kartenwert ≥9: +100 Score.","","Perk-Familie „Hohe Karten, hohe Belohnung"" — Beschreibung Stufe I","","new",""
"item.family.D_HIGH.tier2.desc","item","Sieg mit Kartenwert ≥8: +150 Score.","","Perk-Familie „Hohe Karten, hohe Belohnung"" — Beschreibung Stufe II","","new",""
"item.family.D_HIGH.tier3.desc","item","Sieg mit Kartenwert ≥7: +225 Score.","","Perk-Familie „Hohe Karten, hohe Belohnung"" — Beschreibung Stufe III","","new",""
"item.family.D_HIGH.tier4.desc","item","Sieg mit Kartenwert ≥6: +350 Score.","","Perk-Familie „Hohe Karten, hohe Belohnung"" — Beschreibung Stufe IV","","new",""
"item.family.D_INTERPLAY.name","item","Wechselspiel","","Perk-Familie — Name (Kategorie Score)","","new",""
"item.family.D_INTERPLAY.tier1.desc","item","Sieg direkt nach einer Niederlage: +150 Score.","","Perk-Familie „Wechselspiel"" — Beschreibung Stufe I","","new",""
"item.family.D_INTERPLAY.tier2.desc","item","Sieg direkt nach einer Niederlage: +275 Score.","","Perk-Familie „Wechselspiel"" — Beschreibung Stufe II","","new",""
"item.family.D_INTERPLAY.tier3.desc","item","Sieg direkt nach einer Niederlage: +450 Score.","","Perk-Familie „Wechselspiel"" — Beschreibung Stufe III","","new",""
"item.family.D_INTERPLAY.tier4.desc","item","Sieg direkt nach einer Niederlage: +700 Score; die nächste Niederlage gibt +200 gespeicherten Score.","","Perk-Familie „Wechselspiel"" — Beschreibung Stufe IV","","new",""
"item.family.D_MISFIRE.name","item","Fehlzündung","","Perk-Familie — Name (Kategorie Score)","","new",""
"item.family.D_MISFIRE.tier1.desc","item","Jeder Sieg ohne Crit lädt +20 Score für den nächsten Crit (max +200).","","Perk-Familie „Fehlzündung"" — Beschreibung Stufe I","","new",""
"item.family.D_MISFIRE.tier2.desc","item","Jeder Sieg ohne Crit lädt +35 Score für den nächsten Crit (max +350).","","Perk-Familie „Fehlzündung"" — Beschreibung Stufe II","","new",""
"item.family.D_MISFIRE.tier3.desc","item","Jeder Sieg ohne Crit lädt +50 Score für den nächsten Crit (max +500).","","Perk-Familie „Fehlzündung"" — Beschreibung Stufe III","","new",""
"item.family.D_MISFIRE.tier4.desc","item","Jeder Sieg ohne Crit lädt +75 Score (max +750); nach einem Crit bleiben 25 % der Ladung.","","Perk-Familie „Fehlzündung"" — Beschreibung Stufe IV","","new",""
"item.family.D_OVERCRIT.name","item","Überschusskrit","","Perk-Familie — Name (Kategorie Score)","","new",""
"item.family.D_OVERCRIT.tier1.desc","item","Crit über 110 % effektiver Crit-Chance: +200 Score.","","Perk-Familie „Überschusskrit"" — Beschreibung Stufe I","","new",""
"item.family.D_OVERCRIT.tier2.desc","item","Crit über 100 % effektiver Crit-Chance: +300 Score.","","Perk-Familie „Überschusskrit"" — Beschreibung Stufe II","","new",""
"item.family.D_OVERCRIT.tier3.desc","item","Jeder Überschuss-Crit (über 100 %): +500 Score.","","Perk-Familie „Überschusskrit"" — Beschreibung Stufe III","","new",""
"item.family.D_OVERCRIT.tier4.desc","item","Jeder Überschuss-Crit: +500 Score plus 5 je Prozentpunkt über 100 % (höchstens 100 Prozentpunkte gezählt).","","Perk-Familie „Überschusskrit"" — Beschreibung Stufe IV","","new",""
"item.family.D_OVERPOWER.name","item","Übermacht","","Perk-Familie — Name (Kategorie Score)","","new",""
"item.family.D_OVERPOWER.tier1.desc","item","Sieg mit ≥10 Wertvorsprung: +300 Score.","","Perk-Familie „Übermacht"" — Beschreibung Stufe I","","new",""
"item.family.D_OVERPOWER.tier2.desc","item","Sieg mit ≥8 Wertvorsprung: +400 Score.","","Perk-Familie „Übermacht"" — Beschreibung Stufe II","","new",""
"item.family.D_OVERPOWER.tier3.desc","item","Sieg mit ≥6 Wertvorsprung: +550 Score.","","Perk-Familie „Übermacht"" — Beschreibung Stufe III","","new",""
"item.family.D_OVERPOWER.tier4.desc","item","Sieg mit ≥4 Wertvorsprung: +750 Score.","","Perk-Familie „Übermacht"" — Beschreibung Stufe IV","","new",""
"item.family.D_PRECISION.name","item","Gleichklang","","Perk-Familie — Name (Kategorie Score)","","new",""
"item.family.D_PRECISION.tier1.desc","item","Zwei Siege in Folge mit gleichem Kartenwert: +250 Score auf den zweiten.","","Perk-Familie „Gleichklang"" — Beschreibung Stufe I","","new",""
"item.family.D_PRECISION.tier2.desc","item","Zwei Siege in Folge mit gleichem Kartenwert: +450 Score auf den zweiten.","","Perk-Familie „Gleichklang"" — Beschreibung Stufe II","","new",""
"item.family.D_PRECISION.tier3.desc","item","Zwei Siege in Folge mit gleichem oder um 1 abweichendem Wert: +550 Score auf den zweiten.","","Perk-Familie „Gleichklang"" — Beschreibung Stufe III","","new",""
"item.family.D_PRECISION.tier4.desc","item","Zwei Siege in Folge mit gleichem oder um 1 abweichendem Wert: +800 Score; die Kette läuft weiter (jeder wertgleiche Folgesieg zahlt).","","Perk-Familie „Gleichklang"" — Beschreibung Stufe IV","","new",""
"item.family.D_RHYTHM.name","item","Perfekter Rhythmus","","Perk-Familie — Name (Kategorie Score)","","new",""
"item.family.D_RHYTHM.tier1.desc","item","Im Takt: jeder 7. Sieg gibt +250 Score.","","Perk-Familie „Perfekter Rhythmus"" — Beschreibung Stufe I","","new",""
"item.family.D_RHYTHM.tier2.desc","item","Im Takt: jeder 5. Sieg gibt +350 Score.","","Perk-Familie „Perfekter Rhythmus"" — Beschreibung Stufe II","","new",""
"item.family.D_RHYTHM.tier3.desc","item","Im Takt: jeder 4. Sieg gibt +450 Score.","","Perk-Familie „Perfekter Rhythmus"" — Beschreibung Stufe III","","new",""
"item.family.D_RHYTHM.tier4.desc","item","Im Takt: jeder 3. Sieg gibt +600 Score.","","Perk-Familie „Perfekter Rhythmus"" — Beschreibung Stufe IV","","new",""
"item.family.D_SHARP_EYE.name","item","Geschärfter Blick","","Perk-Familie — Name (Kategorie Score)","","new",""
"item.family.D_SHARP_EYE.tier1.desc","item","Crit mit Kartenwert ≥9: +225 Score.","","Perk-Familie „Geschärfter Blick"" — Beschreibung Stufe I","","new",""
"item.family.D_SHARP_EYE.tier2.desc","item","Crit mit Kartenwert ≥8: +350 Score.","","Perk-Familie „Geschärfter Blick"" — Beschreibung Stufe II","","new",""
"item.family.D_SHARP_EYE.tier3.desc","item","Crit mit Kartenwert ≥7: +500 Score.","","Perk-Familie „Geschärfter Blick"" — Beschreibung Stufe III","","new",""
"item.family.D_SHARP_EYE.tier4.desc","item","Crit mit Kartenwert ≥6: +750 Score.","","Perk-Familie „Geschärfter Blick"" — Beschreibung Stufe IV","","new",""
"item.family.D_STREAK.name","item","Siegesserie","","Perk-Familie — Name (Kategorie Score)","","new",""
"item.family.D_STREAK.tier1.desc","item","Jeder Sieg: +15 Score je Serienpunkt (max +150).","","Perk-Familie „Siegesserie"" — Beschreibung Stufe I","","new",""
"item.family.D_STREAK.tier2.desc","item","Jeder Sieg: +25 Score je Serienpunkt (max +250).","","Perk-Familie „Siegesserie"" — Beschreibung Stufe II","","new",""
"item.family.D_STREAK.tier3.desc","item","Jeder Sieg: +35 Score je Serienpunkt (max +420).","","Perk-Familie „Siegesserie"" — Beschreibung Stufe III","","new",""
"item.family.D_STREAK.tier4.desc","item","Jeder Sieg: +50 Score je Serienpunkt (max +750).","","Perk-Familie „Siegesserie"" — Beschreibung Stufe IV","","new",""
"item.family.D_SUIT_STREAK.name","item","Farbrausch","","Perk-Familie — Name (Kategorie Score)","","new",""
"item.family.D_SUIT_STREAK.tier1.desc","item","Siege in Folge derselben Farbe: je +75 mehr Score (max +300).","","Perk-Familie „Farbrausch"" — Beschreibung Stufe I","","new",""
"item.family.D_SUIT_STREAK.tier2.desc","item","Siege in Folge derselben Farbe: je +100 mehr Score (max +500).","","Perk-Familie „Farbrausch"" — Beschreibung Stufe II","","new",""
"item.family.D_SUIT_STREAK.tier3.desc","item","Siege in Folge derselben Farbe: je +150 mehr Score (max +750).","","Perk-Familie „Farbrausch"" — Beschreibung Stufe III","","new",""
"item.family.D_SUIT_STREAK.tier4.desc","item","Siege in Folge derselben Farbe: je +200 mehr Score (max +1.200); ein Farbwechsel halbiert die Farbserie, statt sie zurückzusetzen.","","Perk-Familie „Farbrausch"" — Beschreibung Stufe IV","","new",""
"item.family.D_TENTH_WIN.name","item","Beutezug","","Perk-Familie — Name (Kategorie Score)","","new",""
"item.family.D_TENTH_WIN.tier1.desc","item","Jeder 12. Sieg des Laufs: +600 Score.","","Perk-Familie „Beutezug"" — Beschreibung Stufe I","","new",""
"item.family.D_TENTH_WIN.tier2.desc","item","Jeder 10. Sieg des Laufs: +800 Score.","","Perk-Familie „Beutezug"" — Beschreibung Stufe II","","new",""
"item.family.D_TENTH_WIN.tier3.desc","item","Jeder 8. Sieg des Laufs: +900 Score.","","Perk-Familie „Beutezug"" — Beschreibung Stufe III","","new",""
"item.family.D_TENTH_WIN.tier4.desc","item","Jeder 5. Sieg des Laufs: +1.000 Score.","","Perk-Familie „Beutezug"" — Beschreibung Stufe IV","","new",""
"item.family.D_UNDERDOG.name","item","Außenseitersieg","","Perk-Familie — Name (Kategorie Score)","","new",""
"item.family.D_UNDERDOG.tier1.desc","item","Sieg mit Kartenwert ≤2: +250 Score.","","Perk-Familie „Außenseitersieg"" — Beschreibung Stufe I","","new",""
"item.family.D_UNDERDOG.tier2.desc","item","Sieg mit Kartenwert ≤3: +350 Score.","","Perk-Familie „Außenseitersieg"" — Beschreibung Stufe II","","new",""
"item.family.D_UNDERDOG.tier3.desc","item","Sieg mit Kartenwert ≤4: +500 Score.","","Perk-Familie „Außenseitersieg"" — Beschreibung Stufe III","","new",""
"item.family.D_UNDERDOG.tier4.desc","item","Sieg mit Kartenwert ≤5: +750 Score.","","Perk-Familie „Außenseitersieg"" — Beschreibung Stufe IV","","new",""
"item.family.D_WEAKNESS.name","item","Schwachstellenanalyse","","Perk-Familie — Name (Kategorie Score)","","new",""
"item.family.D_WEAKNESS.tier1.desc","item","Nach einer Niederlage mit ≥7 Wertabstand: nächster Sieg +250 Score.","","Perk-Familie „Schwachstellenanalyse"" — Beschreibung Stufe I","","new",""
"item.family.D_WEAKNESS.tier2.desc","item","Nach einer Niederlage mit ≥5 Wertabstand: nächster Sieg +350 Score.","","Perk-Familie „Schwachstellenanalyse"" — Beschreibung Stufe II","","new",""
"item.family.D_WEAKNESS.tier3.desc","item","Nach einer Niederlage mit ≥4 Wertabstand: nächster Sieg +500 Score.","","Perk-Familie „Schwachstellenanalyse"" — Beschreibung Stufe III","","new",""
"item.family.D_WEAKNESS.tier4.desc","item","Nach jeder Niederlage: nächster Sieg +600 Score; bei ≥5 Wertabstand +900.","","Perk-Familie „Schwachstellenanalyse"" — Beschreibung Stufe IV","","new",""
"item.family.E_AFTERGLOW.name","item","Nachhall","","Perk-Familie — Name (Kategorie Form)","","new",""
"item.family.E_AFTERGLOW.tier1.desc","item","Der Formations-Faktor deiner Wiederholung überträgt sich auf die nächste Karte (höchstens ×1,20), auch wenn sie selbst nicht Teil der Formation ist.","","Perk-Familie „Nachhall"" — Beschreibung Stufe I","","new",""
"item.family.E_AFTERGLOW.tier2.desc","item","Wirkt bei allen Formationen; Faktor höchstens ×1,25.","","Perk-Familie „Nachhall"" — Beschreibung Stufe II","","new",""
"item.family.E_AFTERGLOW.tier3.desc","item","Übernimmt den stärksten Einzelfaktor vollständig.","","Perk-Familie „Nachhall"" — Beschreibung Stufe III","","new",""
"item.family.E_AFTERGLOW.tier4.desc","item","Übernimmt den stärksten Einzelfaktor und hält für die nächsten zwei Karten.","","Perk-Familie „Nachhall"" — Beschreibung Stufe IV","","new",""
"item.family.E_BIGSTEP.name","item","Großer Schritt","","Perk-Familie — Name (Kategorie Form)","","new",""
"item.family.E_BIGSTEP.tier1.desc","item","Einmal pro Segment darf eine Treppe einen Rückschritt enthalten.","","Perk-Familie „Großer Schritt"" — Beschreibung Stufe I","","new",""
"item.family.E_BIGSTEP.tier2.desc","item","Jede Treppe darf einen Rückschritt enthalten.","","Perk-Familie „Großer Schritt"" — Beschreibung Stufe II","","new",""
"item.family.E_BIGSTEP.tier3.desc","item","Jede Treppe darf zwei Rückschritte enthalten.","","Perk-Familie „Großer Schritt"" — Beschreibung Stufe III","","new",""
"item.family.E_BIGSTEP.tier4.desc","item","Treppen dürfen die Richtung wechseln.","","Perk-Familie „Großer Schritt"" — Beschreibung Stufe IV","","new",""
"item.family.E_COLOR_ALLIANCE.name","item","Farballianz","","Perk-Familie — Name (Kategorie Form)","","new",""
"item.family.E_COLOR_ALLIANCE.tier1.desc","item","Wähle 2 Farben: sie zählen in allen Farb-Wertungen als dieselbe Farbe — außer bei Farbverstärkung/Farbduell.","","Perk-Familie „Farballianz"" — Beschreibung Stufe I","","new",""
"item.family.E_COLOR_ALLIANCE.tier2.desc","item","Wähle 3 Farben: sie zählen in allen Farb-Wertungen als dieselbe Farbe — außer bei Farbverstärkung/Farbduell.","","Perk-Familie „Farballianz"" — Beschreibung Stufe II","","new",""
"item.family.E_COLOR_ALLIANCE.tier3.desc","item","Wähle 4 Farben: alle vier zählen in allen Farb-Wertungen als dieselbe Farbe — außer bei Farbverstärkung/Farbduell.","","Perk-Familie „Farballianz"" — Beschreibung Stufe III","","new",""
"item.family.E_COLOR_ALLIANCE.tier4.desc","item","Wähle 4 Farben: alle vier zählen als dieselbe Farbe, Farbblöcke starten bei ×1,55 (statt ×1,35) — außer bei Farbverstärkung/Farbduell.","","Perk-Familie „Farballianz"" — Beschreibung Stufe IV","","new",""
"item.family.E_COLORBRIDGE.name","item","Farbbrücke","","Perk-Familie — Name (Kategorie Form)","","new",""
"item.family.E_COLORBRIDGE.tier1.desc","item","Einmal pro Segment darf ein Farbblock eine Fremdfarbe überbrücken.","","Perk-Familie „Farbbrücke"" — Beschreibung Stufe I","","new",""
"item.family.E_COLORBRIDGE.tier2.desc","item","Jeder Farbblock darf eine Fremdfarbe enthalten.","","Perk-Familie „Farbbrücke"" — Beschreibung Stufe II","","new",""
"item.family.E_COLORBRIDGE.tier3.desc","item","Jeder Farbblock darf zwei Fremdfarben enthalten.","","Perk-Familie „Farbbrücke"" — Beschreibung Stufe III","","new",""
"item.family.E_COLORBRIDGE.tier4.desc","item","Fremdfarben unterbrechen Farbblöcke nicht (zählen nicht mit).","","Perk-Familie „Farbbrücke"" — Beschreibung Stufe IV","","new",""
"item.family.E_CORE.name","item","Formationskern","","Perk-Familie — Name (Kategorie Form)","","new",""
"item.family.E_CORE.tier1.desc","item","Wähle 1 Formationstyp: seine aktiven Formationen zusätzlich ×1,15.","","Perk-Familie „Formationskern"" — Beschreibung Stufe I","","new",""
"item.family.E_CORE.tier2.desc","item","Wähle 1 Formationstyp: seine aktiven Formationen zusätzlich ×1,25.","","Perk-Familie „Formationskern"" — Beschreibung Stufe II","","new",""
"item.family.E_CORE.tier3.desc","item","Wähle 1 Formationstyp: seine aktiven Formationen zusätzlich ×1,40.","","Perk-Familie „Formationskern"" — Beschreibung Stufe III","","new",""
"item.family.E_CORE.tier4.desc","item","Wähle 1 Formationstyp: seine aktiven Formationen zusätzlich ×1,50 (inkl. Nachhall).","","Perk-Familie „Formationskern"" — Beschreibung Stufe IV","","new",""
"item.family.E_GENTLE.name","item","Sanfter Anstieg","","Perk-Familie — Name (Kategorie Form)","","new",""
"item.family.E_GENTLE.tier1.desc","item","Einmal pro Segment darf eine Treppe einen Gleichstand enthalten.","","Perk-Familie „Sanfter Anstieg"" — Beschreibung Stufe I","","new",""
"item.family.E_GENTLE.tier2.desc","item","Jede Treppe darf einen Gleichstand enthalten.","","Perk-Familie „Sanfter Anstieg"" — Beschreibung Stufe II","","new",""
"item.family.E_GENTLE.tier3.desc","item","Jede Treppe darf zwei Gleichstände enthalten.","","Perk-Familie „Sanfter Anstieg"" — Beschreibung Stufe III","","new",""
"item.family.E_GENTLE.tier4.desc","item","Gleiche Werte gelten in Treppen als ein Schritt, wenn nötig.","","Perk-Familie „Sanfter Anstieg"" — Beschreibung Stufe IV","","new",""
"item.family.E_LOSS.name","item","Kontrollverlust","","Perk-Familie — Name (Kategorie Form)","","new",""
"item.family.E_LOSS.tier1.desc","item","Positionen 20 und 40 zählen als Anker (×1,25).","","Perk-Familie „Kontrollverlust"" — Beschreibung Stufe I","","new",""
"item.family.E_LOSS.tier2.desc","item","Positionen 10, 20, 30 und 40 zählen als Anker (×1,25).","","Perk-Familie „Kontrollverlust"" — Beschreibung Stufe II","","new",""
"item.family.E_LOSS.tier3.desc","item","Jede Segment-Endposition zählt als Anker (×1,25).","","Perk-Familie „Kontrollverlust"" — Beschreibung Stufe III","","new",""
"item.family.E_LOSS.tier4.desc","item","Jede Segment-Endposition zählt als Anker (×1,35).","","Perk-Familie „Kontrollverlust"" — Beschreibung Stufe IV","","new",""
"item.family.E_PACE.name","item","Schrittmacher","","Perk-Familie — Name (Kategorie Form)","","new",""
"item.family.E_PACE.tier1.desc","item","Einmal pro Segment darf eine Wiederholung eine fremde Karte überbrücken.","","Perk-Familie „Schrittmacher"" — Beschreibung Stufe I","","new",""
"item.family.E_PACE.tier2.desc","item","Jede Wiederholung darf eine fremde Karte überbrücken.","","Perk-Familie „Schrittmacher"" — Beschreibung Stufe II","","new",""
"item.family.E_PACE.tier3.desc","item","Jede Wiederholung darf bis zu zwei fremde Karten überbrücken.","","Perk-Familie „Schrittmacher"" — Beschreibung Stufe III","","new",""
"item.family.E_PACE.tier4.desc","item","Fremde Karten unterbrechen Wiederholungen nicht (zählen nicht mit).","","Perk-Familie „Schrittmacher"" — Beschreibung Stufe IV","","new",""
"item.family.E_PENDULUM.name","item","Pendelwerk","","Perk-Familie — Name (Kategorie Form)","","new",""
"item.family.E_PENDULUM.tier1.desc","item","Für einen Wechsel genügt eine Nachbardifferenz von 3 (statt 4); weiterhin ab 3 Karten.","","Perk-Familie „Pendelwerk"" — Beschreibung Stufe I","","new",""
"item.family.E_PENDULUM.tier2.desc","item","Ein Wechsel braucht nur noch 2 Karten (Nachbardifferenz weiterhin ≥4).","","Perk-Familie „Pendelwerk"" — Beschreibung Stufe II","","new",""
"item.family.E_PENDULUM.tier3.desc","item","Ein Wechsel braucht nur noch 2 Karten, und eine Nachbardifferenz von 3 genügt.","","Perk-Familie „Pendelwerk"" — Beschreibung Stufe III","","new",""
"item.family.E_PENDULUM.tier4.desc","item","Ein Wechsel braucht nur noch 2 Karten, und eine Nachbardifferenz von 2 genügt; Zweier-Wechsel zählen ab ×1,35.","","Perk-Familie „Pendelwerk"" — Beschreibung Stufe IV","","new",""
"item.family.E_QUICKSHOT.name","item","Schnellschuss","","Perk-Familie — Name (Kategorie Form)","","new",""
"item.family.E_QUICKSHOT.tier1.desc","item","Positionen 5 und 25 zählen als Anker (×1,25).","","Perk-Familie „Schnellschuss"" — Beschreibung Stufe I","","new",""
"item.family.E_QUICKSHOT.tier2.desc","item","Positionen 5, 15, 25 und 35 zählen als Anker (×1,25).","","Perk-Familie „Schnellschuss"" — Beschreibung Stufe II","","new",""
"item.family.E_QUICKSHOT.tier3.desc","item","Jede fünfte Position (5, 10 … 40) zählt als Anker (×1,25).","","Perk-Familie „Schnellschuss"" — Beschreibung Stufe III","","new",""
"item.family.E_QUICKSHOT.tier4.desc","item","Jede fünfte Position zählt als Anker (×1,35) und erhält +2 Stichwert.","","Perk-Familie „Schnellschuss"" — Beschreibung Stufe IV","","new",""
"item.family.E_RPM.name","item","Drehzahl","","Perk-Familie — Name (Kategorie Form)","","new",""
"item.family.E_RPM.tier1.desc","item","Einmal pro Segment darf eine Karte zu zwei Treppen gehören.","","Perk-Familie „Drehzahl"" — Beschreibung Stufe I","","new",""
"item.family.E_RPM.tier2.desc","item","Bis zu zwei Karten pro Segment dürfen zu zwei Treppen gehören.","","Perk-Familie „Drehzahl"" — Beschreibung Stufe II","","new",""
"item.family.E_RPM.tier3.desc","item","Bis zu drei Karten pro Segment dürfen zu zwei Treppen gehören.","","Perk-Familie „Drehzahl"" — Beschreibung Stufe III","","new",""
"item.family.E_RPM.tier4.desc","item","Jede Karte darf gleichzeitig zu zwei Treppen gehören.","","Perk-Familie „Drehzahl"" — Beschreibung Stufe IV","","new",""
"item.family.E_SEGMENT.name","item","Segmentarbeit","","Perk-Familie — Name (Kategorie Form)","","new",""
"item.family.E_SEGMENT.tier1.desc","item","Eine Segmentgrenze ist offen; Formationen dürfen sie überschreiten.","","Perk-Familie „Segmentarbeit"" — Beschreibung Stufe I","","new",""
"item.family.E_SEGMENT.tier2.desc","item","Zwei Segmentgrenzen sind offen.","","Perk-Familie „Segmentarbeit"" — Beschreibung Stufe II","","new",""
"item.family.E_SEGMENT.tier3.desc","item","Alle Segmentgrenzen sind offen.","","Perk-Familie „Segmentarbeit"" — Beschreibung Stufe III","","new",""
"item.family.E_SEGMENT.tier4.desc","item","Alle Segmentgrenzen sind offen; Karten einer segmentüberschreitenden Formation geben zusätzlich ×1,25 Score.","","Perk-Familie „Segmentarbeit"" — Beschreibung Stufe IV","","new",""
"item.family.E_STRONG_REP.name","item","Verstärkte Wiederholung","","Perk-Familie — Name (Kategorie Form)","","new",""
"item.family.E_STRONG_REP.tier1.desc","item","Zweite Karte einer Wiederholung: ×1,30 (statt ×1,25).","","Perk-Familie „Verstärkte Wiederholung"" — Beschreibung Stufe I","","new",""
"item.family.E_STRONG_REP.tier2.desc","item","Zweite Karte einer Wiederholung: ×1,35.","","Perk-Familie „Verstärkte Wiederholung"" — Beschreibung Stufe II","","new",""
"item.family.E_STRONG_REP.tier3.desc","item","Zweite und dritte Wiederholungskarte: je +0,10 auf ihren Formations-Faktor.","","Perk-Familie „Verstärkte Wiederholung"" — Beschreibung Stufe III","","new",""
"item.family.E_STRONG_REP.tier4.desc","item","Alle Wiederholungsfaktoren: zusätzlich ×1,20.","","Perk-Familie „Verstärkte Wiederholung"" — Beschreibung Stufe IV","","new",""
"item.family.E_TUNING.name","item","Feinjustierung","","Perk-Familie — Name (Kategorie Form)","","new",""
"item.family.E_TUNING.tier1.desc","item","Jede zweite Formationsphase: +1 Energie.","","Perk-Familie „Feinjustierung"" — Beschreibung Stufe I","","new",""
"item.family.E_TUNING.tier2.desc","item","Jede Formationsphase: +1 Energie.","","Perk-Familie „Feinjustierung"" — Beschreibung Stufe II","","new",""
"item.family.E_TUNING.tier3.desc","item","Jede Formationsphase: +2 Energie.","","Perk-Familie „Feinjustierung"" — Beschreibung Stufe III","","new",""
"item.family.E_TUNING.tier4.desc","item","Jede Formationsphase: +3 Energie.","","Perk-Familie „Feinjustierung"" — Beschreibung Stufe IV","","new",""
"item.family.P_AIM.name","item","Zielsicherheit","","Perk-Familie — Name (Kategorie Präzision)","","new",""
"item.family.P_AIM.tier1.desc","item","Karten mit Wert ≥ 9: +15 % Crit-Chance.","","Perk-Familie „Zielsicherheit"" — Beschreibung Stufe I","","new",""
"item.family.P_AIM.tier2.desc","item","Karten mit Wert ≥ 8: +15 % Crit-Chance.","","Perk-Familie „Zielsicherheit"" — Beschreibung Stufe II","","new",""
"item.family.P_AIM.tier3.desc","item","Karten mit Wert ≥ 7: +15 % Crit-Chance.","","Perk-Familie „Zielsicherheit"" — Beschreibung Stufe III","","new",""
"item.family.P_AIM.tier4.desc","item","Karten mit Wert ≥ 6: +15 % Crit-Chance.","","Perk-Familie „Zielsicherheit"" — Beschreibung Stufe IV","","new",""
"item.family.P_COLORFOCUS.name","item","Farbfokus","","Perk-Familie — Name (Kategorie Präzision)","","new",""
"item.family.P_COLORFOCUS.tier1.desc","item","Wähle eine Farbe: Karten dieser Farbe +10 % Crit-Chance.","","Perk-Familie „Farbfokus"" — Beschreibung Stufe I","","new",""
"item.family.P_COLORFOCUS.tier2.desc","item","Wähle eine Farbe: Karten dieser Farbe +14 % Crit-Chance.","","Perk-Familie „Farbfokus"" — Beschreibung Stufe II","","new",""
"item.family.P_COLORFOCUS.tier3.desc","item","Wähle eine Farbe: Karten dieser Farbe +18 % Crit-Chance.","","Perk-Familie „Farbfokus"" — Beschreibung Stufe III","","new",""
"item.family.P_COLORFOCUS.tier4.desc","item","Wähle ZWEI Farben: Karten dieser Farben je +18 % Crit-Chance.","","Perk-Familie „Farbfokus"" — Beschreibung Stufe IV","","new",""
"item.family.P_FORCE.name","item","Wucht","","Perk-Familie — Name (Kategorie Präzision)","","new",""
"item.family.P_FORCE.tier1.desc","item","+0,25× Crit-Multiplikator (auf Basis 2,25×).","","Perk-Familie „Wucht"" — Beschreibung Stufe I","","new",""
"item.family.P_FORCE.tier2.desc","item","+0,4× Crit-Multiplikator (auf Basis 2,25×).","","Perk-Familie „Wucht"" — Beschreibung Stufe II","","new",""
"item.family.P_FORCE.tier3.desc","item","+0,6× Crit-Multiplikator (auf Basis 2,25×).","","Perk-Familie „Wucht"" — Beschreibung Stufe III","","new",""
"item.family.P_FORCE.tier4.desc","item","+0,9× Crit-Multiplikator (auf Basis 2,25×).","","Perk-Familie „Wucht"" — Beschreibung Stufe IV","","new",""
"item.family.P_LENS.name","item","Brennglas","","Perk-Familie — Name (Kategorie Präzision)","","new",""
"item.family.P_LENS.tier1.desc","item","+6 % Crit-Chance je gleichzeitiger Formation ab der zweiten an der Siegposition (max 3 extra).","","Perk-Familie „Brennglas"" — Beschreibung Stufe I","","new",""
"item.family.P_LENS.tier2.desc","item","+8 % Crit-Chance je gleichzeitiger Formation ab der zweiten an der Siegposition (max 3 extra).","","Perk-Familie „Brennglas"" — Beschreibung Stufe II","","new",""
"item.family.P_LENS.tier3.desc","item","+10 % Crit-Chance je gleichzeitiger Formation ab der zweiten an der Siegposition (max 3 extra).","","Perk-Familie „Brennglas"" — Beschreibung Stufe III","","new",""
"item.family.P_LENS.tier4.desc","item","+13 % Crit-Chance je gleichzeitiger Formation ab der zweiten an der Siegposition (max 3 extra).","","Perk-Familie „Brennglas"" — Beschreibung Stufe IV","","new",""
"item.family.P_SHARPNESS.name","item","Schärfe","","Perk-Familie — Name (Kategorie Präzision)","","new",""
"item.family.P_SHARPNESS.tier1.desc","item","Alle Karten: +6 % Crit-Chance.","","Perk-Familie „Schärfe"" — Beschreibung Stufe I","","new",""
"item.family.P_SHARPNESS.tier2.desc","item","Alle Karten: +9 % Crit-Chance.","","Perk-Familie „Schärfe"" — Beschreibung Stufe II","","new",""
"item.family.P_SHARPNESS.tier3.desc","item","Alle Karten: +12 % Crit-Chance.","","Perk-Familie „Schärfe"" — Beschreibung Stufe III","","new",""
"item.family.P_SHARPNESS.tier4.desc","item","Alle Karten: +15 % Crit-Chance.","","Perk-Familie „Schärfe"" — Beschreibung Stufe IV","","new",""
"item.fx.aurora.desc","item","Weiche Polarlicht-Schleier driften übers Feld; je Stich ein sanfter Bloom-Puls — in der Deckfarbe.","","Globaler Effekt „undefined"" — Beschreibung","","new",""
"item.fx.cubematrix.desc","item","Ein perspektivisches Feld aus Neon-Würfeln auf einem Synthwave-Boden — jeder Würfel schlägt zu einem eigenen Frequenzband der laufenden Musik nach oben aus. Dazu Scheinwerfer von oben, die zum Bass pulsieren. In der Deckfarbe.","","Globaler Effekt „undefined"" — Beschreibung","","new",""
"item.fx.deckglow.desc","item","Die hellen Linien des Battlefields glühen in der Deckfarbe auf, und ein Lauflicht wandert an den Konturen entlang. Eigene Ebene — der EINZIGE Effekt, der gleichzeitig mit allen anderen (Hintergrund, Stich, Score) aktiv sein kann.","","Globaler Effekt „undefined"" — Beschreibung","","new",""
"item.fx.edgeglow.desc","item","Ein weicher Neon-Rand umglüht die Karte in der Deckfarbe — dauerhaft, ruhig atmend, additiv gestapelt (kein Blur). Ohne Stich-Bezug.","","Globaler Effekt „undefined"" — Beschreibung","","new",""
"item.fx.glitch.desc","item","Cyberpunk-Digital-Glitch über der ganzen Karte inkl. Zahl — Chroma-Split, Tear-Slices, Scanlines und Farb-Bars, mit ruhiger Grundlast und gelegentlichen Bursts.","","Globaler Effekt „undefined"" — Beschreibung","","new",""
"item.fx.holo.desc","item","Ein prismatisches Lichtband wandert diagonal über die Karte — Regenbogen-Hues in der Deckfarbe, tilt-reaktiv (Pointer/Gyro). Dauerhaft, additiv.","","Globaler Effekt „undefined"" — Beschreibung","","new",""
"item.fx.holoCube.desc","item","Ein Holowürfel aus Wireframe-Blöcken baut sich aus der Ferne zusammen, dreht sich frei, blitzt im Kern und zerspringt taumelnd nach außen. Holo-Cyan→Magenta oder Deckfarbe.","","Globaler Effekt „undefined"" — Beschreibung","","new",""
"item.fx.laserFaecher.desc","item","Scharfe Neon-Laser fächern aus der Kartenmitte auf — lange Haupt- und kurze Nebenstrahlen mit Kernlinie und leuchtender Nabe, öffnen mit Pop und drehen langsam. Standard-Neon oder Deckfarbe.","","Globaler Effekt „undefined"" — Beschreibung","","new",""
"item.fx.neonsurf.desc","item","Eine Plasma-See am unteren Rand — Neon-Fluss mit heller Wasserlinie; bei starken Ansagen drückt ein Puls das Wasser mittig ein und lässt es an den Seitenrändern hochsteigen. In der Deckfarbe.","","Globaler Effekt „undefined"" — Beschreibung","","new",""
"item.fx.prismaKaskade.desc","item","Mehrere prismatische Schockwellen-Ringe zünden zeitversetzt und laufen chromatisch (Regenbogen-Split) übers Feld, jeder mit Geburts-Blitz. Standard = volles Spektrum, Deckfarbe = Duoton.","","Globaler Effekt „undefined"" — Beschreibung","","new",""
"item.fx.sonnenPuls.desc","item","Die Outrun-Sonne bloomt hinter der geschlagenen Karte auf — Sunset-Verlauf mit Scanline-Lücken, heißem Kern, Korona und drehenden Strahlen. Standard-Sunset oder Deckfarbe. Der freie Gottgleich-Prunk.","","Globaler Effekt „undefined"" — Beschreibung","","new",""
"item.fx.starfield.desc","item","Ein dichtes Sternenfeld driftet über drei Tiefen-Ebenen mit Nebel-Schleier; je Stich schießt ein Meteor durchs Feld — größer je Score-Stufe, ab der Stufe Stark mit Einschlag-Blitz und Funken, die mit Schweif davonstieben. Standard weiß-blau, wahlweise in der Deckfarbe.","","Globaler Effekt „undefined"" — Beschreibung","","new",""
"item.fx.supernova.desc","item","Kollaps → Detonation (Flash, Zoom-Punch) → Boom-Schockwelle mit chromatischen Ringen, Strahlenkranz, Sternenregen und einem Grid-Tunnel durch den Einschlag. Der legendäre Showstopper. Gold→Magenta oder Deckfarbe.","","Globaler Effekt „undefined"" — Beschreibung","","new",""
"item.pack.arcade.name","item","Beryll","","Kosmetik-Paket — Name","","new",""
"item.pack.beach.name","item","Malibu Wave","","Kosmetik-Paket — Name","","new",""
"item.pack.blitz.name","item","Blitz","","Kosmetik-Paket — Name","","new",""
"item.pack.cat.name","item","Biolumen","","Kosmetik-Paket — Name","","new",""
"item.pack.drache.name","item","Laternenfest","","Kosmetik-Paket — Name","","new",""
"item.pack.eis.name","item","Eis","","Kosmetik-Paket — Name","","new",""
"item.pack.elementar.name","item","Prisma","","Kosmetik-Paket — Name","","new",""
"item.pack.feuer.name","item","Feuer","","Kosmetik-Paket — Name","","new",""
"item.pack.genesis.name","item","Genesis","","Kosmetik-Paket — Name","","new",""
"item.pack.geometrie.name","item","Seraph","","Kosmetik-Paket — Name","","new",""
"item.pack.gottgleich.name","item","Ascension","","Kosmetik-Paket — Name","","new",""
"item.pack.kosmos.name","item","Schwarzes Loch","","Kosmetik-Paket — Name","","new",""
"item.pack.lofi.name","item","Kitsune","","Kosmetik-Paket — Name","","new",""
"item.pack.oni.name","item","Roter Oni","","Kosmetik-Paket — Name","","new",""
"item.pack.pflanze.name","item","Pflanze","","Kosmetik-Paket — Name","","new",""
"item.pack.polarlicht.name","item","Scarab","","Kosmetik-Paket — Name","","new",""
"item.pack.ronin.name","item","Ronin","","Kosmetik-Paket — Name","","new",""
"item.pack.seedrache.name","item","Eldritch","","Kosmetik-Paket — Name","","new",""
"item.pack.serie1500.name","item","Königspfau","","Kosmetik-Paket — Name","","new",""
"item.pack.serie300.name","item","Flamingo","","Kosmetik-Paket — Name","","new",""
"item.pack.serie600.name","item","Peacock","","Kosmetik-Paket — Name","","new",""
"item.pack.sonne.name","item","Kolossus","","Kosmetik-Paket — Name","","new",""
"item.pack.spacedog.name","item","Kosmospanther","","Kosmetik-Paket — Name","","new",""
"item.pack.sparfuchs.name","item","Sparfuchs","","Kosmetik-Paket — Name","","new",""
"item.pack.sunset.name","item","Sunset Rider","","Kosmetik-Paket — Name","","new",""
"item.pack.wale.name","item","Moonwhale","","Kosmetik-Paket — Name","","new",""
"item.perk.L_BAUH.desc","item","Sofort: das Baufeld des Architekten wächst dauerhaft um 8 Zellen — du kannst mehr Gebäude platzieren.","","Legendärer Perk — Beschreibung (Kategorie Form)","","new",""
"item.perk.L_BAUH.label","item","Bauhütte","","Legendärer Perk — Name (Kategorie Form) — Perk-Auswahl/Build","","new",""
"item.perk.L_BRENN.desc","item","Gewinnt eine Karte in mindestens 3 gleichzeitigen Formationen, zählt der Stich ×2,5.","","Legendärer Perk — Beschreibung (Kategorie Form)","","new",""
"item.perk.L_BRENN.label","item","Brennpunkt","","Legendärer Perk — Name (Kategorie Form) — Perk-Auswahl/Build","","new",""
"item.perk.L_ECHO.desc","item","Am Ende jedes Durchlaufs wird dein höchstwertiger Stich dieses Durchlaufs noch einmal ×1,6 gutgeschrieben.","","Legendärer Perk — Beschreibung (Kategorie Rolle)","","new",""
"item.perk.L_ECHO.label","item","Echo","","Legendärer Perk — Name (Kategorie Rolle) — Perk-Auswahl/Build","","new",""
"item.perk.L_HENK.desc","item","Im letzten Segment (Positionen 36–40) zählt jeder Sieg 2-fach und ist garantiert ein Crit.","","Legendärer Perk — Beschreibung (Kategorie Score)","","new",""
"item.perk.L_HENK.label","item","Henker","","Legendärer Perk — Name (Kategorie Score) — Perk-Auswahl/Build","","new",""
"item.perk.L_MONO.desc","item","Aufeinanderfolgende Siege derselben Farbe: je Folgesieg +15 % Score, höchstens +150 %. Ein Farbwechsel oder eine Niederlage setzt die Farbserie zurück.","","Legendärer Perk — Beschreibung (Kategorie Score)","","new",""
"item.perk.L_MONO.label","item","Monochrom","","Legendärer Perk — Name (Kategorie Score) — Perk-Auswahl/Build","","new",""
"item.perk.L_PATT.desc","item","Eine Niederlage um höchstens 2 Werte zählt stattdessen als Sieg.","","Legendärer Perk — Beschreibung (Kategorie Stich)","","new",""
"item.perk.L_PATT.label","item","Patt","","Legendärer Perk — Name (Kategorie Stich) — Perk-Auswahl/Build","","new",""
"item.perk.L_RICHT.desc","item","Je vollendeter Struktur (volle Zeile, Spalte oder Diagonale) +250 dauerhafter Score. Der aufgestapelte Bonus wird am Ende jedes Durchlaufs flach ausgezahlt — ohne Multiplikator.","","Legendärer Perk — Beschreibung (Kategorie Form)","","new",""
"item.perk.L_RICHT.label","item","Richtfest","","Legendärer Perk — Name (Kategorie Form) — Perk-Auswahl/Build","","new",""
"item.perk.L_SAMM.desc","item","Jede unterschiedliche Formationsart, die in einem Durchlauf gewinnt (höchstens 5), gibt +0,15 Formations-Multiplikator für den restlichen Durchlauf.","","Legendärer Perk — Beschreibung (Kategorie Form)","","new",""
"item.perk.L_SAMM.label","item","Sammler","","Legendärer Perk — Name (Kategorie Form) — Perk-Auswahl/Build","","new",""
"item.perk.L_UMV.desc","item","Sofort: alle Karten nehmen dauerhaft den durchschnittlichen Kartenwert des Decks an (keine Karte wird entfernt). Stark bei schiefem Deck.","","Legendärer Perk — Beschreibung (Kategorie Deck)","","new",""
"item.perk.L_UMV.label","item","Umverteilung","","Legendärer Perk — Name (Kategorie Deck) — Perk-Auswahl/Build","","new",""
"item.perk.L_VAB.desc","item","Eröffnungs-Wette: Gewinnst du die ersten 5 Stiche eines Durchlaufs in Folge, gibt es +400.000 Score (bis zu 3 Mal pro Lauf).","","Legendärer Perk — Beschreibung (Kategorie Rolle)","","new",""
"item.perk.L_VAB.label","item","Vabanque","","Legendärer Perk — Name (Kategorie Rolle) — Perk-Auswahl/Build","","new",""
"item.perk.L_ZINS.desc","item","Die Bank: Jeder gewonnene Stich legt 12 % seines Scores aufs Kapital. Endet ein Durchlauf mit mindestens 65 % Siegen, zahlt sie Kapital × Zinssatz aus und der Zinssatz steigt um 4 Prozentpunkte (Start 12 %, höchstens 40 %) — das Kapital bleibt liegen. Verfehlst du die Quote, crasht das Konto: 25 % des Kapitals sind weg und der Zinssatz fällt um 4 Prozentpunkte zurück.","","Legendärer Perk — Beschreibung (Kategorie Rolle)","","new",""
"item.perk.L_ZINS.label","item","Zinseszins","","Legendärer Perk — Name (Kategorie Rolle) — Perk-Auswahl/Build","","new",""
"item.perk.L2.desc","item","Solange du siegst, erhält die nächste Karte +3 Stichwert (bis eine Niederlage eintritt).","","Legendärer Perk — Beschreibung (Kategorie Stich)","","new",""
"item.perk.L2.label","item","Unaufhaltsam","","Legendärer Perk — Name (Kategorie Stich) — Perk-Auswahl/Build","","new",""
"item.perk.L4.desc","item","Jeder Crit gibt der betreffenden Karte dauerhaft +1 Kartenwert (maximal +3).","","Legendärer Perk — Beschreibung (Kategorie Score)","","new",""
"item.perk.L4.label","item","Kritische Masse","","Legendärer Perk — Name (Kategorie Score) — Perk-Auswahl/Build","","new",""
"item.perk.L6.desc","item","Jeder Sieg in Folge gibt +5 % Crit-Chance. Übersteigt deine Gesamt-Crit-Chance 100 %, hebt der Überschuss zusätzlich den Crit-Multiplikator: +0,01× je Prozentpunkt darüber, höchstens +1,00×.","","Legendärer Perk — Beschreibung (Kategorie Score)","","new",""
"item.perk.L6.label","item","Raserei","","Legendärer Perk — Name (Kategorie Score) — Perk-Auswahl/Build","","new",""
"item.unlock.allArchetypesRun.label","item","Schließe einen Lauf mit allen vier Elementen ab","","Freischalt-Bedingung (Kosmetik) — Kind „allArchetypesRun""","","new",""
"item.unlock.allMonoArchetypes.label","item","Schalte alle vier Element-Decks frei (je 5 Mono-Läufe)","","Freischalt-Bedingung (Kosmetik) — Kind „allMonoArchetypes""","","new",""
"item.unlock.buy.label","item","In der Deck-Werkstatt mit Deckpunkten (DP) kaufen","","Freischalt-Bedingung (Kosmetik) — Kind „buy""","","new",""
"item.unlock.championWeek.label","item","Beende eine Wochen-Rangliste auf Platz 1 (Challenger-Archiv)","","Freischalt-Bedingung (Kosmetik) — Kind „championWeek""","","new",""
"item.unlock.games.label","item","Spiele 10 Läufe","","Freischalt-Bedingung (Kosmetik) — Kind „games""","","new",""
"item.unlock.gottgleichRun.label","item","Löse zum ersten Mal einen „Gottgleich“-Stich aus","","Freischalt-Bedingung (Kosmetik) — Kind „gottgleichRun""","","new",""
"item.unlock.meisterNoReroll.label","item","Schließe einen Ranglisten-Wochenlauf ohne einen einzigen Reroll ab","","Freischalt-Bedingung (Kosmetik) — Kind „meisterNoReroll""","","new",""
"item.unlock.monoArchetypeRun.label","item","Schließe 5 Läufe nur mit Feuer-Skills ab","","Freischalt-Bedingung (Kosmetik) — Kind „monoArchetypeRun""","","new",""
"item.unlock.none.label","item","Immer verfügbar","","Freischalt-Bedingung (Kosmetik) — Kind „none""","","new",""
"item.unlock.noRerollRun.label","item","Schließe einen Lauf ab, ohne einen Reroll zu benutzen","","Freischalt-Bedingung (Kosmetik) — Kind „noRerollRun""","","new",""
"item.unlock.onboardingDone.label","item","Schließe das Onboarding ab","","Freischalt-Bedingung (Kosmetik) — Kind „onboardingDone""","","new",""
"item.unlock.score.label","item","Erreiche Score 1.000.000","","Freischalt-Bedingung (Kosmetik) — Kind „score""","","new",""
"item.unlock.streak.label","item","Erreiche eine Serie von 300","","Freischalt-Bedingung (Kosmetik) — Kind „streak""","","new",""
"item.weekmod.blockArch.desc","item","{n} Baufeld-Zellen blockiert","","Wochen-Modifikator „Gesperrte Baufeld-Zellen"" — Wirkung · Var.: {n} = Stärke 10–15","","new",""
"item.weekmod.blockArch.name","item","Gesperrte Baufeld-Zellen","","Wochen-Modifikator — Name (negativ)","26","new",""
"item.weekmod.blockForm.desc","item","{n} Positionen der Aufstellung blockiert","","Wochen-Modifikator „Gesperrte Aufstell-Felder"" — Wirkung · Var.: {n} = Stärke 10–15","","new",""
"item.weekmod.blockForm.name","item","Gesperrte Aufstell-Felder","","Wochen-Modifikator — Name (negativ)","26","new",""
"item.weekmod.buildBoost.desc","item","Gebäude-Boni ×2","","Wochen-Modifikator „Bau-Boost"" — Wirkung","","new",""
"item.weekmod.buildBoost.name","item","Bau-Boost","","Wochen-Modifikator — Name (positiv)","26","new",""
"item.weekmod.deckShuffle.desc","item","Deck wird vor jeder Aufstellungsphase neu gemischt","","Wochen-Modifikator „Deck-Shuffle"" — Wirkung","","new",""
"item.weekmod.deckShuffle.name","item","Deck-Shuffle","","Wochen-Modifikator — Name (negativ)","26","new",""
"item.weekmod.doubleLeg.desc","item","2 legendäre Slots — in der Legendär-Phase 2 wählbar","","Wochen-Modifikator „Doppel-Legendär"" — Wirkung","","new",""
"item.weekmod.doubleLeg.name","item","Doppel-Legendär","","Wochen-Modifikator — Name (positiv)","26","new",""
"item.weekmod.energyEbb.desc","item","Start mit 0 Formations-Energie","","Wochen-Modifikator „Energie-Ebbe"" — Wirkung","","new",""
"item.weekmod.energyEbb.name","item","Energie-Ebbe","","Wochen-Modifikator — Name (negativ)","26","new",""
"item.weekmod.energyFlood.desc","item","Doppelte Formations-Energie","","Wochen-Modifikator „Energie-Flut"" — Wirkung","","new",""
"item.weekmod.energyFlood.name","item","Energie-Flut","","Wochen-Modifikator — Name (positiv)","26","new",""
"item.weekmod.formBoost.desc","item","Formations-Boni ×2","","Wochen-Modifikator „Formations-Boost"" — Wirkung","","new",""
"item.weekmod.formBoost.name","item","Formations-Boost","","Wochen-Modifikator — Name (positiv)","26","new",""
"item.weekmod.legTakt.desc","item","Jede {n}. Perk-Phase: 3 Legendär-Perks","","Wochen-Modifikator „Legendär-Takt"" — Wirkung · Var.: {n} = Stärke 3–5","","new",""
"item.weekmod.legTakt.name","item","Legendär-Takt","","Wochen-Modifikator — Name (positiv)","26","new",""
"item.weekmod.noBuildLimit.desc","item","Unbegrenzt bauen","","Wochen-Modifikator „Kein Gebäudelimit"" — Wirkung","","new",""
"item.weekmod.noBuildLimit.name","item","Kein Gebäudelimit","","Wochen-Modifikator — Name (positiv)","26","new",""
"item.weekmod.noReroll.desc","item","0 Rerolls (alle Pools)","","Wochen-Modifikator „Kein Reroll"" — Wirkung","","new",""
"item.weekmod.noReroll.name","item","Kein Reroll","","Wochen-Modifikator — Name (negativ)","26","new",""
"item.weekmod.perkBlessing.desc","item","Perks droppen nur sehr selten/rar","","Wochen-Modifikator „Perk-Segen"" — Wirkung","","new",""
"item.weekmod.perkBlessing.name","item","Perk-Segen","","Wochen-Modifikator — Name (positiv)","26","new",""
"item.weekmod.perkCap.desc","item","Keine sehr seltenen/raren Perks","","Wochen-Modifikator „Perk-Deckel"" — Wirkung","","new",""
"item.weekmod.perkCap.name","item","Perk-Deckel","","Wochen-Modifikator — Name (negativ)","26","new",""
"item.weekmod.scarcePerks.desc","item","Nur 1 Perk je Auswahl","","Wochen-Modifikator „Perk-Verknappung"" — Wirkung","","new",""
"item.weekmod.scarcePerks.name","item","Perk-Verknappung","","Wochen-Modifikator — Name (negativ)","26","new",""
"item.weekmod.scarceSkills.desc","item","Nur 1 Skill je Archetyp","","Wochen-Modifikator „Skill-Verknappung"" — Wirkung","","new",""
"item.weekmod.scarceSkills.name","item","Skill-Verknappung","","Wochen-Modifikator — Name (negativ)","26","new",""
"item.weekmod.skillFull.desc","item","+{n} Skillslots","","Wochen-Modifikator „Skill-Fülle"" — Wirkung · Var.: {n} = Stärke 1–3","","new",""
"item.weekmod.skillFull.name","item","Skill-Fülle","","Wochen-Modifikator — Name (positiv)","26","new",""
"item.weekmod.strongCards.desc","item","Spielerkarten +{n} Wert","","Wochen-Modifikator „Starke Karten"" — Wirkung · Var.: {n} = Stärke 1–3","","new",""
"item.weekmod.strongCards.name","item","Starke Karten","","Wochen-Modifikator — Name (positiv)","26","new",""
"item.weekmod.strongEnemies.desc","item","Gegnerkarten +{n} Wert","","Wochen-Modifikator „Stärkere Gegner"" — Wirkung · Var.: {n} = Stärke 1–3","","new",""
"item.weekmod.strongEnemies.name","item","Stärkere Gegner","","Wochen-Modifikator — Name (negativ)","26","new",""
"item.weekmod.tightBuild.desc","item","Nur 12 Baufeld-Zellen","","Wochen-Modifikator „Enge Aufstellung"" — Wirkung","","new",""
"item.weekmod.tightBuild.name","item","Enge Aufstellung","","Wochen-Modifikator — Name (negativ)","26","new",""
"store.archeffects.score-alle","store","Score alle $","","Architekt — Effekt-Bausteine (Kartendetail) — src/ui/archEffects.js:29","","new",""
"store.archeffects.score-bei","store","Score bei $","","Architekt — Effekt-Bausteine (Kartendetail) — src/ui/archEffects.js:28","","new",""
"store.archeffects.score-bei-crit-sonst","store","Score bei Crit, sonst −$","","Architekt — Effekt-Bausteine (Kartendetail) — src/ui/archEffects.js:31","","new",""
"store.architectscreen.abbrechen","store","Abbrechen","","Der Architekt (Bauphase) — src/ui/ArchitectScreen.jsx:1087","","new",""
"store.architectscreen.abriss-reicht-noch-nicht-markiere-ein","store","Abriss reicht noch nicht — markiere ein weiteres Gebäude.","","Der Architekt (Bauphase) — src/ui/ArchitectScreen.jsx:864","","new",""
"store.architectscreen.anderer-bauplan","store","← Anderer Bauplan","","Der Architekt (Bauphase) — src/ui/ArchitectScreen.jsx:1073","","new",""
"store.architectscreen.anderung-des-gebaude-boosts-an-dieser","store","Änderung des Gebäude-Boosts an dieser Vorschau-Position","","Der Architekt (Bauphase) — src/ui/ArchitectScreen.jsx:637","","new",""
"store.architectscreen.anker","store","Anker","","Der Architekt (Bauphase) — src/ui/ArchitectScreen.jsx:827","","new",""
"store.architectscreen.antippen-zeigt-am-brett-wo-es","store","Antippen zeigt am Brett, wo es liegt — und umgekehrt.","","Der Architekt (Bauphase) — src/ui/ArchitectScreen.jsx:1129","","new",""
"store.architectscreen.architekt-bauphase-durchlauf","store","Architekt · Bauphase · Durchlauf","","Der Architekt (Bauphase) — src/ui/ArchitectScreen.jsx:581","","new",""
"store.architectscreen.aufwerten","store","Aufwerten","","Der Architekt (Bauphase) — src/ui/ArchitectScreen.jsx:944","","new",""
"store.architectscreen.aufwerten-bestatigen","store","⬆ Aufwerten bestätigen","","Der Architekt (Bauphase) — src/ui/ArchitectScreen.jsx:1088","","new",""
"store.architectscreen.baufeld","store","Baufeld","","Der Architekt (Bauphase) — src/ui/ArchitectScreen.jsx:596","","new",""
"store.architectscreen.baufeld-belegt","store","Baufeld belegt","","Der Architekt (Bauphase) — src/ui/ArchitectScreen.jsx:1170","","new",""
"store.architectscreen.bauplan","store","Bauplan","","Der Architekt (Bauphase) — src/ui/ArchitectScreen.jsx:1188","","new",""
"store.architectscreen.belegt","store","belegt ·","","Der Architekt (Bauphase) — src/ui/ArchitectScreen.jsx:598","","new",""
"store.architectscreen.bestatigen","store","Bestätigen","","Der Architekt (Bauphase) — src/ui/ArchitectScreen.jsx:1035","","new",""
"store.architectscreen.bestatigen-durchlauf-starten","store","✓ Bestätigen · Durchlauf starten","","Der Architekt (Bauphase) — src/ui/ArchitectScreen.jsx:1101","","new",""
"store.architectscreen.bufft-farbe","store","🎨 Bufft Farbe","","Der Architekt (Bauphase) — src/ui/ArchitectScreen.jsx:617","","new",""
"store.architectscreen.danach","store","Danach:","","Der Architekt (Bauphase) — src/ui/ArchitectScreen.jsx:978","","new",""
"store.architectscreen.der-architekt","store","Der Architekt","","Der Architekt (Bauphase) — src/ui/ArchitectScreen.jsx:582","","new",""
"store.architectscreen.diagonale","store","Diagonale","","Der Architekt (Bauphase) — src/ui/ArchitectScreen.jsx:844","","new",""
"store.architectscreen.diese-form-lasst-sich-nicht-drehen","store","Diese Form lässt sich nicht drehen (belegt eine ganze Segment-Zeile bzw. ist symmetrisch).","","Der Architekt (Bauphase) — src/ui/ArchitectScreen.jsx:934","","new",""
"store.architectscreen.distrikt","store","Distrikt","","Der Architekt (Bauphase) — src/ui/ArchitectScreen.jsx:845","","new",""
"store.architectscreen.distrikt-2","store","Distrikt:","","Der Architekt (Bauphase) — src/ui/ArchitectScreen.jsx:848","","new",""
"store.architectscreen.drehen","store","⟳ Drehen","","Der Architekt (Bauphase) — src/ui/ArchitectScreen.jsx:1035","","new",""
"store.architectscreen.durchlauf-score","store","Durchlauf-Score","","Der Architekt (Bauphase) — src/ui/ArchitectScreen.jsx:602","","new",""
"store.architectscreen.ein-gebaude-1-stufe","store","ein Gebäude +1 Stufe","","Der Architekt (Bauphase) — src/ui/ArchitectScreen.jsx:945","","new",""
"store.architectscreen.farbblock","store","Farbblock","","Der Architekt (Bauphase) — src/ui/ArchitectScreen.jsx:827","","new",""
"store.architectscreen.formationen","store","Formationen","","Der Architekt (Bauphase) — src/ui/ArchitectScreen.jsx:647","","new",""
"store.architectscreen.formationsrahmen-ring-label-am-brett-ein","store","Formationsrahmen (Ring + Label) am Brett ein-/ausblenden","","Der Architekt (Bauphase) — src/ui/ArchitectScreen.jsx:647","","new",""
"store.architectscreen.fur","store","für „","","Der Architekt (Bauphase) — src/ui/ArchitectScreen.jsx:859","","new",""
"store.architectscreen.gebaude","store","Gebäude","","Der Architekt (Bauphase) — src/ui/ArchitectScreen.jsx:395","","new",""
"store.architectscreen.gebaude-2","store","Gebäude$","","Der Architekt (Bauphase) — src/ui/ArchitectScreen.jsx:863","","new",""
"store.architectscreen.gebaude-boost","store","Gebäude-Boost","","Der Architekt (Bauphase) — src/ui/ArchitectScreen.jsx:592","","new",""
"store.architectscreen.gebaude-mit-struktur-distrikt-bonus-gluhen","store","Gebäude mit Struktur-/Distrikt-Bonus glühen in ihrer Typ-Farbe","","Der Architekt (Bauphase) — src/ui/ArchitectScreen.jsx:644","","new",""
"store.architectscreen.gebaude-umstellen","store","↔ Gebäude umstellen","","Der Architekt (Bauphase) — src/ui/ArchitectScreen.jsx:1079","","new",""
"store.architectscreen.gleicher-farbe","store","gleicher Farbe","","Der Architekt (Bauphase) — src/ui/ArchitectScreen.jsx:848","","new",""
"store.architectscreen.hauserzeilen","store","Häuserzeilen","","Der Architekt (Bauphase) — src/ui/ArchitectScreen.jsx:1171","","new",""
"store.architectscreen.jede-karte-auf-einer-vollstandigen-zeile","store","Jede Karte auf einer vollständigen Zeile/Spalte/Diagonale macht bei einem Sieg entsprechend mehr","","Der Architekt (Bauphase) — src/ui/ArchitectScreen.jsx:847","","new",""
"store.architectscreen.jetzt","store","Jetzt:","","Der Architekt (Bauphase) — src/ui/ArchitectScreen.jsx:975","","new",""
"store.architectscreen.kartenwert","store","Σ Kartenwert","","Der Architekt (Bauphase) — src/ui/ArchitectScreen.jsx:1169","","new",""
"store.architectscreen.kein-platz","store","Kein Platz","","Der Architekt (Bauphase) — src/ui/ArchitectScreen.jsx:859","","new",""
"store.architectscreen.kein-platz-ersetzen","store","kein Platz → ersetzen","","Der Architekt (Bauphase) — src/ui/ArchitectScreen.jsx:935","","new",""
"store.architectscreen.kein-platz-zum-drehen-zieh-das","store","Kein Platz zum Drehen — zieh das Gebäude erst an eine freiere Stelle.","","Der Architekt (Bauphase) — src/ui/ArchitectScreen.jsx:535","","new",""
"store.architectscreen.kombis","store","Kombis","","Der Architekt (Bauphase) — src/ui/ArchitectScreen.jsx:644","","new",""
"store.architectscreen.legendar","store","legendär","","Der Architekt (Bauphase) — src/ui/ArchitectScreen.jsx:793","","new",""
"store.architectscreen.legendar-2","store","Legendär","","Der Architekt (Bauphase) — src/ui/ArchitectScreen.jsx:880","","new",""
"store.architectscreen.markiere-ein-gebaude-zum-abriss-am","store","Markiere ein Gebäude zum Abriss (am Brett oder unten) — bei einem großen Bauplan evtl. mehrere. Abgerissen wird erst nach Bestätigen.","","Der Architekt (Bauphase) — src/ui/ArchitectScreen.jsx:861","","new",""
"store.architectscreen.markierte-gebaude-gehen-beim-abriss-verloren","store","Markierte Gebäude gehen beim Abriss verloren.","","Der Architekt (Bauphase) — src/ui/ArchitectScreen.jsx:888","","new",""
"store.architectscreen.nachbar","store","%/Nachbar","","Der Architekt (Bauphase) — src/ui/ArchitectScreen.jsx:845","","new",""
"store.architectscreen.nicht-drehbar","store","⟳ nicht drehbar","","Der Architekt (Bauphase) — src/ui/ArchitectScreen.jsx:934","","new",""
"store.architectscreen.nicht-drehbar-2","store","⟳ Nicht drehbar","","Der Architekt (Bauphase) — src/ui/ArchitectScreen.jsx:1053","","new",""
"store.architectscreen.nichts-bauen-fortfahren","store","Nichts bauen · Fortfahren →","","Der Architekt (Bauphase) — src/ui/ArchitectScreen.jsx:1080","","new",""
"store.architectscreen.passt-hier-nicht","store","passt hier nicht","","Der Architekt (Bauphase) — src/ui/ArchitectScreen.jsx:1159","","new",""
"store.architectscreen.ruckgangig","store","↶ Rückgängig","","Der Architekt (Bauphase) — src/ui/ArchitectScreen.jsx:1067","","new",""
"store.architectscreen.score","store","Score","","Der Architekt (Bauphase) — src/ui/ArchitectScreen.jsx:847","","new",""
"store.architectscreen.score-boost-durch-die-gebaude-struktur","store","Score-Boost durch die Gebäude: Struktur-Kombis (volle Zeile/Spalte/Diagonale) + Distrikt (gleiche Kategorie aneinander) + neu gegründete Formationen. Aktualisiert live beim Bauen/Verschieben.","","Der Architekt (Bauphase) — src/ui/ArchitectScreen.jsx:591","","new",""
"store.architectscreen.spalte","store","Spalte","","Der Architekt (Bauphase) — src/ui/ArchitectScreen.jsx:843","","new",""
"store.architectscreen.startet-den-durchlauf","store","startet den Durchlauf.","","Der Architekt (Bauphase) — src/ui/ArchitectScreen.jsx:1035","","new",""
"store.architectscreen.struktur-bonus","store","Struktur-Bonus","","Der Architekt (Bauphase) — src/ui/ArchitectScreen.jsx:1168","","new",""
"store.architectscreen.stufe","store","Stufe","","Der Architekt (Bauphase) — src/ui/ArchitectScreen.jsx:971","","new",""
"store.architectscreen.stufe-2","store","▲ Stufe","","Der Architekt (Bauphase) — src/ui/ArchitectScreen.jsx:1249","","new",""
"store.architectscreen.stufe-3","store","▼ Stufe","","Der Architekt (Bauphase) — src/ui/ArchitectScreen.jsx:1249","","new",""
"store.architectscreen.stufe-ecke","store","Stufe (Ecke):","","Der Architekt (Bauphase) — src/ui/ArchitectScreen.jsx:819","","new",""
"store.architectscreen.treppe","store","Treppe","","Der Architekt (Bauphase) — src/ui/ArchitectScreen.jsx:827","","new",""
"store.architectscreen.unten-bestatigen-dann-wird-aufgewertet","store","Unten bestätigen, dann wird aufgewertet.","","Der Architekt (Bauphase) — src/ui/ArchitectScreen.jsx:981","","new",""
"store.architectscreen.voll-katalog-dev-kategorie-familie-stufe","store","Voll-Katalog (Dev): Kategorie → Familie → Stufe. Ein Bau pro Phase (danach Verschieben/Bestätigen).","","Der Architekt (Bauphase) — src/ui/ArchitectScreen.jsx:1221","","new",""
"store.architectscreen.vorschau","store","Vorschau","","Der Architekt (Bauphase) — src/ui/ArchitectScreen.jsx:1159","","new",""
"store.architectscreen.wahle-unten-ein-gebaude-oder-tippe","store","wähle unten ein Gebäude (oder tippe es am Brett an) — es wird gold markiert, du siehst aktuellen und nächsten Effekt und bestätigst unten. Nicht aufwertbare (Legendär/No-op-Effekt/max) sind ausgegraut.","","Der Architekt (Bauphase) — src/ui/ArchitectScreen.jsx:987","","new",""
"store.architectscreen.was-baust-du-diese-phase","store","Was baust du diese Phase?","","Der Architekt (Bauphase) — src/ui/ArchitectScreen.jsx:907","","new",""
"store.architectscreen.wechsel","store","Wechsel","","Der Architekt (Bauphase) — src/ui/ArchitectScreen.jsx:827","","new",""
"store.architectscreen.wert","store","Σ Wert","","Der Architekt (Bauphase) — src/ui/ArchitectScreen.jsx:1161","","new",""
"store.architectscreen.wiederholung","store","Wiederholung","","Der Architekt (Bauphase) — src/ui/ArchitectScreen.jsx:827","","new",""
"store.architectscreen.zeile","store","Zeile","","Der Architekt (Bauphase) — src/ui/ArchitectScreen.jsx:842","","new",""
"store.architectscreen.zuruck","store","← Zurück","","Der Architekt (Bauphase) — src/ui/ArchitectScreen.jsx:890","","new",""
"store.architectscreen.zurucksetzen","store","+ „Zurücksetzen","","Der Architekt (Bauphase) — src/ui/ArchitectScreen.jsx:1061","","new",""
"store.architectscreen.zurucksetzen-2","store","Zurücksetzen","","Der Architekt (Bauphase) — src/ui/ArchitectScreen.jsx:1069","","new",""
"store.archpanels.antippen-zeigt-am-brett-wo-es","store","Antippen zeigt am Brett, wo es liegt — und umgekehrt.","","Architekt — Gebäude-/Legenden-Panels — src/ui/ArchPanels.jsx:31","","new",""
"store.archpanels.dein-gewahlter-formationstyp-bekommt-einen-zusatzfaktor","store","dein gewählter Formationstyp bekommt einen Zusatzfaktor","","Architekt — Gebäude-/Legenden-Panels — src/ui/ArchPanels.jsx:19","","new",""
"store.archpanels.der-faktor-einer-endenden-formation-wirkt","store","der Faktor einer endenden Formation wirkt auf die nächste Karte nach","","Architekt — Gebäude-/Legenden-Panels — src/ui/ArchPanels.jsx:18","","new",""
"store.archpanels.eine-formation-lauft-uber-eine-segmentgrenze","store","eine Formation läuft über eine Segmentgrenze und zahlt zusätzlich ×1,25","","Architekt — Gebäude-/Legenden-Panels — src/ui/ArchPanels.jsx:20","","new",""
"store.archpanels.legendar","store","Legendär","","Architekt — Gebäude-/Legenden-Panels — src/ui/ArchPanels.jsx:46","","new",""
"store.archpanels.rolle-ziel-eines-perks-einer-familie","store","● Rolle — Ziel eines Perks/einer Familie an dieser Karte","","Architekt — Gebäude-/Legenden-Panels — src/ui/ArchPanels.jsx:72","","new",""
"system.pwainstall.als-app-zum-startbildschirm-hinzufugen","system","Als App zum Startbildschirm hinzufügen","","App-Installation — src/ui/PwaInstall.jsx:56","","new",""
"system.seedchip.diesen-seed-nachspielen","system","Diesen Seed nachspielen","","Seed-Chip (teilen/nachspielen) — src/ui/SeedChip.jsx:25","","new",""
"system.seedchip.seed-kopieren","system","Seed kopieren","","Seed-Chip (teilen/nachspielen) — src/ui/SeedChip.jsx:18","","new",""
"system.usernamemodal.abbrechen","system","Abbrechen","","Namenswahl — src/ui/UsernameModal.jsx:29","","new",""
"system.usernamemodal.dein-name","system","Dein Name","","Namenswahl — src/ui/UsernameModal.jsx:42","","new",""
"system.usernamemodal.enter","system","Enter","","Namenswahl — src/ui/UsernameModal.jsx:50","","new",""
"system.usernamemodal.name-andern","system","Name ändern","","Namenswahl — src/ui/UsernameModal.jsx:35","","new",""
"system.usernamemodal.speichern","system","Speichern","","Namenswahl — src/ui/UsernameModal.jsx:31","","new",""
"system.usernamemodal.vorschau-rangliste","system","Vorschau · Rangliste","","Namenswahl — src/ui/UsernameModal.jsx:61","","new",""
"system.usernamemodal.wahle-deinen-namen","system","Wähle deinen Namen","","Namenswahl — src/ui/UsernameModal.jsx:42","","new",""
"system.usernamemodal.willkommen","system","Willkommen","","Namenswahl — src/ui/UsernameModal.jsx:35","","new",""
"tutorial.glossary.abgedecktezelle.label","tutorial","Abgedeckte Zelle","","Glossar — Begriff (Überschrift)","28","new",""
"tutorial.glossary.abgedecktezelle.match","tutorial","abgedeckte Zelle | abgedeckter Zelle | abgedeckte Zellen | unter einem Gebäude","","KEINE Anzeige — Wortformen für die Auto-Fettung in Beschreibungen. Für EN neu pflegen (Flexionen!).","","new","wortformen"
"tutorial.glossary.abgedecktezelle.text","tutorial","Eine Brettzelle, die unter einem platzierten Gebäude liegt. Dichte Bebauung zahlt Score je abgedeckter Zelle; Eckstein gibt seiner Rollenkarte Stichwert, solange sie unter einem Gebäude liegt.","","Glossar — Erklärung zu „Abgedeckte Zelle""","","new",""
"tutorial.glossary.alle","tutorial","Alle","","Glossar-Overlay (Rahmen) — src/ui/Glossary.jsx:123","","new",""
"tutorial.glossary.anker.label","tutorial","Anker","","Glossar — Begriff (Überschrift)","28","new",""
"tutorial.glossary.anker.match","tutorial","Anker | Ankerzelle | Ankerzellen","","KEINE Anzeige — Wortformen für die Auto-Fettung in Beschreibungen. Für EN neu pflegen (Flexionen!).","","new","wortformen"
"tutorial.glossary.anker.text","tutorial","Eine einzelne Position zählt als aktive Formation (Faktor je Quelle). Kommt aus den Anker-Familien oder vom Architekt-Gebäude Grundstein. Höchstens ein Anker je Position. Grundstein legt ab Stufe III zusätzlich Stichwert auf jede Ankerzelle.","","Glossar — Erklärung zu „Anker""","","new",""
"tutorial.glossary.archetyp.label","tutorial","Archetyp","","Glossar — Begriff (Überschrift)","28","new",""
"tutorial.glossary.archetyp.match","tutorial","Archetyp | Archetypen | Archetyps | Fraktion | Fraktionen","","KEINE Anzeige — Wortformen für die Auto-Fettung in Beschreibungen. Für EN neu pflegen (Flexionen!).","","new","wortformen"
"tutorial.glossary.archetyp.text","tutorial","Eine Skill-Familie mit eigener Identität (Feuer · Blitz · Eis · Pflanze). Der erste Skill schaltet sie frei; bis zu 4 mischbar.","","Glossar — Erklärung zu „Archetyp""","","new",""
"tutorial.glossary.ash.label","tutorial","Asche","","Glossar — Begriff (Überschrift)","28","new",""
"tutorial.glossary.ash.match","tutorial","Asche","","KEINE Anzeige — Wortformen für die Auto-Fettung in Beschreibungen. Für EN neu pflegen (Flexionen!).","","new","wortformen"
"tutorial.glossary.ash.text","tutorial","Rohstoff der Feuer-Schmiede: Brände geben +1 Asche. Die Ascheschmiede verbraucht 20 Asche je Schmiedung (+3 Kartenwert); ist die Schmiede voll, verglüht restliche Asche als Ascheglut zu Score.","","Glossar — Erklärung zu „Asche""","","new",""
"tutorial.glossary.ashglow.label","tutorial","Ascheglut","","Glossar — Begriff (Überschrift)","28","new",""
"tutorial.glossary.ashglow.match","tutorial","Ascheglut","","KEINE Anzeige — Wortformen für die Auto-Fettung in Beschreibungen. Für EN neu pflegen (Flexionen!).","","new","wortformen"
"tutorial.glossary.ashglow.text","tutorial","Der Asche-Überlauf: Ist die Schmiede-Kapazität voll, wird restliche Asche am Durchlauf-Ende in Score-Häppchen verbrannt (+2.000 Score je 20 Asche) — Asche wird so jeden Durchlauf vollständig ausgegeben, kein toter Haufen mehr.","","Glossar — Erklärung zu „Ascheglut""","","new",""
"tutorial.glossary.aufruesten.label","tutorial","Aufwerten","","Glossar — Begriff (Überschrift)","28","new",""
"tutorial.glossary.aufruesten.match","tutorial","Aufwerten | Ausbauen","","KEINE Anzeige — Wortformen für die Auto-Fettung in Beschreibungen. Für EN neu pflegen (Flexionen!).","","new","wortformen"
"tutorial.glossary.aufruesten.text","tutorial","Ein bestehendes Gebäude um +1 Stufe erhöhen statt neu zu bauen (Legendäre haben keine Stufen).","","Glossar — Erklärung zu „Aufwerten""","","new",""
"tutorial.glossary.aufstellung.label","tutorial","Aufstellungsphase","","Glossar — Begriff (Überschrift)","28","new",""
"tutorial.glossary.aufstellung.match","tutorial","Aufstellungsphase | Aufstellung","","KEINE Anzeige — Wortformen für die Auto-Fettung in Beschreibungen. Für EN neu pflegen (Flexionen!).","","new","wortformen"
"tutorial.glossary.aufstellung.text","tutorial","Zwischen zwei Durchläufen stellst du deine Kartenreihenfolge um — jeder Tausch kostet Formations-Energie.","","Glossar — Erklärung zu „Aufstellungsphase""","","new",""
"tutorial.glossary.baufeld.label","tutorial","Baufeld (Deckel)","","Glossar — Begriff (Überschrift)","28","new",""
"tutorial.glossary.baufeld.match","tutorial","Baufeld","","KEINE Anzeige — Wortformen für die Auto-Fettung in Beschreibungen. Für EN neu pflegen (Flexionen!).","","new","wortformen"
"tutorial.glossary.baufeld.text","tutorial","Die begrenzte Zahl belegbarer Brettzellen. Die Knappheit macht das Platzieren zur Entscheidung (der Upgrade-Baum und der Perk Bauhütte heben den Deckel).","","Glossar — Erklärung zu „Baufeld (Deckel)""","","new",""
"tutorial.glossary.baukat.label","tutorial","Bau-Kategorien","","Glossar — Begriff (Überschrift)","28","new",""
"tutorial.glossary.baukat.match","tutorial","Bau-Kategorien","","KEINE Anzeige — Wortformen für die Auto-Fettung in Beschreibungen. Für EN neu pflegen (Flexionen!).","","new","wortformen"
"tutorial.glossary.baukat.text","tutorial","Drei Effekt-Arten: Wert (Tragwerk, +Stichwert) · Score (Handelsbau, +Score) · Formation (Sakralbau, biegt die Erkennung).","","Glossar — Erklärung zu „Bau-Kategorien""","","new",""
"tutorial.glossary.bauphase.label","tutorial","Bauphase / Der Architekt","","Glossar — Begriff (Überschrift)","28","new",""
"tutorial.glossary.bauphase.match","tutorial","Bauphase | Architekt | Architekten","","KEINE Anzeige — Wortformen für die Auto-Fettung in Beschreibungen. Für EN neu pflegen (Flexionen!).","","new","wortformen"
"tutorial.glossary.bauphase.text","tutorial","Der Architekt ersetzt den Shop: statt zu kaufen legst du geometrische Gebäude als Overlay aufs Kartenbrett. Kein Geld, keine Münzen.","","Glossar — Erklärung zu „Bauphase / Der Architekt""","","new",""
"tutorial.glossary.bauplan.label","tutorial","Bauplan","","Glossar — Begriff (Überschrift)","28","new",""
"tutorial.glossary.bauplan.match","tutorial","Bauplan | Baupläne","","KEINE Anzeige — Wortformen für die Auto-Fettung in Beschreibungen. Für EN neu pflegen (Flexionen!).","","new","wortformen"
"tutorial.glossary.bauplan.text","tutorial","Ein Angebots-Eintrag, aus dem du ein Gebäude errichtest. 3 Baupläne je Bauphase.","","Glossar — Erklärung zu „Bauplan""","","new",""
"tutorial.glossary.bekenntnis.label","tutorial","Bekenntnis","","Glossar — Begriff (Überschrift)","28","new",""
"tutorial.glossary.bekenntnis.match","tutorial","Bekenntnis | Blitz-Bekenntnis | Feuer-Bekenntnis","","KEINE Anzeige — Wortformen für die Auto-Fettung in Beschreibungen. Für EN neu pflegen (Flexionen!).","","new","wortformen"
"tutorial.glossary.bekenntnis.text","tutorial","Wie stark du dich einem Archetyp verschrieben hast: der Anteil deiner Skill-Slots, den seine Skills belegen. Viele Effekte — vor allem Legendäre — zahlen anteilig danach, voll erst bei reinem Deck.","","Glossar — Erklärung zu „Bekenntnis""","","new",""
"tutorial.glossary.bersten.label","tutorial","Bersten","","Glossar — Begriff (Überschrift)","28","new",""
"tutorial.glossary.bersten.match","tutorial","Bersten | bricht | brechen | Bruch | Brüche | Bruchs | brechendem | Berst-Score | Berst-Schwelle","","KEINE Anzeige — Wortformen für die Auto-Fettung in Beschreibungen. Für EN neu pflegen (Flexionen!).","","new","wortformen"
"tutorial.glossary.bersten.text","tutorial","Erreicht ein Gletscher 12 Masse, bricht er: Berst-Score aus Masse × Wucht der erreichten Schwelle (Schwellen 4 / 8 / 12), verstärkt um +25 % je angrenzendem Gletscher und Kollision, wenn der Bruch einen Gletscher-Nachbarn trifft. Danach fällt er auf 0 ab und füllt sich zum Durchlauf-Beginn aus seiner Firn-Reserve wieder auf.","","Glossar — Erklärung zu „Bersten""","","new",""
"tutorial.glossary.bestenliste.label","tutorial","Bestenliste","","Glossar — Begriff (Überschrift)","28","new",""
"tutorial.glossary.bestenliste.match","tutorial","Bestenliste","","KEINE Anzeige — Wortformen für die Auto-Fettung in Beschreibungen. Für EN neu pflegen (Flexionen!).","","new","wortformen"
"tutorial.glossary.bestenliste.text","tutorial","Deine lokalen Läufe plus die globale Rangliste.","","Glossar — Erklärung zu „Bestenliste""","","new",""
"tutorial.glossary.bindeglied.label","tutorial","Bindeglied","","Glossar — Begriff (Überschrift)","28","new",""
"tutorial.glossary.bindeglied.match","tutorial","Bindeglied","","KEINE Anzeige — Wortformen für die Auto-Fettung in Beschreibungen. Für EN neu pflegen (Flexionen!).","","new","wortformen"
"tutorial.glossary.bindeglied.text","tutorial","Eine Karte darf für eine Treppe im Wert abweichen. Perk-Familie Bindeglied: I/II ±1 · III um 1 oder 2 · IV jeder Wert zwischen den Nachbarn. Architekt-Gebäude Kreuzgang: ±1, ab Stufe III ±2.","","Glossar — Erklärung zu „Bindeglied""","","new",""
"tutorial.glossary.bluete.label","tutorial","Blüte","","Glossar — Begriff (Überschrift)","28","new",""
"tutorial.glossary.bluete.match","tutorial","Blüte | Blüte-Score | Blütezeit","","KEINE Anzeige — Wortformen für die Auto-Fettung in Beschreibungen. Für EN neu pflegen (Flexionen!).","","new","wortformen"
"tutorial.glossary.bluete.text","tutorial","Ein Grün-Payoff: Siegt eine grüne Karte mit grünen Nachbarn, gibt sie +15 Blüte-Score je grüner Karte im Segment (Blütezeit ×2 in Formation, Überwucherung nochmals ×2).","","Glossar — Erklärung zu „Blüte""","","new",""
"tutorial.glossary.brand.label","tutorial","Brandmal","","Glossar — Begriff (Überschrift)","28","new",""
"tutorial.glossary.brand.match","tutorial","Brandmal | Brand | Brände | gebrandmarkte","","KEINE Anzeige — Wortformen für die Auto-Fettung in Beschreibungen. Für EN neu pflegen (Flexionen!).","","new","wortformen"
"tutorial.glossary.brand.text","tutorial","Eine gebrandmarkte Gegnerkarte verliert Wert; jeder Brand gibt +1 Asche — der Rohstoff der Feuer-Schmiede.","","Glossar — Erklärung zu „Brandmal""","","new",""
"tutorial.glossary.brett.label","tutorial","Brett (8×5)","","Glossar — Begriff (Überschrift)","28","new",""
"tutorial.glossary.brett.match","tutorial","Brett","","KEINE Anzeige — Wortformen für die Auto-Fettung in Beschreibungen. Für EN neu pflegen (Flexionen!).","","new","wortformen"
"tutorial.glossary.brett.text","tutorial","Deine 40 Deckpositionen als 8 Zeilen × 5 Spalten. Formationen laufen weiter auf der 1D-Reihenfolge.","","Glossar — Erklärung zu „Brett (8×5)""","","new",""
"tutorial.glossary.cat.arch","tutorial","Der Architekt","","Glossar — Kategorieüberschrift","22","new",""
"tutorial.glossary.cat.deck","tutorial","Deck & Karten","","Glossar — Kategorieüberschrift","22","new",""
"tutorial.glossary.cat.form","tutorial","Formationen","","Glossar — Kategorieüberschrift","22","new",""
"tutorial.glossary.cat.frak","tutorial","Archetypen","","Glossar — Kategorieüberschrift","22","new",""
"tutorial.glossary.cat.grund","tutorial","Grundbegriffe","","Glossar — Kategorieüberschrift","22","new",""
"tutorial.glossary.cat.meta","tutorial","Fortschritt & Meta","","Glossar — Kategorieüberschrift","22","new",""
"tutorial.glossary.cat.perk","tutorial","Perks & Rarität","","Glossar — Kategorieüberschrift","22","new",""
"tutorial.glossary.cat.praez","tutorial","Präzision · Crit","","Glossar — Kategorieüberschrift","22","new",""
"tutorial.glossary.challenger.label","tutorial","Challenger / Seed","","Glossar — Begriff (Überschrift)","28","new",""
"tutorial.glossary.challenger.match","tutorial","Challenger | Seed | Nachspielen","","KEINE Anzeige — Wortformen für die Auto-Fettung in Beschreibungen. Für EN neu pflegen (Flexionen!).","","new","wortformen"
"tutorial.glossary.challenger.text","tutorial","Teile einen Lauf über seinen Seed (kurzer Code); andere spielen exakt dieselben Karten nach und vergleichen den Score.","","Glossar — Erklärung zu „Challenger / Seed""","","new",""
"tutorial.glossary.charge.label","tutorial","Ladung","","Glossar — Begriff (Überschrift)","28","new",""
"tutorial.glossary.charge.match","tutorial","Ladung | Ladungen","","KEINE Anzeige — Wortformen für die Auto-Fettung in Beschreibungen. Für EN neu pflegen (Flexionen!).","","new","wortformen"
"tutorial.glossary.charge.text","tutorial","Crits erzeugen Ladung (max 10). Bei voller Ladung lösen Blitz-Konsumenten ihren Effekt aus und verbrauchen sie.","","Glossar — Erklärung zu „Ladung""","","new",""
"tutorial.glossary.chronik.label","tutorial","Chronik","","Glossar — Begriff (Überschrift)","28","new",""
"tutorial.glossary.chronik.match","tutorial","Chronik","","KEINE Anzeige — Wortformen für die Auto-Fettung in Beschreibungen. Für EN neu pflegen (Flexionen!).","","new","wortformen"
"tutorial.glossary.chronik.text","tutorial","Lesende Übersicht aller 40 Karten des Laufs in aktueller Reihenfolge, mit Formations-, Rollen- und Ankermarkern.","","Glossar — Erklärung zu „Chronik""","","new",""
"tutorial.glossary.cluster.label","tutorial","Cluster","","Glossar — Begriff (Überschrift)","28","new",""
"tutorial.glossary.cluster.match","tutorial","Cluster | Clusters | Clustern","","KEINE Anzeige — Wortformen für die Auto-Fettung in Beschreibungen. Für EN neu pflegen (Flexionen!).","","new","wortformen"
"tutorial.glossary.cluster.text","tutorial","Eine Gruppe direkt aneinandergrenzender Gletscher. Viele Eis-Skills messen die Cluster-Größe (z. B. Verschmelzen, Verzahnung); Eisbrücke zählt auch die Diagonalen dazu.","","Glossar — Erklärung zu „Cluster""","","new",""
"tutorial.glossary.colonize.label","tutorial","Kolonisieren / Ausläufer","","Glossar — Begriff (Überschrift)","28","new",""
"tutorial.glossary.colonize.match","tutorial","Kolonisieren | kolonisierte | Ausläufer","","KEINE Anzeige — Wortformen für die Auto-Fettung in Beschreibungen. Für EN neu pflegen (Flexionen!).","","new","wortformen"
"tutorial.glossary.colonize.text","tutorial","Markiert gegnerische Karten grün (Ausläufer/Rhizom). Besiegst du eine kolonisierte Karte, erntest du Wachstum.","","Glossar — Erklärung zu „Kolonisieren / Ausläufer""","","new",""
"tutorial.glossary.consume.label","tutorial","Konsument","","Glossar — Begriff (Überschrift)","28","new",""
"tutorial.glossary.consume.match","tutorial","Konsument | Konsumenten | Hitze-Konsument","","KEINE Anzeige — Wortformen für die Auto-Fettung in Beschreibungen. Für EN neu pflegen (Flexionen!).","","new","wortformen"
"tutorial.glossary.consume.text","tutorial","Ein Skill, der eine angesammelte Ressource für einen starken Effekt verbraucht — Feuer verbrennt Hitze, Blitz verbraucht Ladung. Mehrere Feuer-Konsumenten wirken gleichzeitig; von den Blitz-Konsumenten immer nur einer, ein neuer ersetzt den alten.","","Glossar — Erklärung zu „Konsument""","","new",""
"tutorial.glossary.crit.label","tutorial","Crit","","Glossar — Begriff (Überschrift)","28","new",""
"tutorial.glossary.crit.match","tutorial","Crit | Crits | kritischer Treffer | kritischen Treffer","","KEINE Anzeige — Wortformen für die Auto-Fettung in Beschreibungen. Für EN neu pflegen (Flexionen!).","","new","wortformen"
"tutorial.glossary.crit.text","tutorial","Kritischer Treffer: der Sieg zählt mit dem Crit-Multiplikator (Basis ×2,25). Der Basis-Crit ist 0 — Crit-Chance kommt aus den Präzision-Familien und aus Blitz-Skills. Jeder Blitz-Skill hebt zudem den Crit-Multiplikator um +0,1×.","","Glossar — Erklärung zu „Crit""","","new",""
"tutorial.glossary.critwette.label","tutorial","Crit-Wette","","Glossar — Begriff (Überschrift)","28","new",""
"tutorial.glossary.critwette.match","tutorial","Crit-Wette | Wette | Wetten | Jackpot","","KEINE Anzeige — Wortformen für die Auto-Fettung in Beschreibungen. Für EN neu pflegen (Flexionen!).","","new","wortformen"
"tutorial.glossary.critwette.text","tutorial","Eine Wette auf den Crit: Sieg mit Crit zahlt den Jackpot, Sieg ohne Crit kostet Abzug (nie unter 0). Aufwerten hebt nur den Jackpot, nicht den Abzug (z. B. Losbude, Spielbank).","","Glossar — Erklärung zu „Crit-Wette""","","new",""
"tutorial.glossary.deck.label","tutorial","Deck","","Glossar — Begriff (Überschrift)","28","new",""
"tutorial.glossary.deck.match","tutorial","Deck","","KEINE Anzeige — Wortformen für die Auto-Fettung in Beschreibungen. Für EN neu pflegen (Flexionen!).","","new","wortformen"
"tutorial.glossary.deck.text","tutorial","40 Karten = 4 Farben × Werte 1–10. Dein Deck ist durch Perks/Architekt veränderbar; der Gegner mischt je Durchlauf neu.","","Glossar — Erklärung zu „Deck""","","new",""
"tutorial.glossary.deckpunkte.label","tutorial","Deckpunkte (DP)","","Glossar — Begriff (Überschrift)","28","new",""
"tutorial.glossary.deckpunkte.match","tutorial","Deckpunkt | Deckpunkte | DP","","KEINE Anzeige — Wortformen für die Auto-Fettung in Beschreibungen. Für EN neu pflegen (Flexionen!).","","new","wortformen"
"tutorial.glossary.deckpunkte.text","tutorial","Die Währung der Deck-Werkstatt — rein kosmetisch. Damit kaufst du Karten-/Spielfeld-Pakete und Effekte; auf das Gameplay wirken sie nicht.","","Glossar — Erklärung zu „Deckpunkte (DP)""","","new",""
"tutorial.glossary.direktscore.label","tutorial","Direkt-Score","","Glossar — Begriff (Überschrift)","28","new",""
"tutorial.glossary.direktscore.match","tutorial","Direkt-Score","","KEINE Anzeige — Wortformen für die Auto-Fettung in Beschreibungen. Für EN neu pflegen (Flexionen!).","","new","wortformen"
"tutorial.glossary.direktscore.text","tutorial","Score, der direkt zählt — ohne durch Serie, Crit oder Formation multipliziert zu werden. Wirkt flach und sofort, oft stark im frühen Spiel.","","Glossar — Erklärung zu „Direkt-Score""","","new",""
"tutorial.glossary.distrikt.label","tutorial","Nachbargebäude / Distrikt","","Glossar — Begriff (Überschrift)","28","new",""
"tutorial.glossary.distrikt.match","tutorial","Nachbargebäude | Distrikt | Distrikte","","KEINE Anzeige — Wortformen für die Auto-Fettung in Beschreibungen. Für EN neu pflegen (Flexionen!).","","new","wortformen"
"tutorial.glossary.distrikt.text","tutorial","Ein Gebäude, das orthogonal an ein anderes angrenzt. Distrikt-Baupläne (z. B. Zunftviertel, Marktplatz) zahlen je Nachbargebäude, bis zu einem Deckel — sie belohnen dichtes Bauen.","","Glossar — Erklärung zu „Nachbargebäude / Distrikt""","","new",""
"tutorial.glossary.durchlauf.label","tutorial","Durchlauf","","Glossar — Begriff (Überschrift)","28","new",""
"tutorial.glossary.durchlauf.match","tutorial","Durchlauf | Durchläufe | Durchlaufs | Durchläufen | Deck-Durchlauf","","KEINE Anzeige — Wortformen für die Auto-Fettung in Beschreibungen. Für EN neu pflegen (Flexionen!).","","new","wortformen"
"tutorial.glossary.durchlauf.text","tutorial","Alle 40 Karten des Decks einmal durchgespielt (40 Stiche). Danach mischt der Gegner neu und eine Entscheidung steht an.","","Glossar — Erklärung zu „Durchlauf""","","new",""
"tutorial.glossary.eisformation.label","tutorial","Gletscher-Formationen","","Glossar — Begriff (Überschrift)","28","new",""
"tutorial.glossary.eisformation.match","tutorial","Gletscher-Formationen | Gletscher-Formation | Eis-Formationen | Eis-Formation","","KEINE Anzeige — Wortformen für die Auto-Fettung in Beschreibungen. Für EN neu pflegen (Flexionen!).","","new","wortformen"
"tutorial.glossary.eisformation.text","tutorial","Eis ist das einzige Deck mit Gletscher-Formationen: geometrische Formen aus festgefrorenen Gletschern verstärken deren Bersten — Block = 2×2 (4 Gletscher, ×1,15), Kreuz = Zentrum + 4 Nachbarn (5, ×1,25), Linie = volle Reihe (5) oder Spalte (8) (×1,3), Große Fläche = 3×3 (9, ×1,5). Überlappende Formen stapeln.","","Glossar — Erklärung zu „Gletscher-Formationen""","","new",""
"tutorial.glossary.eternalSpring.label","tutorial","Ewiger Frühling","","Glossar — Begriff (Überschrift)","28","new",""
"tutorial.glossary.eternalSpring.match","tutorial","Ewiger Frühling","","KEINE Anzeige — Wortformen für die Auto-Fettung in Beschreibungen. Für EN neu pflegen (Flexionen!).","","new","wortformen"
"tutorial.glossary.eternalSpring.text","tutorial","Farbblock zählt Grün schon ab 2 Karten und Überwucherung schon ab 25 % Feld. Je größer dein ewig-grünes Feld, desto mehr Score zahlt jeder grüne Sieg direkt.","","Glossar — Erklärung zu „Ewiger Frühling""","","new",""
"tutorial.glossary.familie.label","tutorial","Familie","","Glossar — Begriff (Überschrift)","28","new",""
"tutorial.glossary.familie.match","tutorial","Familie | Familien","","KEINE Anzeige — Wortformen für die Auto-Fettung in Beschreibungen. Für EN neu pflegen (Flexionen!).","","new","wortformen"
"tutorial.glossary.familie.text","tutorial","Ein Perk oder Bau als aufwertbare Einheit mit bis zu vier Stufen (I–IV). Du wertest ihn Stufe für Stufe auf.","","Glossar — Erklärung zu „Familie""","","new",""
"tutorial.glossary.farballianz.label","tutorial","Farballianz","","Glossar — Begriff (Überschrift)","28","new",""
"tutorial.glossary.farballianz.match","tutorial","Farballianz | Allianz","","KEINE Anzeige — Wortformen für die Auto-Fettung in Beschreibungen. Für EN neu pflegen (Flexionen!).","","new","wortformen"
"tutorial.glossary.farballianz.text","tutorial","Von dir verbundene Farben zählen für Farbblöcke als dieselbe Farbe.","","Glossar — Erklärung zu „Farballianz""","","new",""
"tutorial.glossary.farbblock.label","tutorial","Farbblock","","Glossar — Begriff (Überschrift)","28","new",""
"tutorial.glossary.farbblock.match","tutorial","Farbblock | Farbblöcke | Farbblocks","","KEINE Anzeige — Wortformen für die Auto-Fettung in Beschreibungen. Für EN neu pflegen (Flexionen!).","","new","wortformen"
"tutorial.glossary.farbblock.text","tutorial","≥3 Karten gleicher Farbe. Ab der 3. ×1,35, je weitere +0,20.","","Glossar — Erklärung zu „Farbblock""","","new",""
"tutorial.glossary.farbe.label","tutorial","Farbe","","Glossar — Begriff (Überschrift)","28","new",""
"tutorial.glossary.farbe.match","tutorial","Farbe | Farben","","KEINE Anzeige — Wortformen für die Auto-Fettung in Beschreibungen. Für EN neu pflegen (Flexionen!).","","new","wortformen"
"tutorial.glossary.farbe.text","tutorial","Rot, Blau, Grün, Gelb. Relevant vor allem für Farbblock-Formationen.","","Glossar — Erklärung zu „Farbe""","","new",""
"tutorial.glossary.farbserie.label","tutorial","Farbserie","","Glossar — Begriff (Überschrift)","28","new",""
"tutorial.glossary.farbserie.match","tutorial","Farbserie | Farbserien","","KEINE Anzeige — Wortformen für die Auto-Fettung in Beschreibungen. Für EN neu pflegen (Flexionen!).","","new","wortformen"
"tutorial.glossary.farbserie.text","tutorial","Aufeinanderfolgende Siege derselben Kartenfarbe. Ein Farbwechsel oder eine Niederlage setzt sie zurück. Pflanzen-grüne Karten zählen dabei als Grün. Speist u. a. den Perk Monochrom und die Familie Farbrausch.","","Glossar — Erklärung zu „Farbserie""","","new",""
"tutorial.glossary.farbtransparenz.label","tutorial","Farbblock-Transparenz","","Glossar — Begriff (Überschrift)","28","new",""
"tutorial.glossary.farbtransparenz.match","tutorial","Farbblock-Transparenz","","KEINE Anzeige — Wortformen für die Auto-Fettung in Beschreibungen. Für EN neu pflegen (Flexionen!).","","new","wortformen"
"tutorial.glossary.farbtransparenz.text","tutorial","Eine so markierte Karte unterbricht einen Farbblock nicht: der Block läuft über sie hinweg, als wäre sie nicht da (sie selbst zählt aber nicht mit). Kommt vom Architekt-Gebäude Arkade.","","Glossar — Erklärung zu „Farbblock-Transparenz""","","new",""
"tutorial.glossary.forge.label","tutorial","Schmieden","","Glossar — Begriff (Überschrift)","28","new",""
"tutorial.glossary.forge.match","tutorial","Schmieden | geschmiedet | Schmiede | Ascheschmiede","","KEINE Anzeige — Wortformen für die Auto-Fettung in Beschreibungen. Für EN neu pflegen (Flexionen!).","","new","wortformen"
"tutorial.glossary.forge.text","tutorial","Asche wird zu dauerhaftem Kartenwert (Ascheschmiede: 20 Asche → +3 Wert auf die niedrigste Karte).","","Glossar — Erklärung zu „Schmieden""","","new",""
"tutorial.glossary.formation.label","tutorial","Formation","","Glossar — Begriff (Überschrift)","28","new",""
"tutorial.glossary.formation.match","tutorial","Formation | Formationen","","KEINE Anzeige — Wortformen für die Auto-Fettung in Beschreibungen. Für EN neu pflegen (Flexionen!).","","new","wortformen"
"tutorial.glossary.formation.text","tutorial","Ein erkanntes Muster benachbarter Karten in deiner Ziehreihenfolge (Wiederholung, Treppe, Farbblock, Wechsel). Ein Sieg in einer Formation zählt mit einem Formations-Faktor. Nicht zu verwechseln mit den Eis-Formationen, die aus Gletschern auf dem Brett entstehen.","","Glossar — Erklärung zu „Formation""","","new",""
"tutorial.glossary.formationskern.label","tutorial","Formationskern","","Glossar — Begriff (Überschrift)","28","new",""
"tutorial.glossary.formationskern.match","tutorial","Formationskern","","KEINE Anzeige — Wortformen für die Auto-Fettung in Beschreibungen. Für EN neu pflegen (Flexionen!).","","new","wortformen"
"tutorial.glossary.formationskern.text","tutorial","Ein von dir gewählter Formationstyp bekommt auf all seinen aktiven Formationen einen Zusatzfaktor.","","Glossar — Erklärung zu „Formationskern""","","new",""
"tutorial.glossary.formenergie.label","tutorial","Formations-Energie","","Glossar — Begriff (Überschrift)","28","new",""
"tutorial.glossary.formenergie.match","tutorial","Formations-Energie | Tausch | Tausche","","KEINE Anzeige — Wortformen für die Auto-Fettung in Beschreibungen. Für EN neu pflegen (Flexionen!).","","new","wortformen"
"tutorial.glossary.formenergie.text","tutorial","Das Tausch-Budget der Aufstellungsphase (4 je Phase). Jeder Tausch zweier Karten kostet 1.","","Glossar — Erklärung zu „Formations-Energie""","","new",""
"tutorial.glossary.freeze.label","tutorial","Firn-Boden","","Glossar — Begriff (Überschrift)","28","new",""
"tutorial.glossary.freeze.match","tutorial","Firn-Boden | Firn","","KEINE Anzeige — Wortformen für die Auto-Fettung in Beschreibungen. Für EN neu pflegen (Flexionen!).","","new","wortformen"
"tutorial.glossary.freeze.text","tutorial","Firn liegt als Reserve auf dem Brettfeld (Firn-Boden), getrennt von der Gletschermasse. Frierst du einen Gletscher auf ein aufgeladenes Feld, wird der angesammelte Firn zu seiner Reserve; der Gletscher startet leer und zieht daraus jeden Durchlauf wieder auf volle 12 Masse nach (nur die Differenz, nie darüber), bis die Reserve leer ist. Offenen Boden laden Dauerfrost, Schneetreiben und Eiszeit auf — nie unter einen Gletscher.","","Glossar — Erklärung zu „Firn-Boden""","","new",""
"tutorial.glossary.gebaeude.label","tutorial","Gebäude","","Glossar — Begriff (Überschrift)","28","new",""
"tutorial.glossary.gebaeude.match","tutorial","Gebäude","","KEINE Anzeige — Wortformen für die Auto-Fettung in Beschreibungen. Für EN neu pflegen (Flexionen!).","","new","wortformen"
"tutorial.glossary.gebaeude.text","tutorial","Ein platziertes Gebäude. Es bufft die Karte, die auf seiner Position im Stich steht — überlappt nie mit anderen.","","Glossar — Erklärung zu „Gebäude""","","new",""
"tutorial.glossary.geist.label","tutorial","Geist / Rekord","","Glossar — Begriff (Überschrift)","28","new",""
"tutorial.glossary.geist.match","tutorial","Geist | Rekord","","KEINE Anzeige — Wortformen für die Auto-Fettung in Beschreibungen. Für EN neu pflegen (Flexionen!).","","new","wortformen"
"tutorial.glossary.geist.text","tutorial","Dein gespeicherter Bestlauf als Vergleich — sein Score-Stand blitzt alle paar Stiche als Messlatte auf.","","Glossar — Erklärung zu „Geist / Rekord""","","new",""
"tutorial.glossary.glacier.label","tutorial","Gletscher","","Glossar — Begriff (Überschrift)","28","new",""
"tutorial.glossary.glacier.match","tutorial","Gletscher | Gletschern","","KEINE Anzeige — Wortformen für die Auto-Fettung in Beschreibungen. Für EN neu pflegen (Flexionen!).","","new","wortformen"
"tutorial.glossary.glacier.text","tutorial","Eis ist der Gletscher-Archetyp: du frierst eine Karte auf ihrem Brettfeld fest — ab dann ist sie starr (in keiner künftigen Aufstellung mehr verschiebbar), sammelt dafür aber Masse an. Genug Masse, und der Gletscher bricht über seine Nachbarn.","","Glossar — Erklärung zu „Gletscher""","","new",""
"tutorial.glossary.gleichstand.label","tutorial","Gleichstand","","Glossar — Begriff (Überschrift)","28","new",""
"tutorial.glossary.gleichstand.match","tutorial","Gleichstand","","KEINE Anzeige — Wortformen für die Auto-Fettung in Beschreibungen. Für EN neu pflegen (Flexionen!).","","new","wortformen"
"tutorial.glossary.gleichstand.text","tutorial","Gleiche Kampfwerte im Stich — normalerweise ohne Sieg (kein Score).","","Glossar — Erklärung zu „Gleichstand""","","new",""
"tutorial.glossary.glossar","tutorial","Glossar","","Glossar-Overlay (Rahmen) — src/ui/Glossary.jsx:93","","new",""
"tutorial.glossary.glossar-offnen","tutorial","Glossar öffnen","","Glossar-Overlay (Rahmen) — src/ui/Glossary.jsx:41","","new",""
"tutorial.glossary.glutdividende.label","tutorial","Glutdividende","","Glossar — Begriff (Überschrift)","28","new",""
"tutorial.glossary.glutdividende.match","tutorial","Glutdividende","","KEINE Anzeige — Wortformen für die Auto-Fettung in Beschreibungen. Für EN neu pflegen (Flexionen!).","","new","wortformen"
"tutorial.glossary.glutdividende.text","tutorial","Zusätzlicher Score bei jedem Feuer-Sieg, der direkt zählt (ohne Serie/Crit/Formation zu durchlaufen). Je mehr Hitze du hältst, desto mehr — bis zu einem Deckel. Stark im frühen Spiel.","","Glossar — Erklärung zu „Glutdividende""","","new",""
"tutorial.glossary.green.label","tutorial","Grün (reif)","","Glossar — Begriff (Überschrift)","28","new",""
"tutorial.glossary.green.match","tutorial","Grün | grüne | grünen | grüner | Reife | reif","","KEINE Anzeige — Wortformen für die Auto-Fettung in Beschreibungen. Für EN neu pflegen (Flexionen!).","","new","wortformen"
"tutorial.glossary.green.text","tutorial","Grüne Karten sind dauerhaft und bilden einen gemeinsamen Farbblock — je größer der Block, desto mehr Score. Der Farbblock-Multiplikator für grüne Karten wird auf max. ×1,35 gedeckelt.","","Glossar — Erklärung zu „Grün (reif)""","","new",""
"tutorial.glossary.grenzbonus.label","tutorial","Grenzbonus","","Glossar — Begriff (Überschrift)","28","new",""
"tutorial.glossary.grenzbonus.match","tutorial","Grenzbonus","","KEINE Anzeige — Wortformen für die Auto-Fettung in Beschreibungen. Für EN neu pflegen (Flexionen!).","","new","wortformen"
"tutorial.glossary.grenzbonus.text","tutorial","Läuft eine Formation über eine Segmentgrenze hinweg, geben ihre Karten zusätzlich ×1,25 Score. Kommt vom Perk Segmentarbeit (Stufe IV).","","Glossar — Erklärung zu „Grenzbonus""","","new",""
"tutorial.glossary.group.fire","tutorial","Feuer","","Glossar — Untergruppe (Archetypen)","14","new",""
"tutorial.glossary.group.gen","tutorial","Allgemein","","Glossar — Untergruppe (Archetypen)","14","new",""
"tutorial.glossary.group.ice","tutorial","Eis","","Glossar — Untergruppe (Archetypen)","14","new",""
"tutorial.glossary.group.lightning","tutorial","Blitz","","Glossar — Untergruppe (Archetypen)","14","new",""
"tutorial.glossary.group.plant","tutorial","Pflanze","","Glossar — Untergruppe (Archetypen)","14","new",""
"tutorial.glossary.growth.label","tutorial","Wachstum","","Glossar — Begriff (Überschrift)","28","new",""
"tutorial.glossary.growth.match","tutorial","Wachstum","","KEINE Anzeige — Wortformen für die Auto-Fettung in Beschreibungen. Für EN neu pflegen (Flexionen!).","","new","wortformen"
"tutorial.glossary.growth.text","tutorial","Eigene Karten wachsen bei Siegen (nur steigend) — umso schneller, je mehr Pflanze-Skills du hältst (volles Tempo ab 3 Skills, darunter anteilig). Ab 8 Wachstum wird eine Karte dauerhaft grün (reif); darunter ist sie ein Setzling.","","Glossar — Erklärung zu „Wachstum""","","new",""
"tutorial.glossary.heat.label","tutorial","Hitze","","Glossar — Begriff (Überschrift)","28","new",""
"tutorial.glossary.heat.match","tutorial","Hitze | Hitzeleiste","","KEINE Anzeige — Wortformen für die Auto-Fettung in Beschreibungen. Für EN neu pflegen (Flexionen!).","","new","wortformen"
"tutorial.glossary.heat.text","tutorial","Siege mit klarem Wertvorsprung heizen die Hitzeleiste (0–100 %) auf und geben Feuer-Score = (Vorsprung − 2) × 25 (+5 je weiterem Feuer-Skill). Großer Vorsprung zahlt weiter, ohne Deckel — mit abnehmendem Zuwachs; klare Niederlagen kühlen ab.","","Glossar — Erklärung zu „Hitze""","","new",""
"tutorial.glossary.ionize.label","tutorial","Ionisierung","","Glossar — Begriff (Überschrift)","28","new",""
"tutorial.glossary.ionize.match","tutorial","Ionisierung | ionisierte | ionisierten | ionisiert","","KEINE Anzeige — Wortformen für die Auto-Fettung in Beschreibungen. Für EN neu pflegen (Flexionen!).","","new","wortformen"
"tutorial.glossary.ionize.text","tutorial","Dauerhafte Kartenmarkierung: eine ionisierte Karte gibt bei Sieg +12 Score je Stapel und erhält danach +1 Stapel (max 5). Zusätzlich lädt das ionisierte Feld die Luft auf: jeder Ionisierungsstapel im Deck hebt die Crit-Chance JEDER Siegkarte um +2 % (feldweit, bis +18 %).","","Glossar — Erklärung zu „Ionisierung""","","new",""
"tutorial.glossary.joker.label","tutorial","Joker","","Glossar — Begriff (Überschrift)","28","new",""
"tutorial.glossary.joker.match","tutorial","Joker","","KEINE Anzeige — Wortformen für die Auto-Fettung in Beschreibungen. Für EN neu pflegen (Flexionen!).","","new","wortformen"
"tutorial.glossary.joker.text","tutorial","Eine Karte darf bei der Erkennung den benötigten Wert oder die Farbe annehmen. Bildet allein keine Formation.","","Glossar — Erklärung zu „Joker""","","new",""
"tutorial.glossary.kampfwert.label","tutorial","Kampfwert","","Glossar — Begriff (Überschrift)","28","new",""
"tutorial.glossary.kampfwert.match","tutorial","Kampfwert","","KEINE Anzeige — Wortformen für die Auto-Fettung in Beschreibungen. Für EN neu pflegen (Flexionen!).","","new","wortformen"
"tutorial.glossary.kampfwert.text","tutorial","Der effektive Wert einer Karte im Stich: Kartenwert plus alle Stichwert-Boni. Der höhere gewinnt.","","Glossar — Erklärung zu „Kampfwert""","","new",""
"tutorial.glossary.kartenwert.label","tutorial","Kartenwert","","Glossar — Begriff (Überschrift)","28","new",""
"tutorial.glossary.kartenwert.match","tutorial","Kartenwert | Dauerwert","","KEINE Anzeige — Wortformen für die Auto-Fettung in Beschreibungen. Für EN neu pflegen (Flexionen!).","","new","wortformen"
"tutorial.glossary.kartenwert.text","tutorial","Der bleibende Grundwert einer Karte — durch Perks, Schmieden, Schichten oder den Architekten dauerhaft veränderbar.","","Glossar — Erklärung zu „Kartenwert""","","new",""
"tutorial.glossary.kaskade.label","tutorial","Kaskade","","Glossar — Begriff (Überschrift)","28","new",""
"tutorial.glossary.kaskade.match","tutorial","Kaskade | Kaskaden","","KEINE Anzeige — Wortformen für die Auto-Fettung in Beschreibungen. Für EN neu pflegen (Flexionen!).","","new","wortformen"
"tutorial.glossary.kaskade.text","tutorial","Ein Ereignis zündet das nächste. Bei Blitz: ein Crit auf oder neben einer ionisierten Karte erzeugt zusätzliche Ladung. Bei Eis: ein berstender Gletscher reißt seine Nachbarn mit, sodass eine Bruchwelle durchs Cluster läuft.","","Glossar — Erklärung zu „Kaskade""","","new",""
"tutorial.glossary.kategorien.label","tutorial","Kategorien A–E","","Glossar — Begriff (Überschrift)","28","new",""
"tutorial.glossary.kategorien.match","tutorial","Kategorien","","KEINE Anzeige — Wortformen für die Auto-Fettung in Beschreibungen. Für EN neu pflegen (Flexionen!).","","new","wortformen"
"tutorial.glossary.kategorien.text","tutorial","Die fünf Perk-Sorten: A Deck · B Stich · C Rolle · D Score · E Form (Formationswerkzeuge).","","Glossar — Erklärung zu „Kategorien A–E""","","new",""
"tutorial.glossary.kicker.label","tutorial","Stufen-Kicker","","Glossar — Begriff (Überschrift)","28","new",""
"tutorial.glossary.kicker.match","tutorial","Stufen-Kicker | Kicker","","KEINE Anzeige — Wortformen für die Auto-Fettung in Beschreibungen. Für EN neu pflegen (Flexionen!).","","new","wortformen"
"tutorial.glossary.kicker.text","tutorial","Manche Gebäude schalten beim Aufwerten ab einer bestimmten Stufe einen zusätzlichen Effekt frei — nicht nur eine größere Zahl.","","Glossar — Erklärung zu „Stufen-Kicker""","","new",""
"tutorial.glossary.kosmetik.label","tutorial","Kosmetik / Deck","","Glossar — Begriff (Überschrift)","28","new",""
"tutorial.glossary.kosmetik.match","tutorial","Kosmetik","","KEINE Anzeige — Wortformen für die Auto-Fettung in Beschreibungen. Für EN neu pflegen (Flexionen!).","","new","wortformen"
"tutorial.glossary.kosmetik.text","tutorial","Rein kosmetische Freischaltungen (Kartenrücken, Spielfeld-Skins) ohne Gameplay-Effekt — z. B. Rang-Decks.","","Glossar — Erklärung zu „Kosmetik / Deck""","","new",""
"tutorial.glossary.lage.label","tutorial","Lage","","Glossar — Begriff (Überschrift)","28","new",""
"tutorial.glossary.lage.match","tutorial","Lage","","KEINE Anzeige — Wortformen für die Auto-Fettung in Beschreibungen. Für EN neu pflegen (Flexionen!).","","new","wortformen"
"tutorial.glossary.lage.text","tutorial","Manche Gebäude wirken nur in den frühen oder nur in den späten Segmenten des Bretts — die Platzierung entscheidet (z. B. Wehrgang, Vorwerk).","","Glossar — Erklärung zu „Lage""","","new",""
"tutorial.glossary.legendaer.label","tutorial","Legendär","","Glossar — Begriff (Überschrift)","28","new",""
"tutorial.glossary.legendaer.match","tutorial","Legendär | Legendäre | Legendärer | legendäres | legendären | Legendaries","","KEINE Anzeige — Wortformen für die Auto-Fettung in Beschreibungen. Für EN neu pflegen (Flexionen!).","","new","wortformen"
"tutorial.glossary.legendaer.text","tutorial","Ein mächtiger Effekt mit Nachteil, außerhalb des Stufen-Systems — eigener Wurf, goldener Rahmen, höchstens einer je Angebot.","","Glossar — Erklärung zu „Legendär""","","new",""
"tutorial.glossary.legskill.label","tutorial","Legendärer Skill","","Glossar — Begriff (Überschrift)","28","new",""
"tutorial.glossary.legskill.match","tutorial","Legendärer Skill | legendäre Skills","","KEINE Anzeige — Wortformen für die Auto-Fettung in Beschreibungen. Für EN neu pflegen (Flexionen!).","","new","wortformen"
"tutorial.glossary.legskill.text","tutorial","Eine seltene, besonders mächtige Skill-Stufe (mit ★ markiert). Legendäre Skills kommen ausschließlich aus der Legendär-Phase (Durchlauf 29) — welche Archetypen dort antreten, entscheidet der Upgrade-Baum.","","Glossar — Erklärung zu „Legendärer Skill""","","new",""
"tutorial.glossary.masse.label","tutorial","Masse","","Glossar — Begriff (Überschrift)","28","new",""
"tutorial.glossary.masse.match","tutorial","Masse","","KEINE Anzeige — Wortformen für die Auto-Fettung in Beschreibungen. Für EN neu pflegen (Flexionen!).","","new","wortformen"
"tutorial.glossary.masse.text","tutorial","Die Eis-Ressource: Masse liegt auf dem Brettfeld. Jeder Gletscher gewinnt jeden Durchlauf +1 Masse — bedingungslos, ob Sieg oder Niederlage; ein Sieg bringt +1 Masse zusätzlich.","","Glossar — Erklärung zu „Masse""","","new",""
"tutorial.glossary.nachhall.label","tutorial","Nachhall","","Glossar — Begriff (Überschrift)","28","new",""
"tutorial.glossary.nachhall.match","tutorial","Nachhall","","KEINE Anzeige — Wortformen für die Auto-Fettung in Beschreibungen. Für EN neu pflegen (Flexionen!).","","new","wortformen"
"tutorial.glossary.nachhall.text","tutorial","Endet eine Formation, überträgt sich ihr Formations-Faktor noch einmal auf die direkt nächste Karte — der Bonus wirkt nach.","","Glossar — Erklärung zu „Nachhall""","","new",""
"tutorial.glossary.opfergabe.label","tutorial","Opfergabe","","Glossar — Begriff (Überschrift)","28","new",""
"tutorial.glossary.opfergabe.match","tutorial","Opfergabe","","KEINE Anzeige — Wortformen für die Auto-Fettung in Beschreibungen. Für EN neu pflegen (Flexionen!).","","new","wortformen"
"tutorial.glossary.opfergabe.text","tutorial","Eine gewählte Karte verliert dauerhaft Wert, ihr direkter Nachfolger gewinnt ihn.","","Glossar — Erklärung zu „Opfergabe""","","new",""
"tutorial.glossary.overgrowth.label","tutorial","Überwucherung","","Glossar — Begriff (Überschrift)","28","new",""
"tutorial.glossary.overgrowth.match","tutorial","Überwucherung","","KEINE Anzeige — Wortformen für die Auto-Fettung in Beschreibungen. Für EN neu pflegen (Flexionen!).","","new","wortformen"
"tutorial.glossary.overgrowth.text","tutorial","Ist das Feld ≥66 % grün, werden alle Farbblöcke stärker (+0,2 Faktor) und Blüte zählt doppelt.","","Glossar — Erklärung zu „Überwucherung""","","new",""
"tutorial.glossary.perk.label","tutorial","Perk","","Glossar — Begriff (Überschrift)","28","new",""
"tutorial.glossary.perk.match","tutorial","Perk | Perks","","KEINE Anzeige — Wortformen für die Auto-Fettung in Beschreibungen. Für EN neu pflegen (Flexionen!).","","new","wortformen"
"tutorial.glossary.perk.text","tutorial","Ein wählbarer, dauerhafter Effekt. Jeder Perk ist pro Lauf nur einmal wählbar.","","Glossar — Erklärung zu „Perk""","","new",""
"tutorial.glossary.polyomino.label","tutorial","Polyomino / Form","","Glossar — Begriff (Überschrift)","28","new",""
"tutorial.glossary.polyomino.match","tutorial","Polyomino | Polyominoes","","KEINE Anzeige — Wortformen für die Auto-Fettung in Beschreibungen. Für EN neu pflegen (Flexionen!).","","new","wortformen"
"tutorial.glossary.polyomino.text","tutorial","Die Zellenform eines Gebäudes (Tetris-artig), in mehreren Drehlagen platzierbar.","","Glossar — Erklärung zu „Polyomino / Form""","","new",""
"tutorial.glossary.position.label","tutorial","Position","","Glossar — Begriff (Überschrift)","28","new",""
"tutorial.glossary.position.match","tutorial","Position | Positionen | Segmentposition | Segmentpositionen","","KEINE Anzeige — Wortformen für die Auto-Fettung in Beschreibungen. Für EN neu pflegen (Flexionen!).","","new","wortformen"
"tutorial.glossary.position.text","tutorial","Der feste Platz einer Karte in der Ziehreihenfolge (1–40). Viele Perks, Anker und Gebäude hängen an der Position, nicht an der Karte — wer dort liegt, bekommt den Effekt. Nicht zu verwechseln mit dem Stich-Zähler, der nur sagt, wie weit der Durchlauf ist.","","Glossar — Erklärung zu „Position""","","new",""
"tutorial.glossary.praez_aim.label","tutorial","Zielsicherheit","","Glossar — Begriff (Überschrift)","28","new",""
"tutorial.glossary.praez_aim.match","tutorial","Zielsicherheit","","KEINE Anzeige — Wortformen für die Auto-Fettung in Beschreibungen. Für EN neu pflegen (Flexionen!).","","new","wortformen"
"tutorial.glossary.praez_aim.text","tutorial","+15 % Crit-Chance auf hohe Karten; die Schwelle weitet sich je Stufe (Wert ≥ 9/8/7/6).","","Glossar — Erklärung zu „Zielsicherheit""","","new",""
"tutorial.glossary.praez_color.label","tutorial","Farbfokus","","Glossar — Begriff (Überschrift)","28","new",""
"tutorial.glossary.praez_color.match","tutorial","Farbfokus","","KEINE Anzeige — Wortformen für die Auto-Fettung in Beschreibungen. Für EN neu pflegen (Flexionen!).","","new","wortformen"
"tutorial.glossary.praez_color.text","tutorial","Wähle eine Farbe → +Crit-Chance auf diese Farbe (10/14/18 %); Stufe IV gibt stattdessen eine ZWEITE wählbare Farbe (beide +18 %).","","Glossar — Erklärung zu „Farbfokus""","","new",""
"tutorial.glossary.praez_force.label","tutorial","Wucht","","Glossar — Begriff (Überschrift)","28","new",""
"tutorial.glossary.praez_force.match","tutorial","Wucht | Crit-Multiplikator","","KEINE Anzeige — Wortformen für die Auto-Fettung in Beschreibungen. Für EN neu pflegen (Flexionen!).","","new","wortformen"
"tutorial.glossary.praez_force.text","tutorial","+Crit-Multiplikator auf Basis 2,25× (+0,25/0,4/0,6/0,9× je Stufe).","","Glossar — Erklärung zu „Wucht""","","new",""
"tutorial.glossary.praez_intro.label","tutorial","Präzision","","Glossar — Begriff (Überschrift)","28","new",""
"tutorial.glossary.praez_intro.match","tutorial","Präzision","","KEINE Anzeige — Wortformen für die Auto-Fettung in Beschreibungen. Für EN neu pflegen (Flexionen!).","","new","wortformen"
"tutorial.glossary.praez_intro.text","tutorial","Crit als Perk-Kategorie. Der Basis-Crit ist 0 — für Nicht-Blitz-Builds kommt Crit-Chance/-Schaden aus den fünf RNG-gegateten Präzision-Familien (kein Legendär). Blitz bleibt der verlässliche, selbst-generierte Crit-Archetyp; Präzision ist additiv obendrauf.","","Glossar — Erklärung zu „Präzision""","","new",""
"tutorial.glossary.praez_lens.label","tutorial","Brennglas","","Glossar — Begriff (Überschrift)","28","new",""
"tutorial.glossary.praez_lens.match","tutorial","Brennglas","","KEINE Anzeige — Wortformen für die Auto-Fettung in Beschreibungen. Für EN neu pflegen (Flexionen!).","","new","wortformen"
"tutorial.glossary.praez_lens.text","tutorial","+Crit-Chance je gleichzeitiger Formation ab der zweiten an der Siegposition (6/8/10/13 % je Formation, max 3 extra). Belohnt Formations-Tiefe.","","Glossar — Erklärung zu „Brennglas""","","new",""
"tutorial.glossary.praez_sharp.label","tutorial","Schärfe","","Glossar — Begriff (Überschrift)","28","new",""
"tutorial.glossary.praez_sharp.match","tutorial","Schärfe | Crit-Chance","","KEINE Anzeige — Wortformen für die Auto-Fettung in Beschreibungen. Für EN neu pflegen (Flexionen!).","","new","wortformen"
"tutorial.glossary.praez_sharp.text","tutorial","Flat +Crit-Chance auf alle Karten (6/9/12/15 % je Stufe). Der Grund-Crit-Motor.","","Glossar — Erklärung zu „Schärfe""","","new",""
"tutorial.glossary.rankedrun.label","tutorial","Ranglisten-Lauf","","Glossar — Begriff (Überschrift)","28","new",""
"tutorial.glossary.rankedrun.match","tutorial","Ranglisten-Lauf | Ranglisten-Läufe | Wochen-Rangliste","","KEINE Anzeige — Wortformen für die Auto-Fettung in Beschreibungen. Für EN neu pflegen (Flexionen!).","","new","wortformen"
"tutorial.glossary.rankedrun.text","tutorial","Der wöchentliche Wettbewerbs-Modus: alle spielen denselben Seed unter derselben, baum-unabhängigen Baseline. Nur abgeschlossene Läufe zählen; am Wochenende wandert Platz 1 ins Challenger-Archiv.","","Glossar — Erklärung zu „Ranglisten-Lauf""","","new",""
"tutorial.glossary.raritaet.label","tutorial","Rarität","","Glossar — Begriff (Überschrift)","28","new",""
"tutorial.glossary.raritaet.match","tutorial","Rarität | Raritäten","","KEINE Anzeige — Wortformen für die Auto-Fettung in Beschreibungen. Für EN neu pflegen (Flexionen!).","","new","wortformen"
"tutorial.glossary.raritaet.text","tutorial","Normal · Selten · Sehr selten · Rar — die vier Familien-Stufen, farblich markiert.","","Glossar — Erklärung zu „Rarität""","","new",""
"tutorial.glossary.reroll.label","tutorial","Neuwurf (Reroll)","","Glossar — Begriff (Überschrift)","28","new",""
"tutorial.glossary.reroll.match","tutorial","Neuwurf | Neuwürfe | Reroll | Rerolls","","KEINE Anzeige — Wortformen für die Auto-Fettung in Beschreibungen. Für EN neu pflegen (Flexionen!).","","new","wortformen"
"tutorial.glossary.reroll.text","tutorial","Würfelt ein Angebot komplett neu. Drei getrennte Vorräte je Lauf — Perks · Gebäude · Skills, nicht untereinander teilbar, kein Nachschub. Der Upgrade-Baum hebt sie; im Ranglisten-Lauf sind es fest 2 je Vorrat.","","Glossar — Erklärung zu „Neuwurf (Reroll)""","","new",""
"tutorial.glossary.schliessen","tutorial","Schließen","","Glossar-Overlay (Rahmen) — src/ui/Glossary.jsx:105","","new",""
"tutorial.glossary.scoreherkunft.label","tutorial","Score-Herkunft","","Glossar — Begriff (Überschrift)","28","new",""
"tutorial.glossary.scoreherkunft.match","tutorial","Score-Herkunft","","KEINE Anzeige — Wortformen für die Auto-Fettung in Beschreibungen. Für EN neu pflegen (Flexionen!).","","new","wortformen"
"tutorial.glossary.scoreherkunft.text","tutorial","Aufteilung deines Scores auf Formationen / Crits / Übrige — zeigt, woher dein Build seinen Score zieht.","","Glossar — Erklärung zu „Score-Herkunft""","","new",""
"tutorial.glossary.segment.label","tutorial","Segment","","Glossar — Begriff (Überschrift)","28","new",""
"tutorial.glossary.segment.match","tutorial","Segment | Segmente | Segments | Segmentgrenze | Segmentgrenzen","","KEINE Anzeige — Wortformen für die Auto-Fettung in Beschreibungen. Für EN neu pflegen (Flexionen!).","","new","wortformen"
"tutorial.glossary.segment.text","tutorial","Ein Block aus 5 Positionen. Basis-Formationen sind segmentgebunden — ein Lauf endet an jeder Segmentgrenze.","","Glossar — Erklärung zu „Segment""","","new",""
"tutorial.glossary.serienpunkt.label","tutorial","Serienpunkt","","Glossar — Begriff (Überschrift)","28","new",""
"tutorial.glossary.serienpunkt.match","tutorial","Serienpunkt | Serienpunkte | Serienpunkten","","KEINE Anzeige — Wortformen für die Auto-Fettung in Beschreibungen. Für EN neu pflegen (Flexionen!).","","new","wortformen"
"tutorial.glossary.serienpunkt.text","tutorial","Die Zähleinheit der Siegesserie: jeder Sieg in Folge ist ein Serienpunkt. Effekte, die „je Serienpunkt“ zahlen, skalieren also mit der Länge deiner aktuellen Serie.","","Glossar — Erklärung zu „Serienpunkt""","","new",""
"tutorial.glossary.setzling.label","tutorial","Setzling","","Glossar — Begriff (Überschrift)","28","new",""
"tutorial.glossary.setzling.match","tutorial","Setzling | Setzlinge | Setzlingen","","KEINE Anzeige — Wortformen für die Auto-Fettung in Beschreibungen. Für EN neu pflegen (Flexionen!).","","new","wortformen"
"tutorial.glossary.setzling.text","tutorial","Eine Karte, die schon wächst, aber noch nicht reif ist (Wachstum unter 8). Ein Setzling zählt noch NICHT zum grünen Farbblock — erst ab 8 Wachstum wird er grün (reif). Setzlingsbeet gibt der niedrigsten Karte je Segment +3 Wachstum Vorsprung.","","Glossar — Erklärung zu „Setzling""","","new",""
"tutorial.glossary.skillrunde.label","tutorial","Skill-Durchlauf","","Glossar — Begriff (Überschrift)","28","new",""
"tutorial.glossary.skillrunde.match","tutorial","Skill-Durchlauf | Skill-Durchläufe","","KEINE Anzeige — Wortformen für die Auto-Fettung in Beschreibungen. Für EN neu pflegen (Flexionen!).","","new","wortformen"
"tutorial.glossary.skillrunde.text","tutorial","Zu festen Zeitpunkten im Lauf (erstmals Durchlauf 1) wählst du Skills statt eines Perks — 12 Skills zur Auswahl, alle 4 Archetypen dabei.","","Glossar — Erklärung zu „Skill-Durchlauf""","","new",""
"tutorial.glossary.skillslot.label","tutorial","Skill-Slot","","Glossar — Begriff (Überschrift)","28","new",""
"tutorial.glossary.skillslot.match","tutorial","Skill-Slot | Skill-Slots | Slots","","KEINE Anzeige — Wortformen für die Auto-Fettung in Beschreibungen. Für EN neu pflegen (Flexionen!).","","new","wortformen"
"tutorial.glossary.skillslot.text","tutorial","Du hältst höchstens 6 Skills gleichzeitig. Ist der Vorrat voll, ersetzt ein neuer einen alten. Der legendäre Skill aus der Legendär-Phase belegt einen zusätzlichen, festen Slot.","","Glossar — Erklärung zu „Skill-Slot""","","new",""
"tutorial.glossary.staffel.label","tutorial","Staffel","","Glossar — Begriff (Überschrift)","28","new",""
"tutorial.glossary.staffel.match","tutorial","Staffel | Staffeln","","KEINE Anzeige — Wortformen für die Auto-Fettung in Beschreibungen. Für EN neu pflegen (Flexionen!).","","new","wortformen"
"tutorial.glossary.staffel.text","tutorial","Ein Gebäude reicht seinen Score an das Nachbarfeld weiter — der Effekt wirkt versetzt, nicht auf der eigenen Zelle (z. B. Laufgang, Leuchtturm).","","Glossar — Erklärung zu „Staffel""","","new",""
"tutorial.glossary.stapel.label","tutorial","Stapel (Ionisierung)","","Glossar — Begriff (Überschrift)","28","new",""
"tutorial.glossary.stapel.match","tutorial","Ionisierungsstapel | Ionisierungsstapeln | Stapel | Stapeln","","KEINE Anzeige — Wortformen für die Auto-Fettung in Beschreibungen. Für EN neu pflegen (Flexionen!).","","new","wortformen"
"tutorial.glossary.stapel.text","tutorial","Eine Ionisierungs-Aufladung auf einer einzelnen Karte (höchstens 5 je Karte). Jeder Stapel gibt bei Sieg mit der Karte +12 Score und hebt zusätzlich feldweit die Crit-Chance (siehe Ionisierung). Eine Karte mit 5 Stapeln ist voll ionisiert und schaltet Sondereffekte frei (u. a. Kurzschluss, Durchschlag).","","Glossar — Erklärung zu „Stapel (Ionisierung)""","","new",""
"tutorial.glossary.statshub.label","tutorial","Statistik-Hub","","Glossar — Begriff (Überschrift)","28","new",""
"tutorial.glossary.statshub.match","tutorial","Statistik-Hub | Statistiken","","KEINE Anzeige — Wortformen für die Auto-Fettung in Beschreibungen. Für EN neu pflegen (Flexionen!).","","new","wortformen"
"tutorial.glossary.statshub.text","tutorial","Aggregierte Statistiken deiner Läufe: Bestscore, Ø-Score, beste Serie, Archetyp-Nutzung u. a.","","Glossar — Erklärung zu „Statistik-Hub""","","new",""
"tutorial.glossary.stich.label","tutorial","Stich","","Glossar — Begriff (Überschrift)","28","new",""
"tutorial.glossary.stich.match","tutorial","Stich | Stiche","","KEINE Anzeige — Wortformen für die Auto-Fettung in Beschreibungen. Für EN neu pflegen (Flexionen!).","","new","wortformen"
"tutorial.glossary.stich.text","tutorial","Ein einzelnes Kartenduell — deine Karte gegen die Gegnerkarte; der höhere Kampfwert gewinnt.","","Glossar — Erklärung zu „Stich""","","new",""
"tutorial.glossary.stichpunkte.label","tutorial","Stichpunkte (SP)","","Glossar — Begriff (Überschrift)","28","new",""
"tutorial.glossary.stichpunkte.match","tutorial","Stichpunkt | Stichpunkte | SP","","KEINE Anzeige — Wortformen für die Auto-Fettung in Beschreibungen. Für EN neu pflegen (Flexionen!).","","new","wortformen"
"tutorial.glossary.stichpunkte.text","tutorial","Die Währung des Upgrade-Baums. Du verdienst sie laufübergreifend und gibst sie für Knoten aus, die deine künftigen Läufe dauerhaft stärken.","","Glossar — Erklärung zu „Stichpunkte (SP)""","","new",""
"tutorial.glossary.stichwert.label","tutorial","Stichwert","","Glossar — Begriff (Überschrift)","28","new",""
"tutorial.glossary.stichwert.match","tutorial","Stichwert | temporärer Wert | temp Wert","","KEINE Anzeige — Wortformen für die Auto-Fettung in Beschreibungen. Für EN neu pflegen (Flexionen!).","","new","wortformen"
"tutorial.glossary.stichwert.text","tutorial","Ein Wertbonus nur für den aktuellen Stich (verfällt danach wieder). Zusammen mit dem Kartenwert ergibt er den Kampfwert.","","Glossar — Erklärung zu „Stichwert""","","new",""
"tutorial.glossary.streak.label","tutorial","Siegesserie (Serie)","","Glossar — Begriff (Überschrift)","28","new",""
"tutorial.glossary.streak.match","tutorial","Siegesserie | Serie | Serien","","KEINE Anzeige — Wortformen für die Auto-Fettung in Beschreibungen. Für EN neu pflegen (Flexionen!).","","new","wortformen"
"tutorial.glossary.streak.text","tutorial","Siege in Folge (Siegesserie). Der Serien-Multiplikator und viele Skills wachsen mit ihr; eine Niederlage setzt sie zurück.","","Glossar — Erklärung zu „Siegesserie (Serie)""","","new",""
"tutorial.glossary.struktur.label","tutorial","Struktur","","Glossar — Begriff (Überschrift)","28","new",""
"tutorial.glossary.struktur.match","tutorial","Struktur-Boni | vollendete Struktur | vollendeter Struktur | vollendete Strukturen | Struktur | Strukturen | Struktur-Kombi","","KEINE Anzeige — Wortformen für die Auto-Fettung in Beschreibungen. Für EN neu pflegen (Flexionen!).","","new","wortformen"
"tutorial.glossary.struktur.text","tutorial","Eine vollständig bebaute Zeile, Spalte oder Diagonale (eine vollendete Struktur) gibt einen Multiplikator; sie stapeln multiplikativ. Manche Gebäude (Speicherstadt, Sternwarte) zahlen zusätzlich je vollendeter Struktur. Zusammen mit den Distrikt-Faktoren ergibt das den Gebäude-Boost, den die Bauphase oben anzeigt.","","Glossar — Erklärung zu „Struktur""","","new",""
"tutorial.glossary.stufe.label","tutorial","Stufe I–IV","","Glossar — Begriff (Überschrift)","28","new",""
"tutorial.glossary.stufe.match","tutorial","Stufe | Stufen","","KEINE Anzeige — Wortformen für die Auto-Fettung in Beschreibungen. Für EN neu pflegen (Flexionen!).","","new","wortformen"
"tutorial.glossary.stufe.text","tutorial","Der Rang einer Familie. Höhere Stufen sind stärker und werden seltener angeboten; Stufe IV schließt die Familie ab.","","Glossar — Erklärung zu „Stufe I–IV""","","new",""
"tutorial.glossary.suchen-z-b-nachhall-schichten-hitze","tutorial","Suchen … z. B. Nachhall, Schichten, Hitze","","Glossar-Overlay (Rahmen) — src/ui/Glossary.jsx:111","","new",""
"tutorial.glossary.treppe.label","tutorial","Treppe","","Glossar — Begriff (Überschrift)","28","new",""
"tutorial.glossary.treppe.match","tutorial","Treppe | Treppen","","KEINE Anzeige — Wortformen für die Auto-Fettung in Beschreibungen. Für EN neu pflegen (Flexionen!).","","new","wortformen"
"tutorial.glossary.treppe.text","tutorial","≥3 streng steigende Werte (Schritt ≤4). Ab der 3. ×1,35, je weitere +0,20.","","Glossar — Erklärung zu „Treppe""","","new",""
"tutorial.glossary.trimmen.label","tutorial","Trimmen","","Glossar — Begriff (Überschrift)","28","new",""
"tutorial.glossary.trimmen.match","tutorial","Trimmen | Trimmung | Trimmungen | getrimmt","","KEINE Anzeige — Wortformen für die Auto-Fettung in Beschreibungen. Für EN neu pflegen (Flexionen!).","","new","wortformen"
"tutorial.glossary.trimmen.text","tutorial","Der Wendepunkt vom Wachsen zum Ernten: ersetzt du einen Wachstums-Skill (Aussaat, Flugsamen, Setzlingsbeet, Zäher Halm, Ausläufer, Rhizom), zählt das als Trimmung → dauerhaft +20 % Wurzel- & Blüten-Score, je mehr Trimmungen desto höher (bis +150 %). Die Wachstums-Skills sterben so nicht, sie veredeln die Ernte.","","Glossar — Erklärung zu „Trimmen""","","new",""
"tutorial.glossary.ueberlappung.label","tutorial","Überlappung","","Glossar — Begriff (Überschrift)","28","new",""
"tutorial.glossary.ueberlappung.match","tutorial","Überlappung","","KEINE Anzeige — Wortformen für die Auto-Fettung in Beschreibungen. Für EN neu pflegen (Flexionen!).","","new","wortformen"
"tutorial.glossary.ueberlappung.text","tutorial","Steckt eine Karte in mehreren Formationen, wird ihr Faktor zusätzlich multipliziert: 2 → ×1,5 · 3 → ×2 · 4 → ×3.","","Glossar — Erklärung zu „Überlappung""","","new",""
"tutorial.glossary.ueberlauf.label","tutorial","Überlauf","","Glossar — Begriff (Überschrift)","28","new",""
"tutorial.glossary.ueberlauf.match","tutorial","Überlauf | Überlauf-Wachstum","","KEINE Anzeige — Wortformen für die Auto-Fettung in Beschreibungen. Für EN neu pflegen (Flexionen!).","","new","wortformen"
"tutorial.glossary.ueberlauf.text","tutorial","Sammelt eine Karte mehr an, als ihr normaler Nutzen verwertet — Wachstum über dem Wert-Deckel 11, Hitze über 100 % —, sonst wäre er verschwendet. Feuer (Weißglut) zahlt daraus einen kleinen generischen Direkt-Score; die Legendären (Weltenbaum/Mutterbaum) verwandeln den großen Rest.","","Glossar — Erklärung zu „Überlauf""","","new",""
"tutorial.glossary.upgradebaum.label","tutorial","Upgrade-Baum","","Glossar — Begriff (Überschrift)","28","new",""
"tutorial.glossary.upgradebaum.match","tutorial","Upgrade-Baum | Upgrades","","KEINE Anzeige — Wortformen für die Auto-Fettung in Beschreibungen. Für EN neu pflegen (Flexionen!).","","new","wortformen"
"tutorial.glossary.upgradebaum.text","tutorial","Der laufübergreifende Fortschritt: Für Stichpunkte kaufst du Knoten, die neue Archetypen, höhere Raritäten, mehr Baufeld, mehr Formations-Energie, bessere Drop-Raten und die Legendär-Phasen freischalten. Im Ranglisten-Lauf hat er keine Wirkung.","","Glossar — Erklärung zu „Upgrade-Baum""","","new",""
"tutorial.glossary.upgradetyp.label","tutorial","Aufwertungs-Typen","","Glossar — Begriff (Überschrift)","28","new",""
"tutorial.glossary.upgradetyp.match","tutorial","Regelersetzung | Kumulativ","","KEINE Anzeige — Wortformen für die Auto-Fettung in Beschreibungen. Für EN neu pflegen (Flexionen!).","","new","wortformen"
"tutorial.glossary.upgradetyp.text","tutorial","Wie eine Familie beim Aufwerten wirkt: Regelersetzung (nur höchste Stufe zählt) · Kumulativ (jede Stufe wirkt einmalig) · Rolle (Ziel behält Rolle, Zahlen steigen).","","Glossar — Erklärung zu „Aufwertungs-Typen""","","new",""
"tutorial.glossary.versetzen.label","tutorial","Versetzen","","Glossar — Begriff (Überschrift)","28","new",""
"tutorial.glossary.versetzen.match","tutorial","Versetzen","","KEINE Anzeige — Wortformen für die Auto-Fettung in Beschreibungen. Für EN neu pflegen (Flexionen!).","","new","wortformen"
"tutorial.glossary.versetzen.text","tutorial","Ein bestehendes Gebäude auf dem Brett verschieben oder drehen (eigene Phase nach dem Bauen).","","Glossar — Erklärung zu „Versetzen""","","new",""
"tutorial.glossary.wechsel.label","tutorial","Wechsel","","Glossar — Begriff (Überschrift)","28","new",""
"tutorial.glossary.wechsel.match","tutorial","Wechsel","","KEINE Anzeige — Wortformen für die Auto-Fettung in Beschreibungen. Für EN neu pflegen (Flexionen!).","","new","wortformen"
"tutorial.glossary.wechsel.text","tutorial","≥3 im Zick-Zack (Nachbardifferenz ≥4). Ab der 3. ×1,40, je weitere +0,20.","","Glossar — Erklärung zu „Wechsel""","","new",""
"tutorial.glossary.weekmod.label","tutorial","Wochen-Modifikator","","Glossar — Begriff (Überschrift)","28","new",""
"tutorial.glossary.weekmod.match","tutorial","Wochen-Modifikator | Wochen-Modifikatoren | Modifikator | Modifikatoren","","KEINE Anzeige — Wortformen für die Auto-Fettung in Beschreibungen. Für EN neu pflegen (Flexionen!).","","new","wortformen"
"tutorial.glossary.weekmod.text","tutorial","Drei bis fünf Regeländerungen, die jede Woche neu gewürfelt werden und für alle gleich gelten (mindestens zwei positive, mindestens eine negative). Sie hängen am Wochen-Seed, nicht an deinem Profil.","","Glossar — Erklärung zu „Wochen-Modifikator""","","new",""
"tutorial.glossary.wertvorsprung.label","tutorial","Wertvorsprung","","Glossar — Begriff (Überschrift)","28","new",""
"tutorial.glossary.wertvorsprung.match","tutorial","Wertvorsprung | Vorsprung | Wertabstand","","KEINE Anzeige — Wortformen für die Auto-Fettung in Beschreibungen. Für EN neu pflegen (Flexionen!).","","new","wortformen"
"tutorial.glossary.wertvorsprung.text","tutorial","Der Abstand zwischen deinem Kampfwert und dem der Gegnerkarte. Nicht ob du gewinnst zählt für Feuer, sondern wie klar: Hitze und Feuer-Score wachsen mit dem Vorsprung.","","Glossar — Erklärung zu „Wertvorsprung""","","new",""
"tutorial.glossary.whiteheat.label","tutorial","Weißglut","","Glossar — Begriff (Überschrift)","28","new",""
"tutorial.glossary.whiteheat.match","tutorial","Weißglut","","KEINE Anzeige — Wortformen für die Auto-Fettung in Beschreibungen. Für EN neu pflegen (Flexionen!).","","new","wortformen"
"tutorial.glossary.whiteheat.text","tutorial","Der Hitze-Überlauf: Ist die Hitzeleiste voll, wird jeder weitere Hitzegewinn sofort zu Score (+10 Score je überlaufendem Hitzepunkt). Braucht den Skill Weißglut.","","Glossar — Erklärung zu „Weißglut""","","new",""
"tutorial.glossary.wiederholung.label","tutorial","Wiederholung","","Glossar — Begriff (Überschrift)","28","new",""
"tutorial.glossary.wiederholung.match","tutorial","Wiederholung | Wiederholungen","","KEINE Anzeige — Wortformen für die Auto-Fettung in Beschreibungen. Für EN neu pflegen (Flexionen!).","","new","wortformen"
"tutorial.glossary.wiederholung.text","tutorial","≥2 gleiche Werte nebeneinander. 2. Karte ×1,25, 3. ×1,50, 4. ×1,80, danach je +0,40.","","Glossar — Erklärung zu „Wiederholung""","","new",""
"tutorial.glossary.wurzeln.label","tutorial","Wurzeln","","Glossar — Begriff (Überschrift)","28","new",""
"tutorial.glossary.wurzeln.match","tutorial","Wurzeln | Wurzel-Score | Wurzeln-Score","","KEINE Anzeige — Wortformen für die Auto-Fettung in Beschreibungen. Für EN neu pflegen (Flexionen!).","","new","wortformen"
"tutorial.glossary.wurzeln.text","tutorial","Solange du nur Pflanzen-Skills hältst, machen grüne Siege die Karte wertvoller: je 4 Wachstum +1 Kartenwert (bis 11), ab 4 Skills auch bei jeder 2. Niederlage. Das Wachstum bleibt dabei erhalten und zählt weiter für Wurzel-Score und die Legendären.","","Glossar — Erklärung zu „Wurzeln""","","new",""
"tutorial.glossary.ziehreihenfolge.label","tutorial","Ziehreihenfolge","","Glossar — Begriff (Überschrift)","28","new",""
"tutorial.glossary.ziehreihenfolge.match","tutorial","Ziehreihenfolge | Kartenreihenfolge","","KEINE Anzeige — Wortformen für die Auto-Fettung in Beschreibungen. Für EN neu pflegen (Flexionen!).","","new","wortformen"
"tutorial.glossary.ziehreihenfolge.text","tutorial","Die feste Reihenfolge, in der deine Karten gespielt werden — bleibt über Durchläufe stabil (nur der Gegner mischt).","","Glossar — Erklärung zu „Ziehreihenfolge""","","new",""
"tutorial.guide.fire.kernidee","tutorial","Feuer belohnt nicht bloßes Gewinnen, sondern **überlegenes** Gewinnen. Je größer dein **Wertvorsprung**, desto heißer die Leiste — und desto härter schlägt jeder Sieg zu. Der Archetyp der brachialen Dominanz.","","Leitfaden Feuer — Kernidee (Fett-Markup **so**)","","new",""
"tutorial.guide.fire.loop.center1","tutorial","FEUERWALZE","","Leitfaden Feuer — Kreislauf-Mitte, Zeile 1","14","new",""
"tutorial.guide.fire.loop.center2","tutorial","rollt weiter","","Leitfaden Feuer — Kreislauf-Mitte, Zeile 2","14","new",""
"tutorial.guide.fire.loop.node1","tutorial","Vorsprung","","Leitfaden Feuer — Kreislauf-Knoten 1 (Diagramm, sehr kurz)","14","new",""
"tutorial.guide.fire.loop.node2","tutorial","Hitze ↑","","Leitfaden Feuer — Kreislauf-Knoten 2 (Diagramm, sehr kurz)","14","new",""
"tutorial.guide.fire.loop.node3","tutorial","Karten ↑","","Leitfaden Feuer — Kreislauf-Knoten 3 (Diagramm, sehr kurz)","14","new",""
"tutorial.guide.fire.loop.node4","tutorial","Boni","","Leitfaden Feuer — Kreislauf-Knoten 4 (Diagramm, sehr kurz)","14","new",""
"tutorial.guide.fire.loop.step1","tutorial","Gewinne mit **großem Vorsprung** → viel **Hitze** und sofort direkten Score (er zählt flach, ohne Umwege).","","Leitfaden Feuer — Kreislauf-Schritt 1 (Fett-Markup **so**)","","new",""
"tutorial.guide.fire.loop.step2","tutorial","Gehaltene Hitze zahlt zusätzlich bei jedem Sieg die **Glutdividende** — Feuers Motor, der immer läuft.","","Leitfaden Feuer — Kreislauf-Schritt 2 (Fett-Markup **so**)","","new",""
"tutorial.guide.fire.loop.step3","tutorial","Mit Glühender Klinge schaltet hohe Hitze **Schwellen-Boni** frei → deine Karten bekommen Stichwert → du gewinnst noch klarer.","","Leitfaden Feuer — Kreislauf-Schritt 3 (Fett-Markup **so**)","","new",""
"tutorial.guide.fire.loop.step4","tutorial","Parallel: **Brände** schwächen Gegnerkarten und füllen die **Schmiede** → deine Karten werden dauerhaft stärker, die Margen wachsen mit.","","Leitfaden Feuer — Kreislauf-Schritt 4 (Fett-Markup **so**)","","new",""
"tutorial.guide.fire.loop.valve","tutorial","Ist die Leiste **voll**, verfällt weiterer Hitzegewinn — es sei denn, du hältst den Skill **Weißglut**: dann läuft jeder weitere Punkt direkt in Score über. Und wann immer du willst, schüttest du die gesammelte Hitze aus: als einen großen Schlag oder als steten Tropf.","","Leitfaden Feuer — „Ventil""-Absatz (Überlauf-Regel)","","new",""
"tutorial.guide.fire.pillar1.name","tutorial","Wertvorsprung","","Leitfaden Feuer — Säule 1: Name","18","new",""
"tutorial.guide.fire.pillar1.sub","tutorial","· die Marge","","Leitfaden Feuer — Säule 1: Zusatz","12","new",""
"tutorial.guide.fire.pillar1.text","tutorial","Feuers eigentliche Währung. Nicht **ob** du gewinnst zählt, sondern **wie klar**. Ein knapper Sieg zahlt kaum, ein erdrückender zahlt massiv.","","Leitfaden Feuer — Säule 1: Text (Fett-Markup **so**)","","new",""
"tutorial.guide.fire.pillar2.name","tutorial","Hitze","","Leitfaden Feuer — Säule 2: Name","18","new",""
"tutorial.guide.fire.pillar2.text","tutorial","Die Leiste (leer bis voll). Jeder Sieg heizt sie auf — vor allem mit Vorsprung —, klare Niederlagen kühlen sie ab. Gehaltene Hitze zahlt bei **jedem** Feuer-Sieg eine **Glutdividende** direkt aus; dazu ist sie ein Vorrat zum **Ausschütten**, und mit dem Skill Glühende Klinge macht sie deine Karten stärker.","","Leitfaden Feuer — Säule 2: Text (Fett-Markup **so**)","","new",""
"tutorial.guide.fire.pillar3.name","tutorial","Asche & Schmiede","","Leitfaden Feuer — Säule 3: Name","18","new",""
"tutorial.guide.fire.pillar3.text","tutorial","Die dauerhafte Investition. Brände senken Gegnerkarten und geben Asche; die Schmiede verwandelt Asche in **bleibenden Kartenwert**.","","Leitfaden Feuer — Säule 3: Text (Fett-Markup **so**)","","new",""
"tutorial.guide.fire.pillarsLabel","tutorial","Die drei Ressourcen","","Leitfaden Feuer — Überschrift Säulen-Sektion","26","new",""
"tutorial.guide.fire.principle1.tag","tutorial","Marge","","Leitfaden Feuer — Prinzip 1: Schlagwort","12","new",""
"tutorial.guide.fire.principle1.text","tutorial","**Gewinne groß, nicht knapp.** Feuers Währung ist der Vorsprung. Baue Karten und Aufstellung auf klare Überlegenheit — ein erdrückender Sieg ist ein Vielfaches eines knappen wert.","","Leitfaden Feuer — Prinzip 1: Text (Fett-Markup **so**)","","new",""
"tutorial.guide.fire.principle2.tag","tutorial","Payoff","","Leitfaden Feuer — Prinzip 2: Schlagwort","12","new",""
"tutorial.guide.fire.principle2.text","tutorial","**Hitze halten heißt Auszahlung.** Je höher die Leiste, desto größer die Dividende jedes Siegs — und mit Glühender Klinge zusätzlich der Wert deiner Karten. Niederlagen kühlen ab; schütze deine Hitze, um oben zu bleiben.","","Leitfaden Feuer — Prinzip 2: Text (Fett-Markup **so**)","","new",""
"tutorial.guide.fire.principle3.tag","tutorial","Wahl","","Leitfaden Feuer — Prinzip 3: Schlagwort","12","new",""
"tutorial.guide.fire.principle3.text","tutorial","**Ausschütten oder halten.** Verwandle die Hitze in Score-Schübe (Feuer-Konsumenten sind **kombinierbar**) — oder halte sie einfach hoch und lebe von den Schwellen-Boni.","","Leitfaden Feuer — Prinzip 3: Text (Fett-Markup **so**)","","new",""
"tutorial.guide.fire.principle4.tag","tutorial","Schmiede","","Leitfaden Feuer — Prinzip 4: Schlagwort","12","new",""
"tutorial.guide.fire.principle4.text","tutorial","**Die Schmiede sammelt.** Brand → Asche → dauerhafter Kartenwert. Diese Linie zahlt sich nicht sofort aus, sondern verbreitert deine Margen über den ganzen Lauf.","","Leitfaden Feuer — Prinzip 4: Text (Fett-Markup **so**)","","new",""
"tutorial.guide.fire.status.bar1.name","tutorial","Hitze","","Leitfaden Feuer — Status-Leiste 1: Name","18","new",""
"tutorial.guide.fire.status.bar1.scale1","tutorial","kalt","","Leitfaden Feuer — Status-Leiste 1: Skalen-Marke 1","16","new",""
"tutorial.guide.fire.status.bar1.scale2","tutorial","↑ Schwellen-Boni ↑","","Leitfaden Feuer — Status-Leiste 1: Skalen-Marke 2","16","new",""
"tutorial.guide.fire.status.bar1.scale3","tutorial","voll → Überlauf","","Leitfaden Feuer — Status-Leiste 1: Skalen-Marke 3","16","new",""
"tutorial.guide.fire.status.label","tutorial","Wie heiß bist du?","","Leitfaden Feuer — Überschrift Status-Sektion","26","new",""
"tutorial.guide.fire.subtitle","tutorial","Hitze belohnt totale Überlegenheit — je klarer du einen Stich dominierst, desto heißer die Leiste und desto mehr Score fällt sofort ab.","","Leitfaden Feuer — Untertitel","","new",""
"tutorial.guide.ice.kernidee","tutorial","Du **frierst Karten zu Gletschern fest**; sie sammeln unaufhaltsam **Masse** an — und wenn ein Gletscher **bricht**, entlädt sich ein gewaltiger Score, der auf seine Nachbarn übergreift. Wo Pflanze in die Tiefe wächst, wächst Eis in die **Fläche**.","","Leitfaden Eis — Kernidee (Fett-Markup **so**)","","new",""
"tutorial.guide.ice.loop.center1","tutorial","GLETSCHER","","Leitfaden Eis — Kreislauf-Mitte, Zeile 1","14","new",""
"tutorial.guide.ice.loop.center2","tutorial","lädt & bricht","","Leitfaden Eis — Kreislauf-Mitte, Zeile 2","14","new",""
"tutorial.guide.ice.loop.node1","tutorial","Masse ↑","","Leitfaden Eis — Kreislauf-Knoten 1 (Diagramm, sehr kurz)","14","new",""
"tutorial.guide.ice.loop.node2","tutorial","Bruch","","Leitfaden Eis — Kreislauf-Knoten 2 (Diagramm, sehr kurz)","14","new",""
"tutorial.guide.ice.loop.node3","tutorial","Kaskade","","Leitfaden Eis — Kreislauf-Knoten 3 (Diagramm, sehr kurz)","14","new",""
"tutorial.guide.ice.loop.node4","tutorial","auf null","","Leitfaden Eis — Kreislauf-Knoten 4 (Diagramm, sehr kurz)","14","new",""
"tutorial.guide.ice.loop.step1","tutorial","**Friere Karten fest** → sie werden starr, sammeln ab jetzt aber **Masse** (jeden Durchlauf, unaufhaltsam).","","Leitfaden Eis — Kreislauf-Schritt 1 (Fett-Markup **so**)","","new",""
"tutorial.guide.ice.loop.step2","tutorial","Erreicht ein Gletscher die **oberste Schwelle**, **bricht** er mit voller Wucht → großer Berst-Score; danach **fällt er auf null** und lädt neu auf.","","Leitfaden Eis — Kreislauf-Schritt 2 (Fett-Markup **so**)","","new",""
"tutorial.guide.ice.loop.step3","tutorial","Stehen Gletscher **dicht beieinander**, verstärkt jeder Bruch die Nachbarn — und kann eine **Kaskade** durchs Cluster rollen lassen.","","Leitfaden Eis — Kreislauf-Schritt 3 (Fett-Markup **so**)","","new",""
"tutorial.guide.ice.loop.step4","tutorial","Schießt ein Gletscher **über die Schwelle hinaus**, wird der Überschuss sofort als Score ausgezahlt — nichts geht verloren.","","Leitfaden Eis — Kreislauf-Schritt 4 (Fett-Markup **so**)","","new",""
"tutorial.guide.ice.loop.step5","tutorial","**Firn** sammelt sich auf offenen Feldern (Dauerfrost, Schneetreiben, Eiszeit) und wird zur **Reserve** des Gletschers, der später dort einfriert — sie füllt ihn nach jedem Bruch wieder auf.","","Leitfaden Eis — Kreislauf-Schritt 5 (Fett-Markup **so**)","","new",""
"tutorial.guide.ice.loop.valve","tutorial","Ein Gletscher ist **starr** — du gibst seine Umstellbarkeit auf. Dafür ist er **unaufhaltsam**: die Masse steigt nur, und der Bruch hängt an ihr, nicht am Stich — er kommt, ob die Karte den Stich gewinnt oder verliert.","","Leitfaden Eis — „Ventil""-Absatz (Überlauf-Regel)","","new",""
"tutorial.guide.ice.pillar1.name","tutorial","Masse","","Leitfaden Eis — Säule 1: Name","18","new",""
"tutorial.guide.ice.pillar1.sub","tutorial","· die Ressource","","Leitfaden Eis — Säule 1: Zusatz","12","new",""
"tutorial.guide.ice.pillar1.text","tutorial","Sie sammelt sich auf dem **Brettfeld** an (nicht auf der Karte), jeden Durchlauf ein Stück — ganz von selbst, ob Sieg oder Niederlage — und mehr, wenn ein Gletscher gewinnt. Masse fällt nie.","","Leitfaden Eis — Säule 1: Text (Fett-Markup **so**)","","new",""
"tutorial.guide.ice.pillar2.name","tutorial","Der Bruch","","Leitfaden Eis — Säule 2: Name","18","new",""
"tutorial.guide.ice.pillar2.sub","tutorial","· der Payoff","","Leitfaden Eis — Säule 2: Zusatz","12","new",""
"tutorial.guide.ice.pillar2.text","tutorial","Ein Gletscher **hält und wächst**, bis seine Masse die **oberste Schwelle** erreicht — dann bricht er mit voller Wucht und **fällt zurück auf null**. Hat das Feld eine **Firn-Reserve**, zieht er daraus sofort wieder hoch; sonst baut er von unten neu auf.","","Leitfaden Eis — Säule 2: Text (Fett-Markup **so**)","","new",""
"tutorial.guide.ice.pillar3.name","tutorial","Das Cluster","","Leitfaden Eis — Säule 3: Name","18","new",""
"tutorial.guide.ice.pillar3.sub","tutorial","· der Multiplikator","","Leitfaden Eis — Säule 3: Zusatz","12","new",""
"tutorial.guide.ice.pillar3.text","tutorial","Gletscher **nebeneinander** verstärken einander: je dichter das Feld, desto heftiger jeder Bruch — und ein Bruch kann eine **Kaskade** durchs ganze Cluster auslösen.","","Leitfaden Eis — Säule 3: Text (Fett-Markup **so**)","","new",""
"tutorial.guide.ice.pillarsLabel","tutorial","Die drei Säulen","","Leitfaden Eis — Überschrift Säulen-Sektion","26","new",""
"tutorial.guide.ice.principle1.tag","tutorial","Dichte","","Leitfaden Eis — Prinzip 1: Schlagwort","12","new",""
"tutorial.guide.ice.principle1.text","tutorial","**Bau ein dichtes Feld.** Ein einzelner Gletscher ist okay — ein **Cluster** ist der Multiplikator. Friere Karten so, dass sie Nachbarn werden; die Kaskade lebt von der Dichte.","","Leitfaden Eis — Prinzip 1: Text (Fett-Markup **so**)","","new",""
"tutorial.guide.ice.principle2.tag","tutorial","Position","","Leitfaden Eis — Prinzip 2: Schlagwort","12","new",""
"tutorial.guide.ice.principle2.text","tutorial","**Position statt Flexibilität.** Jeder Gletscher fixiert eine Karte für immer. Plane das Brett voraus — setze Anker, lass Lücken für spätere Nachbarn.","","Leitfaden Eis — Prinzip 2: Text (Fett-Markup **so**)","","new",""
"tutorial.guide.ice.principle3.tag","tutorial","Tempo","","Leitfaden Eis — Prinzip 3: Schlagwort","12","new",""
"tutorial.guide.ice.principle3.text","tutorial","**Unaufhaltsam, aber geduldig.** Masse steigt von selbst — Eis verliert nie den Fortschritt, braucht aber Zeit, bis die großen Brüche kommen.","","Leitfaden Eis — Prinzip 3: Text (Fett-Markup **so**)","","new",""
"tutorial.guide.ice.principle4.tag","tutorial","Bruchstil","","Leitfaden Eis — Prinzip 4: Schlagwort","12","new",""
"tutorial.guide.ice.principle4.text","tutorial","**Halten oder splittern.** Wenige mächtige Gletscher liefern seltene, gewaltige Brüche; ein breites Cluster liefert häufige Kaskaden — such dir dein Tempo.","","Leitfaden Eis — Prinzip 4: Text (Fett-Markup **so**)","","new",""
"tutorial.guide.ice.status.bar1.name","tutorial","Masse","","Leitfaden Eis — Status-Leiste 1: Name","18","new",""
"tutorial.guide.ice.status.bar1.scale1","tutorial","1. Schwelle","","Leitfaden Eis — Status-Leiste 1: Skalen-Marke 1","16","new",""
"tutorial.guide.ice.status.bar1.scale2","tutorial","2.","","Leitfaden Eis — Status-Leiste 1: Skalen-Marke 2","16","new",""
"tutorial.guide.ice.status.bar1.scale3","tutorial","3.","","Leitfaden Eis — Status-Leiste 1: Skalen-Marke 3","16","new",""
"tutorial.guide.ice.status.bar1.scale4","tutorial","Bruch → auf null","","Leitfaden Eis — Status-Leiste 1: Skalen-Marke 4","16","new",""
"tutorial.guide.ice.status.label","tutorial","Wie voll ist dein Gletscher?","","Leitfaden Eis — Überschrift Status-Sektion","26","new",""
"tutorial.guide.ice.subtitle","tutorial","Der räumliche Archetyp — du frierst Karten zu Gletschern fest, sammelst Masse und löst eine Kaskade aus Brüchen aus.","","Leitfaden Eis — Untertitel","","new",""
"tutorial.guide.lightning.kernidee","tutorial","Andere Builds warten auf den Zufall. Blitz **baut** den Crit — und dreht ihn zu einem Kreislauf, der sich selbst antreibt.","","Leitfaden Blitz — Kernidee (Fett-Markup **so**)","","new",""
"tutorial.guide.lightning.loop.center1","tutorial","STURM","","Leitfaden Blitz — Kreislauf-Mitte, Zeile 1","14","new",""
"tutorial.guide.lightning.loop.center2","tutorial","nährt sich selbst","","Leitfaden Blitz — Kreislauf-Mitte, Zeile 2","14","new",""
"tutorial.guide.lightning.loop.node1","tutorial","Crit","","Leitfaden Blitz — Kreislauf-Knoten 1 (Diagramm, sehr kurz)","14","new",""
"tutorial.guide.lightning.loop.node2","tutorial","Ladung","","Leitfaden Blitz — Kreislauf-Knoten 2 (Diagramm, sehr kurz)","14","new",""
"tutorial.guide.lightning.loop.node3","tutorial","Ionisierung","","Leitfaden Blitz — Kreislauf-Knoten 3 (Diagramm, sehr kurz)","14","new",""
"tutorial.guide.lightning.loop.node4","tutorial","Feld ↑","","Leitfaden Blitz — Kreislauf-Knoten 4 (Diagramm, sehr kurz)","14","new",""
"tutorial.guide.lightning.loop.step1","tutorial","Ein **Crit** (oder Sieg) erzeugt Ladung.","","Leitfaden Blitz — Kreislauf-Schritt 1 (Fett-Markup **so**)","","new",""
"tutorial.guide.lightning.loop.step2","tutorial","Volle Ladung feuert deinen **Konsumenten** → er ionisiert Karten, dann fällt die Ladung zurück.","","Leitfaden Blitz — Kreislauf-Schritt 2 (Fett-Markup **so**)","","new",""
"tutorial.guide.lightning.loop.step3","tutorial","Hältst du die Momentum-Skills (Gewitterfront, Entladung, Dauerstrom), gibt jeder Verbrauch **dauerhaft** mehr Crit-Chance und -Multiplikator — den ganzen Lauf.","","Leitfaden Blitz — Kreislauf-Schritt 3 (Fett-Markup **so**)","","new",""
"tutorial.guide.lightning.loop.step4","tutorial","Das ionisierte Feld hebt deine Crit-Chance → du crittest öfter → mehr Ladung → mehr Ionisierung → …","","Leitfaden Blitz — Kreislauf-Schritt 4 (Fett-Markup **so**)","","new",""
"tutorial.guide.lightning.loop.valve","tutorial","Fällt mehr Crit-Chance an, als ein Sieg überhaupt braucht, geht der Überschuss **nicht verloren**: Überschlag wandelt ihn in **Ladung** um — je ein paar Prozentpunkte über 100 % eine Ladung, bei voller Sturmintensität doppelt so ergiebig. Der Sturm lädt sich also aus seinem eigenen Übermaß nach.","","Leitfaden Blitz — „Ventil""-Absatz (Überlauf-Regel)","","new",""
"tutorial.guide.lightning.pillar1.name","tutorial","Crit","","Leitfaden Blitz — Säule 1: Name","18","new",""
"tutorial.guide.lightning.pillar1.text","tutorial","Dein Payoff — ein Crit vervielfacht den Sieg-Score. Blitz erzeugt sowohl die Crit-Chance als auch den Crit-Multiplikator **selbst**; beides wächst mit jedem gehaltenen Blitz-Skill.","","Leitfaden Blitz — Säule 1: Text (Fett-Markup **so**)","","new",""
"tutorial.guide.lightning.pillar2.name","tutorial","Ladung","","Leitfaden Blitz — Säule 2: Name","18","new",""
"tutorial.guide.lightning.pillar2.text","tutorial","Dein Treibstoff. Siege und Crits laden sie auf. Hältst du einen **Konsumenten** (Ionisierung), feuert er bei voller Ladung und verbraucht sie — ohne Konsumenten bleibt die Leiste einfach voll stehen.","","Leitfaden Blitz — Säule 2: Text (Fett-Markup **so**)","","new",""
"tutorial.guide.lightning.pillar3.name","tutorial","Ionisierung","","Leitfaden Blitz — Säule 3: Name","18","new",""
"tutorial.guide.lightning.pillar3.sub","tutorial","· Stapel","","Leitfaden Blitz — Säule 3: Zusatz","12","new",""
"tutorial.guide.lightning.pillar3.text","tutorial","Dauerhafte Marken auf deinen Karten. Der Konsument (Ionisierung) verteilt sie auf noch ungespielte Karten. Jeder Stapel gibt bei einem Sieg mit der Karte extra Score — und **jeder Stapel im Deck hebt feldweit deine Crit-Chance**.","","Leitfaden Blitz — Säule 3: Text (Fett-Markup **so**)","","new",""
"tutorial.guide.lightning.pillarsLabel","tutorial","Die drei Ressourcen","","Leitfaden Blitz — Überschrift Säulen-Sektion","26","new",""
"tutorial.guide.lightning.principle1.tag","tutorial","Mono","","Leitfaden Blitz — Prinzip 1: Schlagwort","12","new",""
"tutorial.guide.lightning.principle1.text","tutorial","**Mono lohnt sich.** Fast jeder Wert von Blitz — Crit-Chance, Crit-Multiplikator, wie schnell du das Feld ionisierst — wächst mit der Zahl deiner Blitz-Skills. Je reiner der Build, desto heftiger der Sturm.","","Leitfaden Blitz — Prinzip 1: Text (Fett-Markup **so**)","","new",""
"tutorial.guide.lightning.principle2.tag","tutorial","Motor","","Leitfaden Blitz — Prinzip 2: Schlagwort","12","new",""
"tutorial.guide.lightning.principle2.text","tutorial","**Genau ein Konsument.** Ionisierung ist dein Motor; ein zweiter Ladungs-Konsument ersetzt ihn nur. Baue alles um diesen einen herum.","","Leitfaden Blitz — Prinzip 2: Text (Fett-Markup **so**)","","new",""
"tutorial.guide.lightning.principle3.tag","tutorial","Tempo","","Leitfaden Blitz — Prinzip 3: Schlagwort","12","new",""
"tutorial.guide.lightning.principle3.text","tutorial","**Früh geduldig, spät explosiv.** Anfangs ist Blitz zurückhaltend — die Maschine läuft erst warm. Der Lohn kommt spät, wenn Momentum und ionisiertes Feld sich gegenseitig hochschaukeln.","","Leitfaden Blitz — Prinzip 3: Text (Fett-Markup **so**)","","new",""
"tutorial.guide.lightning.principle4.tag","tutorial","Serie","","Leitfaden Blitz — Prinzip 4: Schlagwort","12","new",""
"tutorial.guide.lightning.principle4.text","tutorial","**Serie ist Treibstoff.** Manche Blitz-Skills verwandeln deine Siegesserie direkt in Ladung oder Crit-Chance — Siege am Stück halten den Sturm am Laufen.","","Leitfaden Blitz — Prinzip 4: Text (Fett-Markup **so**)","","new",""
"tutorial.guide.lightning.status.bar1.name","tutorial","Sturmgröße","","Leitfaden Blitz — Status-Leiste 1: Name","18","new",""
"tutorial.guide.lightning.status.bar1.payoff","tutorial","fast alle Karten ionisiert → **alle Karten stärker**","","Leitfaden Blitz — Status-Leiste 1: Auszahlung","","new",""
"tutorial.guide.lightning.status.bar2.name","tutorial","Sturmintensität","","Leitfaden Blitz — Status-Leiste 2: Name","18","new",""
"tutorial.guide.lightning.status.bar2.payoff","tutorial","fast alle Karten voll → **Überschlag holt doppelt so viel Ladung**","","Leitfaden Blitz — Status-Leiste 2: Auszahlung","","new",""
"tutorial.guide.lightning.status.label","tutorial","Wie weit ist dein Sturm?","","Leitfaden Blitz — Überschrift Status-Sektion","26","new",""
"tutorial.guide.lightning.subtitle","tutorial","Der einzige Archetyp, der seinen kritischen Treffer selbst erzeugt — eine Maschine, die sich mit jedem Sieg weiter auflädt, bis ein sich selbst speisender Sturm über das Feld rollt.","","Leitfaden Blitz — Untertitel","","new",""
"tutorial.guide.plant.kernidee","tutorial","Siege lassen deine Karten **wachsen**, bis sie dauerhaft grün werden und gemeinsam ein Feld bilden. Kein Sofort-Payoff — ein Garten, der langsam anschwillt und dann alles überwuchert.","","Leitfaden Pflanze — Kernidee (Fett-Markup **so**)","","new",""
"tutorial.guide.plant.loop.center1","tutorial","GARTEN","","Leitfaden Pflanze — Kreislauf-Mitte, Zeile 1","14","new",""
"tutorial.guide.plant.loop.center2","tutorial","wächst weiter","","Leitfaden Pflanze — Kreislauf-Mitte, Zeile 2","14","new",""
"tutorial.guide.plant.loop.node1","tutorial","Wachstum","","Leitfaden Pflanze — Kreislauf-Knoten 1 (Diagramm, sehr kurz)","14","new",""
"tutorial.guide.plant.loop.node2","tutorial","Grün ↑","","Leitfaden Pflanze — Kreislauf-Knoten 2 (Diagramm, sehr kurz)","14","new",""
"tutorial.guide.plant.loop.node3","tutorial","Feld ↑","","Leitfaden Pflanze — Kreislauf-Knoten 3 (Diagramm, sehr kurz)","14","new",""
"tutorial.guide.plant.loop.node4","tutorial","Siege ↑","","Leitfaden Pflanze — Kreislauf-Knoten 4 (Diagramm, sehr kurz)","14","new",""
"tutorial.guide.plant.loop.step1","tutorial","Siege lassen Karten **wachsen** → ab einer Schwelle werden sie **grün** und bleiben es.","","Leitfaden Pflanze — Kreislauf-Schritt 1 (Fett-Markup **so**)","","new",""
"tutorial.guide.plant.loop.step2","tutorial","Grüne Karten **verbreiten Grün** — färben Nachbarn, säen Wachstum, kolonisieren sogar Gegnerkarten.","","Leitfaden Pflanze — Kreislauf-Schritt 2 (Fett-Markup **so**)","","new",""
"tutorial.guide.plant.loop.step3","tutorial","Im reinen Build treiben **Wurzeln** den Wert grüner Karten in die Tiefe → sie gewinnen leichter und zahlen Wurzel-Score.","","Leitfaden Pflanze — Kreislauf-Schritt 3 (Fett-Markup **so**)","","new",""
"tutorial.guide.plant.loop.step4","tutorial","Je größer das grüne Feld, desto mehr Payoff — und mehr Siege bedeuten wieder mehr Wachstum.","","Leitfaden Pflanze — Kreislauf-Schritt 4 (Fett-Markup **so**)","","new",""
"tutorial.guide.plant.loop.valve","tutorial","Ist eine grüne Karte am **Wert-Deckel**, wächst sie weiter — die legendären Bäume (Weltenbaum, Mutterbaum) zahlen diesen Überlauf als Score aus. Und mit dem Skill Überwucherung schaltet ein fast voll grünes Feld alle Farbblöcke stärker, Blüte zählt doppelt.","","Leitfaden Pflanze — „Ventil""-Absatz (Überlauf-Regel)","","new",""
"tutorial.guide.plant.pillar1.name","tutorial","Wachstum","","Leitfaden Pflanze — Säule 1: Name","18","new",""
"tutorial.guide.plant.pillar1.text","tutorial","Der Motor. Jeder Sieg lässt deine Karte wachsen — **nur aufwärts, nie zurück**. Genug Wachstum macht sie dauerhaft **grün (reif)**; je mehr Pflanzen-Skills, desto schneller.","","Leitfaden Pflanze — Säule 1: Text (Fett-Markup **so**)","","new",""
"tutorial.guide.plant.pillar2.name","tutorial","Grünes Feld","","Leitfaden Pflanze — Säule 2: Name","18","new",""
"tutorial.guide.plant.pillar2.sub","tutorial","· Breite","","Leitfaden Pflanze — Säule 2: Zusatz","12","new",""
"tutorial.guide.plant.pillar2.text","tutorial","Reife grüne Karten teilen sich einen **Farbblock**. Je größer und grüner dein Feld, desto mehr Score — Blüte, Überwucherung.","","Leitfaden Pflanze — Säule 2: Text (Fett-Markup **so**)","","new",""
"tutorial.guide.plant.pillar3.name","tutorial","Wurzeln","","Leitfaden Pflanze — Säule 3: Name","18","new",""
"tutorial.guide.plant.pillar3.sub","tutorial","· Tiefe","","Leitfaden Pflanze — Säule 3: Zusatz","12","new",""
"tutorial.guide.plant.pillar3.text","tutorial","Im **reinen** Pflanzen-Build wird Wachstum zu dauerhaftem **Kartenwert**: grüne Karten werden echt stärker; am Deckel zahlt jede weitere Wurzel direkt Score.","","Leitfaden Pflanze — Säule 3: Text (Fett-Markup **so**)","","new",""
"tutorial.guide.plant.pillarsLabel","tutorial","Die drei Ressourcen","","Leitfaden Pflanze — Überschrift Säulen-Sektion","26","new",""
"tutorial.guide.plant.principle1.tag","tutorial","Tempo","","Leitfaden Pflanze — Prinzip 1: Schlagwort","12","new",""
"tutorial.guide.plant.principle1.text","tutorial","**Langsam, aber unaufhaltsam.** Pflanze startet schwach — Wachstum braucht Siege und Zeit. Der Lohn kommt spät, wenn ein reifes grünes Feld steht.","","Leitfaden Pflanze — Prinzip 1: Text (Fett-Markup **so**)","","new",""
"tutorial.guide.plant.principle2.tag","tutorial","Mono","","Leitfaden Pflanze — Prinzip 2: Schlagwort","12","new",""
"tutorial.guide.plant.principle2.text","tutorial","**Mono schaltet die Wurzeln frei.** Nur im reinen Pflanzen-Build wird Wachstum zu echtem Kartenwert — deine grünen Karten werden dann wirklich stärker. Mischst du, bleibt Grün nur eine Farbe fürs Feld.","","Leitfaden Pflanze — Prinzip 2: Text (Fett-Markup **so**)","","new",""
"tutorial.guide.plant.principle3.tag","tutorial","Fokus","","Leitfaden Pflanze — Prinzip 3: Schlagwort","12","new",""
"tutorial.guide.plant.principle3.text","tutorial","**Breite oder Tiefe.** Zwei Wege zum Score: ein weites grünes Feld (Farbblock, Blüte) oder wenige, hoch gewachsene Wurzel-Bäume — such dir deinen Schwerpunkt, oder verbinde beides.","","Leitfaden Pflanze — Prinzip 3: Text (Fett-Markup **so**)","","new",""
"tutorial.guide.plant.principle4.tag","tutorial","Trimmen","","Leitfaden Pflanze — Prinzip 4: Schlagwort","12","new",""
"tutorial.guide.plant.principle4.text","tutorial","**Trimmen ist der Wendepunkt zur Ernte.** Ersetzt du einen Wachstums-Skill, „trimmst"" du: dauerhaft mehr Wurzel- und Blüten-Score. Die Wachstums-Skills sterben nicht — sie veredeln die Ernte.","","Leitfaden Pflanze — Prinzip 4: Text (Fett-Markup **so**)","","new",""
"tutorial.guide.plant.status.bar1.name","tutorial","Breite","","Leitfaden Pflanze — Status-Leiste 1: Name","18","new",""
"tutorial.guide.plant.status.bar1.payoff","tutorial","Feld voll grün → **Überwucherung** (Skill)","","Leitfaden Pflanze — Status-Leiste 1: Auszahlung","","new",""
"tutorial.guide.plant.status.bar2.name","tutorial","Tiefe","","Leitfaden Pflanze — Status-Leiste 2: Name","18","new",""
"tutorial.guide.plant.status.bar2.payoff","tutorial","am Wert-Deckel → **Überlauf-Score** (legendär)","","Leitfaden Pflanze — Status-Leiste 2: Auszahlung","","new",""
"tutorial.guide.plant.status.label","tutorial","Wie steht dein Garten?","","Leitfaden Pflanze — Überschrift Status-Sektion","26","new",""
"tutorial.guide.plant.subtitle","tutorial","Der langsamste, aber unaufhaltsame Archetyp — du ziehst einen Garten hoch, der mit jeder Runde mehr Score trägt.","","Leitfaden Pflanze — Untertitel","","new",""
"tutorial.guideoverlay.der-kreislauf","tutorial","Der Kreislauf","","Leitfaden-Overlay (Rahmen) — src/ui/GuideOverlay.jsx:160","","new",""
"tutorial.guideoverlay.kernidee","tutorial","Kernidee","","Leitfaden-Overlay (Rahmen) — src/ui/GuideOverlay.jsx:140","","new",""
"tutorial.guideoverlay.leitfaden","tutorial","Leitfaden","","Leitfaden-Overlay (Rahmen) — src/ui/GuideOverlay.jsx:110","","new",""
"tutorial.guideoverlay.leitfaden-offnen","tutorial","Leitfaden öffnen","","Leitfaden-Overlay (Rahmen) — src/ui/GuideOverlay.jsx:110","","new",""
"tutorial.guideoverlay.schliessen","tutorial","Schließen","","Leitfaden-Overlay (Rahmen) — src/ui/GuideOverlay.jsx:222","","new",""
"tutorial.guideoverlay.so-spielst-du-jeden-archetyp-durchklicken","tutorial","So spielst du jeden Archetyp — durchklicken","","Leitfaden-Overlay (Rahmen) — src/ui/GuideOverlay.jsx:224","","new",""
"tutorial.guideoverlay.spielprinzip","tutorial","Spielprinzip","","Leitfaden-Overlay (Rahmen) — src/ui/GuideOverlay.jsx:183","","new",""
"tutorial.guideoverlay.ui-monospace-menlo-monospace","tutorial","ui-monospace, Menlo, monospace","","Leitfaden-Overlay (Rahmen) — src/ui/GuideOverlay.jsx:55","","new",""
"ui.app.4-raritat","ui","`, 4: `Rarität: $","","Rahmen · Header · Pause-/Neustart-Dialoge — src/App.jsx:468","","new",""
"ui.app.architect-build","ui","ARCHITECT_BUILD","","Rahmen · Header · Pause-/Neustart-Dialoge — src/App.jsx:735","","new",""
"ui.app.architect-demolish","ui","ARCHITECT_DEMOLISH","","Rahmen · Header · Pause-/Neustart-Dialoge — src/App.jsx:739","","new",""
"ui.app.architect-done","ui","ARCHITECT_DONE","","Rahmen · Header · Pause-/Neustart-Dialoge — src/App.jsx:741","","new",""
"ui.app.architect-move","ui","ARCHITECT_MOVE","","Rahmen · Header · Pause-/Neustart-Dialoge — src/App.jsx:737","","new",""
"ui.app.architect-move-multi","ui","ARCHITECT_MOVE_MULTI","","Rahmen · Header · Pause-/Neustart-Dialoge — src/App.jsx:738","","new",""
"ui.app.architect-recolor","ui","ARCHITECT_RECOLOR","","Rahmen · Header · Pause-/Neustart-Dialoge — src/App.jsx:740","","new",""
"ui.app.architect-reset","ui","ARCHITECT_RESET","","Rahmen · Header · Pause-/Neustart-Dialoge — src/App.jsx:743","","new",""
"ui.app.architect-undo","ui","ARCHITECT_UNDO","","Rahmen · Header · Pause-/Neustart-Dialoge — src/App.jsx:742","","new",""
"ui.app.architect-upgrade","ui","ARCHITECT_UPGRADE","","Rahmen · Header · Pause-/Neustart-Dialoge — src/App.jsx:736","","new",""
"ui.app.autostich","ui","AUTOSTICH","","Rahmen · Header · Pause-/Neustart-Dialoge — src/App.jsx:847","","new",""
"ui.app.beenden","ui","Beenden","","Rahmen · Header · Pause-/Neustart-Dialoge — src/App.jsx:1021","","new",""
"ui.app.blitz","ui","Blitz","","Rahmen · Header · Pause-/Neustart-Dialoge — src/App.jsx:465","","new",""
"ui.app.confirm-formation","ui","CONFIRM_FORMATION","","Rahmen · Header · Pause-/Neustart-Dialoge — src/App.jsx:717","","new",""
"ui.app.confirm-target","ui","CONFIRM_TARGET","","Rahmen · Header · Pause-/Neustart-Dialoge — src/App.jsx:719","","new",""
"ui.app.decline-legendary","ui","DECLINE_LEGENDARY","","Rahmen · Header · Pause-/Neustart-Dialoge — src/App.jsx:729","","new",""
"ui.app.decline-perk","ui","DECLINE_PERK","","Rahmen · Header · Pause-/Neustart-Dialoge — src/App.jsx:732","","new",""
"ui.app.decline-skill","ui","DECLINE_SKILL","","Rahmen · Header · Pause-/Neustart-Dialoge — src/App.jsx:727","","new",""
"ui.app.der-aktuelle-lauf-wird-verworfen-und","ui","Der aktuelle Lauf wird verworfen und ein neuer beginnt sofort. Das lässt sich nicht rückgängig machen.","","Rahmen · Header · Pause-/Neustart-Dialoge — src/App.jsx:1044","","new",""
"ui.app.eis","ui","Eis","","Rahmen · Header · Pause-/Neustart-Dialoge — src/App.jsx:465","","new",""
"ui.app.end-run","ui","END_RUN","","Rahmen · Header · Pause-/Neustart-Dialoge — src/App.jsx:684","","new",""
"ui.app.family-target-card","ui","FAMILY_TARGET_CARD","","Rahmen · Header · Pause-/Neustart-Dialoge — src/App.jsx:722","","new",""
"ui.app.family-target-confirm","ui","FAMILY_TARGET_CONFIRM","","Rahmen · Header · Pause-/Neustart-Dialoge — src/App.jsx:724","","new",""
"ui.app.family-target-formation-type","ui","FAMILY_TARGET_FORMATION_TYPE","","Rahmen · Header · Pause-/Neustart-Dialoge — src/App.jsx:723","","new",""
"ui.app.family-target-suit","ui","FAMILY_TARGET_SUIT","","Rahmen · Header · Pause-/Neustart-Dialoge — src/App.jsx:721","","new",""
"ui.app.feuer","ui","Feuer","","Rahmen · Header · Pause-/Neustart-Dialoge — src/App.jsx:465","","new",""
"ui.app.freischaltung","ui","Freischaltung","","Rahmen · Header · Pause-/Neustart-Dialoge — src/App.jsx:472","","new",""
"ui.app.genesis-pack-werkstatt-upgrades","ui","Genesis-Pack · Werkstatt · Upgrades","","Rahmen · Header · Pause-/Neustart-Dialoge — src/App.jsx:470","","new",""
"ui.app.glacier-lock","ui","GLACIER_LOCK","","Rahmen · Header · Pause-/Neustart-Dialoge — src/App.jsx:718","","new",""
"ui.app.label-neue-raritat-freigeschaltet","ui","`, label: `Neue Rarität freigeschaltet: $","","Rahmen · Header · Pause-/Neustart-Dialoge — src/App.jsx:476","","new",""
"ui.app.label-neuer-archetyp","ui","`, label: `Neuer Archetyp: $","","Rahmen · Header · Pause-/Neustart-Dialoge — src/App.jsx:475","","new",""
"ui.app.lauf-pausieren-oder-beenden","ui","Lauf pausieren oder beenden?","","Rahmen · Header · Pause-/Neustart-Dialoge — src/App.jsx:1014","","new",""
"ui.app.merkt-sich-den-lauf-du-kannst","ui","merkt sich den Lauf — du kannst ihn später im Menü fortsetzen.","","Rahmen · Header · Pause-/Neustart-Dialoge — src/App.jsx:1025","","new",""
"ui.app.neue-raritatsstufe","ui","Neue Raritätsstufe","","Rahmen · Header · Pause-/Neustart-Dialoge — src/App.jsx:472","","new",""
"ui.app.neustarten","ui","Neustarten","","Rahmen · Header · Pause-/Neustart-Dialoge — src/App.jsx:1042","","new",""
"ui.app.pflanze","ui","Pflanze","","Rahmen · Header · Pause-/Neustart-Dialoge — src/App.jsx:465","","new",""
"ui.app.pick-family","ui","PICK_FAMILY","","Rahmen · Header · Pause-/Neustart-Dialoge — src/App.jsx:710","","new",""
"ui.app.pick-legendary","ui","PICK_LEGENDARY","","Rahmen · Header · Pause-/Neustart-Dialoge — src/App.jsx:728","","new",""
"ui.app.pick-perk","ui","PICK_PERK","","Rahmen · Header · Pause-/Neustart-Dialoge — src/App.jsx:711","","new",""
"ui.app.pick-skill","ui","PICK_SKILL","","Rahmen · Header · Pause-/Neustart-Dialoge — src/App.jsx:726","","new",""
"ui.app.reroll-architect","ui","REROLL_ARCHITECT","","Rahmen · Header · Pause-/Neustart-Dialoge — src/App.jsx:744","","new",""
"ui.app.reroll-legendary","ui","REROLL_LEGENDARY","","Rahmen · Header · Pause-/Neustart-Dialoge — src/App.jsx:730","","new",""
"ui.app.reroll-perk","ui","REROLL_PERK","","Rahmen · Header · Pause-/Neustart-Dialoge — src/App.jsx:731","","new",""
"ui.app.reroll-skill","ui","REROLL_SKILL","","Rahmen · Header · Pause-/Neustart-Dialoge — src/App.jsx:733","","new",""
"ui.app.reset-formation","ui","RESET_FORMATION","","Rahmen · Header · Pause-/Neustart-Dialoge — src/App.jsx:716","","new",""
"ui.app.resolve-trick","ui","RESOLVE_TRICK","","Rahmen · Header · Pause-/Neustart-Dialoge — src/App.jsx:374","","new",""
"ui.app.restore-run","ui","RESTORE_RUN","","Rahmen · Header · Pause-/Neustart-Dialoge — src/App.jsx:698","","new",""
"ui.app.start-run","ui","START_RUN","","Rahmen · Header · Pause-/Neustart-Dialoge — src/App.jsx:649","","new",""
"ui.app.swap-cards","ui","SWAP_CARDS","","Rahmen · Header · Pause-/Neustart-Dialoge — src/App.jsx:714","","new",""
"ui.app.to-menu","ui","TO_MENU","","Rahmen · Header · Pause-/Neustart-Dialoge — src/App.jsx:683","","new",""
"ui.app.undo-swap","ui","UNDO_SWAP","","Rahmen · Header · Pause-/Neustart-Dialoge — src/App.jsx:715","","new",""
"ui.app.weiterspielen","ui","Weiterspielen","","Rahmen · Header · Pause-/Neustart-Dialoge — src/App.jsx:1020","","new",""
"ui.app.wertet-ihn-und-zeigt-den-endscreen","ui","wertet ihn und zeigt den Endscreen.","","Rahmen · Header · Pause-/Neustart-Dialoge — src/App.jsx:1025","","new",""
"ui.app.wirklich-neustarten","ui","Wirklich neustarten?","","Rahmen · Header · Pause-/Neustart-Dialoge — src/App.jsx:1038","","new",""
"ui.archcat.formation.label","ui","Formation","","Architekt — Bau-Kategorie (Chip)","10","new",""
"ui.archcat.score.label","ui","Score","","Architekt — Bau-Kategorie (Chip)","10","new",""
"ui.archcat.value.label","ui","Wert","","Architekt — Bau-Kategorie (Chip)","10","new",""
"ui.archetype.fire.label","ui","Feuer","","Archetyp-Name — HUD, Skill-Auswahl, Statistik","12","new",""
"ui.archetype.ice.label","ui","Eis","","Archetyp-Name — HUD, Skill-Auswahl, Statistik","12","new",""
"ui.archetype.lightning.label","ui","Blitz","","Archetyp-Name — HUD, Skill-Auswahl, Statistik","12","new",""
"ui.archetype.plant.label","ui","Pflanze","","Archetyp-Name — HUD, Skill-Auswahl, Statistik","12","new",""
"ui.battlefield.bereit-starte-den-autobattler","ui","Bereit — starte den Autobattler","","Spielfeld — Stich-Ausgang, Ansagen — src/ui/Battlefield.jsx:1654","","new",""
"ui.battlefield.brutal","ui","Brutal","","Spielfeld — Stich-Ausgang, Ansagen — src/ui/Battlefield.jsx:151","","new",""
"ui.battlefield.du","ui","Du","","Spielfeld — Stich-Ausgang, Ansagen — src/ui/Battlefield.jsx:1537","","new",""
"ui.battlefield.formation","ui","Formation","","Spielfeld — Stich-Ausgang, Ansagen — src/ui/Battlefield.jsx:948","","new",""
"ui.battlefield.gegner","ui","Gegner","","Spielfeld — Stich-Ausgang, Ansagen — src/ui/Battlefield.jsx:1543","","new",""
"ui.battlefield.gewonnen","ui","Gewonnen","","Spielfeld — Stich-Ausgang, Ansagen — src/ui/Battlefield.jsx:107","","new",""
"ui.battlefield.gewonnen-kritisch","ui","Gewonnen · Kritisch","","Spielfeld — Stich-Ausgang, Ansagen — src/ui/Battlefield.jsx:758","","new",""
"ui.battlefield.gleichstand","ui","Gleichstand","","Spielfeld — Stich-Ausgang, Ansagen — src/ui/Battlefield.jsx:110","","new",""
"ui.battlefield.gleichstand-sieg","ui","Gleichstand → Sieg","","Spielfeld — Stich-Ausgang, Ansagen — src/ui/Battlefield.jsx:108","","new",""
"ui.battlefield.gonn-dir","ui","Gönn dir","","Spielfeld — Stich-Ausgang, Ansagen — src/ui/Battlefield.jsx:172","","new",""
"ui.battlefield.gottgleich","ui","Gottgleich","","Spielfeld — Stich-Ausgang, Ansagen — src/ui/Battlefield.jsx:148","","new",""
"ui.battlefield.helvetica-neue-arial-sans-serif","ui","""Helvetica Neue"", Arial, sans-serif","","Spielfeld — Stich-Ausgang, Ansagen — src/ui/Battlefield.jsx:252","","new",""
"ui.battlefield.irre","ui","Irre","","Spielfeld — Stich-Ausgang, Ansagen — src/ui/Battlefield.jsx:149","","new",""
"ui.battlefield.kritisch","ui","Kritisch!","","Spielfeld — Stich-Ausgang, Ansagen — src/ui/Battlefield.jsx:1533","","new",""
"ui.battlefield.lawine","ui","Lawine","","Spielfeld — Stich-Ausgang, Ansagen — src/ui/Battlefield.jsx:169","","new",""
"ui.battlefield.stark","ui","Stark","","Spielfeld — Stich-Ausgang, Ansagen — src/ui/Battlefield.jsx:153","","new",""
"ui.battlefield.stich","ui","Stich","","Spielfeld — Stich-Ausgang, Ansagen — src/ui/Battlefield.jsx:346","","new",""
"ui.battlefield.verloren","ui","Verloren","","Spielfeld — Stich-Ausgang, Ansagen — src/ui/Battlefield.jsx:109","","new",""
"ui.buildpanel.noch-keine-perks-in-manchen-durchlaufen","ui","Noch keine Perks. In manchen Durchläufen wählst du einen dazu.","","Build-Panel — src/ui/BuildPanel.jsx:17","","new",""
"ui.buildsummary.auszahlung-bei-erfolg","ui","Auszahlung bei Erfolg:","","Build-Zusammenfassung — src/ui/BuildSummary.jsx:33","","new",""
"ui.buildsummary.kapital","ui","Kapital:","","Build-Zusammenfassung — src/ui/BuildSummary.jsx:27","","new",""
"ui.buildsummary.noch-keine-perks","ui","Noch keine Perks.","","Build-Zusammenfassung — src/ui/BuildSummary.jsx:47","","new",""
"ui.buildsummary.noch-keine-skills","ui","Noch keine Skills.","","Build-Zusammenfassung — src/ui/BuildSummary.jsx:123","","new",""
"ui.buildsummary.siege-dieser-durchlauf","ui","Siege dieser Durchlauf:","","Build-Zusammenfassung — src/ui/BuildSummary.jsx:37","","new",""
"ui.buildsummary.skill","ui","Skill","","Build-Zusammenfassung — src/ui/BuildSummary.jsx:11","","new",""
"ui.buildsummary.werte-uber-10-violett-uberbieten-jede","ui","Werte über 10 (violett) überbieten jede Gegnerkarte.","","Build-Zusammenfassung — src/ui/BuildSummary.jsx:205","","new",""
"ui.card.basis","ui","Basis","","Karte — src/ui/Card.jsx:156","","new",""
"ui.card.grun-reif-teil-des-farbblocks","ui","Grün (reif) — Teil des Farbblocks","","Karte — src/ui/Card.jsx:125","","new",""
"ui.card.helvetica-neue-arial-sans-serif","ui","""Helvetica Neue"", Arial, sans-serif","","Karte — src/ui/Card.jsx:103","","new",""
"ui.card.score-bei-sieg","ui","Score bei Sieg$","","Karte — src/ui/Card.jsx:142","","new",""
"ui.card.stich","ui","Stich","","Karte — src/ui/Card.jsx:157","","new",""
"ui.carddetail.ausgewachsen","ui","Ausgewachsen","","Kartendetail — src/ui/CardDetail.jsx:99","","new",""
"ui.carddetail.feld-crit","ui","% Feld-Crit","","Kartendetail — src/ui/CardDetail.jsx:90","","new",""
"ui.carddetail.feuer","ui","Feuer:","","Kartendetail — src/ui/CardDetail.jsx:118","","new",""
"ui.carddetail.formationen","ui","Formationen:","","Kartendetail — src/ui/CardDetail.jsx:76","","new",""
"ui.carddetail.gebaude","ui","🏗 Gebäude:","","Kartendetail — src/ui/CardDetail.jsx:126","","new",""
"ui.carddetail.geschmiedet","ui","⚒ Geschmiedet +","","Kartendetail — src/ui/CardDetail.jsx:119","","new",""
"ui.carddetail.ionisierung","ui","Ionisierung:","","Kartendetail — src/ui/CardDetail.jsx:87","","new",""
"ui.carddetail.kartenwert","ui","Kartenwert","","Kartendetail — src/ui/CardDetail.jsx:108","","new",""
"ui.carddetail.keine-direkte-wirkung-an-dieser-karte","ui","keine direkte Wirkung an dieser Karte","","Kartendetail — src/ui/CardDetail.jsx:131","","new",""
"ui.carddetail.pflanze","ui","Pflanze:","","Kartendetail — src/ui/CardDetail.jsx:105","","new",""
"ui.carddetail.rollen","ui","Rollen:","","Kartendetail — src/ui/CardDetail.jsx:52","","new",""
"ui.carddetail.score","ui","Score","","Kartendetail — src/ui/CardDetail.jsx:88","","new",""
"ui.carddetail.setzling","ui","Setzling","","Kartendetail — src/ui/CardDetail.jsx:99","","new",""
"ui.carddetail.uberlauf","ui","Überlauf","","Kartendetail — src/ui/CardDetail.jsx:110","","new",""
"ui.carddetail.ursprung","ui","Ursprung","","Kartendetail — src/ui/CardDetail.jsx:49","","new",""
"ui.carddetail.wachstum","ui","Wachstum","","Kartendetail — src/ui/CardDetail.jsx:107","","new",""
"ui.carddetail.wurzel-score-sieg","ui","Wurzel-Score/Sieg","","Kartendetail — src/ui/CardDetail.jsx:109","","new",""
"ui.cardgrid.crit","ui","Crit","","Kartenraster / Brett — src/ui/CardGrid.jsx:18","","new",""
"ui.cardgrid.formation","ui","Formation","","Kartenraster / Brett — src/ui/CardGrid.jsx:18","","new",""
"ui.cardgrid.grenze-offen","ui","⇕ Grenze offen","","Kartenraster / Brett — src/ui/CardGrid.jsx:189","","new",""
"ui.cardgrid.grun-reif-zahlt-fur-den-farbblock","ui","Grün (reif) — zählt für den Farbblock","","Kartenraster / Brett — src/ui/CardGrid.jsx:137","","new",""
"ui.cardgrid.joker","ui","Joker","","Kartenraster / Brett — src/ui/CardGrid.jsx:18","","new",""
"ui.cardgrid.kraft","ui","Kraft","","Kartenraster / Brett — src/ui/CardGrid.jsx:18","","new",""
"ui.cardgrid.score","ui","Score","","Kartenraster / Brett — src/ui/CardGrid.jsx:18","","new",""
"ui.cardgrid.serie","ui","Serie","","Kartenraster / Brett — src/ui/CardGrid.jsx:18","","new",""
"ui.cardgrid.und","ui","und $","","Kartenraster / Brett — src/ui/CardGrid.jsx:184","","new",""
"ui.chargebar.blitz","ui","Blitz","","Blitz-HUD (Ladung/Ionisierung) — src/ui/ChargeBar.jsx:123","","new",""
"ui.chargebar.blitzfrequenz","ui","Blitzfrequenz","","Blitz-HUD (Ladung/Ionisierung) — src/ui/ChargeBar.jsx:169","","new",""
"ui.chargebar.crit-chance-des-nachsten-siegs","ui","Crit-Chance des nächsten Siegs.","","Blitz-HUD (Ladung/Ionisierung) — src/ui/ChargeBar.jsx:171","","new",""
"ui.chargebar.crit-voll-die-leiste-zeigt-jetzt","ui","Crit voll — die Leiste zeigt jetzt den Crit-Multiplikator.","","Blitz-HUD (Ladung/Ionisierung) — src/ui/ChargeBar.jsx:171","","new",""
"ui.chargebar.entladung","ui","Entladung","","Blitz-HUD (Ladung/Ionisierung) — src/ui/ChargeBar.jsx:162","","new",""
"ui.chargebar.entladung-dauerhaftes-crit-multiplikator-momentum-je","ui","Entladung: dauerhaftes Crit-Multiplikator-Momentum je Entladung.","","Blitz-HUD (Ladung/Ionisierung) — src/ui/ChargeBar.jsx:162","","new",""
"ui.chargebar.entladungen","ui","Entladungen","","Blitz-HUD (Ladung/Ionisierung) — src/ui/ChargeBar.jsx:160","","new",""
"ui.chargebar.gewitterfront","ui","Gewitterfront","","Blitz-HUD (Ladung/Ionisierung) — src/ui/ChargeBar.jsx:161","","new",""
"ui.chargebar.ionisierung","ui","Ionisierung","","Blitz-HUD (Ladung/Ionisierung) — src/ui/ChargeBar.jsx:18","","new",""
"ui.chargebar.ladung","ui","` : `Ladung $","","Blitz-HUD (Ladung/Ionisierung) — src/ui/ChargeBar.jsx:110","","new",""
"ui.chargebar.ladung-2","ui","Ladung","","Blitz-HUD (Ladung/Ionisierung) — src/ui/ChargeBar.jsx:140","","new",""
"ui.chargebar.serienkette","ui","🔗 Serienkette","","Blitz-HUD (Ladung/Ionisierung) — src/ui/ChargeBar.jsx:51","","new",""
"ui.chargebar.serienschutz-eine-niederlage-mit-genug-ladung","ui","Serienschutz: eine Niederlage mit genug Ladung hielt die Serie (½ Ladung verbraucht).","","Blitz-HUD (Ladung/Ionisierung) — src/ui/ChargeBar.jsx:195","","new",""
"ui.chargebar.sturm-sattigung","ui","🌐 Sturm-Sättigung","","Blitz-HUD (Ladung/Ionisierung) — src/ui/ChargeBar.jsx:131","","new",""
"ui.chargebar.sturmgrosse","ui","Sturmgröße","","Blitz-HUD (Ladung/Ionisierung) — src/ui/ChargeBar.jsx:132","","new",""
"ui.chargebar.sturmintensitat","ui","Sturmintensität","","Blitz-HUD (Ladung/Ionisierung) — src/ui/ChargeBar.jsx:133","","new",""
"ui.chargebar.voll-geladen","ui","Voll geladen","","Blitz-HUD (Ladung/Ionisierung) — src/ui/ChargeBar.jsx:110","","new",""
"ui.chargebar.volle-ladungsverbrauche-diesen-lauf-der-kern","ui","Volle Ladungsverbräuche diesen Lauf — der Kern-Rhythmus des Sturms.","","Blitz-HUD (Ladung/Ionisierung) — src/ui/ChargeBar.jsx:160","","new",""
"ui.chronikoverview.aktuelle-formationen","ui","Aktuelle Formationen","","Chronik (Kartenübersicht) — src/ui/ChronikOverview.jsx:146","","new",""
"ui.chronikoverview.anker","ui","Anker","","Chronik (Kartenübersicht) — src/ui/ChronikOverview.jsx:124","","new",""
"ui.chronikoverview.architektenphase","ui","🏗 Architektenphase","","Chronik (Kartenübersicht) — src/ui/ChronikOverview.jsx:166","","new",""
"ui.chronikoverview.chronik","ui","Chronik","","Chronik (Kartenübersicht) — src/ui/ChronikOverview.jsx:72","","new",""
"ui.chronikoverview.crit","ui","Crit","","Chronik (Kartenübersicht) — src/ui/ChronikOverview.jsx:25","","new",""
"ui.chronikoverview.deck-starke-je-farbe","ui","Deck-Stärke je Farbe","","Chronik (Kartenübersicht) — src/ui/ChronikOverview.jsx:137","","new",""
"ui.chronikoverview.formation","ui","Formation","","Chronik (Kartenübersicht) — src/ui/ChronikOverview.jsx:25","","new",""
"ui.chronikoverview.gebaude","ui","Gebäude ·","","Chronik (Kartenübersicht) — src/ui/ChronikOverview.jsx:168","","new",""
"ui.chronikoverview.joker","ui","Joker","","Chronik (Kartenübersicht) — src/ui/ChronikOverview.jsx:25","","new",""
"ui.chronikoverview.kartenubersicht","ui","Kartenübersicht","","Chronik (Kartenübersicht) — src/ui/ChronikOverview.jsx:73","","new",""
"ui.chronikoverview.keine-aktiven-formationen-mit-multiplikator","ui","Keine aktiven Formationen mit Multiplikator.","","Chronik (Kartenübersicht) — src/ui/ChronikOverview.jsx:158","","new",""
"ui.chronikoverview.kraft","ui","Kraft","","Chronik (Kartenübersicht) — src/ui/ChronikOverview.jsx:25","","new",""
"ui.chronikoverview.pos","ui","⚓ Pos","","Chronik (Kartenübersicht) — src/ui/ChronikOverview.jsx:127","","new",""
"ui.chronikoverview.schliessen","ui","Schließen","","Chronik (Kartenübersicht) — src/ui/ChronikOverview.jsx:75","","new",""
"ui.chronikoverview.score","ui","Score","","Chronik (Kartenübersicht) — src/ui/ChronikOverview.jsx:25","","new",""
"ui.chronikoverview.serie","ui","Serie","","Chronik (Kartenübersicht) — src/ui/ChronikOverview.jsx:25","","new",""
"ui.controls.beenden","ui","Beenden","","Steuerleiste — src/ui/Controls.jsx:27","","new",""
"ui.controls.neustart","ui","Neustart","","Steuerleiste — src/ui/Controls.jsx:26","","new",""
"ui.controls.optionen","ui","Optionen","","Steuerleiste — src/ui/Controls.jsx:25","","new",""
"ui.controls.optionen-2","ui","⚙ Optionen","","Steuerleiste — src/ui/Controls.jsx:25","","new",""
"ui.customizescreen.aktiv","ui","AKTIV","","Deck-Werkstatt (Kosmetik) — src/ui/CustomizeScreen.jsx:1052","","new",""
"ui.customizescreen.aktiv-2","ui","Aktiv ✓","","Deck-Werkstatt (Kosmetik) — src/ui/CustomizeScreen.jsx:1142","","new",""
"ui.customizescreen.aktiv-kein-hintergrund","ui","✓ Aktiv — kein Hintergrund","","Deck-Werkstatt (Kosmetik) — src/ui/CustomizeScreen.jsx:1354","","new",""
"ui.customizescreen.aktiv-keine-animation","ui","✓ Aktiv — keine Animation","","Deck-Werkstatt (Kosmetik) — src/ui/CustomizeScreen.jsx:1414","","new",""
"ui.customizescreen.aktivieren","ui","Aktivieren","","Deck-Werkstatt (Kosmetik) — src/ui/CustomizeScreen.jsx:1145","","new",""
"ui.customizescreen.alle","ui","Alle","","Deck-Werkstatt (Kosmetik) — src/ui/CustomizeScreen.jsx:1026","","new",""
"ui.customizescreen.alle-animationen-aus","ui","Alle Animationen aus","","Deck-Werkstatt (Kosmetik) — src/ui/CustomizeScreen.jsx:1414","","new",""
"ui.customizescreen.alle-karten-animationen-aus","ui","Alle Karten-Animationen aus.","","Deck-Werkstatt (Kosmetik) — src/ui/CustomizeScreen.jsx:1194","","new",""
"ui.customizescreen.als-animation-wahlen","ui","Als Animation wählen","","Deck-Werkstatt (Kosmetik) — src/ui/CustomizeScreen.jsx:1418","","new",""
"ui.customizescreen.als-finisher-wahlen","ui","Als Finisher wählen","","Deck-Werkstatt (Kosmetik) — src/ui/CustomizeScreen.jsx:1327","","new",""
"ui.customizescreen.als-hintergrund-wahlen","ui","Als Hintergrund wählen","","Deck-Werkstatt (Kosmetik) — src/ui/CustomizeScreen.jsx:1356","","new",""
"ui.customizescreen.als-prunk-wahlen","ui","Als Prunk wählen","","Deck-Werkstatt (Kosmetik) — src/ui/CustomizeScreen.jsx:1386","","new",""
"ui.customizescreen.an-tippen-zum-ausschalten","ui","✓ An — tippen zum Ausschalten","","Deck-Werkstatt (Kosmetik) — src/ui/CustomizeScreen.jsx:1348","","new",""
"ui.customizescreen.ausgewahlt","ui","✓ Ausgewählt","","Deck-Werkstatt (Kosmetik) — src/ui/CustomizeScreen.jsx:1327","","new",""
"ui.customizescreen.besitz","ui","Besitz","","Deck-Werkstatt (Kosmetik) — src/ui/CustomizeScreen.jsx:1026","","new",""
"ui.customizescreen.blitz","ui","Blitz","","Deck-Werkstatt (Kosmetik) — src/ui/CustomizeScreen.jsx:652","","new",""
"ui.customizescreen.brutal","ui","Brutal","","Deck-Werkstatt (Kosmetik) — src/ui/CustomizeScreen.jsx:765","","new",""
"ui.customizescreen.challenge-deck","ui","Challenge-Deck","","Deck-Werkstatt (Kosmetik) — src/ui/CustomizeScreen.jsx:1083","","new",""
"ui.customizescreen.challenges","ui","Challenges","","Deck-Werkstatt (Kosmetik) — src/ui/CustomizeScreen.jsx:989","","new",""
"ui.customizescreen.cyberpunk-glitch-mit-gelegentlichen-bursts","ui","Cyberpunk-Glitch mit gelegentlichen Bursts.","","Deck-Werkstatt (Kosmetik) — src/ui/CustomizeScreen.jsx:1178","","new",""
"ui.customizescreen.dauerhafter-neon-rand-in-der-deckfarbe","ui","Dauerhafter Neon-Rand in der Deckfarbe.","","Deck-Werkstatt (Kosmetik) — src/ui/CustomizeScreen.jsx:1176","","new",""
"ui.customizescreen.deck-werkstatt","ui","Deck-Werkstatt","","Deck-Werkstatt (Kosmetik) — src/ui/CustomizeScreen.jsx:975","","new",""
"ui.customizescreen.deckfarbe","ui","Deckfarbe","","Deck-Werkstatt (Kosmetik) — src/ui/CustomizeScreen.jsx:1337","","new",""
"ui.customizescreen.der-schlichte-grund-finisher-immer-verfugbar","ui","Der schlichte Grund-Finisher (immer verfügbar, Standard-Auswahl): Die geschlagene Gegnerkarte fliegt nach dem Stich einfach zur Seite weg — genau wie deine eigene Karte bei einer Niederlage. Beim Sieg wird der Aufdeck-Sound leicht höher gestimmt. Kein Schnitt, kein Prunk.","","Deck-Werkstatt (Kosmetik) — src/ui/CustomizeScreen.jsx:136","","new",""
"ui.customizescreen.desktop","ui","DESKTOP","","Deck-Werkstatt (Kosmetik) — src/ui/CustomizeScreen.jsx:911","","new",""
"ui.customizescreen.die-vier-archetyp-effekte-feuer-blitz","ui","Die vier Archetyp-Effekte (Feuer · Blitz · Eis · Pflanze) — immer aktiv. Wähle die Farbe: feste Neon-Standardfarbe oder die Farbe deines aktiven Decks.","","Deck-Werkstatt (Kosmetik) — src/ui/CustomizeScreen.jsx:173","","new",""
"ui.customizescreen.doppeltippen","ui","Doppeltippen","","Deck-Werkstatt (Kosmetik) — src/ui/CustomizeScreen.jsx:1286","","new",""
"ui.customizescreen.doppeltippen-abwahlen","ui","Doppeltippen: abwählen","","Deck-Werkstatt (Kosmetik) — src/ui/CustomizeScreen.jsx:1482","","new",""
"ui.customizescreen.doppeltippen-auswahlen","ui","Doppeltippen: auswählen","","Deck-Werkstatt (Kosmetik) — src/ui/CustomizeScreen.jsx:1482","","new",""
"ui.customizescreen.dp","ui","DP","","Deck-Werkstatt (Kosmetik) — src/ui/CustomizeScreen.jsx:981","","new",""
"ui.customizescreen.effekte","ui","Effekte","","Deck-Werkstatt (Kosmetik) — src/ui/CustomizeScreen.jsx:989","","new",""
"ui.customizescreen.ein","ui","Ein","","Deck-Werkstatt (Kosmetik) — src/ui/CustomizeScreen.jsx:1083","","new",""
"ui.customizescreen.ein-laser-schiesst-einmalig-aus-zufalliger","ui","Ein Laser schießt einmalig aus zufälliger Richtung in die Gegnerkarte — dann verglüht sie organisch: eine zerklüftete Brennkante frisst sich mit glühendem Rand über die Karte, während weiche Glut aufsteigt, Asche fällt und Funken sprühen. In Standard-Feuer oder in der Deckfarbe.","","Deck-Werkstatt (Kosmetik) — src/ui/CustomizeScreen.jsx:146","","new",""
"ui.customizescreen.ein-persistentes-schwarzes-loch-mitten-im","ui","Ein persistentes Schwarzes Loch mitten im Feld, das über deine Siegesserie wächst: Jeder Sieg zieht die geschlagene Gegnerkarte spiralförmig in den Ereignishorizont und speist die rotierende Akkretionsscheibe, eine Niederlage lässt das Loch schrumpfen. Ist es groß genug gewachsen und kollabiert, zerreißt eine Supernova das Feld. In Standard blau/pink oder in der Deckfarbe.","","Deck-Werkstatt (Kosmetik) — src/ui/CustomizeScreen.jsx:158","","new",""
"ui.customizescreen.eine-laserlinie-fahrt-achsen-parallel-uber","ui","Eine Laserlinie fährt achsen-parallel über die geschlagene Gegnerkarte und deckt dabei ein Nahtraster auf. Danach zerfällt die Karte in ein Kachelgitter: die Stücke fliegen mit Rotation weg und prallen vom Boden ab, während das Kartenbild früh verblasst, sodass nur noch der leuchtende Hologrid-Rahmen bleibt. In Standard-Cyan/Magenta oder in der Deckfarbe.","","Deck-Werkstatt (Kosmetik) — src/ui/CustomizeScreen.jsx:152","","new",""
"ui.customizescreen.einer-aktiv-leuchten-frei","ui","einer aktiv · Leuchten frei","","Deck-Werkstatt (Kosmetik) — src/ui/CustomizeScreen.jsx:185","","new",""
"ui.customizescreen.einschalten","ui","Einschalten","","Deck-Werkstatt (Kosmetik) — src/ui/CustomizeScreen.jsx:1348","","new",""
"ui.customizescreen.eis","ui","Eis","","Deck-Werkstatt (Kosmetik) — src/ui/CustomizeScreen.jsx:653","","new",""
"ui.customizescreen.feuer","ui","Feuer","","Deck-Werkstatt (Kosmetik) — src/ui/CustomizeScreen.jsx:651","","new",""
"ui.customizescreen.feuer-blitz-eis-pflanze-immer-aktiv","ui","Feuer · Blitz · Eis · Pflanze — immer aktiv, nur Farbwahl (Standard/Deckfarbe).","","Deck-Werkstatt (Kosmetik) — src/ui/CustomizeScreen.jsx:1195","","new",""
"ui.customizescreen.frei","ui","Frei","","Deck-Werkstatt (Kosmetik) — src/ui/CustomizeScreen.jsx:1026","","new",""
"ui.customizescreen.gefullt","ui","Gefüllt","","Deck-Werkstatt (Kosmetik) — src/ui/CustomizeScreen.jsx:1372","","new",""
"ui.customizescreen.gesperrt","ui","Gesperrt","","Deck-Werkstatt (Kosmetik) — src/ui/CustomizeScreen.jsx:1026","","new",""
"ui.customizescreen.gilt-nur-wenn-klinge-auch-im","ui","gilt nur, wenn Klinge auch im Besitz ist — sonst zurück auf „standard","","Deck-Werkstatt (Kosmetik) — src/ui/CustomizeScreen.jsx:250","","new",""
"ui.customizescreen.gottgleich","ui","Gottgleich","","Deck-Werkstatt (Kosmetik) — src/ui/CustomizeScreen.jsx:551","","new",""
"ui.customizescreen.gottgleicher-sieg-ohne-prunk-effekt","ui","Gottgleicher Sieg ohne Prunk-Effekt.","","Deck-Werkstatt (Kosmetik) — src/ui/CustomizeScreen.jsx:1197","","new",""
"ui.customizescreen.gottgleicher-sieg-ohne-prunk-effekt-die","ui","Gottgleicher Sieg OHNE Prunk-Effekt — die Basis zum Vergleichen (Standard-Auswahl, kein Kauf).","","Deck-Werkstatt (Kosmetik) — src/ui/CustomizeScreen.jsx:167","","new",""
"ui.customizescreen.hintergrund","ui","Hintergrund","","Deck-Werkstatt (Kosmetik) — src/ui/CustomizeScreen.jsx:185","","new",""
"ui.customizescreen.hologrid-laser","ui","Hologrid-Laser","","Deck-Werkstatt (Kosmetik) — src/ui/CustomizeScreen.jsx:151","","new",""
"ui.customizescreen.holowurfel-zerspringt-gottgleicher-sieg","ui","Holowürfel zerspringt — gottgleicher Sieg.","","Deck-Werkstatt (Kosmetik) — src/ui/CustomizeScreen.jsx:1190","","new",""
"ui.customizescreen.im-besitz","ui","im Besitz","","Deck-Werkstatt (Kosmetik) — src/ui/CustomizeScreen.jsx:1472","","new",""
"ui.customizescreen.irre","ui","Irre","","Deck-Werkstatt (Kosmetik) — src/ui/CustomizeScreen.jsx:765","","new",""
"ui.customizescreen.karte-hinten","ui","Karte hinten","","Deck-Werkstatt (Kosmetik) — src/ui/CustomizeScreen.jsx:1094","","new",""
"ui.customizescreen.karte-vorne","ui","Karte vorne","","Deck-Werkstatt (Kosmetik) — src/ui/CustomizeScreen.jsx:1094","","new",""
"ui.customizescreen.karten","ui","Karten","","Deck-Werkstatt (Kosmetik) — src/ui/CustomizeScreen.jsx:183","","new",""
"ui.customizescreen.kaufbar","ui","Kaufbar","","Deck-Werkstatt (Kosmetik) — src/ui/CustomizeScreen.jsx:1026","","new",""
"ui.customizescreen.kaufen-aktiviert-das-pack-direkt","ui","Kaufen aktiviert das Pack direkt","","Deck-Werkstatt (Kosmetik) — src/ui/CustomizeScreen.jsx:1084","","new",""
"ui.customizescreen.kein-battlefield","ui","Kein Battlefield","","Deck-Werkstatt (Kosmetik) — src/ui/CustomizeScreen.jsx:908","","new",""
"ui.customizescreen.kein-effekt","ui","Kein Effekt","","Deck-Werkstatt (Kosmetik) — src/ui/CustomizeScreen.jsx:190","","new",""
"ui.customizescreen.kein-hintergrund","ui","Kein Hintergrund","","Deck-Werkstatt (Kosmetik) — src/ui/CustomizeScreen.jsx:1354","","new",""
"ui.customizescreen.kein-hintergrund-effekt-leuchten-bleibt-moglich","ui","Kein Hintergrund-Effekt (Leuchten bleibt möglich).","","Deck-Werkstatt (Kosmetik) — src/ui/CustomizeScreen.jsx:1194","","new",""
"ui.customizescreen.kein-hintergrund-effekt-nur-das-battlefield","ui","Kein Hintergrund-Effekt — nur das Battlefield-Bild (immer verfügbar). Leuchten kann zusätzlich aktiv bleiben.","","Deck-Werkstatt (Kosmetik) — src/ui/CustomizeScreen.jsx:191","","new",""
"ui.customizescreen.keine-animation","ui","Keine Animation","","Deck-Werkstatt (Kosmetik) — src/ui/CustomizeScreen.jsx:195","","new",""
"ui.customizescreen.keine-karten-animation-die-karten-bleiben","ui","Keine Karten-Animation — die Karten bleiben schlicht. Anwählen schaltet alle Karten-Animationen ab (immer verfügbar).","","Deck-Werkstatt (Kosmetik) — src/ui/CustomizeScreen.jsx:196","","new",""
"ui.customizescreen.klinge","ui","Klinge","","Deck-Werkstatt (Kosmetik) — src/ui/CustomizeScreen.jsx:140","","new",""
"ui.customizescreen.klingenschnitt-skaliert-mit-der-siegesserie","ui","Klingenschnitt — skaliert mit der Siegesserie.","","Deck-Werkstatt (Kosmetik) — src/ui/CustomizeScreen.jsx:1184","","new",""
"ui.customizescreen.kollaps-detonation-tunnel-gottgleicher-sieg","ui","Kollaps → Detonation → Tunnel — gottgleicher Sieg.","","Deck-Werkstatt (Kosmetik) — src/ui/CustomizeScreen.jsx:1191","","new",""
"ui.customizescreen.konturen-des-battlefields-gluhen-frei-mit","ui","Konturen des Battlefields glühen — frei mit allen anderen Effekten kombinierbar.","","Deck-Werkstatt (Kosmetik) — src/ui/CustomizeScreen.jsx:1181","","new",""
"ui.customizescreen.laser","ui","Laser","","Deck-Werkstatt (Kosmetik) — src/ui/CustomizeScreen.jsx:145","","new",""
"ui.customizescreen.laser-fachern-auf-gottgleicher-sieg","ui","Laser fächern auf — gottgleicher Sieg.","","Deck-Werkstatt (Kosmetik) — src/ui/CustomizeScreen.jsx:1188","","new",""
"ui.customizescreen.laternenfest","ui","Laternenfest","","Deck-Werkstatt (Kosmetik) — src/ui/CustomizeScreen.jsx:688","","new",""
"ui.customizescreen.mobile","ui","MOBILE","","Deck-Werkstatt (Kosmetik) — src/ui/CustomizeScreen.jsx:911","","new",""
"ui.customizescreen.neon-wurfelfeld-reagiert-auf-die-musik","ui","Neon-Würfelfeld — reagiert auf die Musik.","","Deck-Werkstatt (Kosmetik) — src/ui/CustomizeScreen.jsx:1182","","new",""
"ui.customizescreen.nichts-in-dieser-ansicht","ui","Nichts in dieser Ansicht.","","Deck-Werkstatt (Kosmetik) — src/ui/CustomizeScreen.jsx:1078","","new",""
"ui.customizescreen.nur-bei-besitz-aktiv-sonst-standard","ui","nur bei Besitz aktiv, sonst „standard","","Deck-Werkstatt (Kosmetik) — src/ui/CustomizeScreen.jsx:1202","","new",""
"ui.customizescreen.nur-einer-aktiv","ui","nur einer aktiv","","Deck-Werkstatt (Kosmetik) — src/ui/CustomizeScreen.jsx:184","","new",""
"ui.customizescreen.nur-rahmen","ui","◇ Nur Rahmen","","Deck-Werkstatt (Kosmetik) — src/ui/CustomizeScreen.jsx:1372","","new",""
"ui.customizescreen.outrun-sonne-feuert-beim-gottgleichen-sieg","ui","Outrun-Sonne — feuert beim gottgleichen Sieg.","","Deck-Werkstatt (Kosmetik) — src/ui/CustomizeScreen.jsx:1187","","new",""
"ui.customizescreen.pack","ui","Pack","","Deck-Werkstatt (Kosmetik) — src/ui/CustomizeScreen.jsx:1084","","new",""
"ui.customizescreen.packs","ui","Packs","","Deck-Werkstatt (Kosmetik) — src/ui/CustomizeScreen.jsx:989","","new",""
"ui.customizescreen.pflanze","ui","Pflanze","","Deck-Werkstatt (Kosmetik) — src/ui/CustomizeScreen.jsx:654","","new",""
"ui.customizescreen.plasma-see-am-unteren-rand-starke","ui","Plasma-See am unteren Rand — starke Ansagen drücken das Wasser mittig ein, es steigt an den Rändern hoch.","","Deck-Werkstatt (Kosmetik) — src/ui/CustomizeScreen.jsx:1180","","new",""
"ui.customizescreen.prismatische-schockwellen-gottgleicher-sieg","ui","Prismatische Schockwellen — gottgleicher Sieg.","","Deck-Werkstatt (Kosmetik) — src/ui/CustomizeScreen.jsx:1189","","new",""
"ui.customizescreen.prismatisches-lichtband-tilt-reaktiv","ui","Prismatisches Lichtband, tilt-reaktiv.","","Deck-Werkstatt (Kosmetik) — src/ui/CustomizeScreen.jsx:1177","","new",""
"ui.customizescreen.ronin","ui","Ronin","","Deck-Werkstatt (Kosmetik) — src/ui/CustomizeScreen.jsx:686","","new",""
"ui.customizescreen.scarab","ui","Scarab","","Deck-Werkstatt (Kosmetik) — src/ui/CustomizeScreen.jsx:689","","new",""
"ui.customizescreen.schliessen","ui","Schließen","","Deck-Werkstatt (Kosmetik) — src/ui/CustomizeScreen.jsx:983","","new",""
"ui.customizescreen.schwach","ui","Schwach","","Deck-Werkstatt (Kosmetik) — src/ui/CustomizeScreen.jsx:765","","new",""
"ui.customizescreen.schwarzes-loch","ui","Schwarzes Loch","","Deck-Werkstatt (Kosmetik) — src/ui/CustomizeScreen.jsx:157","","new",""
"ui.customizescreen.schwarzes-loch-saugt-die-gegnerkarte-ein","ui","Schwarzes Loch saugt die Gegnerkarte ein.","","Deck-Werkstatt (Kosmetik) — src/ui/CustomizeScreen.jsx:1186","","new",""
"ui.customizescreen.score","ui","Score","","Deck-Werkstatt (Kosmetik) — src/ui/CustomizeScreen.jsx:186","","new",""
"ui.customizescreen.skill-effekt","ui","Skill-Effekt","","Deck-Werkstatt (Kosmetik) — src/ui/CustomizeScreen.jsx:172","","new",""
"ui.customizescreen.skill-immer-an-eine-animation","ui","Skill immer an · eine Animation","","Deck-Werkstatt (Kosmetik) — src/ui/CustomizeScreen.jsx:183","","new",""
"ui.customizescreen.standard","ui","Standard","","Deck-Werkstatt (Kosmetik) — src/ui/CustomizeScreen.jsx:135","","new",""
"ui.customizescreen.standard-immer-aktiv-kein-kauf-notig","ui","Standard — immer aktiv, kein Kauf nötig","","Deck-Werkstatt (Kosmetik) — src/ui/CustomizeScreen.jsx:1317","","new",""
"ui.customizescreen.stark","ui","Stark","","Deck-Werkstatt (Kosmetik) — src/ui/CustomizeScreen.jsx:765","","new",""
"ui.customizescreen.sternschnuppe-je-stich-grosser-mit-dem","ui","Sternschnuppe je Stich — größer mit dem Score.","","Deck-Werkstatt (Kosmetik) — src/ui/CustomizeScreen.jsx:1183","","new",""
"ui.customizescreen.stich","ui","Stich","","Deck-Werkstatt (Kosmetik) — src/ui/CustomizeScreen.jsx:184","","new",""
"ui.customizescreen.tippen-details","ui","tippen → Details","","Deck-Werkstatt (Kosmetik) — src/ui/CustomizeScreen.jsx:1057","","new",""
"ui.customizescreen.verliererkarte-fliegt-einfach-zur-seite-weg","ui","Verliererkarte fliegt einfach zur Seite weg.","","Deck-Werkstatt (Kosmetik) — src/ui/CustomizeScreen.jsx:1196","","new",""
"ui.customizescreen.wahlen-an-aus","ui","wählen / an-aus","","Deck-Werkstatt (Kosmetik) — src/ui/CustomizeScreen.jsx:1286","","new",""
"ui.customizescreen.wird-uber-eine-herausforderung","ui","wird über eine Herausforderung","","Deck-Werkstatt (Kosmetik) — src/ui/CustomizeScreen.jsx:1083","","new",""
"ui.deckdetail.challenges","ui","Challenges","","Deck-Detailansicht — src/ui/DeckDetail.jsx:67","","new",""
"ui.deckdetail.deck","ui","Deck","","Deck-Detailansicht — src/ui/DeckDetail.jsx:91","","new",""
"ui.deckdetail.keine-deck-gebundenen-freischaltungen","ui","Keine deck-gebundenen Freischaltungen.","","Deck-Detailansicht — src/ui/DeckDetail.jsx:136","","new",""
"ui.deckdetail.konsument","ui","Konsument","","Deck-Detailansicht — src/ui/DeckDetail.jsx:208","","new",""
"ui.deckdetail.legendare","ui","Legendäre","","Deck-Detailansicht — src/ui/DeckDetail.jsx:121","","new",""
"ui.deckdetail.leitfaden","ui","Leitfaden","","Deck-Detailansicht — src/ui/DeckDetail.jsx:66","","new",""
"ui.deckdetail.schliessen","ui","Schließen","","Deck-Detailansicht — src/ui/DeckDetail.jsx:88","","new",""
"ui.deckdetail.skills","ui","Skills","","Deck-Detailansicht — src/ui/DeckDetail.jsx:65","","new",""
"ui.deckdetail.zuruck","ui","Zurück","","Deck-Detailansicht — src/ui/DeckDetail.jsx:80","","new",""
"ui.deckdetail.zuruck-2","ui","‹ Zurück","","Deck-Detailansicht — src/ui/DeckDetail.jsx:82","","new",""
"ui.familytargetselect.bestatigen","ui","Bestätigen","","Ziel-Auswahl (Familien-Perks) — src/ui/FamilyTargetSelect.jsx:60","","new",""
"ui.familytargetselect.deck-werte-je-farbe","ui","Deck-Werte je Farbe","","Ziel-Auswahl (Familien-Perks) — src/ui/FamilyTargetSelect.jsx:116","","new",""
"ui.familytargetselect.dein-deck-aktuelle-formationen","ui","Dein Deck · aktuelle Formationen","","Ziel-Auswahl (Familien-Perks) — src/ui/FamilyTargetSelect.jsx:89","","new",""
"ui.familytargetselect.formations-starke","ui","Formations-Stärke:","","Ziel-Auswahl (Familien-Perks) — src/ui/FamilyTargetSelect.jsx:131","","new",""
"ui.familytargetselect.gewahlt","ui","gewählt","","Ziel-Auswahl (Familien-Perks) — src/ui/FamilyTargetSelect.jsx:58","","new",""
"ui.familytargetselect.karte","ui","Karte","","Ziel-Auswahl (Familien-Perks) — src/ui/FamilyTargetSelect.jsx:66","","new",""
"ui.familytargetselect.karten","ui","Karten","","Ziel-Auswahl (Familien-Perks) — src/ui/FamilyTargetSelect.jsx:66","","new",""
"ui.familytargetselect.wahle-einen-formationstyp","ui","Wähle einen Formationstyp","","Ziel-Auswahl (Familien-Perks) — src/ui/FamilyTargetSelect.jsx:74","","new",""
"ui.format.bio","ui","Bio.","","Zahlformat (Kurz-Einheiten) — src/ui/format.js:15","","new",""
"ui.format.mio","ui","Mio.","","Zahlformat (Kurz-Einheiten) — src/ui/format.js:17","","new",""
"ui.format.mrd","ui","Mrd.","","Zahlformat (Kurz-Einheiten) — src/ui/format.js:16","","new",""
"ui.formation.farbblock.label","ui","Farbblock","","Formationstyp — Name","14","new",""
"ui.formation.treppe.label","ui","Treppe","","Formationstyp — Name","14","new",""
"ui.formation.wechsel.label","ui","Wechsel","","Formationstyp — Name","14","new",""
"ui.formation.wiederholung.label","ui","Wiederholung","","Formationstyp — Name","14","new",""
"ui.formationlabel.anker.abbr","ui","A","","Formationstyp „Anker"" — EIN Zeichen fürs Karten-Badge","1","new","harte Längenschranke: genau 1 Zeichen, paarweise verschieden"
"ui.formationlabel.anker.label","ui","Anker","","Formationstyp — Anzeigename (Battlefield/Kartendetail)","14","new",""
"ui.formationlabel.farbblock.abbr","ui","F","","Formationstyp „Farbblock"" — EIN Zeichen fürs Karten-Badge","1","new","harte Längenschranke: genau 1 Zeichen, paarweise verschieden"
"ui.formationlabel.farbblock.label","ui","Farbblock","","Formationstyp — Anzeigename (Battlefield/Kartendetail)","14","new",""
"ui.formationlabel.formationskern.abbr","ui","K","","Formationstyp „Kern"" — EIN Zeichen fürs Karten-Badge","1","new","harte Längenschranke: genau 1 Zeichen, paarweise verschieden"
"ui.formationlabel.formationskern.label","ui","Kern","","Formationstyp — Anzeigename (Battlefield/Kartendetail)","14","new",""
"ui.formationlabel.grenzbonus.abbr","ui","G","","Formationstyp „Grenzbonus"" — EIN Zeichen fürs Karten-Badge","1","new","harte Längenschranke: genau 1 Zeichen, paarweise verschieden"
"ui.formationlabel.grenzbonus.label","ui","Grenzbonus","","Formationstyp — Anzeigename (Battlefield/Kartendetail)","14","new",""
"ui.formationlabel.nachhall.abbr","ui","N","","Formationstyp „Nachhall"" — EIN Zeichen fürs Karten-Badge","1","new","harte Längenschranke: genau 1 Zeichen, paarweise verschieden"
"ui.formationlabel.nachhall.label","ui","Nachhall","","Formationstyp — Anzeigename (Battlefield/Kartendetail)","14","new",""
"ui.formationlabel.treppe.abbr","ui","T","","Formationstyp „Treppe"" — EIN Zeichen fürs Karten-Badge","1","new","harte Längenschranke: genau 1 Zeichen, paarweise verschieden"
"ui.formationlabel.treppe.label","ui","Treppe","","Formationstyp — Anzeigename (Battlefield/Kartendetail)","14","new",""
"ui.formationlabel.wechsel.abbr","ui","Z","","Formationstyp „Wechsel"" — EIN Zeichen fürs Karten-Badge","1","new","harte Längenschranke: genau 1 Zeichen, paarweise verschieden"
"ui.formationlabel.wechsel.label","ui","Wechsel","","Formationstyp — Anzeigename (Battlefield/Kartendetail)","14","new",""
"ui.formationlabel.wiederholung.abbr","ui","W","","Formationstyp „Wiederholung"" — EIN Zeichen fürs Karten-Badge","1","new","harte Längenschranke: genau 1 Zeichen, paarweise verschieden"
"ui.formationlabel.wiederholung.label","ui","Wiederholung","","Formationstyp — Anzeigename (Battlefield/Kartendetail)","14","new",""
"ui.formationpanel.deine-aktiven-formationen","ui","Deine aktiven Formationen","","Formations-Panel — src/ui/FormationPanel.jsx:16","","new",""
"ui.formationpanel.gebaude","ui","🏗 Gebäude","","Formations-Panel — src/ui/FormationPanel.jsx:52","","new",""
"ui.formationpanel.platzierte-architekt-gebaude-als-rahmen-uber","ui","Platzierte Architekt-Gebäude als Rahmen über dem Brett anzeigen","","Formations-Panel — src/ui/FormationPanel.jsx:52","","new",""
"ui.formationphase.alle-grenzen-offen-segmentubergreifend","ui","alle Grenzen offen, segmentübergreifend","","Aufstellungsphase — src/ui/FormationPhase.jsx:188","","new",""
"ui.formationphase.aufstellung-durchlauf","ui","Aufstellung · Durchlauf","","Aufstellungsphase — src/ui/FormationPhase.jsx:143","","new",""
"ui.formationphase.deck-aufstellen","ui","Deck aufstellen","","Aufstellungsphase — src/ui/FormationPhase.jsx:144","","new",""
"ui.formationphase.die-mit","ui","die mit","","Aufstellungsphase — src/ui/FormationPhase.jsx:189","","new",""
"ui.formationphase.eis-effekte-auf-formationen","ui","Eis-Effekte auf Formationen","","Aufstellungsphase — src/ui/FormationPhase.jsx:243","","new",""
"ui.formationphase.energie","ui","Energie","","Aufstellungsphase — src/ui/FormationPhase.jsx:181","","new",""
"ui.formationphase.formationen","ui","Formationen","","Aufstellungsphase — src/ui/FormationPhase.jsx:158","","new",""
"ui.formationphase.formations-bonus","ui","Formations-Bonus","","Aufstellungsphase — src/ui/FormationPhase.jsx:154","","new",""
"ui.formationphase.formations-differenz-seit-durchlaufbeginn-verbleibende-formations","ui","Formations-Differenz seit Durchlaufbeginn · verbleibende Formations-Energie","","Aufstellungsphase — src/ui/FormationPhase.jsx:179","","new",""
"ui.formationphase.fortfahren","ui","Fortfahren","","Aufstellungsphase — src/ui/FormationPhase.jsx:178","","new",""
"ui.formationphase.legende","ui","Legende","","Aufstellungsphase — src/ui/FormationPhase.jsx:224","","new",""
"ui.formationphase.markierten-grenzen-durfen-uberschritten-werden","ui","markierten Grenzen dürfen überschritten werden","","Aufstellungsphase — src/ui/FormationPhase.jsx:189","","new",""
"ui.formationphase.ruckgangig","ui","↶ Rückgängig","","Aufstellungsphase — src/ui/FormationPhase.jsx:170","","new",""
"ui.formationphase.segmentarbeit","ui","Segmentarbeit:","","Aufstellungsphase — src/ui/FormationPhase.jsx:188","","new",""
"ui.formationphase.zurucksetzen","ui","Zurücksetzen","","Aufstellungsphase — src/ui/FormationPhase.jsx:172","","new",""
"ui.glacierbar.bottom-center","ui","bottom center","","Eis-HUD (Gletscher) — src/ui/GlacierBar.jsx:60","","new",""
"ui.glacierbar.bricht","ui","Bricht","","Eis-HUD (Gletscher) — src/ui/GlacierBar.jsx:49","","new",""
"ui.glacierbar.bruch-bereit","ui","Bruch bereit","","Eis-HUD (Gletscher) — src/ui/GlacierBar.jsx:146","","new",""
"ui.glacierbar.center-bottom","ui","center bottom","","Eis-HUD (Gletscher) — src/ui/GlacierBar.jsx:60","","new",""
"ui.glacierbar.duo-buff","ui","Duo-Buff","","Eis-HUD (Gletscher) — src/ui/GlacierBar.jsx:186","","new",""
"ui.glacierbar.eis","ui","Eis","","Eis-HUD (Gletscher) — src/ui/GlacierBar.jsx:149","","new",""
"ui.glacierbar.end-center","ui","end center","","Eis-HUD (Gletscher) — src/ui/GlacierBar.jsx:57","","new",""
"ui.glacierbar.firn-boden-ladt","ui","Firn-Boden lädt","","Eis-HUD (Gletscher) — src/ui/GlacierBar.jsx:183","","new",""
"ui.glacierbar.firn-reserve","ui","Firn-Reserve","","Eis-HUD (Gletscher) — src/ui/GlacierBar.jsx:184","","new",""
"ui.glacierbar.gegner-eingefroren","ui","Gegner eingefroren","","Eis-HUD (Gletscher) — src/ui/GlacierBar.jsx:185","","new",""
"ui.glacierbar.gletscher-ertrag","ui","Gletscher-Ertrag","","Eis-HUD (Gletscher) — src/ui/GlacierBar.jsx:160","","new",""
"ui.glacierbar.grosse-lawine-bereit","ui","Große Lawine · bereit","","Eis-HUD (Gletscher) — src/ui/GlacierBar.jsx:187","","new",""
"ui.glacierbar.grosse-lawine-verbraucht","ui","Große Lawine · verbraucht","","Eis-HUD (Gletscher) — src/ui/GlacierBar.jsx:187","","new",""
"ui.glacierbar.grosstes-cluster","ui","Größtes Cluster","","Eis-HUD (Gletscher) — src/ui/GlacierBar.jsx:162","","new",""
"ui.glacierbar.kartenwert","ui","Kartenwert","","Eis-HUD (Gletscher) — src/ui/GlacierBar.jsx:54","","new",""
"ui.glacierbar.kaskade","ui","Kaskade","","Eis-HUD (Gletscher) — src/ui/GlacierBar.jsx:161","","new",""
"ui.glacierformlegend.block","ui","Block","","Legende Gletscher-Formationen — src/ui/GlacierFormLegend.jsx:16","","new",""
"ui.glacierformlegend.gletscher-formationen-2d","ui","Gletscher-Formationen (2D):","","Legende Gletscher-Formationen — src/ui/GlacierFormLegend.jsx:25","","new",""
"ui.glacierformlegend.grosse-flache","ui","Große Fläche","","Legende Gletscher-Formationen — src/ui/GlacierFormLegend.jsx:19","","new",""
"ui.glacierformlegend.karten-in-einer-aktiven-formation-tragen","ui","Karten in einer aktiven Formation tragen ein blaues","","Legende Gletscher-Formationen — src/ui/GlacierFormLegend.jsx:40","","new",""
"ui.glacierformlegend.kreuz","ui","Kreuz","","Legende Gletscher-Formationen — src/ui/GlacierFormLegend.jsx:17","","new",""
"ui.glacierformlegend.linie","ui","Linie","","Legende Gletscher-Formationen — src/ui/GlacierFormLegend.jsx:18","","new",""
"ui.glacierpick.bestatigen","ui","Bestätigen","","Gletscher-Auswahl — src/ui/GlacierPick.jsx:43","","new",""
"ui.glacierpick.gletscher","ui","Gletscher","","Gletscher-Auswahl — src/ui/GlacierPick.jsx:32","","new",""
"ui.glacierpick.wahle-eine-karte-als-gletscher","ui","Wähle eine Karte als Gletscher","","Gletscher-Auswahl — src/ui/GlacierPick.jsx:33","","new",""
"ui.heatbar.asche","ui","Asche","","Feuer-HUD (Hitze/Asche) — src/ui/HeatBar.jsx:145","","new",""
"ui.heatbar.asche-verbrannt","ui","Asche verbrannt","","Feuer-HUD (Hitze/Asche) — src/ui/HeatBar.jsx:98","","new",""
"ui.heatbar.brand-gegner","ui","Brand · Gegner","","Feuer-HUD (Hitze/Asche) — src/ui/HeatBar.jsx:161","","new",""
"ui.heatbar.feuer","ui","Feuer","","Feuer-HUD (Hitze/Asche) — src/ui/HeatBar.jsx:87","","new",""
"ui.heatbar.feuer-ertrag","ui","Feuer-Ertrag","","Feuer-HUD (Hitze/Asche) — src/ui/HeatBar.jsx:93","","new",""
"ui.heatbar.feuer-score","ui","Feuer-Score","","Feuer-HUD (Hitze/Asche) — src/ui/HeatBar.jsx:94","","new",""
"ui.heatbar.feuerwalze","ui","Feuerwalze","","Feuer-HUD (Hitze/Asche) — src/ui/HeatBar.jsx:65","","new",""
"ui.heatbar.flachenbrand-bereit","ui","Flächenbrand bereit","","Feuer-HUD (Hitze/Asche) — src/ui/HeatBar.jsx:76","","new",""
"ui.heatbar.geschmiedeter-kartenwert-summe-der-aufwertungen-uber","ui","Geschmiedeter Kartenwert — Summe der ⚒-Aufwertungen über alle Karten.","","Feuer-HUD (Hitze/Asche) — src/ui/HeatBar.jsx:151","","new",""
"ui.heatbar.gluhende-klinge","ui","Glühende Klinge","","Feuer-HUD (Hitze/Asche) — src/ui/HeatBar.jsx:70","","new",""
"ui.heatbar.schmiedungen","ui","Schmiedungen","","Feuer-HUD (Hitze/Asche) — src/ui/HeatBar.jsx:149","","new",""
"ui.heatbar.uber-den-lauf","ui","über den Lauf","","Feuer-HUD (Hitze/Asche) — src/ui/HeatBar.jsx:98","","new",""
"ui.heatbar.uberlauf","ui","Überlauf","","Feuer-HUD (Hitze/Asche) — src/ui/HeatBar.jsx:95","","new",""
"ui.heatbar.weissglut","ui","Weißglut","","Feuer-HUD (Hitze/Asche) — src/ui/HeatBar.jsx:76","","new",""
"ui.legendaryselect.7-slot","ui","7. Slot","","Legendär-Phase (Runde 29) — src/ui/LegendarySelect.jsx:26","","new",""
"ui.legendaryselect.keinen-legendar-stattdessen-einen-skill-wahlen","ui","Keinen Legendär — stattdessen einen Skill wählen","","Legendär-Phase (Runde 29) — src/ui/LegendarySelect.jsx:31","","new",""
"ui.legendaryselect.legendar","ui","Legendär","","Legendär-Phase (Runde 29) — src/ui/LegendarySelect.jsx:11","","new",""
"ui.legendaryselect.legendar-einmalige-wahl","ui","Legendär · einmalige Wahl","","Legendär-Phase (Runde 29) — src/ui/LegendarySelect.jsx:23","","new",""
"ui.legendaryselect.legendarer-skill","ui","★ Legendärer Skill","","Legendär-Phase (Runde 29) — src/ui/LegendarySelect.jsx:24","","new",""
"ui.legendaryselect.neu-wurfeln","ui","↻ Neu würfeln","","Legendär-Phase (Runde 29) — src/ui/LegendarySelect.jsx:30","","new",""
"ui.music.afterburner","ui","Afterburner","","Musiktitel — src/ui/music.js:139","","new","Eigenname (Musiktitel) — nicht übersetzen"
"ui.music.amber-standby","ui","Amber Standby","","Musiktitel — src/ui/music.js:93","","new","Eigenname (Musiktitel) — nicht übersetzen"
"ui.music.chrome-horizon","ui","Chrome Horizon","","Musiktitel — src/ui/music.js:109","","new","Eigenname (Musiktitel) — nicht übersetzen"
"ui.music.chrome-rally","ui","Chrome Rally","","Musiktitel — src/ui/music.js:113","","new","Eigenname (Musiktitel) — nicht übersetzen"
"ui.music.chrome-runner","ui","Chrome Runner","","Musiktitel — src/ui/music.js:125","","new","Eigenname (Musiktitel) — nicht übersetzen"
"ui.music.circuit-overload","ui","Circuit Overload","","Musiktitel — src/ui/music.js:128","","new","Eigenname (Musiktitel) — nicht übersetzen"
"ui.music.cobalt-drift","ui","Cobalt Drift","","Musiktitel — src/ui/music.js:100","","new","Eigenname (Musiktitel) — nicht übersetzen"
"ui.music.concrete-collapse","ui","Concrete Collapse","","Musiktitel — src/ui/music.js:144","","new","Eigenname (Musiktitel) — nicht übersetzen"
"ui.music.drift-king","ui","Drift King","","Musiktitel — src/ui/music.js:146","","new","Eigenname (Musiktitel) — nicht übersetzen"
"ui.music.endgame","ui","Endgame","","Musiktitel — src/ui/music.js:134","","new","Eigenname (Musiktitel) — nicht übersetzen"
"ui.music.event-horizon","ui","Event Horizon","","Musiktitel — src/ui/music.js:127","","new","Eigenname (Musiktitel) — nicht übersetzen"
"ui.music.faded-neon","ui","Faded Neon","","Musiktitel — src/ui/music.js:103","","new","Eigenname (Musiktitel) — nicht übersetzen"
"ui.music.fast-lane","ui","Fast Lane","","Musiktitel — src/ui/music.js:124","","new","Eigenname (Musiktitel) — nicht übersetzen"
"ui.music.fault-line","ui","Fault Line","","Musiktitel — src/ui/music.js:145","","new","Eigenname (Musiktitel) — nicht übersetzen"
"ui.music.final-showdown","ui","Final Showdown","","Musiktitel — src/ui/music.js:132","","new","Eigenname (Musiktitel) — nicht übersetzen"
"ui.music.formation-shuffle","ui","Formation Shuffle","","Musiktitel — src/ui/music.js:87","","new","Eigenname (Musiktitel) — nicht übersetzen"
"ui.music.full-tilt","ui","Full Tilt","","Musiktitel — src/ui/music.js:121","","new","Eigenname (Musiktitel) — nicht übersetzen"
"ui.music.glass-horizon","ui","Glass Horizon","","Musiktitel — src/ui/music.js:95","","new","Eigenname (Musiktitel) — nicht übersetzen"
"ui.music.grid-runner","ui","Grid Runner","","Musiktitel — src/ui/music.js:112","","new","Eigenname (Musiktitel) — nicht übersetzen"
"ui.music.last-light","ui","Last Light","","Musiktitel — src/ui/music.js:142","","new","Eigenname (Musiktitel) — nicht übersetzen"
"ui.music.last-stand","ui","Last Stand","","Musiktitel — src/ui/music.js:133","","new","Eigenname (Musiktitel) — nicht übersetzen"
"ui.music.live-wire","ui","Live Wire","","Musiktitel — src/ui/music.js:120","","new","Eigenname (Musiktitel) — nicht übersetzen"
"ui.music.low-beam","ui","Low Beam","","Musiktitel — src/ui/music.js:101","","new","Eigenname (Musiktitel) — nicht übersetzen"
"ui.music.midnight-drive","ui","Midnight Drive","","Musiktitel — src/ui/music.js:67","","new","Eigenname (Musiktitel) — nicht übersetzen"
"ui.music.neon-apocalypse","ui","Neon Apocalypse","","Musiktitel — src/ui/music.js:148","","new","Eigenname (Musiktitel) — nicht übersetzen"
"ui.music.neon-card-game","ui","Neon Card Game","","Musiktitel — src/ui/music.js:107","","new","Eigenname (Musiktitel) — nicht übersetzen"
"ui.music.neon-circuit","ui","Neon Circuit","","Musiktitel — src/ui/music.js:114","","new","Eigenname (Musiktitel) — nicht übersetzen"
"ui.music.neon-cruise","ui","Neon Cruise","","Musiktitel — src/ui/music.js:108","","new","Eigenname (Musiktitel) — nicht übersetzen"
"ui.music.neon-drift","ui","Neon Drift","","Musiktitel — src/ui/music.js:91","","new","Eigenname (Musiktitel) — nicht übersetzen"
"ui.music.neon-idle","ui","Neon Idle","","Musiktitel — src/ui/music.js:98","","new","Eigenname (Musiktitel) — nicht übersetzen"
"ui.music.neon-night-drive","ui","Neon Night Drive","","Musiktitel — src/ui/music.js:122","","new","Eigenname (Musiktitel) — nicht übersetzen"
"ui.music.neon-overdrive","ui","Neon Overdrive","","Musiktitel — src/ui/music.js:123","","new","Eigenname (Musiktitel) — nicht übersetzen"
"ui.music.neon-pulse","ui","Neon Pulse","","Musiktitel — src/ui/music.js:105","","new","Eigenname (Musiktitel) — nicht übersetzen"
"ui.music.neon-thunder","ui","Neon Thunder","","Musiktitel — src/ui/music.js:147","","new","Eigenname (Musiktitel) — nicht übersetzen"
"ui.music.nitro-surge","ui","Nitro Surge","","Musiktitel — src/ui/music.js:138","","new","Eigenname (Musiktitel) — nicht übersetzen"
"ui.music.no-limits","ui","No Limits","","Musiktitel — src/ui/music.js:135","","new","Eigenname (Musiktitel) — nicht übersetzen"
"ui.music.overdrive","ui","Overdrive","","Musiktitel — src/ui/music.js:131","","new","Eigenname (Musiktitel) — nicht übersetzen"
"ui.music.power-surge","ui","Power Surge","","Musiktitel — src/ui/music.js:130","","new","Eigenname (Musiktitel) — nicht übersetzen"
"ui.music.pulse-highway","ui","Pulse Highway","","Musiktitel — src/ui/music.js:111","","new","Eigenname (Musiktitel) — nicht übersetzen"
"ui.music.quiet-overpass","ui","Quiet Overpass","","Musiktitel — src/ui/music.js:97","","new","Eigenname (Musiktitel) — nicht übersetzen"
"ui.music.redline","ui","Redline","","Musiktitel — src/ui/music.js:137","","new","Eigenname (Musiktitel) — nicht übersetzen"
"ui.music.slow-circuit","ui","Slow Circuit","","Musiktitel — src/ui/music.js:94","","new","Eigenname (Musiktitel) — nicht übersetzen"
"ui.music.soft-reset","ui","Soft Reset","","Musiktitel — src/ui/music.js:102","","new","Eigenname (Musiktitel) — nicht übersetzen"
"ui.music.static-bloom","ui","Static Bloom","","Musiktitel — src/ui/music.js:99","","new","Eigenname (Musiktitel) — nicht übersetzen"
"ui.music.static-charge","ui","Static Charge","","Musiktitel — src/ui/music.js:118","","new","Eigenname (Musiktitel) — nicht übersetzen"
"ui.music.static-storm","ui","Static Storm","","Musiktitel — src/ui/music.js:129","","new","Eigenname (Musiktitel) — nicht übersetzen"
"ui.music.static-surge","ui","Static Surge","","Musiktitel — src/ui/music.js:119","","new","Eigenname (Musiktitel) — nicht übersetzen"
"ui.music.still-frame","ui","Still Frame","","Musiktitel — src/ui/music.js:116","","new","Eigenname (Musiktitel) — nicht übersetzen"
"ui.music.terminal-velocity","ui","Terminal Velocity","","Musiktitel — src/ui/music.js:141","","new","Eigenname (Musiktitel) — nicht übersetzen"
"ui.music.velvet-cruise","ui","Velvet Cruise","","Musiktitel — src/ui/music.js:90","","new","Eigenname (Musiktitel) — nicht übersetzen"
"ui.music.velvet-signal","ui","Velvet Signal","","Musiktitel — src/ui/music.js:96","","new","Eigenname (Musiktitel) — nicht übersetzen"
"ui.music.voltage-drive","ui","Voltage Drive","","Musiktitel — src/ui/music.js:115","","new","Eigenname (Musiktitel) — nicht übersetzen"
"ui.music.warp-speed","ui","Warp Speed","","Musiktitel — src/ui/music.js:140","","new","Eigenname (Musiktitel) — nicht übersetzen"
"ui.musicbar.musik","ui","Musik","","Musikleiste — src/ui/MusicBar.jsx:12","","new",""
"ui.musicbar.nachster-track","ui","Nächster Track","","Musikleiste — src/ui/MusicBar.jsx:16","","new",""
"ui.mutebutton.ton-einschalten","ui","Ton einschalten","","Ton-Schalter — src/ui/MuteButton.jsx:7","","new",""
"ui.mutebutton.ton-stummschalten","ui","Ton stummschalten","","Ton-Schalter — src/ui/MuteButton.jsx:7","","new",""
"ui.optionsmodal.alle-effekte-minimal-maximal-ruhig-entlastet","ui","Alle Effekte minimal — maximal ruhig, entlastet schwache Geräte stark.","","Optionen — src/ui/OptionsModal.jsx:77","","new",""
"ui.optionsmodal.an","ui","An","","Optionen — src/ui/OptionsModal.jsx:72","","new",""
"ui.optionsmodal.aufsteigende-punktzahlen-bei-gewonnenen-stichen","ui","Aufsteigende Punktzahlen bei gewonnenen Stichen.","","Optionen — src/ui/OptionsModal.jsx:150","","new",""
"ui.optionsmodal.aufsteigende-zahlen-texte-uber-dem-feld","ui","Aufsteigende Zahlen/Texte über dem Feld. Master-Schalter für alle drei unten. Die großen Ansagen (Stark/Brutal/Irre/Gottgleich) bleiben immer sichtbar.","","Optionen — src/ui/OptionsModal.jsx:140","","new",""
"ui.optionsmodal.aus","ui","Aus","","Optionen — src/ui/OptionsModal.jsx:70","","new",""
"ui.optionsmodal.effekt-lautstarke","ui","Effekt-Lautstärke","","Optionen — src/ui/OptionsModal.jsx:103","","new",""
"ui.optionsmodal.effekte-reduziert","ui","Effekte reduziert","","Optionen — src/ui/OptionsModal.jsx:120","","new",""
"ui.optionsmodal.einstellungen","ui","Einstellungen","","Optionen — src/ui/OptionsModal.jsx:94","","new",""
"ui.optionsmodal.floating-text-anzeigen","ui","Floating-Text anzeigen","","Optionen — src/ui/OptionsModal.jsx:140","","new",""
"ui.optionsmodal.gewonnen-verloren-text-am-stich-ausgang","ui","Gewonnen/Verloren-Text am Stich-Ausgang.","","Optionen — src/ui/OptionsModal.jsx:156","","new",""
"ui.optionsmodal.kritisch-und-formations-text-multiplikator-boni","ui","„Kritisch!“- und Formations-Text (Multiplikator-Boni).","","Optionen — src/ui/OptionsModal.jsx:153","","new",""
"ui.optionsmodal.lautstarke-der-hintergrundmusik","ui","Lautstärke der Hintergrundmusik.","","Optionen — src/ui/OptionsModal.jsx:111","","new",""
"ui.optionsmodal.lautstarke-der-klick-spiel-sounds-sfx","ui","Lautstärke der Klick-/Spiel-Sounds (SFX).","","Optionen — src/ui/OptionsModal.jsx:103","","new",""
"ui.optionsmodal.mobile","ui","Mobile","","Optionen — src/ui/OptionsModal.jsx:71","","new",""
"ui.optionsmodal.multiplikator","ui","↳ Multiplikator","","Optionen — src/ui/OptionsModal.jsx:153","","new",""
"ui.optionsmodal.musik-lautstarke","ui","Musik-Lautstärke","","Optionen — src/ui/OptionsModal.jsx:111","","new",""
"ui.optionsmodal.optionen","ui","Optionen","","Optionen — src/ui/OptionsModal.jsx:93","","new",""
"ui.optionsmodal.schaltet-alle-klick-und-spiel-sounds","ui","Schaltet alle Klick- und Spiel-Sounds ab.","","Optionen — src/ui/OptionsModal.jsx:100","","new",""
"ui.optionsmodal.schliessen","ui","Schließen","","Optionen — src/ui/OptionsModal.jsx:90","","new",""
"ui.optionsmodal.score","ui","↳ Score","","Optionen — src/ui/OptionsModal.jsx:150","","new",""
"ui.optionsmodal.sfx-lautstarke","ui","SFX-Lautstärke","","Optionen — src/ui/OptionsModal.jsx:107","","new",""
"ui.optionsmodal.sieg-niederlage","ui","↳ Sieg / Niederlage","","Optionen — src/ui/OptionsModal.jsx:156","","new",""
"ui.optionsmodal.ton-stumm","ui","Ton stumm","","Optionen — src/ui/OptionsModal.jsx:100","","new",""
"ui.optionsmodal.volle-effekte","ui","Volle Effekte.","","Optionen — src/ui/OptionsModal.jsx:75","","new",""
"ui.perkcat.A.desc","ui","Dauerhafte Kartenwerte","","Perk-Kategorie — Untertitel","","new",""
"ui.perkcat.A.name","ui","Deck","","Perk-Kategorie — Kurzname auf dem Angebots-Chip","10","new",""
"ui.perkcat.B.desc","ui","Stich-Effekte","","Perk-Kategorie — Untertitel","","new",""
"ui.perkcat.B.name","ui","Stich","","Perk-Kategorie — Kurzname auf dem Angebots-Chip","10","new",""
"ui.perkcat.C.desc","ui","Kartenrollen","","Perk-Kategorie — Untertitel","","new",""
"ui.perkcat.C.name","ui","Rolle","","Perk-Kategorie — Kurzname auf dem Angebots-Chip","10","new",""
"ui.perkcat.D.desc","ui","Score","","Perk-Kategorie — Untertitel","","new",""
"ui.perkcat.D.name","ui","Score","","Perk-Kategorie — Kurzname auf dem Angebots-Chip","10","new",""
"ui.perkcat.E.desc","ui","Formationswerkzeuge","","Perk-Kategorie — Untertitel","","new",""
"ui.perkcat.E.name","ui","Form","","Perk-Kategorie — Kurzname auf dem Angebots-Chip","10","new",""
"ui.perkcat.P.desc","ui","Crit-Chance & Crit-Multiplikator","","Perk-Kategorie — Untertitel","","new",""
"ui.perkcat.P.name","ui","Präzision","","Perk-Kategorie — Kurzname auf dem Angebots-Chip","10","new",""
"ui.perkselect.alle-ablehnen","ui","Alle ablehnen","","Perk-Auswahl — src/ui/PerkSelect.jsx:70","","new",""
"ui.perkselect.crit","ui","Crit","","Perk-Auswahl — src/ui/PerkSelect.jsx:76","","new",""
"ui.perkselect.deck-starke-je-farbe","ui","Deck-Stärke je Farbe","","Perk-Auswahl — src/ui/PerkSelect.jsx:145","","new",""
"ui.perkselect.formationen","ui","Formationen","","Perk-Auswahl — src/ui/PerkSelect.jsx:150","","new",""
"ui.perkselect.neu-wurfeln","ui","🎲 Neu würfeln ·","","Perk-Auswahl — src/ui/PerkSelect.jsx:69","","new",""
"ui.perkselect.noch-keine-perks-gewahlt","ui","Noch keine Perks gewählt.","","Perk-Auswahl — src/ui/PerkSelect.jsx:154","","new",""
"ui.perkselect.perk","ui","Perk$","","Perk-Auswahl — src/ui/PerkSelect.jsx:153","","new",""
"ui.perkselect.score-mult","ui","Score-Mult","","Perk-Auswahl — src/ui/PerkSelect.jsx:77","","new",""
"ui.perkselect.start","ui","Start","","Perk-Auswahl — src/ui/PerkSelect.jsx:61","","new",""
"ui.perkselect.wahle-einen-perk","ui","Wähle einen Perk","","Perk-Auswahl — src/ui/PerkSelect.jsx:63","","new",""
"ui.plantbar.absolute-translate-x-1-2-whitespace","ui","absolute -translate-x-1/2 whitespace-nowrap","","Pflanze-HUD (Wachstum) — src/ui/PlantBar.jsx:140","","new",""
"ui.plantbar.anteil-gruner-reifer-ausgewachsener-karten-am","ui","Anteil grüner (reifer + ausgewachsener) Karten am Feld.","","Pflanze-HUD (Wachstum) — src/ui/PlantBar.jsx:131","","new",""
"ui.plantbar.ausgewachsen","ui","Ausgewachsen","","Pflanze-HUD (Wachstum) — src/ui/PlantBar.jsx:158","","new",""
"ui.plantbar.auslaufer-kolonisiert","ui","Ausläufer · Kolonisiert","","Pflanze-HUD (Wachstum) — src/ui/PlantBar.jsx:204","","new",""
"ui.plantbar.blute","ui","Blüte","","Pflanze-HUD (Wachstum) — src/ui/PlantBar.jsx:98","","new",""
"ui.plantbar.ernte","ui","Ernte","","Pflanze-HUD (Wachstum) — src/ui/PlantBar.jsx:99","","new",""
"ui.plantbar.ew-fruhling","ui","Ew. Frühling","","Pflanze-HUD (Wachstum) — src/ui/PlantBar.jsx:140","","new",""
"ui.plantbar.garten-ertrag","ui","Garten-Ertrag","","Pflanze-HUD (Wachstum) — src/ui/PlantBar.jsx:96","","new",""
"ui.plantbar.gewachsen","ui","Gewachsen","","Pflanze-HUD (Wachstum) — src/ui/PlantBar.jsx:102","","new",""
"ui.plantbar.grobe-schatzung-nachster-setzling-wird-grun","ui","Grobe Schätzung: nächster Setzling wird grün (aus Wachstumsrate × Restdistanz).","","Pflanze-HUD (Wachstum) — src/ui/PlantBar.jsx:151","","new",""
"ui.plantbar.grun","ui","Grün","","Pflanze-HUD (Wachstum) — src/ui/PlantBar.jsx:157","","new",""
"ui.plantbar.mutterbaum-der-tiefste-baum-uberlauf-wachstum","ui","Mutterbaum: der tiefste Baum (Überlauf-Wachstum über dem Wert-Deckel) zahlt je grünem Sieg — und verdoppelt seinen Wurzel-Score.","","Pflanze-HUD (Wachstum) — src/ui/PlantBar.jsx:112","","new",""
"ui.plantbar.nachste-reife","ui","Nächste Reife","","Pflanze-HUD (Wachstum) — src/ui/PlantBar.jsx:150","","new",""
"ui.plantbar.pflanze","ui","Pflanze","","Pflanze-HUD (Wachstum) — src/ui/PlantBar.jsx:93","","new",""
"ui.plantbar.reifende-karten","ui","Reifende Karten ·","","Pflanze-HUD (Wachstum) — src/ui/PlantBar.jsx:178","","new",""
"ui.plantbar.score-sieg","ui","Score/Sieg","","Pflanze-HUD (Wachstum) — src/ui/PlantBar.jsx:113","","new",""
"ui.plantbar.setzling","ui","Setzling","","Pflanze-HUD (Wachstum) — src/ui/PlantBar.jsx:156","","new",""
"ui.plantbar.sieg","ui","Sieg","","Pflanze-HUD (Wachstum) — src/ui/PlantBar.jsx:151","","new",""
"ui.plantbar.siege","ui","Siege","","Pflanze-HUD (Wachstum) — src/ui/PlantBar.jsx:151","","new",""
"ui.plantbar.uberlauf-wachstum","ui","Überlauf-Wachstum","","Pflanze-HUD (Wachstum) — src/ui/PlantBar.jsx:119","","new",""
"ui.plantbar.uberwuchert","ui","Überwuchert","","Pflanze-HUD (Wachstum) — src/ui/PlantBar.jsx:90","","new",""
"ui.plantbar.uberwucherung","ui","Überwucherung","","Pflanze-HUD (Wachstum) — src/ui/PlantBar.jsx:141","","new",""
"ui.plantbar.wachstum-gesamt","ui","Wachstum gesamt","","Pflanze-HUD (Wachstum) — src/ui/PlantBar.jsx:102","","new",""
"ui.plantbar.weltenbaum-die-summe-des-uberlauf-wachstums","ui","Weltenbaum: die Summe des Überlauf-Wachstums über alle grünen Karten zahlt je grünem Sieg (der ganze alte Wald).","","Pflanze-HUD (Wachstum) — src/ui/PlantBar.jsx:118","","new",""
"ui.plantbar.wert","ui","Wert","","Pflanze-HUD (Wachstum) — src/ui/PlantBar.jsx:113","","new",""
"ui.plantbar.wurzel","ui","Wurzel","","Pflanze-HUD (Wachstum) — src/ui/PlantBar.jsx:97","","new",""
"ui.rarity.tier1.label","ui","Normal","","Raritätsstufe I — Chip auf Angebotskarten","12","new",""
"ui.rarity.tier2.label","ui","Selten","","Raritätsstufe II — Chip auf Angebotskarten","12","new",""
"ui.rarity.tier3.label","ui","Sehr selten","","Raritätsstufe III — Chip auf Angebotskarten","12","new",""
"ui.rarity.tier4.label","ui","Rar","","Raritätsstufe IV — Chip auf Angebotskarten","12","new",""
"ui.roundscorebadge.differenz-zur-vorrunde","ui","Differenz zur Vorrunde","","Durchlauf-Score-Badge — src/ui/RoundScoreBadge.jsx:23","","new",""
"ui.roundscorebadge.durchlauf-score","ui","Durchlauf-Score","","Durchlauf-Score-Badge — src/ui/RoundScoreBadge.jsx:20","","new",""
"ui.roundscorebadge.erster-durchlauf","ui","erster Durchlauf","","Durchlauf-Score-Badge — src/ui/RoundScoreBadge.jsx:24","","new",""
"ui.roundscorebadge.keine-vorrunde-zum-vergleich","ui","keine Vorrunde zum Vergleich","","Durchlauf-Score-Badge — src/ui/RoundScoreBadge.jsx:24","","new",""
"ui.skillselect.abbrechen","ui","Abbrechen","","Skill-Auswahl — src/ui/SkillSelect.jsx:237","","new",""
"ui.skillselect.ablehnen-perk","ui","Ablehnen → Perk","","Skill-Auswahl — src/ui/SkillSelect.jsx:178","","new",""
"ui.skillselect.alle-grunen-karten-das-wachstum-und","ui","alle grünen Karten, das Wachstum und die Kolonisierungen gehen verloren","","Skill-Auswahl — src/ui/SkillSelect.jsx:23","","new",""
"ui.skillselect.auf-und-gibt","ui","% auf und gibt +$","","Skill-Auswahl — src/ui/SkillSelect.jsx:98","","new",""
"ui.skillselect.ausgewahlt","ui","✓ ausgewählt","","Skill-Auswahl — src/ui/SkillSelect.jsx:352","","new",""
"ui.skillselect.bereits-aufgewerteter-kartenwert-bleibt","ui","Bereits aufgewerteter Kartenwert bleibt.","","Skill-Auswahl — src/ui/SkillSelect.jsx:283","","new",""
"ui.skillselect.crit-chance-jeder-weitere","ui","% Crit-Chance, jeder weitere +$","","Skill-Auswahl — src/ui/SkillSelect.jsx:96","","new",""
"ui.skillselect.dazu","ui","%. Dazu +$","","Skill-Auswahl — src/ui/SkillSelect.jsx:96","","new",""
"ui.skillselect.deine-aktiven-formationen","ui","Deine aktiven Formationen","","Skill-Auswahl — src/ui/SkillSelect.jsx:394","","new",""
"ui.skillselect.die-ladung-geht-verloren","ui","die Ladung geht verloren","","Skill-Auswahl — src/ui/SkillSelect.jsx:26","","new",""
"ui.skillselect.diesen-ersetzen","ui","↔ diesen ersetzen","","Skill-Auswahl — src/ui/SkillSelect.jsx:279","","new",""
"ui.skillselect.eis-biegt-die-erkennung","ui","Eis biegt die Erkennung","","Skill-Auswahl — src/ui/SkillSelect.jsx:402","","new",""
"ui.skillselect.ersetzen","ui","Ersetzen","","Skill-Auswahl — src/ui/SkillSelect.jsx:235","","new",""
"ui.skillselect.feuer-score-je-grosser-der-vorsprung","ui","Feuer-Score — je größer der Vorsprung, desto mehr. Niederlagen kühlen die Hitze um $","","Skill-Auswahl — src/ui/SkillSelect.jsx:98","","new",""
"ui.skillselect.hitze","ui","Hitze","","Skill-Auswahl — src/ui/SkillSelect.jsx:132","","new",""
"ui.skillselect.hitze-asche-und-der-schmiede-zahler","ui","Hitze, Asche und der Schmiede-Zähler gehen verloren","","Skill-Auswahl — src/ui/SkillSelect.jsx:25","","new",""
"ui.skillselect.konsument","ui","KONSUMENT","","Skill-Auswahl — src/ui/SkillSelect.jsx:274","","new",""
"ui.skillselect.konsumenten","ui","-Konsumenten","","Skill-Auswahl — src/ui/SkillSelect.jsx:228","","new",""
"ui.skillselect.ladungs","ui","Ladungs","","Skill-Auswahl — src/ui/SkillSelect.jsx:132","","new",""
"ui.skillselect.nachster-typ","ui","nächster Typ","","Skill-Auswahl — src/ui/SkillSelect.jsx:206","","new",""
"ui.skillselect.pflanzen-skills-auch-bei-jeder","ui","Pflanzen-Skills auch bei jeder $","","Skill-Auswahl — src/ui/SkillSelect.jsx:102","","new",""
"ui.skillselect.runde-uberspringen","ui","Runde überspringen","","Skill-Auswahl — src/ui/SkillSelect.jsx:178","","new",""
"ui.skillselect.skill","ui","Skill","","Skill-Auswahl — src/ui/SkillSelect.jsx:18","","new",""
"ui.skillselect.skill-2","ui","-Skill:","","Skill-Auswahl — src/ui/SkillSelect.jsx:283","","new",""
"ui.skillselect.skill-durchlauf","ui","Skill · Durchlauf","","Skill-Auswahl — src/ui/SkillSelect.jsx:159","","new",""
"ui.skillselect.slots","ui","Slots","","Skill-Auswahl — src/ui/SkillSelect.jsx:159","","new",""
"ui.skillselect.slots-voll","ui","Slots voll","","Skill-Auswahl — src/ui/SkillSelect.jsx:255","","new",""
"ui.skillselect.vorheriger-typ","ui","vorheriger Typ","","Skill-Auswahl — src/ui/SkillSelect.jsx:189","","new",""
"ui.skillselect.wachstum-wird-die-karte-grun-solange","ui","Wachstum wird die Karte grün. Solange du nur Pflanzen-Skills hältst: je $","","Skill-Auswahl — src/ui/SkillSelect.jsx:102","","new",""
"ui.skillselect.wahle-einen-skill","ui","Wähle einen Skill","","Skill-Auswahl — src/ui/SkillSelect.jsx:160","","new",""
"ui.skillselect.welchen-skill-ersetzen","ui","Welchen Skill ersetzen?","","Skill-Auswahl — src/ui/SkillSelect.jsx:256","","new",""
"ui.skillselect.wertvorsprung-heizt-die-hitze-um","ui","Wertvorsprung heizt die Hitze um $","","Skill-Auswahl — src/ui/SkillSelect.jsx:98","","new",""
"ui.sparkline.verlauf-erscheint-nach-den-ersten-stichen","ui","Verlauf erscheint nach den ersten Stichen…","","Verlaufs-Miniatur — src/ui/Sparkline.jsx:13","","new",""
"ui.startscreen.alles-freigeschaltet","ui","🔓 Alles freigeschaltet.","","Startbildschirm — src/ui/StartScreen.jsx:59","","new",""
"ui.startscreen.angemeldet-als","ui","Angemeldet als","","Startbildschirm — src/ui/StartScreen.jsx:307","","new",""
"ui.startscreen.autostich","ui","AUTOSTICH","","Startbildschirm — src/ui/StartScreen.jsx:110","","new",""
"ui.startscreen.bestenliste","ui","Bestenliste","","Startbildschirm — src/ui/StartScreen.jsx:280","","new",""
"ui.startscreen.bonus","ui","💠 Bonus-","","Startbildschirm — src/ui/StartScreen.jsx:130","","new",""
"ui.startscreen.deck-werkstatt","ui","Deck-Werkstatt","","Startbildschirm — src/ui/StartScreen.jsx:234","","new",""
"ui.startscreen.die-deck-werkstatt-wird-nach-abschluss","ui","Die Deck-Werkstatt wird nach Abschluss des Onboardings frei","","Startbildschirm — src/ui/StartScreen.jsx:243","","new",""
"ui.startscreen.dp","ui","DP","","Startbildschirm — src/ui/StartScreen.jsx:130","","new",""
"ui.startscreen.eis-frei","ui","Eis frei","","Startbildschirm — src/ui/StartScreen.jsx:32","","new",""
"ui.startscreen.eis-frei-raritat","ui","`, ""Eis frei"", `Rarität: $","","Startbildschirm — src/ui/StartScreen.jsx:32","","new",""
"ui.startscreen.frei-nach-abschluss-des-onboardings","ui","Frei nach Abschluss des Onboardings","","Startbildschirm — src/ui/StartScreen.jsx:271","","new",""
"ui.startscreen.globale-highscores","ui","Globale Highscores","","Startbildschirm — src/ui/StartScreen.jsx:283","","new",""
"ui.startscreen.kein-gultiger-seed-pruf-den-code","ui","Kein gültiger Seed — prüf den Code und versuch es erneut.","","Startbildschirm — src/ui/StartScreen.jsx:191","","new",""
"ui.startscreen.lauf","ui","Lauf","","Startbildschirm — src/ui/StartScreen.jsx:230","","new",""
"ui.startscreen.lauf-fortsetzen","ui","▶ Lauf fortsetzen","","Startbildschirm — src/ui/StartScreen.jsx:160","","new",""
"ui.startscreen.laufe","ui","Läufe` : `$","","Startbildschirm — src/ui/StartScreen.jsx:135","","new",""
"ui.startscreen.laufe-2","ui","Läufe","","Startbildschirm — src/ui/StartScreen.jsx:230","","new",""
"ui.startscreen.nachste-freischaltung","ui","Nächste Freischaltung:","","Startbildschirm — src/ui/StartScreen.jsx:146","","new",""
"ui.startscreen.namen-festlegen-fur-den-globalen-highscore","ui","Namen festlegen für den globalen Highscore","","Startbildschirm — src/ui/StartScreen.jsx:308","","new",""
"ui.startscreen.onboarding","ui","🎓 Onboarding","","Startbildschirm — src/ui/StartScreen.jsx:132","","new",""
"ui.startscreen.onboarding-ubersprungen-10-sp-50-dp","ui","⏭️ Onboarding übersprungen · +10 SP · +50 DP","","Startbildschirm — src/ui/StartScreen.jsx:60","","new",""
"ui.startscreen.optionen","ui","Optionen","","Startbildschirm — src/ui/StartScreen.jsx:300","","new",""
"ui.startscreen.pflanze-frei","ui","Pflanze frei","","Startbildschirm — src/ui/StartScreen.jsx:32","","new",""
"ui.startscreen.profil-wird-zuruckgesetzt","ui","🔄 Profil wird zurückgesetzt …","","Startbildschirm — src/ui/StartScreen.jsx:61","","new",""
"ui.startscreen.rangliste","ui","Rangliste","","Startbildschirm — src/ui/StartScreen.jsx:208","","new",""
"ui.startscreen.reroll-1","ui","Reroll +1","","Startbildschirm — src/ui/StartScreen.jsx:32","","new",""
"ui.startscreen.roguelite-autobattler-stechspiel-prototyp","ui","Roguelite-Autobattler-Stechspiel · Prototyp","","Startbildschirm — src/ui/StartScreen.jsx:121","","new",""
"ui.startscreen.seed-einfugen","ui","Seed einfügen","","Startbildschirm — src/ui/StartScreen.jsx:180","","new",""
"ui.startscreen.seed-einfugen-und-spielen","ui","Seed einfügen und spielen","","Startbildschirm — src/ui/StartScreen.jsx:181","","new",""
"ui.startscreen.sp","ui","SP","","Startbildschirm — src/ui/StartScreen.jsx:130","","new",""
"ui.startscreen.statistiken","ui","Statistiken","","Startbildschirm — src/ui/StartScreen.jsx:289","","new",""
"ui.startscreen.upgrades","ui","Upgrades","","Startbildschirm — src/ui/StartScreen.jsx:255","","new",""
"ui.startscreen.version-umgebung-commit","ui","Version · Umgebung · Commit","","Startbildschirm — src/ui/StartScreen.jsx:316","","new",""
"ui.startscreen.woche","ui","Woche","","Startbildschirm — src/ui/StartScreen.jsx:210","","new",""
"ui.startscreen.wochen-challenge","ui","Wochen-Challenge","","Startbildschirm — src/ui/StartScreen.jsx:210","","new",""
"ui.startscreen.wochen-rangliste-ansehen-spielen-wird-frei","ui","Wochen-Rangliste ansehen — Spielen wird frei, sobald alle Decks freigeschaltet sind und mit jedem ≥1 Lauf beendet wurde","","Startbildschirm — src/ui/StartScreen.jsx:207","","new",""
"ui.startscreen.wochen-rangliste-offnen","ui","Wochen-Rangliste öffnen","","Startbildschirm — src/ui/StartScreen.jsx:207","","new",""
"ui.statusbar.durchl","ui","Durchl.","","Statusleiste (HUD) — src/ui/StatusBar.jsx:81","","new",""
"ui.statusbar.karten","ui","Karten","","Statusleiste (HUD) — src/ui/StatusBar.jsx:76","","new",""
"ui.statusbar.kartenubersicht-offnen","ui","Kartenübersicht öffnen","","Statusleiste (HUD) — src/ui/StatusBar.jsx:70","","new",""
"ui.statusbar.max","ui","MAX","","Statusleiste (HUD) — src/ui/StatusBar.jsx:68","","new",""
"ui.statusbar.mult","ui","Mult","","Statusleiste (HUD) — src/ui/StatusBar.jsx:113","","new",""
"ui.statusbar.pause","ui","Pause","","Statusleiste (HUD) — src/ui/StatusBar.jsx:59","","new",""
"ui.statusbar.rekord","ui","⚑ Rekord","","Statusleiste (HUD) — src/ui/StatusBar.jsx:98","","new",""
"ui.statusbar.score","ui","Score","","Statusleiste (HUD) — src/ui/StatusBar.jsx:96","","new",""
"ui.statusbar.serie","ui","Serie","","Statusleiste (HUD) — src/ui/StatusBar.jsx:108","","new",""
"ui.statusbar.tempo-2","ui","Tempo ×2","","Statusleiste (HUD) — src/ui/StatusBar.jsx:66","","new",""
"ui.statusbar.tempo-4","ui","Tempo ×4","","Statusleiste (HUD) — src/ui/StatusBar.jsx:67","","new",""
"ui.statusbar.tempo-maximal","ui","Tempo maximal","","Statusleiste (HUD) — src/ui/StatusBar.jsx:68","","new",""
"ui.statusbar.weiter","ui","Weiter","","Statusleiste (HUD) — src/ui/StatusBar.jsx:59","","new",""
"ui.statusbar.zeit","ui","Zeit","","Statusleiste (HUD) — src/ui/StatusBar.jsx:82","","new",""
"ui.statusrail.analyse","ui","Analyse","","Status-Schiene (Seiten-HUD) — src/ui/StatusRail.jsx:112","","new",""
"ui.statusrail.bester","ui","Bester","","Status-Schiene (Seiten-HUD) — src/ui/StatusRail.jsx:113","","new",""
"ui.statusrail.crit-chance","ui","Crit-Chance","","Status-Schiene (Seiten-HUD) — src/ui/StatusRail.jsx:95","","new",""
"ui.statusrail.crit-mult","ui","Crit-Mult","","Status-Schiene (Seiten-HUD) — src/ui/StatusRail.jsx:96","","new",""
"ui.statusrail.crits","ui","Crits","","Status-Schiene (Seiten-HUD) — src/ui/StatusRail.jsx:106","","new",""
"ui.statusrail.erster-lauf","ui","erster Lauf","","Status-Schiene (Seiten-HUD) — src/ui/StatusRail.jsx:128","","new",""
"ui.statusrail.formation","ui","Formation","","Status-Schiene (Seiten-HUD) — src/ui/StatusRail.jsx:93","","new",""
"ui.statusrail.gebaude","ui","Gebäude","","Status-Schiene (Seiten-HUD) — src/ui/StatusRail.jsx:94","","new",""
"ui.statusrail.jackpot","ui","Jackpot","","Status-Schiene (Seiten-HUD) — src/ui/StatusRail.jsx:96","","new",""
"ui.statusrail.lauf","ui","Lauf","","Status-Schiene (Seiten-HUD) — src/ui/StatusRail.jsx:127","","new",""
"ui.statusrail.multiplikatoren","ui","Multiplikatoren","","Status-Schiene (Seiten-HUD) — src/ui/StatusRail.jsx:91","","new",""
"ui.statusrail.quote","ui","Quote","","Status-Schiene (Seiten-HUD) — src/ui/StatusRail.jsx:104","","new",""
"ui.statusrail.rekord","ui","Rekord","","Status-Schiene (Seiten-HUD) — src/ui/StatusRail.jsx:128","","new",""
"ui.statusrail.score-herkunft","ui","Score-Herkunft","","Status-Schiene (Seiten-HUD) — src/ui/StatusRail.jsx:116","","new",""
"ui.statusrail.score-verlauf","ui","Score-Verlauf","","Status-Schiene (Seiten-HUD) — src/ui/StatusRail.jsx:122","","new",""
"ui.statusrail.siege","ui","Siege","","Status-Schiene (Seiten-HUD) — src/ui/StatusRail.jsx:102","","new",""
"ui.statusrail.stiche","ui","Stiche","","Status-Schiene (Seiten-HUD) — src/ui/StatusRail.jsx:105","","new",""
"ui.statusrail.verl","ui","Verl.","","Status-Schiene (Seiten-HUD) — src/ui/StatusRail.jsx:103","","new",""
"ui.suit.B.name","ui","Blau","","Kartenfarbe","6","new",""
"ui.suit.G.name","ui","Grün","","Kartenfarbe","6","new",""
"ui.suit.R.name","ui","Rot","","Kartenfarbe","6","new",""
"ui.suit.Y.name","ui","Gelb","","Kartenfarbe","6","new",""
"ui.targetselect.bestatigen","ui","Bestätigen","","Karten-Zielauswahl — src/ui/TargetSelect.jsx:39","","new",""
"ui.targetselect.gewahlt","ui","gewählt","","Karten-Zielauswahl — src/ui/TargetSelect.jsx:37","","new",""
"ui.targetselect.karte","ui","Karte","","Karten-Zielauswahl — src/ui/TargetSelect.jsx:32","","new",""
"ui.targetselect.karten","ui","Karten","","Karten-Zielauswahl — src/ui/TargetSelect.jsx:32","","new",""
"ui.targetselect.rolle","ui","Rolle ·","","Karten-Zielauswahl — src/ui/TargetSelect.jsx:31","","new",""
"ui.targetselect.wahle","ui","Wähle","","Karten-Zielauswahl — src/ui/TargetSelect.jsx:32","","new",""
"ui.weekmods.wochen-modifikatoren","ui","Wochen-Modifikatoren","","Wochen-Modifikatoren (Anzeige) — src/ui/WeekMods.jsx:60","","new",""
