"id","category","de","es","en_ref","context","limit","status","note"
"building.A_BASILIKA.legendary.eff","building","Formations-Joker (Wiederholung/Farbblock/Treppe/Wechsel)","comodín de formación (Repetición/Bloque de palo/Escalera/Zigzag)","formation wild (Repeat/Suit block/Stair/Zigzag)","Architekt-Gebäude „Basilika"" — Effekt (legendär)","","done","erzeugt aus src/i18n/buildingText.js"
"building.A_BOLLWERK.legendary.eff","building","alle Abgedeckten +6 Stichwert","todas las cubiertas +6 valor de baza","all covered cards +6 trick value","Architekt-Gebäude „Bollwerk"" — Effekt (legendär)","","done","erzeugt aus src/i18n/buildingText.js"
"building.A_BUNTGLAS.tier1.eff","building","passende Farbe +3 Stichwert","palo coincidente +3 valor de baza","matching suit +3 trick value","Architekt-Gebäude „Buntglas"" — Effekt Stufe I","","done","erzeugt aus src/i18n/buildingText.js"
"building.A_BUNTGLAS.tier2.eff","building","passende Farbe +5 Stichwert","palo coincidente +5 valor de baza","matching suit +5 trick value","Architekt-Gebäude „Buntglas"" — Effekt Stufe II","","done","erzeugt aus src/i18n/buildingText.js"
"building.A_BUNTGLAS.tier3.eff","building","passende Farbe +7 Stichwert","palo coincidente +7 valor de baza","matching suit +7 trick value","Architekt-Gebäude „Buntglas"" — Effekt Stufe III","","done","erzeugt aus src/i18n/buildingText.js"
"building.A_BUNTGLAS.tier4.eff","building","passende Farbe +9 Stichwert","palo coincidente +9 valor de baza","matching suit +9 trick value","Architekt-Gebäude „Buntglas"" — Effekt Stufe IV","","done","erzeugt aus src/i18n/buildingText.js"
"building.A_FIRST.tier1.eff","building","höchste Karte +3 Stichwert","carta más alta +3 valor de baza","highest card +3 trick value","Architekt-Gebäude „Firstträger"" — Effekt Stufe I","","done","erzeugt aus src/i18n/buildingText.js"
"building.A_FIRST.tier2.eff","building","höchste Karte +5 Stichwert","carta más alta +5 valor de baza","highest card +5 trick value","Architekt-Gebäude „Firstträger"" — Effekt Stufe II","","done","erzeugt aus src/i18n/buildingText.js"
"building.A_FIRST.tier3.eff","building","höchste Karte +7 Stichwert","carta más alta +7 valor de baza","highest card +7 trick value","Architekt-Gebäude „Firstträger"" — Effekt Stufe III","","done","erzeugt aus src/i18n/buildingText.js"
"building.A_FIRST.tier4.eff","building","höchste Karte +9 Stichwert","carta más alta +9 valor de baza","highest card +9 trick value","Architekt-Gebäude „Firstträger"" — Effekt Stufe IV","","done","erzeugt aus src/i18n/buildingText.js"
"building.A_FRIES.tier1.eff","building","Formations-Joker (Wiederholung)","comodín de formación (Repetición)","formation wild (Repeat)","Architekt-Gebäude „Fries"" — Effekt Stufe I","","done","erzeugt aus src/i18n/buildingText.js"
"building.A_FUNDAMENT.legendary.eff","building","alle Abgedeckten +5 Stichwert","todas las cubiertas +5 valor de baza","all covered cards +5 trick value","Architekt-Gebäude „Fundamentplatte"" — Effekt (legendär)","","done","erzeugt aus src/i18n/buildingText.js"
"building.A_GEWOELBE.tier1.eff","building","Formations-Joker (Wiederholung/Treppe)","comodín de formación (Repetición/Escalera)","formation wild (Repeat/Stair)","Architekt-Gebäude „Gewölbe"" — Effekt Stufe I","","done","erzeugt aus src/i18n/buildingText.js"
"building.A_GIEBEL.tier1.eff","building","höchste Karte +160 Score","carta más alta +160 puntuación","highest card +160 score","Architekt-Gebäude „Giebel"" — Effekt Stufe I","","done","erzeugt aus src/i18n/buildingText.js"
"building.A_GIEBEL.tier2.eff","building","höchste Karte +240 Score","carta más alta +240 puntuación","highest card +240 score","Architekt-Gebäude „Giebel"" — Effekt Stufe II","","done","erzeugt aus src/i18n/buildingText.js"
"building.A_GIEBEL.tier3.eff","building","höchste Karte +352 Score","carta más alta +352 puntuación","highest card +352 score","Architekt-Gebäude „Giebel"" — Effekt Stufe III","","done","erzeugt aus src/i18n/buildingText.js"
"building.A_GIEBEL.tier4.eff","building","höchste Karte +496 Score","carta más alta +496 puntuación","highest card +496 score","Architekt-Gebäude „Giebel"" — Effekt Stufe IV","","done","erzeugt aus src/i18n/buildingText.js"
"building.A_GRUNDSTEIN.tier1.eff","building","jede Zelle zählt als Anker (×1,10) (Stufe III: +2 Stichwert je Ankerzelle)","cada celda cuenta como ancla (×1,10) (nivel III: +2 valor de baza por celda de ancla)","every cell counts as an anchor (×1.10) (tier III: +2 trick value per anchor cell)","Architekt-Gebäude „Grundstein"" — Effekt Stufe I","","done","erzeugt aus src/i18n/buildingText.js"
"building.A_GRUNDSTEIN.tier2.eff","building","jede Zelle zählt als Anker (×1,23) (Stufe III: +2 Stichwert je Ankerzelle)","cada celda cuenta como ancla (×1,23) (nivel III: +2 valor de baza por celda de ancla)","every cell counts as an anchor (×1.23) (tier III: +2 trick value per anchor cell)","Architekt-Gebäude „Grundstein"" — Effekt Stufe II","","done","erzeugt aus src/i18n/buildingText.js"
"building.A_GRUNDSTEIN.tier3.eff","building","jede Zelle zählt als Anker (×1,36) · +2 Stichwert je Ankerzelle","cada celda cuenta como ancla (×1,36) · +2 valor de baza por celda de ancla","every cell counts as an anchor (×1.36) · +2 trick value per anchor cell","Architekt-Gebäude „Grundstein"" — Effekt Stufe III","","done","erzeugt aus src/i18n/buildingText.js"
"building.A_GRUNDSTEIN.tier4.eff","building","jede Zelle zählt als Anker (×1,49) · +2 Stichwert je Ankerzelle","cada celda cuenta como ancla (×1,49) · +2 valor de baza por celda de ancla","every cell counts as an anchor (×1.49) · +2 trick value per anchor cell","Architekt-Gebäude „Grundstein"" — Effekt Stufe IV","","done","erzeugt aus src/i18n/buildingText.js"
"building.A_KATHEDRALE.legendary.eff","building","Formationen hier ×1,40","formaciones aquí ×1,40","formations here ×1.40","Architekt-Gebäude „Kathedrale"" — Effekt (legendär)","","done","erzeugt aus src/i18n/buildingText.js"
"building.A_KLAMMER.tier1.eff","building","Formations-Joker (Farbblock) (Stufe III: zweiter Joker-Typ: Wiederholung)","comodín de formación (Bloque de palo) (nivel III: segundo tipo de comodín: Repetición)","formation wild (Suit block) (tier III: second wild type: Repeat)","Architekt-Gebäude „Klammer"" — Effekt Stufe I","","done","erzeugt aus src/i18n/buildingText.js"
"building.A_KLAMMER.tier3.eff","building","Formations-Joker (Farbblock/Wiederholung)","comodín de formación (Bloque de palo/Repetición)","formation wild (Suit block/Repeat)","Architekt-Gebäude „Klammer"" — Effekt Stufe III","","done","erzeugt aus src/i18n/buildingText.js"
"building.A_KONTOR.tier1.eff","building","Sieg +65 Score (Stufe IV: bei Crit ×2 Direkt-Score)","victoria +65 puntuación (nivel IV: con crítico ×2 puntuación directa)","win +65 score (tier IV: ×2 direct score on a crit)","Architekt-Gebäude „Kontor"" — Effekt Stufe I","","done","erzeugt aus src/i18n/buildingText.js"
"building.A_KONTOR.tier2.eff","building","Sieg +98 Score (Stufe IV: bei Crit ×2 Direkt-Score)","victoria +98 puntuación (nivel IV: con crítico ×2 puntuación directa)","win +98 score (tier IV: ×2 direct score on a crit)","Architekt-Gebäude „Kontor"" — Effekt Stufe II","","done","erzeugt aus src/i18n/buildingText.js"
"building.A_KONTOR.tier3.eff","building","Sieg +143 Score (Stufe IV: bei Crit ×2 Direkt-Score)","victoria +143 puntuación (nivel IV: con crítico ×2 puntuación directa)","win +143 score (tier IV: ×2 direct score on a crit)","Architekt-Gebäude „Kontor"" — Effekt Stufe III","","done","erzeugt aus src/i18n/buildingText.js"
"building.A_KONTOR.tier4.eff","building","Sieg +202 Score · bei Crit ×2 Direkt-Score","victoria +202 puntuación · con crítico ×2 puntuación directa","win +202 score · ×2 direct score on a crit","Architekt-Gebäude „Kontor"" — Effekt Stufe IV","","done","erzeugt aus src/i18n/buildingText.js"
"building.A_KREUZGANG.tier1.eff","building","Treppen-Bindeglied: Karte darf im Wert um ±1 abweichen","enlace de escalera: la carta puede diferir en valor en ±1","stair link: the card may differ in value by ±1","Architekt-Gebäude „Kreuzgang"" — Effekt Stufe I","","done","erzeugt aus src/i18n/buildingText.js"
"building.A_KREUZGANG.tier3.eff","building","Treppen-Bindeglied: Karte darf im Wert um ±2 abweichen","enlace de escalera: la carta puede diferir en valor en ±2","stair link: the card may differ in value by ±2","Architekt-Gebäude „Kreuzgang"" — Effekt Stufe III","","done","erzeugt aus src/i18n/buildingText.js"
"building.A_LAUFGANG.tier1.eff","building","reicht +50 Score ans Feld rechts weiter","pasa +50 puntuación a la celda de la derecha","passes +50 score on to the cell to the right","Architekt-Gebäude „Laufgang"" — Effekt Stufe I","","done","erzeugt aus src/i18n/buildingText.js"
"building.A_LAUFGANG.tier2.eff","building","reicht +75 Score ans Feld rechts weiter","pasa +75 puntuación a la celda de la derecha","passes +75 score on to the cell to the right","Architekt-Gebäude „Laufgang"" — Effekt Stufe II","","done","erzeugt aus src/i18n/buildingText.js"
"building.A_LAUFGANG.tier3.eff","building","reicht +110 Score ans Feld rechts weiter","pasa +110 puntuación a la celda de la derecha","passes +110 score on to the cell to the right","Architekt-Gebäude „Laufgang"" — Effekt Stufe III","","done","erzeugt aus src/i18n/buildingText.js"
"building.A_LAUFGANG.tier4.eff","building","reicht +155 Score ans Feld rechts weiter","pasa +155 puntuación a la celda de la derecha","passes +155 score on to the cell to the right","Architekt-Gebäude „Laufgang"" — Effekt Stufe IV","","done","erzeugt aus src/i18n/buildingText.js"
"building.A_LEUCHTTURM.legendary.eff","building","strahlt +100 Score in beide Nachbarfelder","irradia +100 puntuación a ambas celdas contiguas","radiates +100 score into both neighbouring cells","Architekt-Gebäude „Leuchtturm"" — Effekt (legendär)","","done","erzeugt aus src/i18n/buildingText.js"
"building.A_LOSBUDE.tier1.eff","building","Crit-Sieg +90 Score · Sieg ohne Crit −15 Score","victoria con crítico +90 puntuación · victoria sin crítico −15 puntuación","crit win +90 score · win without a crit −15 score","Architekt-Gebäude „Losbude"" — Effekt Stufe I","","done","erzeugt aus src/i18n/buildingText.js"
"building.A_LOSBUDE.tier2.eff","building","Crit-Sieg +135 Score · Sieg ohne Crit −15 Score","victoria con crítico +135 puntuación · victoria sin crítico −15 puntuación","crit win +135 score · win without a crit −15 score","Architekt-Gebäude „Losbude"" — Effekt Stufe II","","done","erzeugt aus src/i18n/buildingText.js"
"building.A_LOSBUDE.tier3.eff","building","Crit-Sieg +198 Score · Sieg ohne Crit −15 Score","victoria con crítico +198 puntuación · victoria sin crítico −15 puntuación","crit win +198 score · win without a crit −15 score","Architekt-Gebäude „Losbude"" — Effekt Stufe III","","done","erzeugt aus src/i18n/buildingText.js"
"building.A_LOSBUDE.tier4.eff","building","Crit-Sieg +279 Score · Sieg ohne Crit −15 Score","victoria con crítico +279 puntuación · victoria sin crítico −15 puntuación","crit win +279 score · win without a crit −15 score","Architekt-Gebäude „Losbude"" — Effekt Stufe IV","","done","erzeugt aus src/i18n/buildingText.js"
"building.A_MARKT.tier1.eff","building","Sieg +20 Score je Nachbargebäude (max 4)","victoria +20 puntuación por edificio adyacente (máx. 4)","win +20 score per adjacent building (max 4)","Architekt-Gebäude „Marktplatz"" — Effekt Stufe I","","done","erzeugt aus src/i18n/buildingText.js"
"building.A_MARKT.tier2.eff","building","Sieg +30 Score je Nachbargebäude (max 4)","victoria +30 puntuación por edificio adyacente (máx. 4)","win +30 score per adjacent building (max 4)","Architekt-Gebäude „Marktplatz"" — Effekt Stufe II","","done","erzeugt aus src/i18n/buildingText.js"
"building.A_MARKT.tier3.eff","building","Sieg +44 Score je Nachbargebäude (max 4)","victoria +44 puntuación por edificio adyacente (máx. 4)","win +44 score per adjacent building (max 4)","Architekt-Gebäude „Marktplatz"" — Effekt Stufe III","","done","erzeugt aus src/i18n/buildingText.js"
"building.A_MARKT.tier4.eff","building","Sieg +62 Score je Nachbargebäude (max 4)","victoria +62 puntuación por edificio adyacente (máx. 4)","win +62 score per adjacent building (max 4)","Architekt-Gebäude „Marktplatz"" — Effekt Stufe IV","","done","erzeugt aus src/i18n/buildingText.js"
"building.A_MEILENSTEIN.tier1.eff","building","jeder 5. Sieg auf diesem Gebäude +200 Score","cada 5 victorias en este edificio +200 puntuación","every 5th win on this building +200 score","Architekt-Gebäude „Meilenstein"" — Effekt Stufe I","","done","erzeugt aus src/i18n/buildingText.js"
"building.A_MEILENSTEIN.tier2.eff","building","jeder 5. Sieg auf diesem Gebäude +300 Score","cada 5 victorias en este edificio +300 puntuación","every 5th win on this building +300 score","Architekt-Gebäude „Meilenstein"" — Effekt Stufe II","","done","erzeugt aus src/i18n/buildingText.js"
"building.A_MEILENSTEIN.tier3.eff","building","jeder 5. Sieg auf diesem Gebäude +440 Score","cada 5 victorias en este edificio +440 puntuación","every 5th win on this building +440 score","Architekt-Gebäude „Meilenstein"" — Effekt Stufe III","","done","erzeugt aus src/i18n/buildingText.js"
"building.A_MEILENSTEIN.tier4.eff","building","jeder 3. Sieg auf diesem Gebäude +620 Score","cada 3 victorias en este edificio +620 puntuación","every 3th win on this building +620 score","Architekt-Gebäude „Meilenstein"" — Effekt Stufe IV","","done","erzeugt aus src/i18n/buildingText.js"
"building.A_PRISMA.legendary.eff","building","Formations-Joker (Wiederholung/Farbblock/Treppe/Wechsel)","comodín de formación (Repetición/Bloque de palo/Escalera/Zigzag)","formation wild (Repeat/Suit block/Stair/Zigzag)","Architekt-Gebäude „Prisma"" — Effekt (legendär)","","done","erzeugt aus src/i18n/buildingText.js"
"building.A_PRUNKSAAL.legendary.eff","building","Sieg +300 Score","victoria +300 puntuación","win +300 score","Architekt-Gebäude „Prunksaal"" — Effekt (legendär)","","done","erzeugt aus src/i18n/buildingText.js"
"building.A_QUADER.tier1.eff","building","alle Abgedeckten +2 Stichwert","todas las cubiertas +2 valor de baza","all covered cards +2 trick value","Architekt-Gebäude „Quader"" — Effekt Stufe I","","done","erzeugt aus src/i18n/buildingText.js"
"building.A_QUADER.tier2.eff","building","alle Abgedeckten +3 Stichwert","todas las cubiertas +3 valor de baza","all covered cards +3 trick value","Architekt-Gebäude „Quader"" — Effekt Stufe II","","done","erzeugt aus src/i18n/buildingText.js"
"building.A_QUADER.tier3.eff","building","alle Abgedeckten +4 Stichwert","todas las cubiertas +4 valor de baza","all covered cards +4 trick value","Architekt-Gebäude „Quader"" — Effekt Stufe III","","done","erzeugt aus src/i18n/buildingText.js"
"building.A_QUADER.tier4.eff","building","alle Abgedeckten +6 Stichwert","todas las cubiertas +6 valor de baza","all covered cards +6 trick value","Architekt-Gebäude „Quader"" — Effekt Stufe IV","","done","erzeugt aus src/i18n/buildingText.js"
"building.A_RAMPE.tier1.eff","building","niedrige Karten +2 Stichwert","cartas bajas +2 valor de baza","low cards +2 trick value","Architekt-Gebäude „Rampe"" — Effekt Stufe I","","done","erzeugt aus src/i18n/buildingText.js"
"building.A_RAMPE.tier2.eff","building","niedrige Karten +3 Stichwert","cartas bajas +3 valor de baza","low cards +3 trick value","Architekt-Gebäude „Rampe"" — Effekt Stufe II","","done","erzeugt aus src/i18n/buildingText.js"
"building.A_RAMPE.tier3.eff","building","niedrige Karten +4 Stichwert","cartas bajas +4 valor de baza","low cards +4 trick value","Architekt-Gebäude „Rampe"" — Effekt Stufe III","","done","erzeugt aus src/i18n/buildingText.js"
"building.A_RAMPE.tier4.eff","building","niedrige Karten +6 Stichwert","cartas bajas +6 valor de baza","low cards +6 trick value","Architekt-Gebäude „Rampe"" — Effekt Stufe IV","","done","erzeugt aus src/i18n/buildingText.js"
"building.A_RATHAUS.legendary.eff","building","Sieg +45 Score je Nachbargebäude (max 6)","victoria +45 puntuación por edificio adyacente (máx. 6)","win +45 score per adjacent building (max 6)","Architekt-Gebäude „Rathaus"" — Effekt (legendär)","","done","erzeugt aus src/i18n/buildingText.js"
"building.A_REIHENHAUS.tier1.eff","building","Sieg +9 Score je Serienpunkt (max 50) (Stufe III: ab Serie 4 doppelt)","victoria +9 puntuación por punto de racha (máx. 50) (nivel III: doble a partir de racha 4)","win +9 score per streak point (max 50) (tier III: double from streak 4)","Architekt-Gebäude „Reihenhaus"" — Effekt Stufe I","","done","erzeugt aus src/i18n/buildingText.js"
"building.A_REIHENHAUS.tier2.eff","building","Sieg +14 Score je Serienpunkt (max 50) (Stufe III: ab Serie 4 doppelt)","victoria +14 puntuación por punto de racha (máx. 50) (nivel III: doble a partir de racha 4)","win +14 score per streak point (max 50) (tier III: double from streak 4)","Architekt-Gebäude „Reihenhaus"" — Effekt Stufe II","","done","erzeugt aus src/i18n/buildingText.js"
"building.A_REIHENHAUS.tier3.eff","building","Sieg +20 Score je Serienpunkt (max 50) · ab Serie 4 doppelt","victoria +20 puntuación por punto de racha (máx. 50) · doble a partir de racha 4","win +20 score per streak point (max 50) · double from streak 4","Architekt-Gebäude „Reihenhaus"" — Effekt Stufe III","","done","erzeugt aus src/i18n/buildingText.js"
"building.A_REIHENHAUS.tier4.eff","building","Sieg +28 Score je Serienpunkt (max 50) · ab Serie 4 doppelt","victoria +28 puntuación por punto de racha (máx. 50) · doble a partir de racha 4","win +28 score per streak point (max 50) · double from streak 4","Architekt-Gebäude „Reihenhaus"" — Effekt Stufe IV","","done","erzeugt aus src/i18n/buildingText.js"
"building.A_RIEGEL.tier1.eff","building","alle Abgedeckten +1 Stichwert","todas las cubiertas +1 valor de baza","all covered cards +1 trick value","Architekt-Gebäude „Riegel"" — Effekt Stufe I","","done","erzeugt aus src/i18n/buildingText.js"
"building.A_RIEGEL.tier2.eff","building","alle Abgedeckten +2 Stichwert","todas las cubiertas +2 valor de baza","all covered cards +2 trick value","Architekt-Gebäude „Riegel"" — Effekt Stufe II","","done","erzeugt aus src/i18n/buildingText.js"
"building.A_RIEGEL.tier4.eff","building","alle Abgedeckten +3 Stichwert","todas las cubiertas +3 valor de baza","all covered cards +3 trick value","Architekt-Gebäude „Riegel"" — Effekt Stufe IV","","done","erzeugt aus src/i18n/buildingText.js"
"building.A_SCHATZ.legendary.eff","building","Siege hier ×1,30 Score","victorias aquí ×1,30 puntuación","wins here ×1.30 score","Architekt-Gebäude „Schatzkammer"" — Effekt (legendär)","","done","erzeugt aus src/i18n/buildingText.js"
"building.A_SOCKEL.tier1.eff","building","niedrigste Karte +3 Stichwert","carta más baja +3 valor de baza","lowest card +3 trick value","Architekt-Gebäude „Sockel"" — Effekt Stufe I","","done","erzeugt aus src/i18n/buildingText.js"
"building.A_SOCKEL.tier2.eff","building","niedrigste Karte +5 Stichwert","carta más baja +5 valor de baza","lowest card +5 trick value","Architekt-Gebäude „Sockel"" — Effekt Stufe II","","done","erzeugt aus src/i18n/buildingText.js"
"building.A_SOCKEL.tier3.eff","building","niedrigste Karte +7 Stichwert","carta más baja +7 valor de baza","lowest card +7 trick value","Architekt-Gebäude „Sockel"" — Effekt Stufe III","","done","erzeugt aus src/i18n/buildingText.js"
"building.A_SOCKEL.tier4.eff","building","niedrigste Karte +9 Stichwert","carta más baja +9 valor de baza","lowest card +9 trick value","Architekt-Gebäude „Sockel"" — Effekt Stufe IV","","done","erzeugt aus src/i18n/buildingText.js"
"building.A_SPEICHER.tier1.eff","building","Sieg +40 Score je vollendeter Struktur","victoria +40 puntuación por estructura completada","win +40 score per completed structure","Architekt-Gebäude „Speicherstadt"" — Effekt Stufe I","","done","erzeugt aus src/i18n/buildingText.js"
"building.A_SPEICHER.tier2.eff","building","Sieg +60 Score je vollendeter Struktur","victoria +60 puntuación por estructura completada","win +60 score per completed structure","Architekt-Gebäude „Speicherstadt"" — Effekt Stufe II","","done","erzeugt aus src/i18n/buildingText.js"
"building.A_SPEICHER.tier3.eff","building","Sieg +88 Score je vollendeter Struktur","victoria +88 puntuación por estructura completada","win +88 score per completed structure","Architekt-Gebäude „Speicherstadt"" — Effekt Stufe III","","done","erzeugt aus src/i18n/buildingText.js"
"building.A_SPEICHER.tier4.eff","building","Sieg +124 Score je vollendeter Struktur","victoria +124 puntuación por estructura completada","win +124 score per completed structure","Architekt-Gebäude „Speicherstadt"" — Effekt Stufe IV","","done","erzeugt aus src/i18n/buildingText.js"
"building.A_SPIELBANK.legendary.eff","building","Crit-Sieg +500 Score · Sieg ohne Crit −80 Score","victoria con crítico +500 puntuación · victoria sin crítico −80 puntuación","crit win +500 score · win without a crit −80 score","Architekt-Gebäude „Spielbank"" — Effekt (legendär)","","done","erzeugt aus src/i18n/buildingText.js"
"building.A_STERNWARTE.legendary.eff","building","Sieg +90 Score je vollendeter Struktur","victoria +90 puntuación por estructura completada","win +90 score per completed structure","Architekt-Gebäude „Sternwarte"" — Effekt (legendär)","","done","erzeugt aus src/i18n/buildingText.js"
"building.A_STUETZE.tier1.eff","building","alle Abgedeckten +1 Stichwert","todas las cubiertas +1 valor de baza","all covered cards +1 trick value","Architekt-Gebäude „Stützbalken"" — Effekt Stufe I","","done","erzeugt aus src/i18n/buildingText.js"
"building.A_STUETZE.tier2.eff","building","alle Abgedeckten +2 Stichwert","todas las cubiertas +2 valor de baza","all covered cards +2 trick value","Architekt-Gebäude „Stützbalken"" — Effekt Stufe II","","done","erzeugt aus src/i18n/buildingText.js"
"building.A_STUETZE.tier4.eff","building","alle Abgedeckten +3 Stichwert","todas las cubiertas +3 valor de baza","all covered cards +3 trick value","Architekt-Gebäude „Stützbalken"" — Effekt Stufe IV","","done","erzeugt aus src/i18n/buildingText.js"
"building.A_VORWERK.tier1.eff","building","frühe Segmente +70 Score","segmentos tempranos +70 puntuación","early segments +70 score","Architekt-Gebäude „Vorwerk"" — Effekt Stufe I","","done","erzeugt aus src/i18n/buildingText.js"
"building.A_VORWERK.tier2.eff","building","frühe Segmente +105 Score","segmentos tempranos +105 puntuación","early segments +105 score","Architekt-Gebäude „Vorwerk"" — Effekt Stufe II","","done","erzeugt aus src/i18n/buildingText.js"
"building.A_VORWERK.tier3.eff","building","frühe Segmente +154 Score","segmentos tempranos +154 puntuación","early segments +154 score","Architekt-Gebäude „Vorwerk"" — Effekt Stufe III","","done","erzeugt aus src/i18n/buildingText.js"
"building.A_VORWERK.tier4.eff","building","frühe Segmente +217 Score","segmentos tempranos +217 puntuación","early segments +217 score","Architekt-Gebäude „Vorwerk"" — Effekt Stufe IV","","done","erzeugt aus src/i18n/buildingText.js"
"building.A_WEHRGANG.tier1.eff","building","frühe Segmente +2 Stichwert","segmentos tempranos +2 valor de baza","early segments +2 trick value","Architekt-Gebäude „Wehrgang"" — Effekt Stufe I","","done","erzeugt aus src/i18n/buildingText.js"
"building.A_WEHRGANG.tier2.eff","building","frühe Segmente +3 Stichwert","segmentos tempranos +3 valor de baza","early segments +3 trick value","Architekt-Gebäude „Wehrgang"" — Effekt Stufe II","","done","erzeugt aus src/i18n/buildingText.js"
"building.A_WEHRGANG.tier3.eff","building","frühe Segmente +4 Stichwert","segmentos tempranos +4 valor de baza","early segments +4 trick value","Architekt-Gebäude „Wehrgang"" — Effekt Stufe III","","done","erzeugt aus src/i18n/buildingText.js"
"building.A_WEHRGANG.tier4.eff","building","frühe Segmente +6 Stichwert","segmentos tempranos +6 valor de baza","early segments +6 trick value","Architekt-Gebäude „Wehrgang"" — Effekt Stufe IV","","done","erzeugt aus src/i18n/buildingText.js"
"building.A_WETTHALLE.tier1.eff","building","Crit-Sieg +260 Score · Sieg ohne Crit −60 Score","victoria con crítico +260 puntuación · victoria sin crítico −60 puntuación","crit win +260 score · win without a crit −60 score","Architekt-Gebäude „Wetthalle"" — Effekt Stufe I","","done","erzeugt aus src/i18n/buildingText.js"
"building.A_WETTHALLE.tier2.eff","building","Crit-Sieg +390 Score · Sieg ohne Crit −60 Score","victoria con crítico +390 puntuación · victoria sin crítico −60 puntuación","crit win +390 score · win without a crit −60 score","Architekt-Gebäude „Wetthalle"" — Effekt Stufe II","","done","erzeugt aus src/i18n/buildingText.js"
"building.A_WETTHALLE.tier3.eff","building","Crit-Sieg +572 Score · Sieg ohne Crit −60 Score","victoria con crítico +572 puntuación · victoria sin crítico −60 puntuación","crit win +572 score · win without a crit −60 score","Architekt-Gebäude „Wetthalle"" — Effekt Stufe III","","done","erzeugt aus src/i18n/buildingText.js"
"building.A_WETTHALLE.tier4.eff","building","Crit-Sieg +806 Score · Sieg ohne Crit −60 Score","victoria con crítico +806 puntuación · victoria sin crítico −60 puntuación","crit win +806 score · win without a crit −60 score","Architekt-Gebäude „Wetthalle"" — Effekt Stufe IV","","done","erzeugt aus src/i18n/buildingText.js"
"building.A_ZINNE.tier1.eff","building","Crit-Sieg +80 Score","victoria con crítico +80 puntuación","crit win +80 score","Architekt-Gebäude „Zinne"" — Effekt Stufe I","","done","erzeugt aus src/i18n/buildingText.js"
"building.A_ZINNE.tier2.eff","building","Crit-Sieg +120 Score","victoria con crítico +120 puntuación","crit win +120 score","Architekt-Gebäude „Zinne"" — Effekt Stufe II","","done","erzeugt aus src/i18n/buildingText.js"
"building.A_ZINNE.tier3.eff","building","Crit-Sieg +176 Score","victoria con crítico +176 puntuación","crit win +176 score","Architekt-Gebäude „Zinne"" — Effekt Stufe III","","done","erzeugt aus src/i18n/buildingText.js"
"building.A_ZINNE.tier4.eff","building","Crit-Sieg +248 Score","victoria con crítico +248 puntuación","crit win +248 score","Architekt-Gebäude „Zinne"" — Effekt Stufe IV","","done","erzeugt aus src/i18n/buildingText.js"
"building.A_ZOLLHAUS.tier1.eff","building","Sieg +35 Score (Stufe IV: zusätzlich ×1,15 Score)","victoria +35 puntuación (nivel IV: además ×1,15 puntuación)","win +35 score (tier IV: ×1.15 score on top)","Architekt-Gebäude „Zollhaus"" — Effekt Stufe I","","done","erzeugt aus src/i18n/buildingText.js"
"building.A_ZOLLHAUS.tier2.eff","building","Sieg +53 Score (Stufe IV: zusätzlich ×1,15 Score)","victoria +53 puntuación (nivel IV: además ×1,15 puntuación)","win +53 score (tier IV: ×1.15 score on top)","Architekt-Gebäude „Zollhaus"" — Effekt Stufe II","","done","erzeugt aus src/i18n/buildingText.js"
"building.A_ZOLLHAUS.tier3.eff","building","Sieg +77 Score (Stufe IV: zusätzlich ×1,15 Score)","victoria +77 puntuación (nivel IV: además ×1,15 puntuación)","win +77 score (tier IV: ×1.15 score on top)","Architekt-Gebäude „Zollhaus"" — Effekt Stufe III","","done","erzeugt aus src/i18n/buildingText.js"
"building.A_ZOLLHAUS.tier4.eff","building","Sieg +109 Score · zusätzlich ×1,15 Score","victoria +109 puntuación · además ×1,15 puntuación","win +109 score · ×1.15 score on top","Architekt-Gebäude „Zollhaus"" — Effekt Stufe IV","","done","erzeugt aus src/i18n/buildingText.js"
"building.A_ZUNFTHAUS.tier1.eff","building","passende Farbe +130 Score","palo coincidente +130 puntuación","matching suit +130 score","Architekt-Gebäude „Zunfthaus"" — Effekt Stufe I","","done","erzeugt aus src/i18n/buildingText.js"
"building.A_ZUNFTHAUS.tier2.eff","building","passende Farbe +195 Score","palo coincidente +195 puntuación","matching suit +195 score","Architekt-Gebäude „Zunfthaus"" — Effekt Stufe II","","done","erzeugt aus src/i18n/buildingText.js"
"building.A_ZUNFTHAUS.tier3.eff","building","passende Farbe +286 Score","palo coincidente +286 puntuación","matching suit +286 score","Architekt-Gebäude „Zunfthaus"" — Effekt Stufe III","","done","erzeugt aus src/i18n/buildingText.js"
"building.A_ZUNFTHAUS.tier4.eff","building","passende Farbe +403 Score","palo coincidente +403 puntuación","matching suit +403 score","Architekt-Gebäude „Zunfthaus"" — Effekt Stufe IV","","done","erzeugt aus src/i18n/buildingText.js"
"building.A_ZUNFTV.tier1.eff","building","+1 Stichwert je Nachbargebäude (max 3)","+1 valor de baza por edificio adyacente (máx. 3)","+1 trick value per adjacent building (max 3)","Architekt-Gebäude „Zunftviertel"" — Effekt Stufe I","","done","erzeugt aus src/i18n/buildingText.js"
"building.A_ZUNFTV.tier2.eff","building","+2 Stichwert je Nachbargebäude (max 3)","+2 valor de baza por edificio adyacente (máx. 3)","+2 trick value per adjacent building (max 3)","Architekt-Gebäude „Zunftviertel"" — Effekt Stufe II","","done","erzeugt aus src/i18n/buildingText.js"
"building.A_ZUNFTV.tier4.eff","building","+3 Stichwert je Nachbargebäude (max 3)","+3 valor de baza por edificio adyacente (máx. 3)","+3 trick value per adjacent building (max 3)","Architekt-Gebäude „Zunftviertel"" — Effekt Stufe IV","","done","erzeugt aus src/i18n/buildingText.js"
"building.A_ZWINGER.legendary.eff","building","+2 Stichwert je Nachbargebäude (max 5)","+2 valor de baza por edificio adyacente (máx. 5)","+2 trick value per adjacent building (max 5)","Architekt-Gebäude „Zwinger"" — Effekt (legendär)","","done","erzeugt aus src/i18n/buildingText.js"
"ability.SK_FIRE_01.desc","i18n","Siege mit Kampfwert-Vorsprung geben +50 % mehr Hitze.","Las victorias con margen de valor de combate dan +50 % más de calor.","Wins with a margin give +50% more heat.","i18n-Katalog (src/i18n) — über t() aufgelöst","","done",""
"ability.SK_FIRE_01.name","i18n","Glut","Brasa","Ember","i18n-Katalog (src/i18n) — über t() aufgelöst","","done",""
"ability.SK_FIRE_02.desc","i18n","Jeder Sieg gibt +2 % Hitze, auch bei knappem Vorsprung.","Cada victoria da +2 % de calor, incluso con un margen escaso.","Every win gives +2% heat, even on a narrow margin.","i18n-Katalog (src/i18n) — über t() aufgelöst","","done",""
"ability.SK_FIRE_02.name","i18n","Zunder","Yesca","Tinder","i18n-Katalog (src/i18n) — über t() aufgelöst","","done",""
"ability.SK_FIRE_03.desc","i18n","Jeder Sieg in Folge gibt +1 % mehr Hitze (bis +5 %). Eine Niederlage setzt zurück.","Cada victoria seguida da +1 % más de calor (hasta +5 %). Una derrota lo reinicia.","Every win in a row gives +1% more heat (up to +5%). A loss resets it.","i18n-Katalog (src/i18n) — über t() aufgelöst","","done",""
"ability.SK_FIRE_03.name","i18n","Feuersturm","Tormenta de Fuego","Firestorm","i18n-Katalog (src/i18n) — über t() aufgelöst","","done",""
"ability.SK_FIRE_04.desc","i18n","Niederlagen kosten nur 50 % der Hitze; unter 30 % Hitze gar keine.","Las derrotas cuestan solo el 50 % del calor; por debajo del 30 % de calor, nada en absoluto.","Losses cost only 50% of the heat; below 30% heat, nothing at all.","i18n-Katalog (src/i18n) — über t() aufgelöst","","done",""
"ability.SK_FIRE_04.name","i18n","Glutbett","Lecho de Brasas","Ember Bed","i18n-Katalog (src/i18n) — über t() aufgelöst","","done",""
"ability.SK_FIRE_05.desc","i18n","Nach einer Niederlage gibt der nächste Sieg +1 % Hitze je Punkt Wert-Rückstand und der Siegkarte +2 Stichwert.","Tras una derrota, la siguiente victoria da +1 % de calor por cada punto de desventaja de valor y da a la carta ganadora +2 de valor de baza.","After a loss, the next win gives +1% heat per point of value deficit and gives the winning card +2 trick value.","i18n-Katalog (src/i18n) — über t() aufgelöst","","done",""
"ability.SK_FIRE_05.name","i18n","Rückzündung","Reencendido","Reignition","i18n-Katalog (src/i18n) — über t() aufgelöst","","done",""
"ability.SK_FIRE_06.desc","i18n","Alle deine Karten bekommen Stichwert nach Hitze: +1 ab 40 %, +2 ab 70 %, +3 bei 100 %. Die oberen beiden verlangen im laufenden Segment zusätzlich einen Sieg mit 8 bzw. 12 Kampfwert-Vorsprung.","Todas tus cartas ganan valor de baza según el calor: +1 desde el 40 %, +2 desde el 70 %, +3 con el 100 %. Los dos niveles superiores exigen además, dentro del segmento en curso, una victoria con 8 o 12 de margen respectivamente.","All your cards gain trick value from heat: +1 from 40%, +2 from 70%, +3 at 100%. The upper two also need a win at 8 resp. 12 margin within the current segment.","i18n-Katalog (src/i18n) — über t() aufgelöst","","done",""
"ability.SK_FIRE_06.name","i18n","Glühende Klinge","Hoja Incandescente","Glowing Blade","i18n-Katalog (src/i18n) — über t() aufgelöst","","done",""
"ability.SK_FIRE_07.desc","i18n","Hitze über 100 % staut sich als Überhitzung auf, bis 150 %; je höher sie steht, desto weniger kommt an. Jeder Punkt gibt +2 % Feuer-Score. Sie baut 2 Punkte je Stich ab, 5 bei einer Niederlage.","El calor por encima del 100 % se acumula como sobrecalentamiento, hasta el 150 %; cuanto más alto está, menos llega. Cada punto da +2 % de puntuación de fuego. Se disipa 2 puntos por baza, 5 con una derrota.","Heat above 100% banks as overheat, up to 150%; the higher it stands, the less arrives. Every point gives +2% fire score. It decays by 2 points per trick, 5 on a loss.","i18n-Katalog (src/i18n) — über t() aufgelöst","","done",""
"ability.SK_FIRE_07.name","i18n","Weißglut","Calor Blanco","White Heat","i18n-Katalog (src/i18n) — über t() aufgelöst","","done",""
"ability.SK_FIRE_08.desc","i18n","Ab 40 % Hitze gibt jeder Sieg in Folge der nächsten Karte +1 Stichwert (bis +3). Eine Niederlage setzt zurück.","A partir del 40 % de calor, cada victoria seguida da a la carta siguiente +1 de valor de baza (hasta +3). Una derrota lo reinicia.","From 40% heat, every win in a row gives the next card +1 trick value (up to +3). A loss resets it.","i18n-Katalog (src/i18n) — über t() aufgelöst","","done",""
"ability.SK_FIRE_08.name","i18n","Feuerwalze","Oleada de Fuego","Fire Roll","i18n-Katalog (src/i18n) — über t() aufgelöst","","done",""
"ability.SK_FIRE_09.desc","i18n","Großer Kampfwert-Vorsprung gibt mehr Feuer-Score: ×1,5 ab 8, ×2 ab 12.","Un margen grande de valor de combate da más puntuación de fuego: ×1,5 desde 8, ×2 desde 12.","A large margin gives more fire score: ×1.5 from 8, ×2 from 12.","i18n-Katalog (src/i18n) — über t() aufgelöst","","done",""
"ability.SK_FIRE_09.name","i18n","Verbrennung","Combustión","Combustion","i18n-Katalog (src/i18n) — über t() aufgelöst","","done",""
"ability.SK_FIRE_10.desc","i18n","Jeder Sieg unter 8 Kampfwert-Vorsprung legt das 2-fache seines Feuer-Scores plus 60 in einen Speicher, +20 je weiterem Feuer-Skill. Ein Sieg ab 8 Vorsprung zahlt ihn als Score aus, eine Niederlage halbiert ihn.","Cada victoria con menos de 8 de margen ingresa 2× su puntuación de fuego más 60 en un depósito, +20 por cada habilidad de Fuego adicional. Una victoria desde 8 de margen lo reparte como puntuación; una derrota lo reduce a la mitad.","Every win below 8 margin puts 2× its fire score plus 60 into a store, +20 per further fire skill. A win from 8 margin pays it out as score, a loss halves it.","i18n-Katalog (src/i18n) — über t() aufgelöst","","done",""
"ability.SK_FIRE_10.name","i18n","Funkenflug","Lluvia de Chispas","Spark Flight","i18n-Katalog (src/i18n) — über t() aufgelöst","","done",""
"ability.SK_FIRE_11.desc","i18n","Ab 80 % Hitze brennt der nächste Sieg bis auf 40 % herunter: +20 Score je verbranntem Hitzepunkt, +17 je weiterem Feuer-Skill (mit 6 Feuer-Skills ≈ +6.300).","A partir del 80 % de calor, la siguiente victoria quema hasta el 40 %: +20 de puntuación por punto de calor quemado, +17 por cada habilidad de Fuego adicional (con 6 habilidades de Fuego ≈ +6.300).","From 80% heat, the next win burns down to 40%: +20 score per burnt heat point, +17 per further fire skill (with 6 fire skills ≈ +6,300).","i18n-Katalog (src/i18n) — über t() aufgelöst","","done",""
"ability.SK_FIRE_11.name","i18n","Flächenbrand","Incendio","Wildfire","i18n-Katalog (src/i18n) — über t() aufgelöst","","done",""
"ability.SK_FIRE_12.desc","i18n","Jeder Sieg verbrennt 4 % Hitze: 10 Score je verbranntem Punkt, +6 je gehaltenem Prozent Hitze (bei voller Leiste 2.440 je Sieg). Niederlagen kosten keine Hitze.","Cada victoria quema un 4 % de calor: 10 de puntuación por punto quemado, +6 por cada punto porcentual de calor acumulado (2.440 por victoria con la barra llena). Las derrotas no cuestan calor.","Every win burns 4% heat: 10 score per burnt point, +6 per percent of heat held (2,440 per win at a full bar). Losses cost no heat.","i18n-Katalog (src/i18n) — über t() aufgelöst","","done",""
"ability.SK_FIRE_12.name","i18n","Schmelzpunkt","Punto de Fusión","Melting Point","i18n-Katalog (src/i18n) — über t() aufgelöst","","done",""
"ability.SK_FIRE_13.desc","i18n","Jeder Sieg brandmarkt eine Gegnerkarte (−1 Wert) und gibt +1 Asche.","Cada victoria marca una carta rival (−1 de valor) y da +1 de ceniza.","Every win brands an opponent card (−1 value) and gives +1 ash.","i18n-Katalog (src/i18n) — über t() aufgelöst","","done",""
"ability.SK_FIRE_13.name","i18n","Brandmal","Marca","Brand","i18n-Katalog (src/i18n) — über t() aufgelöst","","done",""
"ability.SK_FIRE_14.desc","i18n","Verstärker: Brände greifen auf eine Nachbarkarte über (−1 Wert) und geben +1 Asche.","Amplificador: Las marcas se extienden a una carta vecina (−1 de valor) y dan +1 de ceniza.","Amplifier: Brands spread to a neighbour card (−1 value) and give +1 ash.","i18n-Katalog (src/i18n) — über t() aufgelöst","","done",""
"ability.SK_FIRE_14.name","i18n","Lauffeuer","Reguero de Fuego","Running Fire","i18n-Katalog (src/i18n) — über t() aufgelöst","","done",""
"ability.SK_FIRE_15.desc","i18n","Am Ende jedes Durchlaufs erhält jeweils deine niedrigste Karte dauerhaft +3 Kartenwert, solange du ≥20 Asche hast. Ist die Schmiede voll, verglüht weitere Asche als Ascheglut: +2.000 Score je 20 Asche.","Al final de cada ciclo, tu carta más baja gana de forma permanente +3 de valor de carta, siempre que tengas 20 de ceniza o más. Cuando la forja está llena, la ceniza sobrante arde como brasa de ceniza: +2.000 de puntuación por cada 20 de ceniza.","At the end of every cycle your lowest card each time permanently gains +3 card value, as long as you have 20 ash or more. Once the forge is full, further ash burns off as ash glow: +2,000 score per 20 ash.","i18n-Katalog (src/i18n) — über t() aufgelöst","","done",""
"ability.SK_FIRE_15.name","i18n","Ascheschmiede","Forja de Ceniza","Ash Forge","i18n-Katalog (src/i18n) — über t() aufgelöst","","done",""
"ability.SK_FIRE_16.desc","i18n","Verstärker: Geschmiedete Karten geben bei Sieg +12 Score je geschmiedetem Wert.","Amplificador: Las cartas forjadas dan +12 de puntuación por cada punto de valor forjado al ganar.","Amplifier: Forged cards give +12 score per forged value on a win.","i18n-Katalog (src/i18n) — über t() aufgelöst","","done",""
"ability.SK_FIRE_16.name","i18n","Glutstahl","Acero al Rojo","Ember Steel","i18n-Katalog (src/i18n) — über t() aufgelöst","","done",""
"ability.SK_FIRE_17.desc","i18n","Ab 50 % Hitze geben Brände zusätzlich −1 Wert und +1 Asche. Schmieden kostet 25 % weniger Asche.","A partir del 50 % de calor, las marcas dan además −1 de valor y +1 de ceniza. Forjar cuesta un 25 % menos de ceniza.","From 50% heat, brands additionally give −1 value and +1 ash. Forging costs 25% less ash.","i18n-Katalog (src/i18n) — über t() aufgelöst","","done",""
"ability.SK_FIRE_17.name","i18n","Schmelzofen","Horno de Fundición","Smelter","i18n-Katalog (src/i18n) — über t() aufgelöst","","done",""
"ability.SK_FIRE_L01.desc","i18n","Jeder Sieg gegen eine gebrandmarkte Gegnerkarte gibt +100 Score je Brand darauf. Endet ein Durchlauf mit ≥60 % Hitze, stapeln sich deine Brände statt sich zu erneuern (bis 4 je Karte), und deine Karten unter Wert 9 bekommen dauerhaft +2 Kartenwert.","Cada victoria contra una carta rival marcada da +100 de puntuación por cada marca que tenga. Si un ciclo termina con un 60 % de calor o más, tus marcas se acumulan en vez de renovarse (hasta 4 por carta), y tus cartas por debajo del valor 9 ganan de forma permanente +2 de valor de carta.","Every win against a branded opponent card gives +100 score per brand on it. If a cycle ends at 60% heat or more, your brands stack up instead of being renewed (to 4 per card), and your cards below value 9 permanently gain +2 card value.","i18n-Katalog (src/i18n) — über t() aufgelöst","","done",""
"ability.SK_FIRE_L01.name","i18n","Sonnenkern","Núcleo Solar","Sun Core","i18n-Katalog (src/i18n) — über t() aufgelöst","","done",""
"ability.SK_FIRE_L02.desc","i18n","Niederlagen kosten keine Hitze, sondern geben +8 % Hitze je Rückstandspunkt. Sinkt deine Hitze durch Verbrauch auf 0, entzündet sie sich 1×/Durchlauf auf 40 % neu.","Las derrotas no cuestan calor: dan +8 % de calor por cada punto de desventaja. Si el consumo deja tu calor a 0, se reenciende 1×/ciclo al 40 %.","Losses cost no heat: they give +8% heat per point of deficit instead. If consumption drops your heat to 0, it reignites once per cycle at 40%.","i18n-Katalog (src/i18n) — über t() aufgelöst","","done",""
"ability.SK_FIRE_L02.name","i18n","Phönixfeuer","Fuego de Fénix","Phoenix Fire","i18n-Katalog (src/i18n) — über t() aufgelöst","","done",""
"ability.SK_FIRE_L03.desc","i18n","Dein gesamter Sieg-Score wird mit deinem höchsten je erreichten Hitzestand multipliziert: +1 % je Prozent bis 100 %, also bis ×2, und +3 % je Punkt Überhitzung darüber, mit Weißglut bis ×3,5.","Toda tu puntuación de victoria se multiplica por el nivel de calor más alto que hayas alcanzado: +1 % por cada punto porcentual hasta el 100 %, es decir hasta ×2, y +3 % por cada punto de sobrecalentamiento por encima, con Calor Blanco hasta ×3,5.","Your entire win score is multiplied by the highest heat level you have ever reached: +1% per percent up to 100%, so up to ×2, and +3% per point of overheat above that, with White Heat up to ×3.5.","i18n-Katalog (src/i18n) — über t() aufgelöst","","done",""
"ability.SK_FIRE_L03.name","i18n","Sonnenzorn","Ira Solar","Sun Wrath","i18n-Katalog (src/i18n) — über t() aufgelöst","","done",""
"ability.SK_FIRE_L04.desc","i18n","Schmiedet jeden Durchlauf deine niedrigste Karte ohne Asche (+3 Wert, bis 10 Karten). Geschmiedete Karten kämpfen mit +5 Wert. Jeder Sieg gibt +14 Score je Punkt geschmiedetem Wert im Deck. Eine Schmiedung sind 3 Punkte.","Forja tu carta más baja en cada ciclo sin ceniza (+3 de valor, hasta 10 cartas). Las cartas forjadas combaten con +5 de valor. Cada victoria da +14 de puntuación por cada punto de valor forjado en tu mazo. Una forja son 3 puntos.","Forges your lowest card every cycle without ash (+3 value, up to 10 cards). Forged cards fight with +5 value. Every win gives +14 score per point of forged value in your deck. One forging is 3 points.","i18n-Katalog (src/i18n) — über t() aufgelöst","","done",""
"ability.SK_FIRE_L04.name","i18n","Damaststahl","Acero de Damasco","Damascus Steel","i18n-Katalog (src/i18n) — über t() aufgelöst","","done",""
"ability.SK_ICE_01.desc","i18n","Ein Gletscher-Sieg gibt +1 Masse extra, in einer Formation zusätzlich +2.","Una victoria de glaciar da +1 de masa extra, y +2 más dentro de una formación.","A glacier win gives +1 extra mass, +2 more inside a formation.","i18n-Katalog (src/i18n) — über t() aufgelöst","","done",""
"ability.SK_ICE_01.name","i18n","Anfrieren","Congelación","Freeze-On","i18n-Katalog (src/i18n) — über t() aufgelöst","","done",""
"ability.SK_ICE_02.desc","i18n","Gewinnt ein Gletscher, sät er +2 Schnee in die Boden-Reserve eines der 4 angrenzenden offenen Felder, ohne eigene Masse abzugeben. Nur bei 0 eigener Masse gibt er stattdessen seine Sieg-Masse ab. Eisbrücke erweitert das nicht.","Cuando un glaciar gana, siembra +2 de nieve en la reserva del suelo de una de las 4 celdas abiertas contiguas, sin ceder masa propia. Solo un glaciar con 0 de masa cede en su lugar la masa de la victoria. El puente de hielo no amplía esto.","When a glacier wins, it seeds +2 snow into the ground reserve of one of the 4 adjacent open cells, keeping its own mass. Only a glacier at 0 mass gives up its win mass instead. Ice bridge does not extend this.","i18n-Katalog (src/i18n) — über t() aufgelöst","","done",""
"ability.SK_ICE_02.name","i18n","Schneetreiben","Ventisca","Snowdrift","i18n-Katalog (src/i18n) — über t() aufgelöst","","done",""
"ability.SK_ICE_03.desc","i18n","Jeden Durchlauf sammeln ungefrorene Felder Schnee in ihrer Boden-Reserve: +1 bei 2 Feldern Abstand zum nächsten Gletscher, +2 ab 3. Die 8 Felder direkt um einen Gletscher bleiben leer. Friert hier später ein Gletscher ein, füllt die Reserve ihn zum Durchlauf-Beginn auf.","En cada ciclo, las celdas sin congelar acumulan nieve en su reserva del suelo: +1 a 2 celdas de distancia del glaciar más cercano, +2 a partir de 3. Las 8 celdas que rodean directamente un glaciar quedan vacías. Si más tarde se congela aquí un glaciar, la reserva lo rellena al inicio del ciclo.","Every cycle, unfrozen cells collect snow in their ground reserve: +1 at 2 cells' distance from the nearest glacier, +2 from 3. The 8 cells directly around a glacier stay empty. If a glacier later freezes here, the reserve refills it at the start of the cycle.","i18n-Katalog (src/i18n) — über t() aufgelöst","","done",""
"ability.SK_ICE_03.name","i18n","Dauerfrost","Permafrost","Permafrost","i18n-Katalog (src/i18n) — über t() aufgelöst","","done",""
"ability.SK_ICE_04.desc","i18n","Erhöht ein Gebäude den Kampfwert einer Gletscher-Karte, wird dieser Bonus nicht ausgespielt, sondern in Masse umgewandelt: +0,25 Masse je Punkt. Score-Gebäude bleiben unberührt.","Si un edificio sube el valor de combate de una carta de glaciar, esa bonificación no se juega, sino que se convierte en masa: +0,25 de masa por punto. Los edificios de puntuación no se ven afectados.","If a building raises the combat value of a glacier card, that bonus is not played out but converted into mass instead: +0.25 mass per point. Score buildings are untouched.","i18n-Katalog (src/i18n) — über t() aufgelöst","","done",""
"ability.SK_ICE_04.name","i18n","Verdichtung","Compactación","Compaction","i18n-Katalog (src/i18n) — über t() aufgelöst","","done",""
"ability.SK_ICE_05.desc","i18n","Zu Durchlauf-Beginn heben angrenzende Gletscher einander auf den Masse-Durchschnitt ihres Clusters, nie fallend.","Al inicio de un ciclo, los glaciares contiguos se elevan mutuamente hasta la masa media de su agrupación, sin bajar nunca.","At the start of a cycle, adjacent glaciers lift each other to the average mass of their cluster, never dropping.","i18n-Katalog (src/i18n) — über t() aufgelöst","","done",""
"ability.SK_ICE_05.name","i18n","Verschmelzen","Fusión","Fusion","i18n-Katalog (src/i18n) — über t() aufgelöst","","done",""
"ability.SK_ICE_06.desc","i18n","Jeden Durchlauf gewinnt ein Gletscher +0,5 Masse je Gletscher-Nachbar.","En cada ciclo, un glaciar gana +0,5 de masa por cada glaciar vecino.","Every cycle, a glacier gains +0.5 mass per glacier neighbour.","i18n-Katalog (src/i18n) — über t() aufgelöst","","done",""
"ability.SK_ICE_06.name","i18n","Packeis","Banquisa","Pack Ice","i18n-Katalog (src/i18n) — über t() aufgelöst","","done",""
"ability.SK_ICE_07.desc","i18n","Zählt auch die vier Diagonalen als angrenzend: zersplitterte Felder werden zu einem Cluster, für Bruch, Kollision und Cluster-Größe.","Cuenta también las cuatro diagonales como contiguas: las celdas dispersas se convierten en una sola agrupación, para estallidos, colisiones y tamaño de agrupación.","Counts the four diagonals as adjacent too: scattered cells become one cluster, for bursts, collisions and cluster size.","i18n-Katalog (src/i18n) — über t() aufgelöst","","done",""
"ability.SK_ICE_07.name","i18n","Eisbrücke","Puente de Hielo","Ice Bridge","i18n-Katalog (src/i18n) — über t() aufgelöst","","done",""
"ability.SK_ICE_08.desc","i18n","Eine komplett gefrorene Reihe oder Spalte verstärkt das Bersten aller ihrer Gletscher: ×1,6 statt ×1,3.","Una fila o columna totalmente congelada refuerza el estallido de todos sus glaciares: ×1,6 en vez de ×1,3.","A fully frozen row or column strengthens the burst of all its glaciers: ×1.6 instead of ×1.3.","i18n-Katalog (src/i18n) — über t() aufgelöst","","done",""
"ability.SK_ICE_08.name","i18n","Eiswall","Muro de Hielo","Ice Wall","i18n-Katalog (src/i18n) — über t() aufgelöst","","done",""
"ability.SK_ICE_09.desc","i18n","Jeden Durchlauf gewinnt jeder Gletscher +0,25 Masse je Gletscher im verbundenen Cluster.","En cada ciclo, cada glaciar gana +0,25 de masa por cada glaciar de la agrupación conectada.","Every cycle, each glacier gains +0.25 mass per glacier in the connected cluster.","i18n-Katalog (src/i18n) — über t() aufgelöst","","done",""
"ability.SK_ICE_09.name","i18n","Verzahnung","Engranaje","Interlock","i18n-Katalog (src/i18n) — über t() aufgelöst","","done",""
"ability.SK_ICE_10.desc","i18n","Höhere Masse-Schwellen bersten steiler: Wucht ×1,8 statt ×1,5 an der 2. Schwelle, ×3 statt ×2,2 an der 3.","Los umbrales de masa más altos estallan con más fuerza: potencia ×1,8 en vez de ×1,5 en el umbral 2, ×3 en vez de ×2,2 en el 3.","Higher mass thresholds burst more steeply: force ×1.8 instead of ×1.5 at the 2nd threshold, ×3 instead of ×2.2 at the 3rd.","i18n-Katalog (src/i18n) — über t() aufgelöst","","done",""
"ability.SK_ICE_10.name","i18n","Abbruchkante","Frente de Desprendimiento","Calving Edge","i18n-Katalog (src/i18n) — über t() aufgelöst","","done",""
"ability.SK_ICE_11.desc","i18n","Bricht ein Gletscher, brechen angrenzende Gletscher sofort mit, auch ohne ihre Schwelle erreicht zu haben.","Cuando un glaciar estalla, los glaciares contiguos estallan con él de inmediato, aunque no hayan alcanzado su umbral.","When a glacier bursts, adjacent glaciers burst with it immediately, even without reaching their threshold.","i18n-Katalog (src/i18n) — über t() aufgelöst","","done",""
"ability.SK_ICE_11.name","i18n","Kettenbruch","Estallido en Cadena","Chain Burst","i18n-Katalog (src/i18n) — über t() aufgelöst","","done",""
"ability.SK_ICE_12.desc","i18n","Trifft ein Bruch einen Gletscher-Nachbarn, zählt die Kollision stärker: Faktor ×2 statt ×1,5.","Cuando un estallido alcanza a un glaciar vecino, la colisión cuenta más: factor ×2 en vez de ×1,5.","When a burst hits a glacier neighbour, the collision counts for more: factor ×2 instead of ×1.5.","i18n-Katalog (src/i18n) — über t() aufgelöst","","done",""
"ability.SK_ICE_12.name","i18n","Zermalmen","Trituración","Crush","i18n-Katalog (src/i18n) — über t() aufgelöst","","done",""
"ability.SK_ICE_13.desc","i18n","Ein Gletscher bricht schon ab 6 Masse statt 12.","Un glaciar estalla ya con 6 de masa, en vez de 12.","A glacier bursts at 6 mass already, instead of 12.","i18n-Katalog (src/i18n) — über t() aufgelöst","","done",""
"ability.SK_ICE_13.name","i18n","Rissbildung","Agrietamiento","Fracturing","i18n-Katalog (src/i18n) — über t() aufgelöst","","done",""
"ability.SK_ICE_14.desc","i18n","Jeder Bruch wird +5 % stärker je Gletscher, der im selben Durchlauf bricht.","Cada estallido es un +5 % más fuerte por cada glaciar que estalle en el mismo ciclo.","Every burst is +5% stronger per glacier that bursts in the same cycle.","i18n-Katalog (src/i18n) — über t() aufgelöst","","done",""
"ability.SK_ICE_14.name","i18n","Gletschersturz","Derrumbe de Glaciar","Glacier Collapse","i18n-Katalog (src/i18n) — über t() aufgelöst","","done",""
"ability.SK_ICE_15.desc","i18n","Bricht ein Gletscher auf eine Gegnerkarte, verliert diese ihren Stich im nächsten Durchlauf.","Cuando un glaciar estalla sobre una carta rival, esa carta pierde su baza en el ciclo siguiente.","When a glacier bursts onto an opponent card, that card loses its trick in the next cycle.","i18n-Katalog (src/i18n) — über t() aufgelöst","","done",""
"ability.SK_ICE_15.name","i18n","Einfrieren","Congelar","Freeze","i18n-Katalog (src/i18n) — über t() aufgelöst","","done",""
"ability.SK_ICE_16.desc","i18n","Bricht ein Gletscher, bekommen seine Nicht-Gletscher-Nachbarn +3 Stichwert im nächsten Durchlauf. Mit Eisbrücke gilt das für die 8er-Nachbarschaft.","Cuando un glaciar estalla, sus vecinas que no son glaciares reciben +3 de valor de baza en el ciclo siguiente. Con el puente de hielo, esto vale para la vecindad de 8.","When a glacier bursts, its non-glacier neighbours get +3 trick value in the next cycle. With ice bridge, this applies to the 8-neighbourhood.","i18n-Katalog (src/i18n) — über t() aufgelöst","","done",""
"ability.SK_ICE_16.name","i18n","Frostbund","Pacto de Escarcha","Frost Bond","i18n-Katalog (src/i18n) — über t() aufgelöst","","done",""
"ability.SK_ICE_17.desc","i18n","Eine Niederlage neben einem Gletscher bricht deine Serie nicht und gibt +1 Masse je angrenzendem Gletscher.","Una derrota junto a un glaciar no rompe tu racha y da +1 de masa por cada glaciar contiguo.","A loss next to a glacier does not break your streak and gives +1 mass per adjacent glacier.","i18n-Katalog (src/i18n) — über t() aufgelöst","","done",""
"ability.SK_ICE_17.name","i18n","Eispanzer","Coraza de Hielo","Ice Armour","i18n-Katalog (src/i18n) — über t() aufgelöst","","done",""
"ability.SK_ICE_L01.desc","i18n","Jeden Durchlauf +3 Schnee in die Boden-Reserve jedes ungefrorenen Felds. Das reservestärkste friert dann zum Gletscher ein und füllt sich aus seiner Reserve. Bis zu 16 Gletscher.","En cada ciclo, +3 de nieve en la reserva del suelo de cada celda sin congelar. La de mayor reserva se congela entonces en glaciar y se rellena desde su reserva. Hasta 16 glaciares.","Every cycle, +3 snow into the ground reserve of every unfrozen cell. The one with the largest reserve then freezes into a glacier and refills from its reserve. Up to 16 glaciers.","i18n-Katalog (src/i18n) — über t() aufgelöst","","done",""
"ability.SK_ICE_L01.name","i18n","Eiszeit","Edad de Hielo","Ice Age","i18n-Katalog (src/i18n) — über t() aufgelöst","","done",""
"ability.SK_ICE_L02.desc","i18n","Jeden Durchlauf ziehen alle deine Gletscher auf die Masse des stärksten hoch, nie fallend, und bekommen +3 Masse obendrauf. Beim Bruch gilt jeder Gletscher als Nachbar aller anderen: volle Kaskade und Kollision, egal wo sie liegen.","En cada ciclo, todos tus glaciares suben hasta la masa del más fuerte, sin bajar nunca, y ganan +3 de masa encima. Al estallar, cada glaciar cuenta como vecino de todos los demás: cascada y colisión completas, estén donde estén.","Every cycle, all your glaciers rise to the mass of the strongest, never dropping, and gain +3 mass on top. On a burst, every glacier counts as a neighbour of every other: full cascade and collision, wherever they sit.","i18n-Katalog (src/i18n) — über t() aufgelöst","","done",""
"ability.SK_ICE_L02.name","i18n","Ewiges Schild","Escudo Eterno","Eternal Shield","i18n-Katalog (src/i18n) — über t() aufgelöst","","done",""
"ability.SK_ICE_L03.desc","i18n","Im letzten Durchlauf brechen ALLE deine Gletscher auf einen Schlag, auch die noch nicht vollen, jeder mit der Wucht der höchsten Schwelle und massiv verstärkt.","En el último ciclo estallan TODOS tus glaciares de golpe, incluidos los que aún no están llenos, cada uno con la fuerza del umbral más alto y enormemente amplificado.","In the final cycle, ALL your glaciers burst at once, including those not yet full, each with the force of the highest threshold and massively amplified.","i18n-Katalog (src/i18n) — über t() aufgelöst","","done",""
"ability.SK_ICE_L03.name","i18n","Große Lawine","Gran Avalancha","Great Avalanche","i18n-Katalog (src/i18n) — über t() aufgelöst","","done",""
"ability.SK_ICE_L04.desc","i18n","Jede vom Bruch getroffene Gegnerkarte verliert ihren Stich, und der Bruch greift über die vier Nachbarn hinaus ins Gegnerfeld. Jeder Bruch zählt ×3 Score.","Cada carta rival alcanzada por el estallido pierde su baza, y el estallido llega más allá de las cuatro vecinas, hasta el campo rival. Cada estallido cuenta ×3 de puntuación.","Every opponent card hit by the burst loses its trick, and the burst reaches beyond the four neighbours into the opponent's field. Every burst counts ×3 score.","i18n-Katalog (src/i18n) — über t() aufgelöst","","done",""
"ability.SK_ICE_L04.name","i18n","Erstarrung","Rigidez","Rigor","i18n-Katalog (src/i18n) — über t() aufgelöst","","done",""
"ability.SK_LIGHTNING_01.desc","i18n","Jeder Crit erzeugt +1 Ladung zusätzlich. Jeder volle Ladungsverbrauch gibt +1 Ladung zurück.","Cada crítico genera +1 carga adicional. Cada consumo de carga completa devuelve +1 carga.","Every crit generates +1 extra charge. Every full charge consumption returns +1 charge.","i18n-Katalog (src/i18n) — über t() aufgelöst","","done",""
"ability.SK_LIGHTNING_01.name","i18n","Blitzableiter","Pararrayos","Lightning Rod","i18n-Katalog (src/i18n) — über t() aufgelöst","","done",""
"ability.SK_LIGHTNING_02.desc","i18n","Bei voller Ladung: 2 ungespielte Karten ionisieren.

▸ Sieg mit ionisierter Karte: +12 Score je Stapel.
▸ Jeder Stapel im Deck: +2 % Crit-Chance feldweit (max +18 %).
▸ Sind ~85 % der Karten ionisiert: alle Karten +1 Wert.","Con la carga llena: 2 cartas sin jugar se ionizan.

▸ Victoria con una carta ionizada: +12 de puntuación por acumulación.
▸ Cada acumulación del mazo: +2 % de probabilidad de crítico en todo el campo (máx. +18 %).
▸ Cuando ~85 % de las cartas están ionizadas: todas las cartas +1 de valor.","At full charge: 2 unplayed cards become ionized.

▸ Win with an ionized card: +12 score per stack.
▸ Every stack in the deck: +2% crit chance field-wide (max +18%).
▸ Once ~85% of the cards are ionized: all cards +1 value.","i18n-Katalog (src/i18n) — über t() aufgelöst","","done",""
"ability.SK_LIGHTNING_02.name","i18n","Ionisierung","Ionización","Ionization","i18n-Katalog (src/i18n) — über t() aufgelöst","","done",""
"ability.SK_LIGHTNING_03.desc","i18n","Verstärker: Jede Ionisierung erfasst +2 weitere Karten.","Amplificador: Cada ionización alcanza +2 cartas más.","Amplifier: Every ionization catches +2 more cards.","i18n-Katalog (src/i18n) — über t() aufgelöst","","done",""
"ability.SK_LIGHTNING_03.name","i18n","Kettenblitz","Rayo en Cadena","Chain Lightning","i18n-Katalog (src/i18n) — über t() aufgelöst","","done",""
"ability.SK_LIGHTNING_04.desc","i18n","Ein Crit auf oder direkt neben einer ionisierten Karte erzeugt +3 Ladung.","Un crítico sobre una carta ionizada o justo al lado de ella genera +3 de carga.","A crit on or directly next to an ionized card generates +3 charge.","i18n-Katalog (src/i18n) — über t() aufgelöst","","done",""
"ability.SK_LIGHTNING_04.name","i18n","Überspannung","Sobretensión","Overvoltage","i18n-Katalog (src/i18n) — über t() aufgelöst","","done",""
"ability.SK_LIGHTNING_05.desc","i18n","Nach jedem vollen Ladungsverbrauch bleiben 4 Ladungen statt 0.","Tras cada consumo de carga completa quedan 4 cargas en vez de 0.","After every full charge consumption, 4 charge is kept instead of 0.","i18n-Katalog (src/i18n) — über t() aufgelöst","","done",""
"ability.SK_LIGHTNING_05.name","i18n","Reststrom","Corriente Residual","Residual Current","i18n-Katalog (src/i18n) — über t() aufgelöst","","done",""
"ability.SK_LIGHTNING_06.desc","i18n","Jeder volle Ladungsverbrauch gibt dauerhaft +1 % Crit-Chance (bis +50 %).","Cada consumo de carga completa otorga de forma permanente +1 % de probabilidad de crítico (hasta +50 %).","Every full charge consumption permanently grants +1% crit chance (up to +50%).","i18n-Katalog (src/i18n) — über t() aufgelöst","","done",""
"ability.SK_LIGHTNING_06.name","i18n","Gewitterfront","Frente de Tormenta","Storm Front","i18n-Katalog (src/i18n) — über t() aufgelöst","","done",""
"ability.SK_LIGHTNING_07.desc","i18n","Jeder Serienpunkt gibt +2 % Crit-Chance (bis +30 %). Verbraucht keine Ladung.","Cada punto de racha otorga +2 % de probabilidad de crítico (hasta +30 %). No consume carga.","Every streak point grants +2% crit chance (up to +30%). Consumes no charge.","i18n-Katalog (src/i18n) — über t() aufgelöst","","done",""
"ability.SK_LIGHTNING_07.name","i18n","Ladungsserie","Racha de Carga","Charge Streak","i18n-Katalog (src/i18n) — über t() aufgelöst","","done",""
"ability.SK_LIGHTNING_08.desc","i18n","Jeder Sieg ohne Crit erzeugt +1 Ladung. Jeder volle Ladungsverbrauch gibt +40 Direkt-Score.","Cada victoria sin crítico genera +1 carga. Cada consumo de carga completa da +40 de puntuación directa.","Every win without a crit generates +1 charge. Every full charge consumption gives +40 direct score.","i18n-Katalog (src/i18n) — über t() aufgelöst","","done",""
"ability.SK_LIGHTNING_08.name","i18n","Statische Aufladung","Acumulación Estática","Static Buildup","i18n-Katalog (src/i18n) — über t() aufgelöst","","done",""
"ability.SK_LIGHTNING_09.desc","i18n","Gewinnst du mit einer voll ionisierten Karte: +250 Score und +3 Ladung.","Cuando ganas con una carta totalmente ionizada: +250 de puntuación y +3 de carga.","When you win with a fully ionized card: +250 score and +3 charge.","i18n-Katalog (src/i18n) — über t() aufgelöst","","done",""
"ability.SK_LIGHTNING_09.name","i18n","Kurzschluss","Cortocircuito","Short Circuit","i18n-Katalog (src/i18n) — über t() aufgelöst","","done",""
"ability.SK_LIGHTNING_10.desc","i18n","Jeder volle Ladungsverbrauch gibt dauerhaft +0,1× Crit-Multiplikator (bis +1×).","Cada consumo de carga completa otorga de forma permanente +0,1× de multiplicador de crítico (hasta +1×).","Every full charge consumption permanently grants +0.1× crit multiplier (up to +1×).","i18n-Katalog (src/i18n) — über t() aufgelöst","","done",""
"ability.SK_LIGHTNING_10.name","i18n","Entladung","Descarga","Discharge","i18n-Katalog (src/i18n) — über t() aufgelöst","","done",""
"ability.SK_LIGHTNING_11.desc","i18n","Trifft eine Ionisierung eine volle Karte: +2 Stichwert beim nächsten Auftauchen dieser Karte und +1 Ladung.","Cuando una ionización alcanza una carta llena: +2 de valor de baza la próxima vez que salga esa carta, y +1 carga.","When an ionization hits a full card: +2 trick value the next time that card comes up, and +1 charge.","i18n-Katalog (src/i18n) — über t() aufgelöst","","done",""
"ability.SK_LIGHTNING_11.name","i18n","Blitzfänger","Cazarrayos","Lightning Catcher","i18n-Katalog (src/i18n) — über t() aufgelöst","","done",""
"ability.SK_LIGHTNING_12.desc","i18n","Gewinnt eine ionisierte Karte, springt ein Ionisierungsstapel auf eine noch nicht ionisierte Karte. Gibt es keine, auf den nächsten nicht-vollen Nachfolger.","Cuando gana una carta ionizada, una acumulación de ionización salta a una carta que aún no esté ionizada; si no hay ninguna, a la siguiente carta que aún no esté llena.","When an ionized card wins, an ionization stack jumps to a card that is not ionized yet; if there is none, to the next card that is not yet full.","i18n-Katalog (src/i18n) — über t() aufgelöst","","done",""
"ability.SK_LIGHTNING_12.name","i18n","Breitenbeschleuniger","Acelerador de Amplitud","Breadth Accelerator","i18n-Katalog (src/i18n) — über t() aufgelöst","","done",""
"ability.SK_LIGHTNING_13.desc","i18n","Jeder Sieg ohne Crit gibt +5 % Crit-Chance für den nächsten Sieg (bis +50 %). Ein Crit setzt sie zurück.","Cada victoria sin crítico otorga +5 % de probabilidad de crítico para la próxima victoria (hasta +50 %). Un crítico lo reinicia.","Every win without a crit grants +5% crit chance for the next win (up to +50%). A crit resets it.","i18n-Katalog (src/i18n) — über t() aufgelöst","","done",""
"ability.SK_LIGHTNING_13.name","i18n","Spannungsstau","Acumulación de Tensión","Voltage Buildup","i18n-Katalog (src/i18n) — über t() aufgelöst","","done",""
"ability.SK_LIGHTNING_14.desc","i18n","Crit-Chance über 100 % wird bei jedem Sieg in Ladung umgewandelt: je 10 Prozentpunkte +1 Ladung. Sind ~85 % der Karten voll ionisiert, reichen 5 Prozentpunkte.","La probabilidad de crítico por encima del 100 % se convierte en carga en cada victoria: cada 10 puntos porcentuales dan +1 carga. Cuando ~85 % de las cartas están totalmente ionizadas, bastan 5 puntos porcentuales.","Crit chance above 100% converts into charge on every win: every 10 percentage points give +1 charge. Once ~85% of the cards are fully ionized, 5 percentage points are enough.","i18n-Katalog (src/i18n) — über t() aufgelöst","","done",""
"ability.SK_LIGHTNING_14.name","i18n","Überschlag","Arco","Arc-Over","i18n-Katalog (src/i18n) — über t() aufgelöst","","done",""
"ability.SK_LIGHTNING_15.desc","i18n","Jeder Crit ionisiert die gewonnene Karte (+1 Stapel).","Cada crítico ioniza la carta con la que ganó (+1 acumulación).","Every crit ionizes the card it won with (+1 stack).","i18n-Katalog (src/i18n) — über t() aufgelöst","","done",""
"ability.SK_LIGHTNING_15.name","i18n","Blitzschlag","Impacto de Rayo","Lightning Strike","i18n-Katalog (src/i18n) — über t() aufgelöst","","done",""
"ability.SK_LIGHTNING_16.desc","i18n","Jeder Sieg in Folge gibt +1 Ladung je 3 Serienpunkte (höchstens +3/Sieg). Jeder volle Ladungsverbrauch gibt dauerhaft +2 % Crit-Chance (bis +40 %).","Cada victoria seguida otorga +1 carga por cada 3 puntos de racha (como máximo +3 por victoria). Cada consumo de carga completa otorga de forma permanente +2 % de probabilidad de crítico (hasta +40 %).","Every win in a row grants +1 charge per 3 streak points (at most +3 per win). Every full charge consumption permanently grants +2% crit chance (up to +40%).","i18n-Katalog (src/i18n) — über t() aufgelöst","","done",""
"ability.SK_LIGHTNING_16.name","i18n","Dauerstrom","Corriente Continua","Continuous Current","i18n-Katalog (src/i18n) — über t() aufgelöst","","done",""
"ability.SK_LIGHTNING_17.desc","i18n","Verlierst du einen Stich mit mindestens 50 % Ladung, bricht deine Serie nicht. Diese Ladung wird dafür verbraucht.","Si pierdes una baza con al menos un 50 % de carga, tu racha no se rompe. Esa carga se consume a cambio.","If you lose a trick while holding at least 50% charge, your streak does not break. That charge is consumed instead.","i18n-Katalog (src/i18n) — über t() aufgelöst","","done",""
"ability.SK_LIGHTNING_17.name","i18n","Serienschutz","Protección de Racha","Streak Guard","i18n-Katalog (src/i18n) — über t() aufgelöst","","done",""
"ability.SK_LIGHTNING_L01.desc","i18n","Konsumenten lösen schon bei 70 % Ladung aus und geben dauerhaft +0,4× Crit-Multiplikator.","Los consumidores se activan ya con un 70 % de carga y otorgan de forma permanente +0,4× de multiplicador de crítico.","Consumers already trigger at 70% charge and permanently grant +0.4× crit multiplier.","i18n-Katalog (src/i18n) — über t() aufgelöst","","done",""
"ability.SK_LIGHTNING_L01.name","i18n","Donnergott","Dios del Trueno","Thunder God","i18n-Katalog (src/i18n) — über t() aufgelöst","","done",""
"ability.SK_LIGHTNING_L02.desc","i18n","Bei vollem Ladungsverbrauch ionisiert der Konsument 3× so viele Karten. Jeder Sieg mit einer ionisierten Karte gibt +40 Score je Ionisierungsstapel im Feld (bis 120), anteilig zu deinen gehaltenen Blitz-Skills.","Con un consumo de carga completa, el consumidor ioniza 3× más cartas. Cada victoria con una carta ionizada da +40 de puntuación por cada acumulación de ionización en el campo (hasta 120), en proporción a las habilidades de Rayo que tengas.","On a full charge consumption, the consumer ionizes 3× as many cards. Every win with an ionized card gives +40 score per ionization stack on the field (up to 120), in proportion to the lightning skills you hold.","i18n-Katalog (src/i18n) — über t() aufgelöst","","done",""
"ability.SK_LIGHTNING_L02.name","i18n","Doppelentladung","Descarga Doble","Double Discharge","i18n-Katalog (src/i18n) — über t() aufgelöst","","done",""
"ability.SK_LIGHTNING_L03.desc","i18n","Gewinnst du mit einer ionisierten Karte, bekommen beide ungespielten Nachbarkarten je +1 Ionisierungsstapel, dazu +130 Score je ionisierter Karte im Feld (bis 30), anteilig zu deinen gehaltenen Blitz-Skills.","Cuando ganas con una carta ionizada, las dos cartas vecinas sin jugar reciben +1 acumulación de ionización cada una, más +130 de puntuación por cada carta ionizada en el campo (hasta 30), en proporción a las habilidades de Rayo que tengas.","When you win with an ionized card, both unplayed neighbour cards each get +1 ionization stack, plus +130 score per ionized card on the field (up to 30), in proportion to the lightning skills you hold.","i18n-Katalog (src/i18n) — über t() aufgelöst","","done",""
"ability.SK_LIGHTNING_L03.name","i18n","Flächenionisation","Ionización de Área","Area Ionization","i18n-Katalog (src/i18n) — über t() aufgelöst","","done",""
"ability.SK_LIGHTNING_L04.desc","i18n","Gewinnt eine voll ionisierte Karte mit Crit, gibt sie dauerhaft +0,18× Crit-Multiplikator (bis +2×).","Cuando una carta totalmente ionizada gana con crítico, otorga de forma permanente +0,18× de multiplicador de crítico (hasta +2×).","When a fully ionized card wins with a crit, it permanently grants +0.18× crit multiplier (up to +2×).","i18n-Katalog (src/i18n) — über t() aufgelöst","","done",""
"ability.SK_LIGHTNING_L04.name","i18n","Durchschlag","Perforación","Breakdown","i18n-Katalog (src/i18n) — über t() aufgelöst","","done",""
"ability.SK_PLANT_02.desc","i18n","Jeder Sieg einer grünen Karte gibt +15 Wurzel-Score, dazu einen Bonus, der mit dem Gesamtwachstum des Feldes steigt (max. +120 bei ~13.000 Wachstum).","Cada victoria de una carta verde da +15 de puntuación de raíz, más una bonificación que sube con el crecimiento total del campo (máx. +120 con ~13.000 de crecimiento).","Every win by a green card gives +15 root score, plus a bonus that rises with the total growth on the field (max +120 at ~13,000 growth).","i18n-Katalog (src/i18n) — über t() aufgelöst","","done",""
"ability.SK_PLANT_02.name","i18n","Wurzeltiefe","Profundidad de Raíz","Root Depth","i18n-Katalog (src/i18n) — über t() aufgelöst","","done",""
"ability.SK_PLANT_03.desc","i18n","Verstärker: Die Wurzel-Basis (15) ×2, wenn die grüne Karte in einer Formation gewinnt.","Amplificador: La base de raíz (15) ×2 cuando la carta verde gana dentro de una formación.","Amplifier: The root base (15) ×2 when the green card wins inside a formation.","i18n-Katalog (src/i18n) — über t() aufgelöst","","done",""
"ability.SK_PLANT_03.name","i18n","Pfahlwurzel","Raíz Pivotante","Taproot","i18n-Katalog (src/i18n) — über t() aufgelöst","","done",""
"ability.SK_PLANT_04.desc","i18n","Verstärker: Je volle 10 eigenes Wachstum gibt eine grüne Karte bei ihrem Sieg +35 Wurzel-Score extra.","Amplificador: Por cada 10 de crecimiento propio completo, una carta verde da +35 de puntuación de raíz adicional al ganar.","Amplifier: For every full 10 growth of its own, a green card gives +35 extra root score when it wins.","i18n-Katalog (src/i18n) — über t() aufgelöst","","done",""
"ability.SK_PLANT_04.name","i18n","Jahresringe","Anillos de Crecimiento","Growth Rings","i18n-Katalog (src/i18n) — über t() aufgelöst","","done",""
"ability.SK_PLANT_05.desc","i18n","Gewinnt eine grüne Karte, sät sie beide Nachbarn: +1 Wachstum je Seite.
Trimmen: beim Ersetzen des Skills dauerhaft +20 % Wurzel-/Blüten-Score (bis +150 %).","Cuando una carta verde gana, siembra a sus dos vecinas: +1 de crecimiento por lado.
Poda: al sustituir la habilidad, +20 % permanente de puntuación de raíz y floración (hasta +150 %).","When a green card wins, it sows both neighbours: +1 growth per side.
Pruning: replacing the skill permanently grants +20% root/bloom score (up to +150%).","i18n-Katalog (src/i18n) — über t() aufgelöst","","done",""
"ability.SK_PLANT_05.name","i18n","Aussaat","Siembra","Sowing","i18n-Katalog (src/i18n) — über t() aufgelöst","","done",""
"ability.SK_PLANT_06.desc","i18n","Verstärker: Aussaat überspringt schon grüne Karten und sät die nächste noch-graue dahinter.
Trimmen: beim Ersetzen des Skills dauerhaft +20 % Wurzel-/Blüten-Score (bis +150 %).","Amplificador: La siembra se salta las cartas que ya están verdes y siembra la siguiente carta gris que haya detrás.
Poda: al sustituir la habilidad, +20 % permanente de puntuación de raíz y floración (hasta +150 %).","Amplifier: Sowing skips cards that are already green and sows the next still-grey card behind them.
Pruning: replacing the skill permanently grants +20% root/bloom score (up to +150%).","i18n-Katalog (src/i18n) — über t() aufgelöst","","done",""
"ability.SK_PLANT_06.name","i18n","Flugsamen","Semillas al Viento","Wind Seeds","i18n-Katalog (src/i18n) — über t() aufgelöst","","done",""
"ability.SK_PLANT_07.desc","i18n","Die niedrigste Karte je Segment startet den Lauf mit +3 Wachstum Vorsprung.
Trimmen: beim Ersetzen des Skills dauerhaft +20 % Wurzel-/Blüten-Score (bis +150 %).","La carta más baja de cada segmento empieza la partida con +3 de crecimiento de adelanto.
Poda: al sustituir la habilidad, +20 % permanente de puntuación de raíz y floración (hasta +150 %).","The lowest card in each segment starts the run with +3 growth of a head start.
Pruning: replacing the skill permanently grants +20% root/bloom score (up to +150%).","i18n-Katalog (src/i18n) — über t() aufgelöst","","done",""
"ability.SK_PLANT_07.name","i18n","Setzlingsbeet","Semillero","Seedbed","i18n-Katalog (src/i18n) — über t() aufgelöst","","done",""
"ability.SK_PLANT_08.desc","i18n","Unreife (graue) Karten wachsen auch bei Niederlage +1, bis sie grün sind.
Trimmen: beim Ersetzen des Skills dauerhaft +20 % Wurzel-/Blüten-Score (bis +150 %).","Las cartas sin madurar (grises) crecen +1 también con una derrota, hasta que están verdes.
Poda: al sustituir la habilidad, +20 % permanente de puntuación de raíz y floración (hasta +150 %).","Unripe (grey) cards grow +1 even on a loss, until they are green.
Pruning: replacing the skill permanently grants +20% root/bloom score (up to +150%).","i18n-Katalog (src/i18n) — über t() aufgelöst","","done",""
"ability.SK_PLANT_08.name","i18n","Zäher Halm","Tallo Resistente","Tough Stalk","i18n-Katalog (src/i18n) — über t() aufgelöst","","done",""
"ability.SK_PLANT_09.desc","i18n","Gewinnt eine grüne Karte, färbt sie einen noch-grauen Nachbarn sofort grün.","Cuando una carta verde gana, vuelve verde de inmediato a una vecina que aún esté gris.","When a green card wins, it immediately turns a still-grey neighbour green.","i18n-Katalog (src/i18n) — über t() aufgelöst","","done",""
"ability.SK_PLANT_09.name","i18n","Ranken","Zarcillos","Tendrils","i18n-Katalog (src/i18n) — über t() aufgelöst","","done",""
"ability.SK_PLANT_10.desc","i18n","Gewinnt eine grüne Karte, deren Nachbarn schon grün sind, blüht sie: +15 Blüte-Score je grüner Karte im Segment.","Cuando gana una carta verde cuyas vecinas ya están verdes, florece: +15 de puntuación de floración por cada carta verde del segmento.","When a green card whose neighbours are already green wins, it blooms: +15 bloom score per green card in the segment.","i18n-Katalog (src/i18n) — über t() aufgelöst","","done",""
"ability.SK_PLANT_10.name","i18n","Blüte","Floración","Bloom","i18n-Katalog (src/i18n) — über t() aufgelöst","","done",""
"ability.SK_PLANT_11.desc","i18n","Verstärker: Blüte-Score ×2, wenn die Karte in einer Formation gewinnt.","Amplificador: Puntuación de floración ×2 cuando la carta gana dentro de una formación.","Amplifier: Bloom score ×2 when the card wins inside a formation.","i18n-Katalog (src/i18n) — über t() aufgelöst","","done",""
"ability.SK_PLANT_11.name","i18n","Blütezeit","Época de Floración","Blooming Season","i18n-Katalog (src/i18n) — über t() aufgelöst","","done",""
"ability.SK_PLANT_12.desc","i18n","Grüne Karten in einer Formation geben zusätzlich ×1,08 Score.","Las cartas verdes dentro de una formación dan además ×1,08 de puntuación.","Green cards inside a formation give ×1.08 score on top.","i18n-Katalog (src/i18n) — über t() aufgelöst","","done",""
"ability.SK_PLANT_12.name","i18n","Photosynthese","Fotosíntesis","Photosynthesis","i18n-Katalog (src/i18n) — über t() aufgelöst","","done",""
"ability.SK_PLANT_13.desc","i18n","In einem grünen Farbblock ab 4 Karten gibt jede grüne Karte bei Sieg +8 Score je Karte im Block (bis 10).","En un bloque de palo verde de 4 cartas o más, cada carta verde da al ganar +8 de puntuación por cada carta del bloque (hasta 10).","In a green suit block of 4 cards or more, every green card gives +8 score per card in the block on a win (up to 10).","i18n-Katalog (src/i18n) — über t() aufgelöst","","done",""
"ability.SK_PLANT_13.name","i18n","Blätterdach","Dosel","Canopy","i18n-Katalog (src/i18n) — über t() aufgelöst","","done",""
"ability.SK_PLANT_14.desc","i18n","Ist das Feld ≥66 % grün, geben alle Farbblöcke +0,2 Faktor und Blüte zählt doppelt.","Cuando el campo está verde en un 66 % o más, todos los bloques de palo dan +0,2 de factor y la floración cuenta el doble.","Once the field is 66% green or more, all suit blocks give +0.2 factor and bloom counts double.","i18n-Katalog (src/i18n) — über t() aufgelöst","","done",""
"ability.SK_PLANT_14.name","i18n","Überwucherung","Invasión","Overgrowth","i18n-Katalog (src/i18n) — über t() aufgelöst","","done",""
"ability.SK_PLANT_15.desc","i18n","Gewinnt eine grüne Karte, kolonisiert sie die niedrigste Gegnerkarte. Besiegst du eine kolonisierte Karte, erntest du +2 Wachstum.
Trimmen: beim Ersetzen des Skills dauerhaft +20 % Wurzel-/Blüten-Score (bis +150 %).","Cuando una carta verde gana, coloniza la carta rival más baja. Si vences a una carta colonizada, cosechas +2 de crecimiento.
Poda: al sustituir la habilidad, +20 % permanente de puntuación de raíz y floración (hasta +150 %).","When a green card wins, it colonizes the lowest opponent card. Beat a colonized card and you harvest +2 growth.
Pruning: replacing the skill permanently grants +20% root/bloom score (up to +150%).","i18n-Katalog (src/i18n) — über t() aufgelöst","","done",""
"ability.SK_PLANT_15.name","i18n","Ausläufer","Estolones","Runners","i18n-Katalog (src/i18n) — über t() aufgelöst","","done",""
"ability.SK_PLANT_16.desc","i18n","Verstärker: Beim Ernten wird ein ebenfalls kolonisierter Gegner-Nachbar mitgeerntet: +2 Wachstum extra.
Trimmen: beim Ersetzen des Skills dauerhaft +20 % Wurzel-/Blüten-Score (bis +150 %).","Amplificador: Al cosechar, también se cosecha una carta rival vecina igualmente colonizada: +2 de crecimiento extra.
Poda: al sustituir la habilidad, +20 % permanente de puntuación de raíz y floración (hasta +150 %).","Amplifier: When harvesting, an equally colonized opponent neighbour is harvested along with it: +2 extra growth.
Pruning: replacing the skill permanently grants +20% root/bloom score (up to +150%).","i18n-Katalog (src/i18n) — über t() aufgelöst","","done",""
"ability.SK_PLANT_16.name","i18n","Rhizom","Rizoma","Rhizome","i18n-Katalog (src/i18n) — über t() aufgelöst","","done",""
"ability.SK_PLANT_17.desc","i18n","Verstärker: Erntest du mit einer reifen Karte, gibt es zusätzlich +70 Score.","Amplificador: Si cosechas con una carta madura, recibes además +70 de puntuación.","Amplifier: If you harvest with a ripe card, you also get +70 score.","i18n-Katalog (src/i18n) — über t() aufgelöst","","done",""
"ability.SK_PLANT_17.name","i18n","Erntedank","Acción de Gracias","Harvest Feast","i18n-Katalog (src/i18n) — über t() aufgelöst","","done",""
"ability.SK_PLANT_18.desc","i18n","Jeder Sieg einer grünen Karte gibt +15 Score je Kartenwert-Punkt über ihrem Startwert (max. +150 von Wert 1 auf 11). Karten gewinnen Wert nur, solange du nur Pflanzen-Skills hältst.","Cada victoria de una carta verde da +15 de puntuación por cada punto de valor de carta por encima de su valor inicial (máx. +150 del valor 1 al 11). Las cartas solo ganan valor mientras no tengas más que habilidades de Planta.","Every win by a green card gives +15 score per point of card value above its starting value (max +150 from value 1 to 11). Cards only gain value while you hold nothing but plant skills.","i18n-Katalog (src/i18n) — über t() aufgelöst","","done",""
"ability.SK_PLANT_18.name","i18n","Kernholz","Duramen","Heartwood","i18n-Katalog (src/i18n) — über t() aufgelöst","","done",""
"ability.SK_PLANT_L01.desc","i18n","Am Ende jedes Durchlaufs wächst der ganze Wald: +1 Wachstum je 5 grüne Karten im Feld. Jeder grüne Sieg gibt +6,5 Score je Wachstum über dem Wert-Deckel, summiert über alle grünen Karten (bis 600).","Al final de cada ciclo crece todo el bosque: +1 de crecimiento por cada 5 cartas verdes del campo. Cada victoria verde da +6,5 de puntuación por cada punto de crecimiento por encima del tope de valor, sumado sobre todas las cartas verdes (hasta 600).","At the end of every cycle the whole forest grows: +1 growth per 5 green cards on the field. Every green win gives +6.5 score per growth above the value cap, summed over all green cards (up to 600).","i18n-Katalog (src/i18n) — über t() aufgelöst","","done",""
"ability.SK_PLANT_L01.name","i18n","Weltenbaum","Árbol del Mundo","World Tree","i18n-Katalog (src/i18n) — über t() aufgelöst","","done",""
"ability.SK_PLANT_L02.desc","i18n","Mit Wurzeltiefe: Ist deine höchstgewachsene Karte am Zug, verdoppelt sie ihren Wurzel-Score. Jeder grüne Sieg gibt +68 Score je Wachstum deines tiefsten Baums über dem Wert-Deckel (bis 60), auch ohne Wurzeltiefe.","Con Profundidad de Raíz: cuando le toca a tu carta más crecida, duplica su puntuación de raíz. Cada victoria verde da +68 de puntuación por cada punto de crecimiento de tu árbol más profundo por encima del tope de valor (hasta 60), incluso sin Profundidad de Raíz.","With Root Depth: when your most grown card is up, it doubles its root score. Every green win gives +68 score per growth of your deepest tree above the value cap (up to 60), even without Root Depth.","i18n-Katalog (src/i18n) — über t() aufgelöst","","done",""
"ability.SK_PLANT_L02.name","i18n","Mutterbaum","Árbol Madre","Mother Tree","i18n-Katalog (src/i18n) — über t() aufgelöst","","done",""
"ability.SK_PLANT_L03.desc","i18n","Voll ausgewachsene grüne Karten (Wert 11) bilden eine positionsfreie Wiederholung, egal wo sie liegen: ab 2 solchen Karten ×1,3 auf ihre Stiche, je weitere +0,15, bis ×2. Jede darf zugleich in einer anderen Formation zählen.","Las cartas verdes totalmente desarrolladas (valor 11) forman una repetición sin posición, estén donde estén: a partir de 2 cartas así, ×1,3 en sus bazas, +0,15 por cada carta más, hasta ×2. Cada una puede contar a la vez en otra formación.","Fully grown green cards (value 11) form a position-free repeat, wherever they sit: from 2 such cards ×1.3 on their tricks, +0.15 per further card, up to ×2. Each may count in a different formation at the same time.","i18n-Katalog (src/i18n) — über t() aufgelöst","","done",""
"ability.SK_PLANT_L03.name","i18n","Baumreihe","Hilera de Árboles","Tree Line","i18n-Katalog (src/i18n) — über t() aufgelöst","","done",""
"ability.SK_PLANT_L04.desc","i18n","Jeder grüne Sieg gibt +80 Score je grüner Karte im Feld (bis 40). Bei voll grünem Feld zählt jede grüne Karte 1,5× (effektiv bis 60).","Cada victoria verde da +80 de puntuación por cada carta verde del campo (hasta 40). Con el campo totalmente verde, cada carta verde cuenta 1,5× (efectivamente hasta 60).","Every green win gives +80 score per green card on the field (up to 40). On a fully green field, every green card counts 1.5× (effectively up to 60).","i18n-Katalog (src/i18n) — über t() aufgelöst","","done",""
"ability.SK_PLANT_L04.name","i18n","Ewiger Frühling","Primavera Eterna","Eternal Spring","i18n-Katalog (src/i18n) — über t() aufgelöst","","done",""
"anchor.crit.label","i18n","Crit","Crítico","Crit","i18n-Katalog (src/i18n) — über t() aufgelöst","","done",""
"anchor.formation.label","i18n","Formation","Formación","Formation","i18n-Katalog (src/i18n) — über t() aufgelöst","","done",""
"anchor.joker.label","i18n","Joker","Comodín","Wild","i18n-Katalog (src/i18n) — über t() aufgelöst","","done",""
"anchor.power.label","i18n","Kraft","Fuerza","Power","i18n-Katalog (src/i18n) — über t() aufgelöst","","done",""
"anchor.score.label","i18n","Score","Puntuación","Score","i18n-Katalog (src/i18n) — über t() aufgelöst","","done",""
"anchor.streak.label","i18n","Serie","Racha","Streak","i18n-Katalog (src/i18n) — über t() aufgelöst","","done",""
"app.abort.end.sub","i18n","Der Lauf wird gewertet und der Endscreen erscheint.","La partida se puntúa y aparece la pantalla final.","The run is scored and the end screen appears.","i18n-Katalog (src/i18n) — über t() aufgelöst","","done",""
"app.abort.help","i18n","Beenden & speichern merkt sich den Lauf; du kannst ihn später im Menü fortsetzen. Beenden wertet ihn und zeigt den Endscreen.","Terminar y guardar recuerda la partida; puedes continuarla más tarde desde el menú. Terminar la puntúa y muestra la pantalla final.","End & save remembers the run; you can continue it later from the menu. End scores it and shows the end screen.","i18n-Katalog (src/i18n) — über t() aufgelöst","","done",""
"app.abort.save","i18n","Beenden & speichern","Terminar y guardar","End & save","i18n-Katalog (src/i18n) — über t() aufgelöst","","done",""
"app.abort.save.sub","i18n","Der Lauf wird gemerkt, du setzt ihn später im Menü fort.","La partida se recuerda y la continúas más tarde desde el menú.","The run is remembered, you continue it later from the menu.","i18n-Katalog (src/i18n) — über t() aufgelöst","","done",""
"app.abort.title","i18n","Lauf pausieren oder beenden?","¿Pausar o terminar la partida?","Pause or end the run?","i18n-Katalog (src/i18n) — über t() aufgelöst","","done",""
"app.end","i18n","Beenden","Terminar","End","i18n-Katalog (src/i18n) — über t() aufgelöst","","done",""
"app.keepPlaying","i18n","Weiterspielen","Seguir jugando","Keep playing","i18n-Katalog (src/i18n) — über t() aufgelöst","","done",""
"app.keepPlaying.sub","i18n","Zurück ins Spiel, nichts passiert.","De vuelta al juego, no pasa nada.","Back into the game, nothing happens.","i18n-Katalog (src/i18n) — über t() aufgelöst","","done",""
"app.restart","i18n","Neustarten","Reiniciar","Restart","i18n-Katalog (src/i18n) — über t() aufgelöst","","done",""
"app.restart.help","i18n","Der aktuelle Lauf wird verworfen und ein neuer beginnt sofort. Das lässt sich nicht rückgängig machen.","La partida actual se descarta y empieza una nueva de inmediato. Esto no se puede deshacer.","The current run is discarded and a new one starts immediately. This cannot be undone.","i18n-Katalog (src/i18n) — über t() aufgelöst","","done",""
"app.restart.title","i18n","Wirklich neustarten?","¿Seguro que quieres reiniciar?","Really restart?","i18n-Katalog (src/i18n) — über t() aufgelöst","","done",""
"app.tutrun.help","i18n","Der aktuelle Lauf wird verworfen. Der neue Lauf führt dich wieder mit allen Tutorial-Tipps.","La partida actual se descarta. La nueva partida te guía de nuevo con todos los consejos del tutorial.","The current run is discarded. The new run guides you with all tutorial tips again.","i18n-Katalog (src/i18n) — über t() aufgelöst","","done",""
"app.tutrun.title","i18n","Tutorial-Lauf starten?","¿Iniciar la partida de tutorial?","Start a tutorial run?","i18n-Katalog (src/i18n) — über t() aufgelöst","","done",""
"arch.after","i18n","Danach:","Después:","After:","i18n-Katalog (src/i18n) — über t() aufgelöst","","done",""
"arch.back","i18n","← Zurück","← Atrás","← Back","i18n-Katalog (src/i18n) — über t() aufgelöst","","done",""
"arch.boost","i18n","Gebäude-Boost","Impulso de edificios","Building boost","i18n-Katalog (src/i18n) — über t() aufgelöst","","done",""
"arch.boost.title","i18n","Score-Boost durch die Gebäude: Struktur-Kombis (volle Zeile/Spalte/Diagonale) + Distrikt (gleiche Kategorie aneinander) + neu gegründete Formationen. Aktualisiert live beim Bauen/Verschieben.","Impulso de puntuación de tus edificios: combos de estructura (fila, columna o diagonal completa) + distrito (misma categoría contigua) + formaciones recién fundadas. Se actualiza en directo al construir o mover.","Score boost from your buildings: structure combos (full row/column/diagonal) + district (same category adjacent) + newly founded formations. Updates live while building/moving.","i18n-Katalog (src/i18n) — über t() aufgelöst","","done",""
"arch.boostDelta","i18n","Boost {arrow}{pct} %","Impulso {arrow}{pct} %","Boost {arrow}{pct}%","i18n-Katalog (src/i18n) — über t() aufgelöst","","done",""
"arch.boostDelta.phaseTitle","i18n","Änderung des Gebäude-Boosts seit Beginn dieser Bauphase","Cambio del impulso de edificios desde el inicio de esta fase de construcción","Change of the building boost since this build phase began","i18n-Katalog (src/i18n) — über t() aufgelöst","","done",""
"arch.boostDelta.title","i18n","Änderung des Gebäude-Boosts an dieser Vorschau-Position","Cambio del impulso de edificios en esta posición de vista previa","Change of the building boost at this preview position","i18n-Katalog (src/i18n) — über t() aufgelöst","","done",""
"arch.buffsSuit","i18n","bufft Farbe {suit}","potencia el palo {suit}","buffs suit {suit}","i18n-Katalog (src/i18n) — über t() aufgelöst","","done",""
"arch.buffSuit","i18n","🎨 Bufft Farbe","🎨 Potencia el palo","🎨 Buffs suit","i18n-Katalog (src/i18n) — über t() aufgelöst","","done",""
"arch.buildingCount","i18n","{n} Gebäude","{n} edificios","{n} buildings","i18n-Katalog (src/i18n) — über t() aufgelöst","","done",""
"arch.buildingFallback","i18n","Gebäude","Edificio","Building","i18n-Katalog (src/i18n) — über t() aufgelöst","","done",""
"arch.buildings","i18n","Gebäude","Edificios","Buildings","i18n-Katalog (src/i18n) — über t() aufgelöst","","done",""
"arch.buildingsN","i18n","Gebäude ({n})","Edificios ({n})","Buildings ({n})","i18n-Katalog (src/i18n) — über t() aufgelöst","","done",""
"arch.buildNothing","i18n","Nichts bauen →","No construir →","Build nothing →","i18n-Katalog (src/i18n) — über t() aufgelöst","","done",""
"arch.cancel","i18n","Abbrechen","Cancelar","Cancel","i18n-Katalog (src/i18n) — über t() aufgelöst","","done",""
"arch.cell.building","i18n","{name} ({tier})","{name} ({tier})","{name} ({tier})","i18n-Katalog (src/i18n) — über t() aufgelöst","","done",""
"arch.cell.formation","i18n","· Formation ×{f}","· formación ×{f}","· formation ×{f}","i18n-Katalog (src/i18n) — über t() aufgelöst","","done",""
"arch.cell.formationOnly","i18n","— Formation ×{f}","— formación ×{f}","— formation ×{f}","i18n-Katalog (src/i18n) — über t() aufgelöst","","done",""
"arch.cell.pos","i18n","Pos {pos}","Pos {pos}","Pos {pos}","i18n-Katalog (src/i18n) — über t() aufgelöst","","done",""
"arch.cell.preview","i18n","· Vorschau","· vista previa","· preview","i18n-Katalog (src/i18n) — über t() aufgelöst","","done",""
"arch.cell.struct","i18n","· Struktur ×{f}","· estructura ×{f}","· structure ×{f}","i18n-Katalog (src/i18n) — über t() aufgelöst","","done",""
"arch.cell.upgrade","i18n","→ Stufe {tier}: {eff}","→ nivel {tier}: {eff}","→ tier {tier}: {eff}","i18n-Katalog (src/i18n) — über t() aufgelöst","","done",""
"arch.choose.head","i18n","Was baust du diese Phase?","¿Qué construyes en esta fase?","What do you build this phase?","i18n-Katalog (src/i18n) — über t() aufgelöst","","done",""
"arch.collapse.less","i18n","▾ weniger","▾ menos","▾ less","i18n-Katalog (src/i18n) — über t() aufgelöst","","done",""
"arch.collapse.more","i18n","▸ mehr","▸ más","▸ more","i18n-Katalog (src/i18n) — über t() aufgelöst","","done",""
"arch.combos","i18n","Kombis","Combos","Combos","i18n-Katalog (src/i18n) — über t() aufgelöst","","done",""
"arch.combos.title","i18n","Gebäude mit Struktur-/Distrikt-Bonus glühen in ihrer Typ-Farbe","Los edificios con bonificación de estructura o distrito brillan en el color de su tipo","Buildings with a structure/district bonus glow in their type colour","i18n-Katalog (src/i18n) — über t() aufgelöst","","done",""
"arch.confirmStart","i18n","✓ Bestätigen · Durchlauf starten","✓ Confirmar · iniciar el ciclo","✓ Confirm · start the cycle","i18n-Katalog (src/i18n) — über t() aufgelöst","","done",""
"arch.cycleScore","i18n","Durchlauf-Score","Puntuación del ciclo","Cycle score","i18n-Katalog (src/i18n) — über t() aufgelöst","","done",""
"arch.demolish","i18n","Abreißen ✓","Demoler ✓","Demolish ✓","i18n-Katalog (src/i18n) — über t() aufgelöst","","done",""
"arch.demolish.n","i18n","Abreißen ({n}) ✓","Demoler ({n}) ✓","Demolish ({n}) ✓","i18n-Katalog (src/i18n) — über t() aufgelöst","","done",""
"arch.demolish.warn","i18n","Markierte Gebäude gehen beim Abriss verloren.","Los edificios marcados se pierden al demolerlos.","Marked buildings are lost when demolished.","i18n-Katalog (src/i18n) — über t() aufgelöst","","done",""
"arch.dev.catalog","i18n","Voll-Katalog (Dev): Kategorie → Familie → Stufe. Ein Bau pro Phase (danach Verschieben/Bestätigen).","Catálogo completo (dev): categoría → familia → nivel. Una construcción por fase (después mover o confirmar).","Full catalogue (dev): category → family → tier. One build per phase (then move/confirm).","i18n-Katalog (src/i18n) — über t() aufgelöst","","done",""
"arch.eff.color","i18n","+{n} Score bei {suit}","+{n} de puntuación con {suit}","+{n} score on {suit}","i18n-Katalog (src/i18n) — über t() aufgelöst","","done",""
"arch.eff.crit","i18n","+{n} Score bei Crit","+{n} de puntuación con crítico","+{n} score on crit","i18n-Katalog (src/i18n) — über t() aufgelöst","","done",""
"arch.eff.gamble","i18n","+{crit} Score bei Crit, sonst −{penalty} Score","+{crit} de puntuación con crítico; si no, −{penalty} de puntuación","+{crit} score on crit, otherwise −{penalty} score","i18n-Katalog (src/i18n) — über t() aufgelöst","","done",""
"arch.eff.milestone","i18n","+{n} Score alle {every} Siege","+{n} de puntuación cada {every} victorias","+{n} score every {every} wins","i18n-Katalog (src/i18n) — über t() aufgelöst","","done",""
"arch.eff.relay","i18n","+{n} Score (Staffel)","+{n} de puntuación (relevo)","+{n} score (relay)","i18n-Katalog (src/i18n) — über t() aufgelöst","","done",""
"arch.eff.score","i18n","+{n} Score","+{n} de puntuación","+{n} score","i18n-Katalog (src/i18n) — über t() aufgelöst","","done",""
"arch.eff.scoreMult","i18n","×{f} Score","×{f} de puntuación","×{f} score","i18n-Katalog (src/i18n) — über t() aufgelöst","","done",""
"arch.eff.streak","i18n","+{n} Score je Serienpunkt","+{n} de puntuación por punto de racha","+{n} score per streak point","i18n-Katalog (src/i18n) — über t() aufgelöst","","done",""
"arch.eff.struct","i18n","Struktur ×{f}","Estructura ×{f}","Structure ×{f}","i18n-Katalog (src/i18n) — über t() aufgelöst","","done",""
"arch.eff.value","i18n","+{n} Stichwert","+{n} de valor de baza","+{n} trick value","i18n-Katalog (src/i18n) — über t() aufgelöst","","done",""
"arch.eyebrow","i18n","Architekt · Bauphase · Durchlauf {cycle}","Arquitecto · fase de construcción · ciclo {cycle}","Architect · build phase · cycle {cycle}","i18n-Katalog (src/i18n) — über t() aufgelöst","","done",""
"arch.firn.title","i18n","Schnee · Reserve {n} (füllt einen Gletscher hier zum Durchlauf-Beginn)","Nieve · reserva {n} (rellena aquí un glaciar al inicio del ciclo)","Snow · reserve {n} (refills a glacier here at the start of the cycle)","i18n-Katalog (src/i18n) — über t() aufgelöst","","done",""
"arch.forms","i18n","Formationen","Formaciones","Formations","i18n-Katalog (src/i18n) — über t() aufgelöst","","done",""
"arch.forms.title","i18n","Formationsrahmen (Ring + Label) am Brett ein-/ausblenden","Mostrar u ocultar los marcos de formación (anillo + etiqueta) en el tablero","Show/hide formation frames (ring + label) on the board","i18n-Katalog (src/i18n) — über t() aufgelöst","","done",""
"arch.glacier.reserve","i18n","Gletscher · Masse {mass} · Reserve {firn}","Glaciar · masa {mass} · reserva {firn}","Glacier · mass {mass} · reserve {firn}","i18n-Katalog (src/i18n) — über t() aufgelöst","","done",""
"arch.legend.frame","i18n","Rahmen = Typ:","Marco = tipo:","Frame = type:","i18n-Katalog (src/i18n) — über t() aufgelöst","","done",""
"arch.legend.ring","i18n","Ring = aktive Formation (×mult)","Anillo = formación activa (×mult)","Ring = active formation (×mult)","i18n-Katalog (src/i18n) — über t() aufgelöst","","done",""
"arch.legend.tier","i18n","Stufe (Ecke):","Nivel (esquina):","Tier (corner):","i18n-Katalog (src/i18n) — über t() aufgelöst","","done",""
"arch.legendary","i18n","legendär","legendario","legendary","i18n-Katalog (src/i18n) — über t() aufgelöst","","done",""
"arch.legendaryCap","i18n","Legendär","Legendario","Legendary","i18n-Katalog (src/i18n) — über t() aufgelöst","","done",""
"arch.marked","i18n","· markiert ✓","· marcado ✓","· marked ✓","i18n-Katalog (src/i18n) — über t() aufgelöst","","done",""
"arch.noRoom","i18n","Kein Platz für „{name}“.","No hay sitio para “{name}”.","No room for “{name}”.","i18n-Katalog (src/i18n) — über t() aufgelöst","","done",""
"arch.noRoom.enough_one","i18n","Abriss von {count} Gebäude schafft Platz. Bestätigen zum Bauen.","Demoler {count} edificio deja sitio. Confirma para construir.","Demolishing {count} building makes room. Confirm to build.","i18n-Katalog (src/i18n) — über t() aufgelöst","","done",""
"arch.noRoom.enough_other","i18n","Abriss von {count} Gebäuden schafft Platz. Bestätigen zum Bauen.","Demoler {count} edificios deja sitio. Confirma para construir.","Demolishing {count} buildings makes room. Confirm to build.","i18n-Katalog (src/i18n) — über t() aufgelöst","","done",""
"arch.noRoom.mark","i18n","Markiere ein Gebäude zum Abriss (am Brett oder unten), bei einem großen Bauplan evtl. mehrere. Abgerissen wird erst nach Bestätigen.","Marca un edificio para demoler (en el tablero o abajo); con un plano grande, quizá varios. No se demuele nada hasta que confirmes.","Mark a building for demolition (on the board or below), with a large plan possibly several. Nothing is torn down before you confirm.","i18n-Katalog (src/i18n) — über t() aufgelöst","","done",""
"arch.noRoom.more","i18n","Abriss reicht noch nicht. Markiere ein weiteres Gebäude.","Aún no es suficiente. Marca otro edificio.","Not enough yet. Mark another building.","i18n-Katalog (src/i18n) — über t() aufgelöst","","done",""
"arch.noRoom.replace","i18n","kein Platz → ersetzen","sin sitio → sustituir","no room → replace","i18n-Katalog (src/i18n) — über t() aufgelöst","","done",""
"arch.noRotate","i18n","⟳ nicht drehbar","⟳ no se puede girar","⟳ not rotatable","i18n-Katalog (src/i18n) — über t() aufgelöst","","done",""
"arch.noRotate.big","i18n","⟳ Nicht drehbar","⟳ No se puede girar","⟳ Not rotatable","i18n-Katalog (src/i18n) — über t() aufgelöst","","done",""
"arch.noRotate.title","i18n","Diese Form lässt sich nicht drehen (belegt eine ganze Segment-Zeile bzw. ist symmetrisch).","Esta forma no se puede girar (ocupa una fila de segmento entera o es simétrica).","This shape cannot be rotated (it fills a whole segment row, or it is symmetric).","i18n-Katalog (src/i18n) — über t() aufgelöst","","done",""
"arch.now","i18n","Jetzt:","Ahora:","Now:","i18n-Katalog (src/i18n) — über t() aufgelöst","","done",""
"arch.otherPlan","i18n","← Anderer Bauplan","← Otro plano","← Different blueprint","i18n-Katalog (src/i18n) — über t() aufgelöst","","done",""
"arch.pct","i18n","+{pct} %","+{pct} %","+{pct}%","i18n-Katalog (src/i18n) — über t() aufgelöst","","done",""
"arch.place.head","i18n","Platzieren & Verschieben","Colocar y mover","Place & move","i18n-Katalog (src/i18n) — über t() aufgelöst","","done",""
"arch.place.help","i18n","zieh Gebäude am Brett an ihren Platz (Griff überall, ⟳ Drehen oben), beliebig oft. Unten Bestätigen startet den Durchlauf.","arrastra los edificios a su sitio en el tablero (puedes agarrarlos por cualquier punto, ⟳ Girar arriba), tantas veces como quieras. Confirmar abajo inicia el ciclo.","drag buildings into place on the board (grab them anywhere, ⟳ Rotate above), as often as you like. Confirm below starts the cycle.","i18n-Katalog (src/i18n) — über t() aufgelöst","","done",""
"arch.planFallback","i18n","Bauplan","Plano","Blueprint","i18n-Katalog (src/i18n) — über t() aufgelöst","","done",""
"arch.plot","i18n","Baufeld","Espacio de construcción","Plot","i18n-Katalog (src/i18n) — über t() aufgelöst","","done",""
"arch.plot.used","i18n","{n} belegt · {pct}%","{n} en uso · {pct}%","{n} taken · {pct}%","i18n-Katalog (src/i18n) — über t() aufgelöst","","done",""
"arch.preview.bad","i18n","passt hier nicht","aquí no cabe","does not fit here","i18n-Katalog (src/i18n) — über t() aufgelöst","","done",""
"arch.preview.head","i18n","Vorschau & Brett-Status","Vista previa y estado del tablero","Preview & board status","i18n-Katalog (src/i18n) — über t() aufgelöst","","done",""
"arch.preview.ok","i18n","Vorschau","Vista previa","Preview","i18n-Katalog (src/i18n) — über t() aufgelöst","","done",""
"arch.rearrange","i18n","↔ Gebäude umstellen","↔ Reordenar los edificios","↔ Rearrange buildings","i18n-Katalog (src/i18n) — über t() aufgelöst","","done",""
"arch.reroll","i18n","🎲 Baupläne neu würfeln · {n} übrig","🎲 Relanzar los planos · quedan {n}","🎲 Reroll blueprints · {n} left","i18n-Katalog (src/i18n) — über t() aufgelöst","","done",""
"arch.reset","i18n","Zurücksetzen","Restablecer","Reset","i18n-Katalog (src/i18n) — über t() aufgelöst","","done",""
"arch.rotate","i18n","⟳ Drehen","⟳ Girar","⟳ Rotate","i18n-Katalog (src/i18n) — über t() aufgelöst","","done",""
"arch.rotate.noRoom","i18n","Kein Platz zum Drehen. Zieh das Gebäude erst an eine freiere Stelle.","No hay sitio para girar. Lleva antes el edificio a un punto más despejado.","No room to rotate. Move the building somewhere freer first.","i18n-Katalog (src/i18n) — über t() aufgelöst","","done",""
"arch.scoreDiff","i18n","{sign}{pct} %","{sign}{pct} %","{sign}{pct}%","i18n-Katalog (src/i18n) — über t() aufgelöst","","done",""
"arch.soloEnough","i18n","· reicht allein","· basta por sí solo","· enough on its own","i18n-Katalog (src/i18n) — über t() aufgelöst","","done",""
"arch.stat.plotUsed","i18n","Baufeld belegt","Espacio ocupado","Plot used","i18n-Katalog (src/i18n) — über t() aufgelöst","","done",""
"arch.stat.rows","i18n","Häuserzeilen","Hileras de casas","House rows","i18n-Katalog (src/i18n) — über t() aufgelöst","","done",""
"arch.stat.struct","i18n","Struktur-Bonus","Bonificación de estructura","Structure bonus","i18n-Katalog (src/i18n) — über t() aufgelöst","","done",""
"arch.stat.sumValue","i18n","Σ Kartenwert","Σ valor de carta","Σ card value","i18n-Katalog (src/i18n) — über t() aufgelöst","","done",""
"arch.struct.col","i18n","volle Spalte ×{f}","columna completa ×{f}","full column ×{f}","i18n-Katalog (src/i18n) — über t() aufgelöst","","done",""
"arch.struct.diag","i18n","Diagonale ×{f}","diagonal ×{f}","diagonal ×{f}","i18n-Katalog (src/i18n) — über t() aufgelöst","","done",""
"arch.struct.district","i18n","Distrikt +{pct} %/Nachbar","distrito +{pct} %/vecino","district +{pct}%/neighbour","i18n-Katalog (src/i18n) — über t() aufgelöst","","done",""
"arch.struct.districtNote","i18n","Distrikt: Gebäude gleicher Farbe (Kategorie) direkt aneinander geben je Nachbar +{pct} % Score auf ihre Felder (bis {cap} Nachbarn). Gleichartig zusammenbauen lohnt sich.","Distrito: los edificios del mismo color (categoría) directamente contiguos dan +{pct} % de puntuación en sus celdas por cada vecino (hasta {cap} vecinos). Construir cosas parecidas juntas compensa.","District: buildings of the same colour (category) directly adjacent give +{pct}% score on their cells per neighbour (up to {cap} neighbours). Building alike pays off.","i18n-Katalog (src/i18n) — über t() aufgelöst","","done",""
"arch.struct.head","i18n","Struktur & Distrikt · ×Score je Durchlauf","Estructura y distrito · ×puntuación por ciclo","Structure & district · ×score per cycle","i18n-Katalog (src/i18n) — über t() aufgelöst","","done",""
"arch.struct.note","i18n","Jede Karte auf einer vollständigen Zeile/Spalte/Diagonale macht bei einem Sieg entsprechend mehr Score. Faktoren stapeln multiplikativ.","Cada carta en una fila, columna o diagonal completa produce proporcionalmente más puntuación al ganar. Los factores se acumulan de forma multiplicativa.","Every card on a complete row/column/diagonal makes correspondingly more score on a win. Factors stack multiplicatively.","i18n-Katalog (src/i18n) — über t() aufgelöst","","done",""
"arch.struct.row","i18n","volle Zeile ×{f}","fila completa ×{f}","full row ×{f}","i18n-Katalog (src/i18n) — über t() aufgelöst","","done",""
"arch.sumValue","i18n","Σ Wert","Σ valor","Σ value","i18n-Katalog (src/i18n) — über t() aufgelöst","","done",""
"arch.tier","i18n","Stufe {tier}","Nivel {tier}","Tier {tier}","i18n-Katalog (src/i18n) — über t() aufgelöst","","done",""
"arch.tierArrow","i18n","Stufe {from} → {to}","Nivel {from} → {to}","Tier {from} → {to}","i18n-Katalog (src/i18n) — über t() aufgelöst","","done",""
"arch.tierWord","i18n","Stufe","Nivel","Tier","i18n-Katalog (src/i18n) — über t() aufgelöst","","done",""
"arch.title","i18n","Der Architekt","El Arquitecto","The Architect","i18n-Katalog (src/i18n) — über t() aufgelöst","","done",""
"arch.undo","i18n","↶ Rückgängig","↶ Deshacer","↶ Undo","i18n-Katalog (src/i18n) — über t() aufgelöst","","done",""
"arch.upgrade","i18n","Aufwerten","Mejorar","Upgrade","i18n-Katalog (src/i18n) — über t() aufgelöst","","done",""
"arch.upgrade.big","i18n","⬆ Aufwerten","⬆ Mejorar","⬆ Upgrade","i18n-Katalog (src/i18n) — über t() aufgelöst","","done",""
"arch.upgrade.confirm","i18n","⬆ Aufwerten bestätigen","⬆ Confirmar la mejora","⬆ Confirm upgrade","i18n-Katalog (src/i18n) — über t() aufgelöst","","done",""
"arch.upgrade.confirmHint","i18n","Unten bestätigen, dann wird aufgewertet.","Confirma abajo y se mejora.","Confirm below, then it is upgraded.","i18n-Katalog (src/i18n) — über t() aufgelöst","","done",""
"arch.upgrade.help","i18n","wähle unten ein Gebäude (oder tippe es am Brett an): es wird gold markiert, du siehst aktuellen und nächsten Effekt und bestätigst unten. Nicht aufwertbare (Legendär/No-op-Effekt/max) sind ausgegraut.","elige abajo un edificio (o tócalo en el tablero): queda marcado en dorado, ves el efecto actual y el siguiente, y confirmas abajo. Los que no se pueden mejorar (legendarios, efecto sin niveles, nivel máximo) aparecen atenuados.","pick a building below (or tap it on the board): it is marked gold, you see the current and the next effect, and you confirm below. Buildings that cannot be upgraded (legendary/no-op effect/max) are greyed out.","i18n-Katalog (src/i18n) — über t() aufgelöst","","done",""
"arch.upgrade.none","i18n","· nichts aufwertbar","· nada que mejorar","· nothing to upgrade","i18n-Katalog (src/i18n) — über t() aufgelöst","","done",""
"arch.upgrade.reason.acted","i18n","in dieser Bauphase ist die Hauptaktion (Bauen ODER Aufwerten) schon verbraucht","en esta fase de construcción la acción principal (construir O mejorar) ya está gastada","the main action of this build phase (build OR upgrade) is already spent","i18n-Katalog (src/i18n) — über t() aufgelöst","","done",""
"arch.upgrade.reason.generic","i18n","nicht aufwertbar","no se puede mejorar","not upgradable","i18n-Katalog (src/i18n) — über t() aufgelöst","","done",""
"arch.upgrade.reason.inert","i18n","keine Aufwertung, der Effekt hat keine Stufen","sin mejora: este efecto no tiene niveles","no upgrade, this effect has no tiers","i18n-Katalog (src/i18n) — über t() aufgelöst","","done",""
"arch.upgrade.reason.legendary","i18n","Legendäre sind nicht aufwertbar","los legendarios no se pueden mejorar","legendaries cannot be upgraded","i18n-Katalog (src/i18n) — über t() aufgelöst","","done",""
"arch.upgrade.reason.max","i18n","bereits auf höchster Stufe","ya está en el nivel máximo","already at the highest tier","i18n-Katalog (src/i18n) — über t() aufgelöst","","done",""
"arch.upgrade.sub","i18n","ein Gebäude +1 Stufe","un edificio +1 nivel","one building +1 tier","i18n-Katalog (src/i18n) — über t() aufgelöst","","done",""
"arch.upgraded","i18n","aufgewertet:","mejorado:","upgraded:","i18n-Katalog (src/i18n) — über t() aufgelöst","","done",""
"arch.yourBuildings","i18n","Deine Gebäude ({n})","Tus edificios ({n})","Your buildings ({n})","i18n-Katalog (src/i18n) — über t() aufgelöst","","done",""
"archcat.formation.label","i18n","Formation","Formación","Formation","i18n-Katalog (src/i18n) — über t() aufgelöst","10","done","gemessen (längstes Geschwister, de/en/es/zh-Hans) — Bau-Kategorie im Chip"
"archcat.score.label","i18n","Score","Puntuación","Score","i18n-Katalog (src/i18n) — über t() aufgelöst","10","done","gemessen (längstes Geschwister, de/en/es/zh-Hans) — Bau-Kategorie im Chip"
"archcat.value.label","i18n","Wert","Valor","Value","i18n-Katalog (src/i18n) — über t() aufgelöst","10","done","gemessen (längstes Geschwister, de/en/es/zh-Hans) — Bau-Kategorie im Chip"
"archetype.fire.label","i18n","Feuer","Fuego","Fire","i18n-Katalog (src/i18n) — über t() aufgelöst","9","done","gemessen (längstes Geschwister, de/en/es/zh-Hans) — Archetyp-Name im Chip"
"archetype.ice.label","i18n","Eis","Hielo","Ice","i18n-Katalog (src/i18n) — über t() aufgelöst","9","done","gemessen (längstes Geschwister, de/en/es/zh-Hans) — Archetyp-Name im Chip"
"archetype.lightning.label","i18n","Blitz","Rayo","Lightning","i18n-Katalog (src/i18n) — über t() aufgelöst","9","done","gemessen (längstes Geschwister, de/en/es/zh-Hans) — Archetyp-Name im Chip"
"archetype.plant.label","i18n","Pflanze","Planta","Plant","i18n-Katalog (src/i18n) — über t() aufgelöst","9","done","gemessen (längstes Geschwister, de/en/es/zh-Hans) — Archetyp-Name im Chip"
"archpanels.roleLegend","i18n","● Rolle: Ziel eines Perks/einer Familie an dieser Karte","● Rol: objetivo de una ventaja o familia en esta carta","● Role: target of a perk/family on this card","i18n-Katalog (src/i18n) — über t() aufgelöst","","done",""
"archpanels.tapHint","i18n","Antippen zeigt am Brett, wo es liegt, und umgekehrt.","Al tocar se ve dónde está en el tablero, y a la inversa.","Tapping shows where it sits on the board, and the other way round.","i18n-Katalog (src/i18n) — über t() aufgelöst","","done",""
"bar.fire.ash","i18n","Asche","Ceniza","Ash","i18n-Katalog (src/i18n) — über t() aufgelöst","","done",""
"bar.fire.ash.title","i18n","Asche: {text}","Ceniza: {text}","Ash: {text}","i18n-Katalog (src/i18n) — über t() aufgelöst","","done",""
"bar.fire.ashBurned","i18n","Asche verbrannt","Ceniza quemada","Ash burnt","i18n-Katalog (src/i18n) — über t() aufgelöst","","done",""
"bar.fire.badge.fireRoll","i18n","Feuerwalze","Oleada de fuego","Fire Roll","i18n-Katalog (src/i18n) — über t() aufgelöst","","done",""
"bar.fire.badge.fireRoll.n","i18n","Feuerwalze +{n}","Oleada de fuego +{n}","Fire Roll +{n}","i18n-Katalog (src/i18n) — über t() aufgelöst","","done",""
"bar.fire.badge.glow","i18n","Glühende Klinge","Hoja incandescente","Glowing Blade","i18n-Katalog (src/i18n) — über t() aufgelöst","","done",""
"bar.fire.badge.glow.n","i18n","Glühende Klinge +{n}","Hoja incandescente +{n}","Glowing Blade +{n}","i18n-Katalog (src/i18n) — über t() aufgelöst","","done",""
"bar.fire.badge.glow.title","i18n","Glühende Klinge: +{v1} ab {h1} % Hitze · +{v2} ab {h2} % · +{v3} bei {h3} % Hitze. Die oberen Stufen verlangen je Segment einen Sieg über {m2} bzw. {m3} Kampfwert-Vorsprung; bleibt ein Segment ohne, fällst du zurück.","Hoja incandescente: +{v1} desde {h1} % de calor · +{v2} desde {h2} % · +{v3} con {h3} % de calor. Los niveles superiores exigen por segmento una victoria con más de {m2} o {m3} de margen de valor de combate; si un segmento se queda sin ella, retrocedes.","Glowing Blade: +{v1} from {h1}% heat · +{v2} from {h2}% · +{v3} at {h3}% heat. The upper steps need one win with a margin of {m2} resp. {m3} per segment; a segment without one drops you back.","i18n-Katalog (src/i18n) — über t() aufgelöst","","done",""
"bar.fire.badge.spark","i18n","Funkenflug","Lluvia de chispas","Spark Flight","i18n-Katalog (src/i18n) — über t() aufgelöst","","done",""
"bar.fire.badge.spark.n","i18n","Funkenflug {n}","Lluvia de chispas {n}","Spark Flight {n}","i18n-Katalog (src/i18n) — über t() aufgelöst","","done",""
"bar.fire.badge.spark.title","i18n","Funkenflug-Speicher: Siege unter {m} Kampfwert-Vorsprung zahlen ein, ein Sieg ab {m} schüttet ihn aus. Eine Niederlage halbiert ihn.","Depósito de lluvia de chispas: las victorias por debajo de {m} de margen de valor de combate ingresan, y una victoria desde {m} lo reparte. Una derrota lo reduce a la mitad.","Spark Flight store: wins below a margin of {m} pay in, a win from {m} pays it out. A loss halves it.","i18n-Katalog (src/i18n) — über t() aufgelöst","","done",""
"bar.fire.brand","i18n","Brand · Gegner","Marca · rival","Brand · opponent","i18n-Katalog (src/i18n) — über t() aufgelöst","","done",""
"bar.fire.conflagReady","i18n","· FLÄCHENBRAND BEREIT","· INCENDIO LISTO","· WILDFIRE READY","i18n-Katalog (src/i18n) — über t() aufgelöst","","done",""
"bar.fire.forges","i18n","Schmiedungen","Forjas","Forgings","i18n-Katalog (src/i18n) — über t() aufgelöst","","done",""
"bar.fire.forges.title","i18n","Geschmiedeter Kartenwert: Summe der ⚒-Aufwertungen über alle Karten.","Valor de carta forjado: suma de las mejoras ⚒ en todas las cartas.","Forged card value: the sum of the ⚒ upgrades across all cards.","i18n-Katalog (src/i18n) — über t() aufgelöst","","done",""
"bar.fire.heat","i18n","Hitze","Calor","Heat","i18n-Katalog (src/i18n) — über t() aufgelöst","","done",""
"bar.fire.overRun","i18n","über den Lauf","en toda la partida","over the run","i18n-Katalog (src/i18n) — über t() aufgelöst","","done",""
"bar.fire.state.conflag","i18n","Flächenbrand bereit","Incendio listo","Wildfire ready","i18n-Katalog (src/i18n) — über t() aufgelöst","","done",""
"bar.fire.state.heat","i18n","Hitze {value}/{max}","Calor {value}/{max}","Heat {value}/{max}","i18n-Katalog (src/i18n) — über t() aufgelöst","","done",""
"bar.fire.state.over","i18n","Überhitzung +{n} % Feuer-Score","Sobrecalentamiento +{n} % de puntuación de fuego","Overheat +{n}% fire score","i18n-Katalog (src/i18n) — über t() aufgelöst","","done",""
"bar.fire.state.white","i18n","Weißglut","Calor blanco","White heat","i18n-Katalog (src/i18n) — über t() aufgelöst","","done",""
"bar.fire.tick.full","i18n","100 % Hitze, darüber beginnt die Überhitzung","100 % de calor; por encima empieza el sobrecalentamiento","100% heat, overheat begins above this","i18n-Katalog (src/i18n) — über t() aufgelöst","","done",""
"bar.fire.tick.glow","i18n","Glühende Klinge: +Wert ab {n} % Hitze","Hoja incandescente: +valor desde {n} % de calor","Glowing Blade: +value from {n}% heat","i18n-Katalog (src/i18n) — über t() aufgelöst","","done",""
"bar.fire.tick.white","i18n","Weißglut: Hitze über 100 % staut sich als Überhitzung auf (bis {max} %); je heißer, desto weniger kommt an. Jeder Punkt gibt +{n} % auf den gesamten Feuer-Score und baut sich je Stich wieder ab.","Calor blanco: el calor por encima del 100 % se acumula como sobrecalentamiento (hasta {max} %); cuanto más caliente, menos llega. Cada punto da +{n} % sobre toda la puntuación de fuego y se disipa de nuevo en cada baza.","White Heat: heat above 100% banks as overheat (up to {max}%); the hotter you are, the less arrives. Every point gives +{n}% on your entire fire score and decays again every trick.","i18n-Katalog (src/i18n) — über t() aufgelöst","","done",""
"bar.fire.whiteGlow","i18n","· WEISSGLUT","· CALOR BLANCO","· WHITE HEAT","i18n-Katalog (src/i18n) — über t() aufgelöst","","done",""
"bar.fire.yield","i18n","Feuer-Ertrag","Rendimiento de fuego","Fire yield","i18n-Katalog (src/i18n) — über t() aufgelöst","","done",""
"bar.fire.yield.base","i18n","Feuer-Score","Puntuación de fuego","Fire score","i18n-Katalog (src/i18n) — über t() aufgelöst","","done",""
"bar.fire.yield.over","i18n","Überlauf","Desbordamiento","Overflow","i18n-Katalog (src/i18n) — über t() aufgelöst","","done",""
"bar.fire.yield.over.hint","i18n","Weißglut (Überhitzung über 100 % Hitze) + Ascheglut (Asche über die Schmiede-Kapazität)","Calor blanco (sobrecalentamiento por encima del 100 % de calor) + brasa de ceniza (ceniza por encima de la capacidad de la forja)","White heat (overheat above 100% heat) + ash glow (ash above the forge capacity)","i18n-Katalog (src/i18n) — über t() aufgelöst","","done",""
"bar.ice.avalanche.ready","i18n","Große Lawine · bereit","Gran avalancha · lista","Great Avalanche · ready","i18n-Katalog (src/i18n) — über t() aufgelöst","","done",""
"bar.ice.avalanche.used","i18n","Große Lawine · verbraucht","Gran avalancha · gastada","Great Avalanche · spent","i18n-Katalog (src/i18n) — über t() aufgelöst","","done",""
"bar.ice.biggest","i18n","Größtes Cluster","Mayor agrupación","Largest cluster","i18n-Katalog (src/i18n) — über t() aufgelöst","","done",""
"bar.ice.bursting","i18n","Bricht","Estalla","Bursting","i18n-Katalog (src/i18n) — über t() aufgelöst","","done",""
"bar.ice.cardValue","i18n","Kartenwert","Valor de carta","Card value","i18n-Katalog (src/i18n) — über t() aufgelöst","","done",""
"bar.ice.cascade","i18n","Kaskade","Cascada","Cascade","i18n-Katalog (src/i18n) — über t() aufgelöst","","done",""
"bar.ice.cascade.unit","i18n","brechen","estallan","bursting","i18n-Katalog (src/i18n) — über t() aufgelöst","","done",""
"bar.ice.chip.title","i18n","Gletscher · Masse {mass} · Stufe {tier}","Glaciar · masa {mass} · nivel {tier}","Glacier · mass {mass} · tier {tier}","i18n-Katalog (src/i18n) — über t() aufgelöst","","done",""
"bar.ice.chip.title.burst","i18n","Gletscher · Masse {mass} · Stufe {tier} · BRICHT","Glaciar · masa {mass} · nivel {tier} · ESTALLA","Glacier · mass {mass} · tier {tier} · BURSTING","i18n-Katalog (src/i18n) — über t() aufgelöst","","done",""
"bar.ice.critical","i18n","kritisch","crítica","critical","i18n-Katalog (src/i18n) — über t() aufgelöst","","done",""
"bar.ice.duoBuff","i18n","Duo-Buff","Bonificación de dúo","Duo buff","i18n-Katalog (src/i18n) — über t() aufgelöst","","done",""
"bar.ice.empty","i18n","Noch keine Gletscher. Friere in der Aufstellung Karten fest.","Aún no hay glaciares. Congela cartas en la fase de orden.","No glaciers yet. Freeze cards in the order phase.","i18n-Katalog (src/i18n) — über t() aufgelöst","","done",""
"bar.ice.firnGround","i18n","Schnee sammelt sich","La nieve se acumula","Snow gathering","i18n-Katalog (src/i18n) — über t() aufgelöst","","done",""
"bar.ice.firnReserve","i18n","Boden-Reserve","Reserva del suelo","Ground reserve","i18n-Katalog (src/i18n) — über t() aufgelöst","","done",""
"bar.ice.frozenOpp","i18n","Gegner eingefroren","Rivales congelados","Opponents frozen","i18n-Katalog (src/i18n) — über t() aufgelöst","","done",""
"bar.ice.playOrder","i18n","Spielreihenfolge (Position)","Orden de juego (posición)","Play order (position)","i18n-Katalog (src/i18n) — über t() aufgelöst","","done",""
"bar.ice.state.count","i18n","{n} Gletscher","{n} glaciares","{n} glaciers","i18n-Katalog (src/i18n) — über t() aufgelöst","","done",""
"bar.ice.state.ready","i18n","Bruch bereit","Estallido listo","Burst ready","i18n-Katalog (src/i18n) — über t() aufgelöst","","done",""
"bar.ice.yield","i18n","Gletscher-Ertrag","Rendimiento de glaciar","Glacier yield","i18n-Katalog (src/i18n) — über t() aufgelöst","","done",""
"bar.lightning.breadth","i18n","Sturmgröße","Amplitud de tormenta","Storm breadth","i18n-Katalog (src/i18n) — über t() aufgelöst","","done",""
"bar.lightning.breadth.payoff","i18n","+{n} Wert / Karte","+{n} de valor / carta","+{n} value / card","i18n-Katalog (src/i18n) — über t() aufgelöst","","done",""
"bar.lightning.consumer","i18n","Konsument: {name}","Consumidor: {name}","Consumer: {name}","i18n-Katalog (src/i18n) — über t() aufgelöst","","done",""
"bar.lightning.consumes","i18n","Entladungen","Descargas","Discharges","i18n-Katalog (src/i18n) — über t() aufgelöst","","done",""
"bar.lightning.consumes.title","i18n","Volle Ladungsverbräuche diesen Lauf: der Kern-Rhythmus des Sturms.","Consumos de carga completa en esta partida: el ritmo central de la tormenta.","Full charge consumptions this run: the core rhythm of the storm.","i18n-Katalog (src/i18n) — über t() aufgelöst","","done",""
"bar.lightning.depth","i18n","Sturmintensität","Intensidad de tormenta","Storm depth","i18n-Katalog (src/i18n) — über t() aufgelöst","","done",""
"bar.lightning.depth.payoff","i18n","Überschlag: {n} Prozentpunkte → 1 Ladung","Arco: {n} puntos porcentuales → 1 carga","Arc-over: {n} percentage points → 1 charge","i18n-Katalog (src/i18n) — über t() aufgelöst","","done",""
"bar.lightning.discharge","i18n","Entladung","Descarga","Discharge","i18n-Katalog (src/i18n) — über t() aufgelöst","","done",""
"bar.lightning.discharge.title","i18n","Entladung: dauerhaftes Crit-Multiplikator-Momentum je Entladung.","Descarga: impulso permanente del multiplicador de crítico por descarga.","Discharge: permanent crit-multiplier momentum per discharge.","i18n-Katalog (src/i18n) — über t() aufgelöst","","done",""
"bar.lightning.fullBadge","i18n","· VOLL GELADEN","· CARGA COMPLETA","· FULLY CHARGED","i18n-Katalog (src/i18n) — über t() aufgelöst","","done",""
"bar.lightning.noConsumer","i18n","Voll: ohne Konsument verpufft die Ladung. Wähle {skill}, um sie zu verbrauchen.","Llena: sin consumidor la carga se pierde. Elige {skill} para gastarla.","Full: without a consumer the charge goes to waste. Pick {skill} to spend it.","i18n-Katalog (src/i18n) — über t() aufgelöst","","done",""
"bar.lightning.saturation","i18n","🌐 Sturm-Sättigung","🌐 Saturación de tormenta","🌐 Storm saturation","i18n-Katalog (src/i18n) — über t() aufgelöst","","done",""
"bar.lightning.state.charge","i18n","Ladung {charge}/{max}","Carga {charge}/{max}","Charge {charge}/{max}","i18n-Katalog (src/i18n) — über t() aufgelöst","","done",""
"bar.lightning.state.crit","i18n","Crit ×{mult}","Crítico ×{mult}","Crit ×{mult}","i18n-Katalog (src/i18n) — über t() aufgelöst","","done",""
"bar.lightning.state.full","i18n","Voll geladen","Carga completa","Fully charged","i18n-Katalog (src/i18n) — über t() aufgelöst","","done",""
"bar.lightning.storm","i18n","Gewitterfront","Frente de tormenta","Storm Front","i18n-Katalog (src/i18n) — über t() aufgelöst","","done",""
"bar.lightning.storm.title","i18n","Gewitterfront: Crit-Chance-Momentum je Entladung (bis +{cap} %).","Frente de tormenta: impulso de probabilidad de crítico por descarga (hasta +{cap} %).","Storm Front: crit-chance momentum per discharge (up to +{cap}%).","i18n-Katalog (src/i18n) — über t() aufgelöst","","done",""
"bar.plant.bloom","i18n","Blüte","Floración","Bloom","i18n-Katalog (src/i18n) — über t() aufgelöst","","done",""
"bar.plant.forest","i18n","🌲 Wald","🌲 Bosque","🌲 Forest","i18n-Katalog (src/i18n) — über t() aufgelöst","","done",""
"bar.plant.forest.title","i18n","Weltenbaum: die Summe des Überlauf-Wachstums über alle grünen Karten zahlt je grünem Sieg (der ganze alte Wald).","Árbol del mundo: la suma del crecimiento de desbordamiento de todas las cartas verdes paga en cada victoria verde (todo el bosque viejo).","World Tree: the total overflow growth across all green cards pays on every green win (the whole old forest).","i18n-Katalog (src/i18n) — über t() aufgelöst","","done",""
"bar.plant.forest.unit","i18n","Überlauf-Wachstum","crecimiento de desbordamiento","overflow growth","i18n-Katalog (src/i18n) — über t() aufgelöst","","done",""
"bar.plant.grown","i18n","Gewachsen","Crecido","Grown","i18n-Katalog (src/i18n) — über t() aufgelöst","","done",""
"bar.plant.grown.unit","i18n","Wachstum gesamt","crecimiento total","total growth","i18n-Katalog (src/i18n) — über t() aufgelöst","","done",""
"bar.plant.harvest","i18n","Ernte","Cosecha","Harvest","i18n-Katalog (src/i18n) — über t() aufgelöst","","done",""
"bar.plant.mark.overgrowth","i18n","Überwucherung","Invasión","Overgrowth","i18n-Katalog (src/i18n) — über t() aufgelöst","","done",""
"bar.plant.mark.overgrowth.title","i18n","Überwucherung: ab {pct} % alle Farbblöcke +Faktor","Invasión: desde {pct} %, todos los bloques de palo +factor","Overgrowth: from {pct}% on, all suit blocks get +factor","i18n-Katalog (src/i18n) — über t() aufgelöst","","done",""
"bar.plant.mark.spring","i18n","Ew. Frühling","Prim. eterna","Etern. Spring","i18n-Katalog (src/i18n) — über t() aufgelöst","","done",""
"bar.plant.mark.spring.title","i18n","Ewiger Frühling: Überwucherung schon ab {pct} % Feld grün","Primavera eterna: la invasión empieza ya con {pct} % del campo verde","Eternal Spring: overgrowth kicks in at {pct}% of the field green","i18n-Katalog (src/i18n) — über t() aufgelöst","","done",""
"bar.plant.maturing","i18n","Reifende Karten · {n}","Cartas madurando · {n}","Ripening cards · {n}","i18n-Katalog (src/i18n) — über t() aufgelöst","","done",""
"bar.plant.maturing.more","i18n","+{n} weitere","+{n} más","+{n} more","i18n-Katalog (src/i18n) — über t() aufgelöst","","done",""
"bar.plant.nextRipe","i18n","Nächste Reife","Próxima maduración","Next Ripening","i18n-Katalog (src/i18n) — über t() aufgelöst","","done",""
"bar.plant.nextRipe.title","i18n","Grobe Schätzung: nächster Setzling wird grün (aus Wachstumsrate × Restdistanz).","Estimación aproximada: la próxima plántula se pone verde (a partir de la tasa de crecimiento × distancia restante).","Rough estimate: the next seedling turns green (growth rate × remaining distance).","i18n-Katalog (src/i18n) — über t() aufgelöst","","done",""
"bar.plant.nextRipe.wins_one","i18n","~{count} Sieg","~{count} victoria","~{count} win","i18n-Katalog (src/i18n) — über t() aufgelöst","","done",""
"bar.plant.nextRipe.wins_other","i18n","~{count} Siege","~{count} victorias","~{count} wins","i18n-Katalog (src/i18n) — über t() aufgelöst","","done",""
"bar.plant.overflow","i18n","· Überlauf","· desbordamiento","· overflow","i18n-Katalog (src/i18n) — über t() aufgelöst","","done",""
"bar.plant.perWin","i18n","Score/Sieg","puntuación/victoria","score/win","i18n-Katalog (src/i18n) — über t() aufgelöst","","done",""
"bar.plant.root","i18n","Wurzel","Raíz","Root","i18n-Katalog (src/i18n) — über t() aufgelöst","","done",""
"bar.plant.runners","i18n","Ausläufer · Kolonisiert","Estolones · colonizado","Runners · colonized","i18n-Katalog (src/i18n) — über t() aufgelöst","","done",""
"bar.plant.share","i18n","Grün-Anteil des Feldes","Proporción verde del campo","Green share of the field","i18n-Katalog (src/i18n) — über t() aufgelöst","","done",""
"bar.plant.share.badge","i18n","· ÜBERWUCHERT","· INVADIDO","· OVERGROWN","i18n-Katalog (src/i18n) — über t() aufgelöst","","done",""
"bar.plant.share.title","i18n","Anteil grüner (reifer + ausgewachsener) Karten am Feld.","Proporción de cartas verdes (maduras y desarrolladas) en el campo.","Share of green (ripe + full-grown) cards on the field.","i18n-Katalog (src/i18n) — über t() aufgelöst","","done",""
"bar.plant.share.value","i18n","{green} / {total} · {pct} %","{green} / {total} · {pct} %","{green} / {total} · {pct}%","i18n-Katalog (src/i18n) — über t() aufgelöst","","done",""
"bar.plant.stage.full","i18n","Ausgewachsen","Desarrollada","Full-grown","i18n-Katalog (src/i18n) — über t() aufgelöst","","done",""
"bar.plant.stage.full.title","i18n","Voll ausgewachsen (Wert {cap}).","Completamente desarrollada (valor {cap}).","Fully grown (value {cap}).","i18n-Katalog (src/i18n) — über t() aufgelöst","","done",""
"bar.plant.stage.green","i18n","Grün","Verde","Green","i18n-Katalog (src/i18n) — über t() aufgelöst","","done",""
"bar.plant.stage.green.title","i18n","Reife grüne Karten, Wert unter dem Deckel (Balken = Ø Fortschritt zum Wert-Deckel).","Cartas verdes maduras con valor por debajo del tope (barra = Ø progreso hasta el tope de valor).","Ripe green cards below the value cap (bar = average progress to the value cap).","i18n-Katalog (src/i18n) — über t() aufgelöst","","done",""
"bar.plant.stage.seed","i18n","Setzling","Plántula","Seedling","i18n-Katalog (src/i18n) — über t() aufgelöst","","done",""
"bar.plant.stage.seed.title","i18n","Wachsende, noch nicht reife Karten (Balken = Ø Fortschritt zur Reife).","Cartas en crecimiento que aún no están maduras (barra = Ø progreso hasta la madurez).","Growing cards that are not ripe yet (bar = average progress to ripeness).","i18n-Katalog (src/i18n) — über t() aufgelöst","","done",""
"bar.plant.state.green","i18n","Grün {pct} %","Verde {pct} %","Green {pct}%","i18n-Katalog (src/i18n) — über t() aufgelöst","","done",""
"bar.plant.state.overgrown","i18n","Überwuchert","Invadido","Overgrown","i18n-Katalog (src/i18n) — über t() aufgelöst","","done",""
"bar.plant.strip.green","i18n","Grün · W{value}","Verde · V{value}","Green · V{value}","i18n-Katalog (src/i18n) — über t() aufgelöst","","done",""
"bar.plant.strip.seed","i18n","Setzling {growth}/{need}","Plántula {growth}/{need}","Seedling {growth}/{need}","i18n-Katalog (src/i18n) — über t() aufgelöst","","done",""
"bar.plant.tallest","i18n","🌳 Höchster Baum","🌳 Árbol más alto","🌳 Tallest Tree","i18n-Katalog (src/i18n) — über t() aufgelöst","","done",""
"bar.plant.tallest.title","i18n","Mutterbaum: der tiefste Baum (Überlauf-Wachstum über dem Wert-Deckel) zahlt je grünem Sieg und verdoppelt seinen Wurzel-Score.","Árbol madre: el árbol más profundo (crecimiento de desbordamiento por encima del tope de valor) paga en cada victoria verde y duplica su puntuación de raíz.","Mother Tree: your deepest tree (overflow growth above the value cap) pays on every green win and doubles its root score.","i18n-Katalog (src/i18n) — über t() aufgelöst","","done",""
"bar.plant.tallest.value","i18n","Wert {value}","Valor {value}","Value {value}","i18n-Katalog (src/i18n) — über t() aufgelöst","","done",""
"bar.plant.trimmed","i18n","✂ Getrimmt","✂ Podado","✂ Pruned","i18n-Katalog (src/i18n) — über t() aufgelöst","","done",""
"bar.plant.trimmed.title","i18n","Trimmen: jeder ersetzte Wachstums-Skill ({skills}) hebt dauerhaft den Wurzel- & Blüten-Score.","Poda: cada habilidad de crecimiento sustituida ({skills}) eleva de forma permanente la puntuación de raíz y floración.","Pruning: every replaced growth skill ({skills}) permanently raises root & bloom score.","i18n-Katalog (src/i18n) — über t() aufgelöst","","done",""
"bar.plant.trimmed.unit","i18n","· Wurzel/Blüte","· raíz/floración","· root/bloom","i18n-Katalog (src/i18n) — über t() aufgelöst","","done",""
"bar.plant.yield","i18n","Garten-Ertrag","Rendimiento del jardín","Garden Yield","i18n-Katalog (src/i18n) — über t() aufgelöst","","done",""
"bf.banner.loss","i18n","Verloren","Derrota","Lost","i18n-Katalog (src/i18n) — über t() aufgelöst","","done",""
"bf.banner.tie","i18n","Gleichstand","Empate","Tie","i18n-Katalog (src/i18n) — über t() aufgelöst","","done",""
"bf.banner.win","i18n","Gewonnen","Victoria","Won","i18n-Katalog (src/i18n) — über t() aufgelöst","","done",""
"bf.banner.winCrit","i18n","Gewonnen · Kritisch","Victoria · crítica","Won · critical","i18n-Katalog (src/i18n) — über t() aufgelöst","","done",""
"bf.banner.winTie","i18n","Gleichstand → Sieg","Empate → victoria","Tie → win","i18n-Katalog (src/i18n) — über t() aufgelöst","","done",""
"bf.bd.aria","i18n","Aufschlüsselung des Stich-Scores","Desglose de la puntuación de la baza","Trick score breakdown","i18n-Katalog (src/i18n) — über t() aufgelöst","","done",""
"bf.bd.base","i18n","Basis","Base","Base","i18n-Katalog (src/i18n) — über t() aufgelöst","","done",""
"bf.bd.base.title","i18n","Grundwert des Siegs plus alle flachen Boni (Perks, Crit-Flats, Fraktions-Score).","Valor base de la victoria más todas las bonificaciones planas (ventajas, fijos de crítico, puntuación de arquetipo).","Base value of the win plus every flat bonus (perks, crit flats, faction score).","i18n-Katalog (src/i18n) — über t() aufgelöst","","done",""
"bf.bd.crit","i18n","Crit","Crít.","Crit","i18n-Katalog (src/i18n) — über t() aufgelöst","","done",""
"bf.bd.crit.title","i18n","Crit-Multiplikator dieses Stichs.","Multiplicador de crítico de esta baza.","Crit multiplier of this trick.","i18n-Katalog (src/i18n) — über t() aufgelöst","","done",""
"bf.bd.direct","i18n","Direkt","Directo","Direct","i18n-Katalog (src/i18n) — über t() aufgelöst","","done",""
"bf.bd.direct.title","i18n","Direkt-Score, der an der Kette vorbeiläuft: Glutdividende, Blitz, Pflanze, Gletscher, Vabanque.","Puntuación directa que se salta la cadena: dividendo de brasas, rayo, planta, glaciar, Todo o Nada.","Direct score that bypasses the chain: ember dividend, lightning, plant, glacier, All In.","i18n-Katalog (src/i18n) — über t() aufgelöst","","done",""
"bf.bd.form","i18n","Form","Form.","Form","i18n-Katalog (src/i18n) — über t() aufgelöst","","done",""
"bf.bd.form.title","i18n","Multiplikator der Formationen an dieser Position, samt Nachhall und Formationskern.","Multiplicador de las formaciones en esta posición, incluidos Eco y Núcleo.","Multiplier of the formations at this position, including Echo and Core.","i18n-Katalog (src/i18n) — über t() aufgelöst","","done",""
"bf.bd.perks","i18n","Perks","Ventajas","Perks","i18n-Katalog (src/i18n) — über t() aufgelöst","","done",""
"bf.bd.perks.title","i18n","Multiplikator aus Perks und Familien, dazu Sonnenzorn und die Score-Gebäude des Architekten.","Multiplicador de ventajas y familias, además de Ira Solar y los edificios de puntuación del Arquitecto.","Multiplier from perks and families, plus Sun Wrath and the architect’s score buildings.","i18n-Katalog (src/i18n) — über t() aufgelöst","","done",""
"bf.bd.streak","i18n","Serie","Racha","Streak","i18n-Katalog (src/i18n) — über t() aufgelöst","","done",""
"bf.bd.streak.title","i18n","Multiplikator aus der laufenden Siegesserie.","Multiplicador de la racha de victorias en curso.","Multiplier from your running win streak.","i18n-Katalog (src/i18n) — über t() aufgelöst","","done",""
"bf.bd.total","i18n","Summe","Total","Total","i18n-Katalog (src/i18n) — über t() aufgelöst","","done",""
"bf.bd.total.title","i18n","Gesamter Score dieses Stichs.","Puntuación total de esta baza.","Total score of this trick.","i18n-Katalog (src/i18n) — über t() aufgelöst","","done",""
"bf.big.avalanche","i18n","Lawine","AVALANCHA","AVALANCHE","i18n-Katalog (src/i18n) — über t() aufgelöst","","done",""
"bf.big.brutal","i18n","Brutal","BRUTAL","BRUTAL","i18n-Katalog (src/i18n) — über t() aufgelöst","","done",""
"bf.big.fierce","i18n","Stark","BIEN","NICE","i18n-Katalog (src/i18n) — über t() aufgelöst","","done",""
"bf.big.godlike","i18n","Gottgleich","DIVINO","GODLIKE","i18n-Katalog (src/i18n) — über t() aufgelöst","","done",""
"bf.big.insane","i18n","Irre","DEMENCIAL","INSANE","i18n-Katalog (src/i18n) — über t() aufgelöst","","done",""
"bf.big.letsgo","i18n","Gönn dir","¡VAMOS!","LET’S GO!","i18n-Katalog (src/i18n) — über t() aufgelöst","","done",""
"bf.crit","i18n","Kritisch!","¡Crítico!","Critical!","i18n-Katalog (src/i18n) — über t() aufgelöst","","done",""
"bf.crit.mult","i18n","Kritisch ×{n}","Crítico ×{n}","Critical ×{n}","i18n-Katalog (src/i18n) — über t() aufgelöst","","done",""
"bf.ready","i18n","Bereit: starte den Autobattler","Listo: inicia el autobattler","Ready: start the autobattler","i18n-Katalog (src/i18n) — über t() aufgelöst","","done",""
"bf.side.opponent","i18n","Gegner","Rival","Opponent","i18n-Katalog (src/i18n) — über t() aufgelöst","","done",""
"bf.side.you","i18n","Du","Tú","You","i18n-Katalog (src/i18n) — über t() aufgelöst","","done",""
"bf.trickCount","i18n","Stich {n} / {total}","Baza {n} / {total}","Trick {n} / {total}","i18n-Katalog (src/i18n) — über t() aufgelöst","","done",""
"board.champions.empty","i18n","Noch keine Wochensieger. Die erste Wochen-Rangliste muss erst abgeschlossen sein.","Aún no hay ganadores semanales. Primero tiene que terminar la primera clasificación semanal.","No weekly winners yet. The first weekly ranking has to finish first.","i18n-Katalog (src/i18n) — über t() aufgelöst","","done",""
"board.champions.intro","i18n","Platz 1 jeder abgelaufenen Wochen-Rangliste landet hier, eine Person pro Woche.","El puesto 1 de cada clasificación semanal finalizada llega aquí, una persona por semana.","First place of every finished weekly ranking lands here, one person per week.","i18n-Katalog (src/i18n) — über t() aufgelöst","","done",""
"board.champions.loading","i18n","Lädt Champions …","Cargando los campeones …","Loading champions …","i18n-Katalog (src/i18n) — über t() aufgelöst","","done",""
"board.champions.unavailable","i18n","Champions sind nicht verfügbar.","Los campeones no están disponibles.","Champions are unavailable.","i18n-Katalog (src/i18n) — über t() aufgelöst","","done",""
"board.col.pilot","i18n","Pilot","Piloto","Pilot","i18n-Katalog (src/i18n) — über t() aufgelöst","","done",""
"board.col.rank","i18n","Rang","Puesto","Rank","i18n-Katalog (src/i18n) — über t() aufgelöst","","done",""
"board.col.score","i18n","Punkte","Puntos","Score","i18n-Katalog (src/i18n) — über t() aufgelöst","","done",""
"board.countdown","i18n","{d}t {h}h {m}m {s}s","{d}d {h}h {m}m {s}s","{d}d {h}h {m}m {s}s","i18n-Katalog (src/i18n) — über t() aufgelöst","","done",""
"board.ctx.arch.s","i18n","Am Wochenende ins Challenger-Archiv.","Al final de la semana, al archivo Challenger.","Into the Challenger archive at the end of the week.","i18n-Katalog (src/i18n) — über t() aufgelöst","","done",""
"board.ctx.arch.t","i18n","Platz 1 wandert","El puesto 1 pasa al archivo","Rank 1 moves on","i18n-Katalog (src/i18n) — über t() aufgelöst","","done",""
"board.ctx.base.s","i18n","Der Upgrade-Baum hat keine Wirkung.","El árbol de mejoras no tiene efecto.","The upgrade tree has no effect.","i18n-Katalog (src/i18n) — über t() aufgelöst","","done",""
"board.ctx.base.t","i18n","Faire Baseline","Base justa","Fair baseline","i18n-Katalog (src/i18n) — über t() aufgelöst","","done",""
"board.ctx.seed.s","i18n","Alle spielen dieselbe Kartenfolge.","Todo el mundo juega la misma secuencia de cartas.","Everyone plays the same card order.","i18n-Katalog (src/i18n) — über t() aufgelöst","","done",""
"board.ctx.seed.t","i18n","Gleicher Seed","Misma semilla","Same seed","i18n-Katalog (src/i18n) — über t() aufgelöst","","done",""
"board.empty","i18n","Noch keine Einträge. Mach den Anfang.","Aún no hay entradas. Empieza tú.","No entries yet. Be the first.","i18n-Katalog (src/i18n) — über t() aufgelöst","","done",""
"board.eyebrow.board","i18n","Vergleich","Comparación","Comparison","i18n-Katalog (src/i18n) — über t() aufgelöst","","done",""
"board.eyebrow.ranked","i18n","Rangliste","Clasificatoria","Ranked","i18n-Katalog (src/i18n) — über t() aufgelöst","","done",""
"board.global.empty","i18n","Noch kein Lauf im Global-Board. Mach den Anfang.","Aún no hay ninguna partida en la clasificación global. Empieza tú.","No run on the global board yet. Be the first.","i18n-Katalog (src/i18n) — über t() aufgelöst","","done",""
"board.global.head","i18n","Allzeit · Top {n}","Histórico · Top {n}","All-time · Top {n}","i18n-Katalog (src/i18n) — über t() aufgelöst","","done",""
"board.global.sub","i18n","alle Läufe","todas las partidas","all runs","i18n-Katalog (src/i18n) — über t() aufgelöst","","done",""
"board.loading","i18n","Lädt Bestenliste …","Cargando la clasificación …","Loading leaderboard …","i18n-Katalog (src/i18n) — über t() aufgelöst","","done",""
"board.locked","i18n","🔒 Frei, sobald alle Decks freigeschaltet sind und jeder der vier Archetypen einmal in einem bis zum Ende gespielten Lauf dabei war; ein Skill daraus genügt, und mehrere Archetypen zählen im selben Lauf. Abgebrochene Läufe zählen nicht.","🔒 Se desbloquea cuando todos los mazos estén desbloqueados y cada uno de los cuatro arquetipos haya estado presente en una partida jugada hasta el final; basta con una habilidad suya, y varios arquetipos cuentan en la misma partida. Las partidas abandonadas no cuentan.","🔒 Unlocks once every deck is unlocked and each of the four archetypes has been part of a run you played to the end; one skill from it is enough, and several archetypes count in the same run. Abandoned runs don't count.","i18n-Katalog (src/i18n) — über t() aufgelöst","","done",""
"board.nav.champions.sub","i18n","Platz 1 jeder abgelaufenen Woche","Puesto 1 de cada semana finalizada","Rank 1 of every past week","i18n-Katalog (src/i18n) — über t() aufgelöst","","done",""
"board.nav.global.sub","i18n","Allzeit · alle Läufe","Histórico · todas las partidas","All-time · every run","i18n-Katalog (src/i18n) — über t() aufgelöst","","done",""
"board.nav.rules.sub","i18n","Baseline und alle Modifikatoren","Base y todos los modificadores","Baseline and all modifiers","i18n-Katalog (src/i18n) — über t() aufgelöst","","done",""
"board.play","i18n","▶ Spielen","▶ Jugar","▶ Play","i18n-Katalog (src/i18n) — über t() aufgelöst","","done",""
"board.resetIn","i18n","Reset in {time}","Reinicio en {time}","Reset in {time}","i18n-Katalog (src/i18n) — über t() aufgelöst","","done",""
"board.row.cycle","i18n","Durchlauf {n}","Ciclo {n}","Cycle {n}","i18n-Katalog (src/i18n) — über t() aufgelöst","","done",""
"board.rules.intro","i18n","Alle spielen wöchentlich denselben Seed unter fairer Baseline: der Upgrade-Baum hat keine Wirkung ({rerolls} Rerolls je Phase, alle Raritäten, Legendär-Phase in Durchlauf {legCycle}). Jede Woche verändern 3–5 zufällige Modifikatoren (≥2 positiv, ≥1 negativ) den Lauf, für alle identisch. Nur abgeschlossene Läufe zählen; am Wochenende wandert Platz 1 ins Challenger-Archiv, das Board startet neu.","Todo el mundo juega cada semana la misma semilla con una base justa: el árbol de mejoras no tiene efecto ({rerolls} relanzamientos por fase, todas las rarezas, fase legendaria en el ciclo {legCycle}). Cada semana, de 3 a 5 modificadores aleatorios (≥2 positivos, ≥1 negativo) cambian la partida, idénticos para todos. Solo cuentan las partidas completadas; al final de la semana el puesto 1 pasa al archivo Challenger y la clasificación empieza de nuevo.","Everyone plays the same weekly seed on a fair baseline: the upgrade tree has no effect ({rerolls} rerolls per phase, all rarities, legendary phase in cycle {legCycle}). Every week 3–5 random modifiers (≥2 positive, ≥1 negative) change the run, identically for everyone. Only completed runs count; at the end of the week first place moves into the Challenger archive and the board starts over.","i18n-Katalog (src/i18n) — über t() aufgelöst","","done",""
"board.rules.neg","i18n","Negative Modifikatoren","Modificadores negativos","Negative modifiers","i18n-Katalog (src/i18n) — über t() aufgelöst","","done",""
"board.rules.pairs","i18n","Ausschluss-Paare (nie zusammen)","Pares excluyentes (nunca juntos)","Exclusive pairs (never together)","i18n-Katalog (src/i18n) — über t() aufgelöst","","done",""
"board.rules.pos","i18n","Positive Modifikatoren","Modificadores positivos","Positive modifiers","i18n-Katalog (src/i18n) — über t() aufgelöst","","done",""
"board.sub.board","i18n","Die besten Läufe aller Spieler.","Las mejores partidas de todos los jugadores.","The best runs from every player.","i18n-Katalog (src/i18n) — über t() aufgelöst","","done",""
"board.sub.ranked","i18n","Woche {week} — alle spielen denselben Seed.","Semana {week} — todo el mundo juega la misma semilla.","Week {week} — everyone plays the same seed.","i18n-Katalog (src/i18n) — über t() aufgelöst","","done",""
"board.tab.challenger","i18n","Challenger","Challenger","Challenger","i18n-Katalog (src/i18n) — über t() aufgelöst","","done",""
"board.tab.global","i18n","Global","Global","Global","i18n-Katalog (src/i18n) — über t() aufgelöst","","done",""
"board.tab.rules","i18n","Regeln","Reglas","Rules","i18n-Katalog (src/i18n) — über t() aufgelöst","","done",""
"board.tab.week","i18n","Diese Woche","Esta semana","This week","i18n-Katalog (src/i18n) — über t() aufgelöst","","done",""
"board.tab.weekShort","i18n","Woche","Semana","Week","i18n-Katalog (src/i18n) — über t() aufgelöst","","done",""
"board.title","i18n","Bestenliste","Clasificación","Leaderboard","i18n-Katalog (src/i18n) — über t() aufgelöst","","done",""
"board.tree.none.title","i18n","Für diesen Lauf ist kein Baumstand gespeichert","No se guardó el estado del árbol para esta partida","No tree state was stored for this run","i18n-Katalog (src/i18n) — über t() aufgelöst","","done",""
"board.tree.title","i18n","{done} von {total} Knoten im Upgrade-Baum freigeschaltet","{done} de {total} nodos del árbol de mejoras desbloqueados","{done} of {total} upgrade tree nodes unlocked","i18n-Katalog (src/i18n) — über t() aufgelöst","","done",""
"board.unavailable","i18n","Bestenliste ist nicht verfügbar.","La clasificación no está disponible.","The leaderboard is unavailable.","i18n-Katalog (src/i18n) — über t() aufgelöst","","done",""
"board.week.viewOnly","i18n","Die Platzierung dieser Woche. Gespielt wird über den Ranglisten-Knopf im Menü.","La clasificación de esta semana. Se juega con el botón de clasificatoria del menú.","This week’s standings. Play via the ranked button in the menu.","i18n-Katalog (src/i18n) — über t() aufgelöst","","done",""
"board.weekLabel","i18n","Woche {week} · {year}","Semana {week} · {year}","Week {week} · {year}","i18n-Katalog (src/i18n) — über t() aufgelöst","","done",""
"board.weekMods","i18n","Modifikatoren dieser Woche","Modificadores de esta semana","This week’s modifiers","i18n-Katalog (src/i18n) — über t() aufgelöst","","done",""
"board.weekSeed","i18n","Seed der Woche","Semilla de la semana","Seed of the week","i18n-Katalog (src/i18n) — über t() aufgelöst","","done",""
"branch.deck.desc","i18n","Archetypen & Legendäre","Arquetipos y legendarias","Archetypes & legendaries","i18n-Katalog (src/i18n) — über t() aufgelöst","","done",""
"branch.deck.name","i18n","Decks","Mazos","Decks","i18n-Katalog (src/i18n) — über t() aufgelöst","","done",""
"branch.gen.desc","i18n","Baufeld · Energie · Rarität · Drops","Espacio de construcción · energía · rareza · aparición","Build space · energy · rarity · drops","i18n-Katalog (src/i18n) — über t() aufgelöst","","done",""
"branch.gen.name","i18n","Allgemein","General","General","i18n-Katalog (src/i18n) — über t() aufgelöst","","done",""
"build.deck.legend","i18n","Balken = Ø-Wert · violett ◆ = unschlagbar (>{over}, überbietet jede Gegnerkarte).","Barra = valor Ø · ◆ violeta = imbatible (>{over}, supera cualquier carta rival).","Bar = avg value · purple ◆ = unbeatable (>{over}, beats any opponent card).","i18n-Katalog (src/i18n) — über t() aufgelöst","","done",""
"build.perks.empty","i18n","Noch keine Perks.","Aún no hay ventajas.","No perks yet.","i18n-Katalog (src/i18n) — über t() aufgelöst","","done",""
"build.perks.emptyRun","i18n","Noch keine Perks. In manchen Durchläufen wählst du einen dazu.","Aún no hay ventajas. En algunos ciclos eliges una.","No perks yet. Some cycles let you pick one.","i18n-Katalog (src/i18n) — über t() aufgelöst","","done",""
"build.perks.head","i18n","Perks: {count}","Ventajas: {count}","Perks: {count}","i18n-Katalog (src/i18n) — über t() aufgelöst","","done",""
"build.skill.spark.empty","i18n","noch keine Ausschüttung; **{store}** liegen im Speicher.","aún sin reparto; **{store}** en el depósito.","no payout yet; **{store}** sitting in the store.","i18n-Katalog (src/i18n) — über t() aufgelöst","","done",""
"build.skill.spark.yield","i18n","bisher **{score}** Score aus **{n}** Ausschüttungen; **{store}** liegen im Speicher.","hasta ahora **{score}** de puntuación en **{n}** repartos; **{store}** en el depósito.","**{score}** score so far from **{n}** payouts; **{store}** sitting in the store.","i18n-Katalog (src/i18n) — über t() aufgelöst","","done",""
"build.skill.yield.term","i18n","Ertrag","Rendimiento","Yield","i18n-Katalog (src/i18n) — über t() aufgelöst","","done",""
"build.skills.empty","i18n","Noch keine Skills.","Aún no hay habilidades.","No skills yet.","i18n-Katalog (src/i18n) — über t() aufgelöst","","done",""
"build.skills.emptyRun","i18n","Noch keine Skills, ab Durchlauf {cycle} wählbar.","Aún no hay habilidades; se pueden elegir a partir del ciclo {cycle}.","No skills yet, pickable from cycle {cycle}.","i18n-Katalog (src/i18n) — über t() aufgelöst","","done",""
"build.skills.head","i18n","Skills: {count}","Habilidades: {count}","Skills: {count}","i18n-Katalog (src/i18n) — über t() aufgelöst","","done",""
"building.A_ARKADE.name","i18n","Arkade","Arcada","Arcade","i18n-Katalog (src/i18n) — über t() aufgelöst","","done",""
"building.A_BASILIKA.name","i18n","Basilika","Basílica","Basilica","i18n-Katalog (src/i18n) — über t() aufgelöst","","done",""
"building.A_BOLLWERK.name","i18n","Bollwerk","Baluarte","Bulwark","i18n-Katalog (src/i18n) — über t() aufgelöst","","done",""
"building.A_BUNTGLAS.name","i18n","Buntglas","Vidriera","Stained Glass","i18n-Katalog (src/i18n) — über t() aufgelöst","","done",""
"building.A_FIRST.name","i18n","Firstträger","Viga cumbrera","Ridge Beam","i18n-Katalog (src/i18n) — über t() aufgelöst","","done",""
"building.A_FRIES.name","i18n","Fries","Friso","Frieze","i18n-Katalog (src/i18n) — über t() aufgelöst","","done",""
"building.A_FUNDAMENT.name","i18n","Fundamentplatte","Losa de cimentación","Foundation Slab","i18n-Katalog (src/i18n) — über t() aufgelöst","","done",""
"building.A_GEWOELBE.name","i18n","Gewölbe","Bóveda","Vault","i18n-Katalog (src/i18n) — über t() aufgelöst","","done",""
"building.A_GIEBEL.name","i18n","Giebel","Hastial","Gable","i18n-Katalog (src/i18n) — über t() aufgelöst","","done",""
"building.A_GRUNDSTEIN.name","i18n","Grundstein","Piedra angular","Foundation Stone","i18n-Katalog (src/i18n) — über t() aufgelöst","","done",""
"building.A_KATHEDRALE.name","i18n","Kathedrale","Catedral","Cathedral","i18n-Katalog (src/i18n) — über t() aufgelöst","","done",""
"building.A_KLAMMER.name","i18n","Klammer","Grapa","Clamp","i18n-Katalog (src/i18n) — über t() aufgelöst","","done",""
"building.A_KONTOR.name","i18n","Kontor","Factoría","Trading Post","i18n-Katalog (src/i18n) — über t() aufgelöst","","done",""
"building.A_KREUZGANG.name","i18n","Kreuzgang","Claustro","Cloister","i18n-Katalog (src/i18n) — über t() aufgelöst","","done",""
"building.A_LAUFGANG.name","i18n","Laufgang","Galería","Gallery Walk","i18n-Katalog (src/i18n) — über t() aufgelöst","","done",""
"building.A_LEUCHTTURM.name","i18n","Leuchtturm","Faro","Lighthouse","i18n-Katalog (src/i18n) — über t() aufgelöst","","done",""
"building.A_LOSBUDE.name","i18n","Losbude","Caseta de rifas","Raffle Booth","i18n-Katalog (src/i18n) — über t() aufgelöst","","done",""
"building.A_MARKT.name","i18n","Marktplatz","Mercado","Marketplace","i18n-Katalog (src/i18n) — über t() aufgelöst","","done",""
"building.A_MEILENSTEIN.name","i18n","Meilenstein","Miliario","Milestone","i18n-Katalog (src/i18n) — über t() aufgelöst","","done",""
"building.A_PFEILER.name","i18n","Pfeiler","Pilar","Pillar","i18n-Katalog (src/i18n) — über t() aufgelöst","","done",""
"building.A_PRISMA.name","i18n","Prisma","Prisma","Prism","i18n-Katalog (src/i18n) — über t() aufgelöst","","done",""
"building.A_PRUNKSAAL.name","i18n","Prunksaal","Salón de gala","State Hall","i18n-Katalog (src/i18n) — über t() aufgelöst","","done",""
"building.A_QUADER.name","i18n","Quader","Sillar","Ashlar","i18n-Katalog (src/i18n) — über t() aufgelöst","","done",""
"building.A_RAMPE.name","i18n","Rampe","Rampa","Ramp","i18n-Katalog (src/i18n) — über t() aufgelöst","","done",""
"building.A_RATHAUS.name","i18n","Rathaus","Ayuntamiento","Town Hall","i18n-Katalog (src/i18n) — über t() aufgelöst","","done",""
"building.A_REIHENHAUS.name","i18n","Reihenhaus","Casa adosada","Terrace House","i18n-Katalog (src/i18n) — über t() aufgelöst","","done",""
"building.A_RIEGEL.name","i18n","Riegel","Travesaño","Crossbar","i18n-Katalog (src/i18n) — über t() aufgelöst","","done",""
"building.A_SCHATZ.name","i18n","Schatzkammer","Cámara del tesoro","Treasury","i18n-Katalog (src/i18n) — über t() aufgelöst","","done",""
"building.A_SOCKEL.name","i18n","Sockel","Zócalo","Plinth","i18n-Katalog (src/i18n) — über t() aufgelöst","","done",""
"building.A_SPEICHER.name","i18n","Speicherstadt","Barrio de almacenes","Warehouse District","i18n-Katalog (src/i18n) — über t() aufgelöst","","done",""
"building.A_SPIELBANK.name","i18n","Spielbank","Casino","Casino","i18n-Katalog (src/i18n) — über t() aufgelöst","","done",""
"building.A_STERNWARTE.name","i18n","Sternwarte","Observatorio","Observatory","i18n-Katalog (src/i18n) — über t() aufgelöst","","done",""
"building.A_STUETZE.name","i18n","Stützbalken","Viga de apoyo","Support Beam","i18n-Katalog (src/i18n) — über t() aufgelöst","","done",""
"building.A_VORWERK.name","i18n","Vorwerk","Revellín","Outwork","i18n-Katalog (src/i18n) — über t() aufgelöst","","done",""
"building.A_WEHRGANG.name","i18n","Wehrgang","Adarve","Rampart Walk","i18n-Katalog (src/i18n) — über t() aufgelöst","","done",""
"building.A_WETTHALLE.name","i18n","Wetthalle","Casa de apuestas","Betting Hall","i18n-Katalog (src/i18n) — über t() aufgelöst","","done",""
"building.A_ZINNE.name","i18n","Zinne","Almena","Battlement","i18n-Katalog (src/i18n) — über t() aufgelöst","","done",""
"building.A_ZOLLHAUS.name","i18n","Zollhaus","Aduana","Customs House","i18n-Katalog (src/i18n) — über t() aufgelöst","","done",""
"building.A_ZUNFTHAUS.name","i18n","Zunfthaus","Casa gremial","Guildhall","i18n-Katalog (src/i18n) — über t() aufgelöst","","done",""
"building.A_ZUNFTV.name","i18n","Zunftviertel","Barrio gremial","Guild Quarter","i18n-Katalog (src/i18n) — über t() aufgelöst","","done",""
"building.A_ZWINGER.name","i18n","Zwinger","Liza","Outer Ward","i18n-Katalog (src/i18n) — über t() aufgelöst","","done",""
"building.eff.anker","i18n","jede Zelle zählt als Anker (×{f})","cada celda cuenta como ancla (×{f})","every cell counts as an anchor (×{f})","i18n-Katalog (src/i18n) — über t() aufgelöst","","done",""
"building.eff.bind","i18n","Treppen-Bindeglied: Karte darf im Wert um ±{span} abweichen","enlace de escalera: la carta puede diferir en valor en ±{span}","stair link: the card may differ in value by ±{span}","i18n-Katalog (src/i18n) — über t() aufgelöst","","done",""
"building.eff.color.score","i18n","passende Farbe +{n} Score","palo coincidente +{n} puntuación","matching suit +{n} score","i18n-Katalog (src/i18n) — über t() aufgelöst","","done",""
"building.eff.color.value","i18n","passende Farbe +{n} Stichwert","palo coincidente +{n} valor de baza","matching suit +{n} trick value","i18n-Katalog (src/i18n) — über t() aufgelöst","","done",""
"building.eff.compound","i18n","Sieg +{n} Score je vollendeter Struktur","victoria +{n} puntuación por estructura completada","win +{n} score per completed structure","i18n-Katalog (src/i18n) — über t() aufgelöst","","done",""
"building.eff.crit","i18n","Crit-Sieg +{n} Score","victoria con crítico +{n} puntuación","crit win +{n} score","i18n-Katalog (src/i18n) — über t() aufgelöst","","done",""
"building.eff.crossSeg","i18n","öffnet die Segmentgrenze","abre el límite de segmento","opens the segment boundary","i18n-Katalog (src/i18n) — über t() aufgelöst","","done",""
"building.eff.flat.score","i18n","Sieg +{n} Score","victoria +{n} puntuación","win +{n} score","i18n-Katalog (src/i18n) — über t() aufgelöst","","done",""
"building.eff.flat.value","i18n","alle Abgedeckten +{n} Stichwert","todas las cubiertas +{n} valor de baza","all covered cards +{n} trick value","i18n-Katalog (src/i18n) — über t() aufgelöst","","done",""
"building.eff.formMult","i18n","Formationen hier ×{f}","formaciones aquí ×{f}","formations here ×{f}","i18n-Katalog (src/i18n) — über t() aufgelöst","","done",""
"building.eff.gamble","i18n","Crit-Sieg +{n} Score · Sieg ohne Crit −{penalty} Score","victoria con crítico +{n} puntuación · victoria sin crítico −{penalty} puntuación","crit win +{n} score · win without a crit −{penalty} score","i18n-Katalog (src/i18n) — über t() aufgelöst","","done",""
"building.eff.joker","i18n","Formations-Joker ({types})","comodín de formación ({types})","formation wild ({types})","i18n-Katalog (src/i18n) — über t() aufgelöst","","done",""
"building.eff.lowValue","i18n","niedrige Karten +{n} Stichwert","cartas bajas +{n} valor de baza","low cards +{n} trick value","i18n-Katalog (src/i18n) — über t() aufgelöst","","done",""
"building.eff.milestone","i18n","jeder {every}. Sieg auf diesem Gebäude +{n} Score","cada {every} victorias en este edificio +{n} puntuación","every {every}th win on this building +{n} score","i18n-Katalog (src/i18n) — über t() aufgelöst","","done",""
"building.eff.mult","i18n","Siege hier ×{f} Score","victorias aquí ×{f} puntuación","wins here ×{f} score","i18n-Katalog (src/i18n) — über t() aufgelöst","","done",""
"building.eff.neighbor.score","i18n","Sieg +{n} Score je Nachbargebäude (max {cap})","victoria +{n} puntuación por edificio adyacente (máx. {cap})","win +{n} score per adjacent building (max {cap})","i18n-Katalog (src/i18n) — über t() aufgelöst","","done",""
"building.eff.neighbor.value","i18n","+{n} Stichwert je Nachbargebäude (max {cap})","+{n} valor de baza por edificio adyacente (máx. {cap})","+{n} trick value per adjacent building (max {cap})","i18n-Katalog (src/i18n) — über t() aufgelöst","","done",""
"building.eff.relay.both","i18n","strahlt +{n} Score in beide Nachbarfelder","irradia +{n} puntuación a ambas celdas contiguas","radiates +{n} score into both neighbouring cells","i18n-Katalog (src/i18n) — über t() aufgelöst","","done",""
"building.eff.relay.right","i18n","reicht +{n} Score ans Feld rechts weiter","pasa +{n} puntuación a la celda de la derecha","passes +{n} score on to the cell to the right","i18n-Katalog (src/i18n) — über t() aufgelöst","","done",""
"building.eff.segment.early","i18n","frühe","tempranos","early","i18n-Katalog (src/i18n) — über t() aufgelöst","","done",""
"building.eff.segment.late","i18n","späte","tardíos","late","i18n-Katalog (src/i18n) — über t() aufgelöst","","done",""
"building.eff.segment.score","i18n","{half} Segmente +{n} Score","segmentos {half} +{n} puntuación","{half} segments +{n} score","i18n-Katalog (src/i18n) — über t() aufgelöst","","done",""
"building.eff.segment.value","i18n","{half} Segmente +{n} Stichwert","segmentos {half} +{n} valor de baza","{half} segments +{n} trick value","i18n-Katalog (src/i18n) — über t() aufgelöst","","done",""
"building.eff.streak","i18n","Sieg +{n} Score je Serienpunkt (max {cap})","victoria +{n} puntuación por punto de racha (máx. {cap})","win +{n} score per streak point (max {cap})","i18n-Katalog (src/i18n) — über t() aufgelöst","","done",""
"building.eff.target.highest","i18n","höchste","más alta","highest","i18n-Katalog (src/i18n) — über t() aufgelöst","","done",""
"building.eff.target.lowest","i18n","niedrigste","más baja","lowest","i18n-Katalog (src/i18n) — über t() aufgelöst","","done",""
"building.eff.target.score","i18n","{which} Karte +{n} Score","carta {which} +{n} puntuación","{which} card +{n} score","i18n-Katalog (src/i18n) — über t() aufgelöst","","done",""
"building.eff.target.value","i18n","{which} Karte +{n} Stichwert","carta {which} +{n} valor de baza","{which} card +{n} trick value","i18n-Katalog (src/i18n) — über t() aufgelöst","","done",""
"building.eff.transparentFarb","i18n","Farbblock-Transparenz","transparencia de bloque de palo","suit-block transparency","i18n-Katalog (src/i18n) — über t() aufgelöst","","done",""
"building.kick.active","i18n","{base} · {kick}","{base} · {kick}","{base} · {kick}","i18n-Katalog (src/i18n) — über t() aufgelöst","","done",""
"building.kick.addType","i18n","zweiter Joker-Typ: {type}","segundo tipo de comodín: {type}","second wild type: {type}","i18n-Katalog (src/i18n) — über t() aufgelöst","","done",""
"building.kick.ankerValue","i18n","+{n} Stichwert je Ankerzelle","+{n} valor de baza por celda de ancla","+{n} trick value per anchor cell","i18n-Katalog (src/i18n) — über t() aufgelöst","","done",""
"building.kick.critFlatMult","i18n","bei Crit ×{n} Direkt-Score","con crítico ×{n} puntuación directa","×{n} direct score on a crit","i18n-Katalog (src/i18n) — über t() aufgelöst","","done",""
"building.kick.mult","i18n","zusätzlich ×{f} Score","además ×{f} puntuación","×{f} score on top","i18n-Katalog (src/i18n) — über t() aufgelöst","","done",""
"building.kick.preview","i18n","{base} (Stufe {tier}: {kick})","{base} (nivel {tier}: {kick})","{base} (tier {tier}: {kick})","i18n-Katalog (src/i18n) — über t() aufgelöst","","done",""
"building.kick.streakDoubleFrom","i18n","ab Serie {n} doppelt","doble a partir de racha {n}","double from streak {n}","i18n-Katalog (src/i18n) — über t() aufgelöst","","done",""
"card.base","i18n","Basis {base}","Base {base}","Base {base}","i18n-Katalog (src/i18n) — über t() aufgelöst","","done",""
"card.branded.title","i18n","Gebrandmarkt −{n} Wert","Marcada −{n} de valor","Branded −{n} value","i18n-Katalog (src/i18n) — über t() aufgelöst","","done",""
"card.colonized.title","i18n","Kolonisiert (Ausläufer) · Ernte +{n} Wachstum","Colonizada (estolón) · cosecha +{n} de crecimiento","Colonized (runner) · harvest +{n} growth","i18n-Katalog (src/i18n) — über t() aufgelöst","","done",""
"card.forged.title","i18n","Geschmiedet +{n} Wert (dauerhaft)","Forjado +{n} de valor (permanente)","Forged +{n} value (permanent)","i18n-Katalog (src/i18n) — über t() aufgelöst","","done",""
"card.green.title","i18n","Grün (reif) — Teil des Farbblocks","Verde (madura) — parte del bloque de color","Green (ripe) — part of the colour block","i18n-Katalog (src/i18n) — über t() aufgelöst","","done",""
"card.ion.title","i18n","Ionisiert {n}/{max} — +{score} Score bei Sieg","Ionizada {n}/{max} — +{score} de puntuación al ganar","Ionized {n}/{max} — +{score} score on win","i18n-Katalog (src/i18n) — über t() aufgelöst","","done",""
"card.ion.titleFull","i18n","Ionisiert {n}/{max} — +{score} Score bei Sieg · VOLL IONISIERT","Ionizada {n}/{max} — +{score} de puntuación al ganar · TOTALMENTE IONIZADA","Ionized {n}/{max} — +{score} score on win · FULLY IONIZED","i18n-Katalog (src/i18n) — über t() aufgelöst","","done",""
"card.perm.title","i18n","Dauerhaft +{n} (Basis {base})","Permanente +{n} (base {base})","Permanent +{n} (base {base})","i18n-Katalog (src/i18n) — über t() aufgelöst","","done",""
"card.ring.grown","i18n","Wert {value} / {cap} → ausgewachsen","Valor {value} / {cap} → completamente desarrollada","Value {value} / {cap} → full-grown","i18n-Katalog (src/i18n) — über t() aufgelöst","","done",""
"card.ring.ripening","i18n","Wachstum {growth} / {cap} → reif","Crecimiento {growth} / {cap} → madura","Growth {growth} / {cap} → ripe","i18n-Katalog (src/i18n) — über t() aufgelöst","","done",""
"card.trickBonus","i18n","⚔ +{n} Stich","⚔ +{n} de baza","⚔ +{n} trick","i18n-Katalog (src/i18n) — über t() aufgelöst","","done",""
"carddetail.building","i18n","🏗 Gebäude:","🏗 Edificio:","🏗 Building:","i18n-Katalog (src/i18n) — über t() aufgelöst","","done",""
"carddetail.building.none","i18n","keine direkte Wirkung an dieser Karte","sin efecto directo sobre esta carta","no direct effect on this card","i18n-Katalog (src/i18n) — über t() aufgelöst","","done",""
"carddetail.building.tier","i18n","· Stufe {tier}","· nivel {tier}","· tier {tier}","i18n-Katalog (src/i18n) — über t() aufgelöst","","done",""
"carddetail.cardValue","i18n","Kartenwert {value} / {cap}","Valor de carta {value} / {cap}","Card value {value} / {cap}","i18n-Katalog (src/i18n) — über t() aufgelöst","","done",""
"carddetail.empty","i18n","Karte antippen für Rolle & Modifikatoren …","Toca una carta para ver rol y modificadores …","Tap a card for role & modifiers …","i18n-Katalog (src/i18n) — über t() aufgelöst","","done",""
"carddetail.fieldCrit","i18n","+{pct} % Feld-Crit","+{pct} % de crítico de campo","+{pct}% field crit","i18n-Katalog (src/i18n) — über t() aufgelöst","","done",""
"carddetail.fire","i18n","Feuer:","Fuego:","Fire:","i18n-Katalog (src/i18n) — über t() aufgelöst","","done",""
"carddetail.forged","i18n","⚒ Geschmiedet +{n} Kartenwert","⚒ Forjada +{n} de valor de carta","⚒ Forged +{n} card value","i18n-Katalog (src/i18n) — über t() aufgelöst","","done",""
"carddetail.formations","i18n","Formationen:","Formaciones:","Formations:","i18n-Katalog (src/i18n) — über t() aufgelöst","","done",""
"carddetail.growth","i18n","Wachstum {n}","Crecimiento {n}","Growth {n}","i18n-Katalog (src/i18n) — über t() aufgelöst","","done",""
"carddetail.ion","i18n","Ionisierung:","Ionización:","Ionization:","i18n-Katalog (src/i18n) — über t() aufgelöst","","done",""
"carddetail.member","i18n","(Mitglied)","(miembro)","(member)","i18n-Katalog (src/i18n) — über t() aufgelöst","","done",""
"carddetail.none","i18n","keine","ninguno","none","i18n-Katalog (src/i18n) — über t() aufgelöst","","done",""
"carddetail.origin","i18n","Ursprung {base} (+{boost} Kartenwert)","Origen {base} (+{boost} de valor de carta)","Originally {base} (+{boost} card value)","i18n-Katalog (src/i18n) — über t() aufgelöst","","done",""
"carddetail.overflow","i18n","Überlauf {n}","Desbordamiento {n}","Overflow {n}","i18n-Katalog (src/i18n) — über t() aufgelöst","","done",""
"carddetail.plant","i18n","Pflanze:","Planta:","Plant:","i18n-Katalog (src/i18n) — über t() aufgelöst","","done",""
"carddetail.plant.full","i18n","Ausgewachsen","Desarrollada","Full-grown","i18n-Katalog (src/i18n) — über t() aufgelöst","","done",""
"carddetail.plant.ripe","i18n","Grün (reif)","Verde (madura)","Green (ripe)","i18n-Katalog (src/i18n) — über t() aufgelöst","","done",""
"carddetail.plant.seed","i18n","Setzling","Plántula","Seedling","i18n-Katalog (src/i18n) — über t() aufgelöst","","done",""
"carddetail.roles","i18n","Rollen:","Roles:","Roles:","i18n-Katalog (src/i18n) — über t() aufgelöst","","done",""
"carddetail.rootScore","i18n","+{n} Wurzel-Score/Sieg","+{n} de puntuación de raíz/victoria","+{n} root score/win","i18n-Katalog (src/i18n) — über t() aufgelöst","","done",""
"carddetail.rootScore.tap","i18n","(×2 Form.)","(×2 form.)","(×2 form.)","i18n-Katalog (src/i18n) — über t() aufgelöst","","done",""
"cardgrid.anchor.title","i18n","⚓ Anker · {type}","⚓ Ancla · {type}","⚓ Anchor · {type}","i18n-Katalog (src/i18n) — über t() aufgelöst","","done",""
"cardgrid.arch.title","i18n","🏗 {name} · +{boost} Wert","🏗 {name} · +{boost} de valor","🏗 {name} · +{boost} value","i18n-Katalog (src/i18n) — über t() aufgelöst","","done",""
"cardgrid.glacier.title","i18n","Teil einer aktiven Gletscher-Formation (2D)","Parte de una formación de glaciar activa (2D)","Part of an active glacier formation (2D)","i18n-Katalog (src/i18n) — über t() aufgelöst","","done",""
"cardgrid.glacierMass.reserve","i18n","Gletscher · Masse {mass} · Reserve {firn} (füllt zum Durchlauf-Beginn auf {cap})","Glaciar · masa {mass} · reserva {firn} (se rellena a {cap} al inicio del ciclo)","Glacier · mass {mass} · reserve {firn} (refills to {cap} at the start of the cycle)","i18n-Katalog (src/i18n) — über t() aufgelöst","","done",""
"cardgrid.glacierMass.title","i18n","Gletscher · Masse {mass}","Glaciar · masa {mass}","Glacier · mass {mass}","i18n-Katalog (src/i18n) — über t() aufgelöst","","done",""
"cardgrid.openBoundary","i18n","⇕ Grenze offen","⇕ límite abierto","⇕ boundary open","i18n-Katalog (src/i18n) — über t() aufgelöst","","done",""
"cardgrid.ripe.title","i18n","Grün (reif): zählt für den Farbblock","Verde (madura): cuenta para el bloque de palo","Green (ripe): counts towards the suit block","i18n-Katalog (src/i18n) — über t() aufgelöst","","done",""
"cardgrid.segbridge.title","i18n","Segmentarbeit: Formationen dürfen die Grenze zwischen Segment {a} und {b} überschreiten","Trabajo de segmentos: las formaciones pueden cruzar el límite entre los segmentos {a} y {b}","Segment work: formations may cross the boundary between segments {a} and {b}","i18n-Katalog (src/i18n) — über t() aufgelöst","","done",""
"chronik.anchor.row","i18n","⚓ Pos {pos} · {type}","⚓ Pos {pos} · {type}","⚓ Pos {pos} · {type}","i18n-Katalog (src/i18n) — über t() aufgelöst","","done",""
"chronik.anchors","i18n","Anker","Anclas","Anchors","i18n-Katalog (src/i18n) — über t() aufgelöst","","done",""
"chronik.archCount","i18n","{n} Gebäude · {used}/{max} Zellen","{n} edificios · {used}/{max} celdas","{n} buildings · {used}/{max} cells","i18n-Katalog (src/i18n) — über t() aufgelöst","","done",""
"chronik.archPhase","i18n","🏗 Architektenphase","🏗 Fase del Arquitecto","🏗 Architect phase","i18n-Katalog (src/i18n) — über t() aufgelöst","","done",""
"chronik.eyebrow","i18n","Chronik","Crónica","Chronicle","i18n-Katalog (src/i18n) — über t() aufgelöst","","done",""
"chronik.formations","i18n","Aktuelle Formationen","Formaciones actuales","Current formations","i18n-Katalog (src/i18n) — über t() aufgelöst","","done",""
"chronik.noFormations","i18n","Keine aktiven Formationen mit Multiplikator.","No hay formaciones activas con multiplicador.","No active formations with a multiplier.","i18n-Katalog (src/i18n) — über t() aufgelöst","","done",""
"chronik.title","i18n","Kartenübersicht","Vista de cartas","Card overview","i18n-Katalog (src/i18n) — über t() aufgelöst","","done",""
"common.chosen","i18n","{n} / {need} gewählt","Selección: {n} / {need}","{n} / {need} chosen","i18n-Katalog (src/i18n) — über t() aufgelöst","","done",""
"common.close","i18n","Schließen","Cerrar","Close","i18n-Katalog (src/i18n) — über t() aufgelöst","","done",""
"common.confirm","i18n","Bestätigen","Confirmar","Confirm","i18n-Katalog (src/i18n) — über t() aufgelöst","","done",""
"common.cur.dp","i18n","DP","PM","DP","i18n-Katalog (src/i18n) — über t() aufgelöst","","done",""
"common.cur.sp","i18n","SP","PB","TP","i18n-Katalog (src/i18n) — über t() aufgelöst","","done",""
"controls.options","i18n","⚙ Optionen","⚙ Opciones","⚙ Options","i18n-Katalog (src/i18n) — über t() aufgelöst","","done",""
"controls.options.aria","i18n","Optionen","Opciones","Options","i18n-Katalog (src/i18n) — über t() aufgelöst","","done",""
"controls.quit","i18n","Beenden","Salir","End","i18n-Katalog (src/i18n) — über t() aufgelöst","","done",""
"controls.restart","i18n","Neustart","Reiniciar","Restart","i18n-Katalog (src/i18n) — über t() aufgelöst","","done",""
"cosmetic.bf.suffix","i18n","· Battlefield","· Campo de batalla","· Battlefield","i18n-Katalog (src/i18n) — über t() aufgelöst","","done",""
"cosmetic.deck_arcade.name","i18n","Beryll","Berilo","Beryl","i18n-Katalog (src/i18n) — über t() aufgelöst","","done",""
"cosmetic.deck_beach.name","i18n","Malibu-Welle","Ola de Malibú","Malibu Wave","i18n-Katalog (src/i18n) — über t() aufgelöst","","done",""
"cosmetic.deck_blitz.name","i18n","Blitz","Rayo","Lightning","i18n-Katalog (src/i18n) — über t() aufgelöst","","done",""
"cosmetic.deck_cat.name","i18n","Biolumen","Biolumen","Biolumen","i18n-Katalog (src/i18n) — über t() aufgelöst","","done",""
"cosmetic.deck_drache.name","i18n","Laternenfest","Fiesta de los Faroles","Lantern Festival","i18n-Katalog (src/i18n) — über t() aufgelöst","","done",""
"cosmetic.deck_eis.name","i18n","Eis","Hielo","Ice","i18n-Katalog (src/i18n) — über t() aufgelöst","","done",""
"cosmetic.deck_elementar.name","i18n","Prisma","Prisma","Prism","i18n-Katalog (src/i18n) — über t() aufgelöst","","done",""
"cosmetic.deck_feuer.name","i18n","Feuer","Fuego","Fire","i18n-Katalog (src/i18n) — über t() aufgelöst","","done",""
"cosmetic.deck_gaia.name","i18n","Gaia","Gaia","Gaia","i18n-Katalog (src/i18n) — über t() aufgelöst","","done",""
"cosmetic.deck_geometrie.name","i18n","Seraph","Seraph","Seraph","i18n-Katalog (src/i18n) — über t() aufgelöst","","done",""
"cosmetic.deck_glazius.name","i18n","Glazius","Glazius","Glazius","i18n-Katalog (src/i18n) — über t() aufgelöst","","done",""
"cosmetic.deck_gottgleich.name","i18n","Aufstieg","Ascensión","Ascension","i18n-Katalog (src/i18n) — über t() aufgelöst","","done",""
"cosmetic.deck_hanami.name","i18n","Hanami","Hanami","Hanami","i18n-Katalog (src/i18n) — über t() aufgelöst","","done",""
"cosmetic.deck_hirsch1.name","i18n","Hirsch · Sternbild","Ciervo · Constelación","Stag · Constellation","i18n-Katalog (src/i18n) — über t() aufgelöst","","done",""
"cosmetic.deck_hirsch2.name","i18n","Hirsch · Erwacht","Ciervo · Despierto","Stag · Awakened","i18n-Katalog (src/i18n) — über t() aufgelöst","","done",""
"cosmetic.deck_hirsch3.name","i18n","Hirsch · Sternenlauf","Ciervo · Lluvia de Estrellas","Stag · Starfall","i18n-Katalog (src/i18n) — über t() aufgelöst","","done",""
"cosmetic.deck_insertcoin.name","i18n","Münze einwerfen","Inserta Moneda","Insert Coin","i18n-Katalog (src/i18n) — über t() aufgelöst","","done",""
"cosmetic.deck_kataklysmus1.name","i18n","Kataklysmus · Einschlag","Cataclismo · Impacto","Cataclysm · Impact","i18n-Katalog (src/i18n) — über t() aufgelöst","","done",""
"cosmetic.deck_kataklysmus2.name","i18n","Kataklysmus · Bruch","Cataclismo · Fractura","Cataclysm · Fracture","i18n-Katalog (src/i18n) — über t() aufgelöst","","done",""
"cosmetic.deck_kataklysmus3.name","i18n","Kataklysmus · Singularität","Cataclismo · Singularidad","Cataclysm · Singularity","i18n-Katalog (src/i18n) — über t() aufgelöst","","done",""
"cosmetic.deck_kintsugi.name","i18n","Kintsugi","Kintsugi","Kintsugi","i18n-Katalog (src/i18n) — über t() aufgelöst","","done",""
"cosmetic.deck_kosmos.name","i18n","Schwarzes Loch","Agujero Negro","Black Hole","i18n-Katalog (src/i18n) — über t() aufgelöst","","done",""
"cosmetic.deck_lofi.name","i18n","Kitsune","Kitsune","Kitsune","i18n-Katalog (src/i18n) — über t() aufgelöst","","done",""
"cosmetic.deck_nachtklinge.name","i18n","Nachtklinge","Hoja Nocturna","Nightblade","i18n-Katalog (src/i18n) — über t() aufgelöst","","done",""
"cosmetic.deck_nimbus.name","i18n","Nimbus","Nimbus","Nimbus","i18n-Katalog (src/i18n) — über t() aufgelöst","","done",""
"cosmetic.deck_obsidian.name","i18n","Obsidian","Obsidiana","Obsidian","i18n-Katalog (src/i18n) — über t() aufgelöst","","done",""
"cosmetic.deck_onboarding.name","i18n","Ursprung","Génesis","Genesis","i18n-Katalog (src/i18n) — über t() aufgelöst","","done",""
"cosmetic.deck_oni.name","i18n","Roter Oni","Oni Rojo","Red Oni","i18n-Katalog (src/i18n) — über t() aufgelöst","","done",""
"cosmetic.deck_origami.name","i18n","Origami","Origami","Origami","i18n-Katalog (src/i18n) — über t() aufgelöst","","done",""
"cosmetic.deck_paradox.name","i18n","Paradox","Paradoja","Paradox","i18n-Katalog (src/i18n) — über t() aufgelöst","","done",""
"cosmetic.deck_pflanze.name","i18n","Pflanze","Planta","Plant","i18n-Katalog (src/i18n) — über t() aufgelöst","","done",""
"cosmetic.deck_polarlicht.name","i18n","Scarab","Scarab","Scarab","i18n-Katalog (src/i18n) — über t() aufgelöst","","done",""
"cosmetic.deck_pyrros.name","i18n","Pyrros","Pyrros","Pyrros","i18n-Katalog (src/i18n) — über t() aufgelöst","","done",""
"cosmetic.deck_quecksilber.name","i18n","Quecksilber","Azogue","Quicksilver","i18n-Katalog (src/i18n) — über t() aufgelöst","","done",""
"cosmetic.deck_ronin.name","i18n","Ronin","Ronin","Ronin","i18n-Katalog (src/i18n) — über t() aufgelöst","","done",""
"cosmetic.deck_salar.name","i18n","Salar","Salar","Salar","i18n-Katalog (src/i18n) — über t() aufgelöst","","done",""
"cosmetic.deck_seedrache.name","i18n","Tiefenschrecken","Espanto Abisal","Eldritch","i18n-Katalog (src/i18n) — über t() aufgelöst","","done",""
"cosmetic.deck_serie1500.name","i18n","Königspfau","Pavo Real","Royal Peacock","i18n-Katalog (src/i18n) — über t() aufgelöst","","done",""
"cosmetic.deck_serie300.name","i18n","Flamingo","Flamingo","Flamingo","i18n-Katalog (src/i18n) — über t() aufgelöst","","done",""
"cosmetic.deck_serie600.name","i18n","Peacock","Peacock","Peacock","i18n-Katalog (src/i18n) — über t() aufgelöst","","done",""
"cosmetic.deck_solfatara.name","i18n","Solfatara","Solfatara","Solfatara","i18n-Katalog (src/i18n) — über t() aufgelöst","","done",""
"cosmetic.deck_sonne.name","i18n","Kolossus","Coloso","Colossus","i18n-Katalog (src/i18n) — über t() aufgelöst","","done",""
"cosmetic.deck_spacedog.name","i18n","Kosmospanther","Pantera Cósmica","Cosmos Panther","i18n-Katalog (src/i18n) — über t() aufgelöst","","done",""
"cosmetic.deck_sparfuchs.name","i18n","Sparfuchs","Tacaño","Penny Pincher","i18n-Katalog (src/i18n) — über t() aufgelöst","","done",""
"cosmetic.deck_sunset.name","i18n","Sonnenreiter","Jinete del Ocaso","Sunset Rider","i18n-Katalog (src/i18n) — über t() aufgelöst","","done",""
"cosmetic.deck_thron1.name","i18n","Thron · Anwärter","Trono · Aspirante","Throne · Contender","i18n-Katalog (src/i18n) — über t() aufgelöst","","done",""
"cosmetic.deck_thron2.name","i18n","Thron · Souverän","Trono · Soberano","Throne · Sovereign","i18n-Katalog (src/i18n) — über t() aufgelöst","","done",""
"cosmetic.deck_thron3.name","i18n","Thron · Unsterblich","Trono · Inmortal","Throne · Immortal","i18n-Katalog (src/i18n) — über t() aufgelöst","","done",""
"cosmetic.deck_titan1.name","i18n","Titan · Erwachen","Titán · Despertar","Titan · Awakening","i18n-Katalog (src/i18n) — über t() aufgelöst","","done",""
"cosmetic.deck_titan2.name","i18n","Titan · Aufstieg","Titán · Ascenso","Titan · Ascent","i18n-Katalog (src/i18n) — über t() aufgelöst","","done",""
"cosmetic.deck_titan3.name","i18n","Titan · Entfesselt","Titán · Desatado","Titan · Unbound","i18n-Katalog (src/i18n) — über t() aufgelöst","","done",""
"cosmetic.deck_voltaris.name","i18n","Voltaris","Voltaris","Voltaris","i18n-Katalog (src/i18n) — über t() aufgelöst","","done",""
"cosmetic.deck_wale.name","i18n","Mondwal","Ballena Lunar","Moonwhale","i18n-Katalog (src/i18n) — über t() aufgelöst","","done",""
"cosmetic.default.name","i18n","Standard","Predeterminado","Standard","i18n-Katalog (src/i18n) — über t() aufgelöst","","done",""
"deckdetail.back","i18n","‹ Zurück","‹ Atrás","‹ Back","i18n-Katalog (src/i18n) — über t() aufgelöst","","done",""
"deckdetail.back.title","i18n","Zurück","Atrás","Back","i18n-Katalog (src/i18n) — über t() aufgelöst","","done",""
"deckdetail.consumer","i18n","Konsument","Consumidor","Consumer","i18n-Katalog (src/i18n) — über t() aufgelöst","","done",""
"deckdetail.deck","i18n","Deck","Mazo","Deck","i18n-Katalog (src/i18n) — über t() aufgelöst","","done",""
"deckdetail.legendaries","i18n","Legendäre","Legendarias","Legendaries","i18n-Katalog (src/i18n) — über t() aufgelöst","","done",""
"deckdetail.needs","i18n","braucht {name}","necesita {name}","needs {name}","i18n-Katalog (src/i18n) — über t() aufgelöst","","done",""
"deckdetail.noUnlocks","i18n","Keine deck-gebundenen Freischaltungen.","No hay desbloqueos ligados al mazo.","No deck-bound unlocks.","i18n-Katalog (src/i18n) — über t() aufgelöst","","done",""
"deckdetail.skin.free","i18n","✓ frei","✓ desbloqueado","✓ unlocked","i18n-Katalog (src/i18n) — über t() aufgelöst","","done",""
"deckdetail.skin.locked","i18n","🔒 gesperrt","🔒 bloqueado","🔒 locked","i18n-Katalog (src/i18n) — über t() aufgelöst","","done",""
"deckdetail.tab.challenges","i18n","Herausforderungen","Desafíos","Challenges","i18n-Katalog (src/i18n) — über t() aufgelöst","","done",""
"deckdetail.tab.skills","i18n","Skills","Habilidades","Skills","i18n-Katalog (src/i18n) — über t() aufgelöst","","done",""
"deckdetail.trimmable","i18n","trimmbar","podable","prunable","i18n-Katalog (src/i18n) — über t() aufgelöst","","done",""
"dev.legendary","i18n","★ Legendär","★ Legendaria","★ Legendary","i18n-Katalog (src/i18n) — über t() aufgelöst","","done",""
"dev.run.cycles","i18n","Durchläufe","Ciclos","Cycles","i18n-Katalog (src/i18n) — über t() aufgelöst","","done",""
"dev.run.distribute","i18n","⇄ Gleichmäßig verteilen","⇄ Repartir de forma uniforme","⇄ Distribute evenly","i18n-Katalog (src/i18n) — über t() aufgelöst","","done",""
"dev.run.energy","i18n","Formations-Energie","Energía de orden","Order energy","i18n-Katalog (src/i18n) — über t() aufgelöst","","done",""
"dev.run.offerTypes","i18n","Angebotstypen im Plan","Tipos de oferta en el plan","Offer types in the plan","i18n-Katalog (src/i18n) — über t() aufgelöst","","done",""
"dev.run.plan","i18n","Plan je Durchlauf","Plan por ciclo","Plan per cycle","i18n-Katalog (src/i18n) — über t() aufgelöst","","done",""
"dev.run.sub","i18n","Frei konfigurierbarer Testlauf, nur für Devs.","Partida de prueba configurable libremente, solo para desarrolladores.","A freely configurable test run, for devs only.","i18n-Katalog (src/i18n) — über t() aufgelöst","","done",""
"dev.run.title","i18n","DEV RUN","DEV RUN","DEV RUN","i18n-Katalog (src/i18n) — über t() aufgelöst","","done",""
"error.crash.body","i18n","Ein Fehler hat die Anzeige unterbrochen. Dein Fortschritt ist gespeichert — ein angefangener Lauf wird nach dem Neuladen fortgesetzt.","Un error interrumpió la pantalla. Tu progreso está guardado: una partida en curso se reanuda tras recargar.","An error interrupted the display. Your progress is saved — a run in progress resumes after reloading.","i18n-Katalog (src/i18n) — über t() aufgelöst","","done",""
"error.crash.reload","i18n","Neu laden","Recargar","Reload","i18n-Katalog (src/i18n) — über t() aufgelöst","","done",""
"error.crash.title","i18n","Etwas ist schiefgegangen","Algo ha salido mal","Something went wrong","i18n-Katalog (src/i18n) — über t() aufgelöst","","done",""
"family.A_BOTTOM.name","i18n","Nachzügler","Rezagadas","Bottom Cards","i18n-Katalog (src/i18n) — über t() aufgelöst","","done",""
"family.A_BOTTOM.tier1.desc","i18n","Die zwei aktuell niedrigsten Karten: dauerhaft je +3 Kartenwert.","Las dos cartas más bajas en este momento: +3 de valor de carta permanente cada una.","The two currently lowest cards: permanently +3 card value each.","i18n-Katalog (src/i18n) — über t() aufgelöst","","done",""
"family.A_BOTTOM.tier2.desc","i18n","Die drei aktuell niedrigsten Karten: dauerhaft je +4 Kartenwert.","Las tres cartas más bajas en este momento: +4 de valor de carta permanente cada una.","The three currently lowest cards: permanently +4 card value each.","i18n-Katalog (src/i18n) — über t() aufgelöst","","done",""
"family.A_BOTTOM.tier3.desc","i18n","Die vier aktuell niedrigsten Karten: dauerhaft je +5 Kartenwert.","Las cuatro cartas más bajas en este momento: +5 de valor de carta permanente cada una.","The four currently lowest cards: permanently +5 card value each.","i18n-Katalog (src/i18n) — über t() aufgelöst","","done",""
"family.A_BOTTOM.tier4.desc","i18n","Die fünf aktuell niedrigsten Karten: dauerhaft je +6 Kartenwert.","Las cinco cartas más bajas en este momento: +6 de valor de carta permanente cada una.","The five currently lowest cards: permanently +6 card value each.","i18n-Katalog (src/i18n) — über t() aufgelöst","","done",""
"family.A_CONDENSE.name","i18n","Verdichtung","Condensación","Condensation","i18n-Katalog (src/i18n) — über t() aufgelöst","","done",""
"family.A_CONDENSE.tier1.desc","i18n","Zwei zufällige Karten aus mehrfach vorkommenden Wertgruppen: dauerhaft +1 Kartenwert.","Dos cartas al azar de grupos de valor que aparecen más de una vez: +1 de valor de carta permanente.","Two random cards from value groups that occur more than once: permanently +1 card value.","i18n-Katalog (src/i18n) — über t() aufgelöst","","done",""
"family.A_CONDENSE.tier2.desc","i18n","Vier zufällige Karten aus mehrfach vorkommenden Wertgruppen: dauerhaft +1 Kartenwert.","Cuatro cartas al azar de grupos de valor que aparecen más de una vez: +1 de valor de carta permanente.","Four random cards from value groups that occur more than once: permanently +1 card value.","i18n-Katalog (src/i18n) — über t() aufgelöst","","done",""
"family.A_CONDENSE.tier3.desc","i18n","Alle Karten aus Wertgruppen mit ≥3 Vorkommen: dauerhaft +1 Kartenwert.","Todas las cartas de grupos de valor con 3 o más apariciones: +1 de valor de carta permanente.","All cards from value groups with 3 or more occurrences: permanently +1 card value.","i18n-Katalog (src/i18n) — über t() aufgelöst","","done",""
"family.A_CONDENSE.tier4.desc","i18n","Alle Karten aus mehrfach vorkommenden Wertgruppen: dauerhaft +1 Kartenwert.","Todas las cartas de grupos de valor que aparecen más de una vez: +1 de valor de carta permanente.","All cards from value groups that occur more than once: permanently +1 card value.","i18n-Katalog (src/i18n) — über t() aufgelöst","","done",""
"family.A_EVEN.name","i18n","Gerade Stärke","Fuerza Par","Even Strength","i18n-Katalog (src/i18n) — über t() aufgelöst","","done",""
"family.A_EVEN.tier1.desc","i18n","Vier zufällige gerade Karten: dauerhaft +1 Kartenwert.","Cuatro cartas pares al azar: +1 de valor de carta permanente.","Four random even cards: permanently +1 card value.","i18n-Katalog (src/i18n) — über t() aufgelöst","","done",""
"family.A_EVEN.tier2.desc","i18n","Alle ursprünglichen 2er und 8er: dauerhaft +1 Kartenwert.","Todos los 2 y los 8 originales: +1 de valor de carta permanente.","All original 2s and 8s: permanently +1 card value.","i18n-Katalog (src/i18n) — über t() aufgelöst","","done",""
"family.A_EVEN.tier3.desc","i18n","Alle ursprünglichen 4er und 6er: dauerhaft +1 Kartenwert.","Todos los 4 y los 6 originales: +1 de valor de carta permanente.","All original 4s and 6s: permanently +1 card value.","i18n-Katalog (src/i18n) — über t() aufgelöst","","done",""
"family.A_EVEN.tier4.desc","i18n","Alle geraden Karten: dauerhaft +1 Kartenwert (zusätzlich zu den Stufen davor).","Todas las cartas pares: +1 de valor de carta permanente (además de los niveles anteriores).","All even cards: permanently +1 card value (on top of the tiers before).","i18n-Katalog (src/i18n) — über t() aufgelöst","","done",""
"family.A_HIGH_STRONG.name","i18n","Starke Karten werden stärker","Las Fuertes se Hacen Más Fuertes","Strong Made Stronger","i18n-Katalog (src/i18n) — über t() aufgelöst","","done",""
"family.A_HIGH_STRONG.tier1.desc","i18n","Alle ursprünglichen 6er: dauerhaft +1 Kartenwert.","Todos los 6 originales: +1 de valor de carta permanente.","All original 6s: permanently +1 card value.","i18n-Katalog (src/i18n) — über t() aufgelöst","","done",""
"family.A_HIGH_STRONG.tier2.desc","i18n","Alle ursprünglichen 7er: dauerhaft +2 Kartenwert.","Todos los 7 originales: +2 de valor de carta permanente.","All original 7s: permanently +2 card value.","i18n-Katalog (src/i18n) — über t() aufgelöst","","done",""
"family.A_HIGH_STRONG.tier3.desc","i18n","Alle ursprünglichen 8er: dauerhaft +3 Kartenwert.","Todos los 8 originales: +3 de valor de carta permanente.","All original 8s: permanently +3 card value.","i18n-Katalog (src/i18n) — über t() aufgelöst","","done",""
"family.A_HIGH_STRONG.tier4.desc","i18n","Alle ursprünglichen 9er und 10er: dauerhaft +4 Kartenwert.","Todos los 9 y los 10 originales: +4 de valor de carta permanente.","All original 9s and 10s: permanently +4 card value.","i18n-Katalog (src/i18n) — über t() aufgelöst","","done",""
"family.A_MIDRANGE.name","i18n","Mittelklasse","Gama Media","Midrange","i18n-Katalog (src/i18n) — über t() aufgelöst","","done",""
"family.A_MIDRANGE.tier1.desc","i18n","Drei zufällige Karten mit aktuellem Wert 4–7: dauerhaft +1 Kartenwert.","Tres cartas al azar con valor actual de 4 a 7: +1 de valor de carta permanente.","Three random cards currently at value 4–7: permanently +1 card value.","i18n-Katalog (src/i18n) — über t() aufgelöst","","done",""
"family.A_MIDRANGE.tier2.desc","i18n","Fünf zufällige Karten mit aktuellem Wert 4–7: dauerhaft +1 Kartenwert.","Cinco cartas al azar con valor actual de 4 a 7: +1 de valor de carta permanente.","Five random cards currently at value 4–7: permanently +1 card value.","i18n-Katalog (src/i18n) — über t() aufgelöst","","done",""
"family.A_MIDRANGE.tier3.desc","i18n","Alle Karten mit aktuellem Wert 4–7: dauerhaft +1 Kartenwert.","Todas las cartas con valor actual de 4 a 7: +1 de valor de carta permanente.","All cards currently at value 4–7: permanently +1 card value.","i18n-Katalog (src/i18n) — über t() aufgelöst","","done",""
"family.A_MIDRANGE.tier4.desc","i18n","Alle Karten mit aktuellem Wert 3–8: dauerhaft +1 Kartenwert.","Todas las cartas con valor actual de 3 a 8: +1 de valor de carta permanente.","All cards currently at value 3–8: permanently +1 card value.","i18n-Katalog (src/i18n) — über t() aufgelöst","","done",""
"family.A_ODD.name","i18n","Ungerade Stärke","Fuerza Impar","Odd Strength","i18n-Katalog (src/i18n) — über t() aufgelöst","","done",""
"family.A_ODD.tier1.desc","i18n","Vier zufällige ungerade Karten: dauerhaft +1 Kartenwert.","Cuatro cartas impares al azar: +1 de valor de carta permanente.","Four random odd cards: permanently +1 card value.","i18n-Katalog (src/i18n) — über t() aufgelöst","","done",""
"family.A_ODD.tier2.desc","i18n","Alle ursprünglichen 3er und 7er: dauerhaft +1 Kartenwert.","Todos los 3 y los 7 originales: +1 de valor de carta permanente.","All original 3s and 7s: permanently +1 card value.","i18n-Katalog (src/i18n) — über t() aufgelöst","","done",""
"family.A_ODD.tier3.desc","i18n","Alle ursprünglichen 1er und 9er: dauerhaft +1 Kartenwert.","Todos los 1 y los 9 originales: +1 de valor de carta permanente.","All original 1s and 9s: permanently +1 card value.","i18n-Katalog (src/i18n) — über t() aufgelöst","","done",""
"family.A_ODD.tier4.desc","i18n","Alle ungeraden Karten: dauerhaft +1 Kartenwert (zusätzlich zu den Stufen davor).","Todas las cartas impares: +1 de valor de carta permanente (además de los niveles anteriores).","All odd cards: permanently +1 card value (on top of the tiers before).","i18n-Katalog (src/i18n) — über t() aufgelöst","","done",""
"family.A_SMALL_BIG.name","i18n","Kleine ganz groß","Pequeñas a lo Grande","Small but Mighty","i18n-Katalog (src/i18n) — über t() aufgelöst","","done",""
"family.A_SMALL_BIG.tier1.desc","i18n","Zwei zufällige ursprüngliche 1–3er: dauerhaft je +3 Kartenwert.","Dos cartas originales de 1 a 3 al azar: +3 de valor de carta permanente cada una.","Two random original 1s–3s: permanently +3 card value each.","i18n-Katalog (src/i18n) — über t() aufgelöst","","done",""
"family.A_SMALL_BIG.tier2.desc","i18n","Drei zufällige ursprüngliche 1–3er: dauerhaft je +4 Kartenwert.","Tres cartas originales de 1 a 3 al azar: +4 de valor de carta permanente cada una.","Three random original 1s–3s: permanently +4 card value each.","i18n-Katalog (src/i18n) — über t() aufgelöst","","done",""
"family.A_SMALL_BIG.tier3.desc","i18n","Vier zufällige ursprüngliche 1–3er: dauerhaft je +5 Kartenwert.","Cuatro cartas originales de 1 a 3 al azar: +5 de valor de carta permanente cada una.","Four random original 1s–3s: permanently +5 card value each.","i18n-Katalog (src/i18n) — über t() aufgelöst","","done",""
"family.A_SMALL_BIG.tier4.desc","i18n","Alle ursprünglichen 1–3er: dauerhaft je +3 Kartenwert.","Todas las cartas originales de 1 a 3: +3 de valor de carta permanente cada una.","All original 1s–3s: permanently +3 card value each.","i18n-Katalog (src/i18n) — über t() aufgelöst","","done",""
"family.A_SUIT_BOOST.name","i18n","Farbverstärkung","Refuerzo de Palo","Suit Boost","i18n-Katalog (src/i18n) — über t() aufgelöst","","done",""
"family.A_SUIT_BOOST.tier1.desc","i18n","Eine zufällige Farbe: vier zufällige Karten dauerhaft +1 Kartenwert.","Un palo al azar: cuatro cartas al azar +1 de valor de carta permanente.","One random suit: four random cards permanently +1 card value.","i18n-Katalog (src/i18n) — über t() aufgelöst","","done",""
"family.A_SUIT_BOOST.tier2.desc","i18n","Eine zufällige Farbe: alle Karten dauerhaft +1 Kartenwert.","Un palo al azar: todas sus cartas +1 de valor de carta permanente.","One random suit: all its cards permanently +1 card value.","i18n-Katalog (src/i18n) — über t() aufgelöst","","done",""
"family.A_SUIT_BOOST.tier3.desc","i18n","Wähle eine Farbe: alle ihre Karten dauerhaft +1 Kartenwert.","Elige un palo: todas sus cartas +1 de valor de carta permanente.","Choose a suit: all its cards permanently +1 card value.","i18n-Katalog (src/i18n) — über t() aufgelöst","","done",""
"family.A_SUIT_BOOST.tier4.desc","i18n","Wähle eine Farbe: alle ihre Karten dauerhaft +2 Kartenwert.","Elige un palo: todas sus cartas +2 de valor de carta permanente.","Choose a suit: all its cards permanently +2 card value.","i18n-Katalog (src/i18n) — über t() aufgelöst","","done",""
"family.A_SUIT_DUEL.name","i18n","Farbduell","Duelo de Palos","Suit Duel","i18n-Katalog (src/i18n) — über t() aufgelöst","","done",""
"family.A_SUIT_DUEL.tier1.desc","i18n","Eine zufällige Farbe +1 Kartenwert dauerhaft, eine andere −1 Kartenwert.","Un palo al azar +1 de valor de carta permanente, otro −1 de valor de carta.","One random suit permanently +1 card value, another one −1 card value.","i18n-Katalog (src/i18n) — über t() aufgelöst","","done",""
"family.A_SUIT_DUEL.tier2.desc","i18n","Eine zufällige Farbe +2 Kartenwert dauerhaft, eine andere −1 Kartenwert.","Un palo al azar +2 de valor de carta permanente, otro −1 de valor de carta.","One random suit permanently +2 card value, another one −1 card value.","i18n-Katalog (src/i18n) — über t() aufgelöst","","done",""
"family.A_SUIT_DUEL.tier3.desc","i18n","Wähle die Gewinnerfarbe (+3 Kartenwert); eine zufällige andere Farbe verliert 1 Kartenwert.","Elige el palo ganador (+3 de valor de carta); otro palo al azar pierde 1 de valor de carta.","Choose the winning suit (+3 card value); another random suit loses 1 card value.","i18n-Katalog (src/i18n) — über t() aufgelöst","","done",""
"family.A_SUIT_DUEL.tier4.desc","i18n","Wähle Gewinner- und Verliererfarbe: +4 / −1 Kartenwert.","Elige el palo ganador y el perdedor: +4 / −1 de valor de carta.","Choose the winning and the losing suit: +4 / −1 card value.","i18n-Katalog (src/i18n) — über t() aufgelöst","","done",""
"family.A_TOP.name","i18n","Spitzenförderung","Fomento de la Élite","Top Cards","i18n-Katalog (src/i18n) — über t() aufgelöst","","done",""
"family.A_TOP.tier1.desc","i18n","Die zwei aktuell höchsten Karten: dauerhaft je +2 Kartenwert.","Las dos cartas más altas en este momento: +2 de valor de carta permanente cada una.","The two currently highest cards: permanently +2 card value each.","i18n-Katalog (src/i18n) — über t() aufgelöst","","done",""
"family.A_TOP.tier2.desc","i18n","Die drei aktuell höchsten Karten: dauerhaft je +3 Kartenwert.","Las tres cartas más altas en este momento: +3 de valor de carta permanente cada una.","The three currently highest cards: permanently +3 card value each.","i18n-Katalog (src/i18n) — über t() aufgelöst","","done",""
"family.A_TOP.tier3.desc","i18n","Die vier aktuell höchsten Karten: dauerhaft je +4 Kartenwert.","Las cuatro cartas más altas en este momento: +4 de valor de carta permanente cada una.","The four currently highest cards: permanently +4 card value each.","i18n-Katalog (src/i18n) — über t() aufgelöst","","done",""
"family.A_TOP.tier4.desc","i18n","Die fünf aktuell höchsten Karten: dauerhaft je +5 Kartenwert.","Las cinco cartas más altas en este momento: +5 de valor de carta permanente cada una.","The five currently highest cards: permanently +5 card value each.","i18n-Katalog (src/i18n) — über t() aufgelöst","","done",""
"family.A_WEAK_STRONG.name","i18n","Schwache Karten sind stark","Las Débiles se Hacen Fuertes","Weak Made Strong","i18n-Katalog (src/i18n) — über t() aufgelöst","","done",""
"family.A_WEAK_STRONG.tier1.desc","i18n","Alle ursprünglichen 5er: dauerhaft +1 Kartenwert.","Todos los 5 originales: +1 de valor de carta permanente.","All original 5s: permanently +1 card value.","i18n-Katalog (src/i18n) — über t() aufgelöst","","done",""
"family.A_WEAK_STRONG.tier2.desc","i18n","Alle ursprünglichen 4er: dauerhaft +2 Kartenwert.","Todos los 4 originales: +2 de valor de carta permanente.","All original 4s: permanently +2 card value.","i18n-Katalog (src/i18n) — über t() aufgelöst","","done",""
"family.A_WEAK_STRONG.tier3.desc","i18n","Alle ursprünglichen 3er: dauerhaft +3 Kartenwert.","Todos los 3 originales: +3 de valor de carta permanente.","All original 3s: permanently +3 card value.","i18n-Katalog (src/i18n) — über t() aufgelöst","","done",""
"family.A_WEAK_STRONG.tier4.desc","i18n","Alle ursprünglichen 1er und 2er: dauerhaft +4 Kartenwert.","Todos los 1 y los 2 originales: +4 de valor de carta permanente.","All original 1s and 2s: permanently +4 card value.","i18n-Katalog (src/i18n) — über t() aufgelöst","","done",""
"family.B_BREAKTHROUGH.name","i18n","Durchbruch","Ruptura","Breakthrough","i18n-Katalog (src/i18n) — über t() aufgelöst","","done",""
"family.B_BREAKTHROUGH.tier1.desc","i18n","Nach 6 Stichen ohne Sieg: nächste Karte +7 Stichwert.","Tras 6 bazas sin victoria: la carta siguiente +7 de valor de baza.","After 6 tricks without a win: next card +7 trick value.","i18n-Katalog (src/i18n) — über t() aufgelöst","","done",""
"family.B_BREAKTHROUGH.tier2.desc","i18n","Nach 5 Stichen ohne Sieg: nächste Karte +10 Stichwert.","Tras 5 bazas sin victoria: la carta siguiente +10 de valor de baza.","After 5 tricks without a win: next card +10 trick value.","i18n-Katalog (src/i18n) — über t() aufgelöst","","done",""
"family.B_BREAKTHROUGH.tier3.desc","i18n","Nach 4 Stichen ohne Sieg: nächste Karte +12 Stichwert.","Tras 4 bazas sin victoria: la carta siguiente +12 de valor de baza.","After 4 tricks without a win: next card +12 trick value.","i18n-Katalog (src/i18n) — über t() aufgelöst","","done",""
"family.B_BREAKTHROUGH.tier4.desc","i18n","Nach 3 Stichen ohne Sieg: nächste Karte +15 Stichwert.","Tras 3 bazas sin victoria: la carta siguiente +15 de valor de baza.","After 3 tricks without a win: next card +15 trick value.","i18n-Katalog (src/i18n) — über t() aufgelöst","","done",""
"family.B_COUNTER.name","i18n","Gegenangriff","Contraataque","Counter","i18n-Katalog (src/i18n) — über t() aufgelöst","","done",""
"family.B_COUNTER.tier1.desc","i18n","Nach einer Niederlage: nächste Karte +3 Stichwert.","Tras una derrota: la carta siguiente +3 de valor de baza.","After a loss: next card +3 trick value.","i18n-Katalog (src/i18n) — über t() aufgelöst","","done",""
"family.B_COUNTER.tier2.desc","i18n","Nach einer Niederlage: nächste Karte +5 Stichwert.","Tras una derrota: la carta siguiente +5 de valor de baza.","After a loss: next card +5 trick value.","i18n-Katalog (src/i18n) — über t() aufgelöst","","done",""
"family.B_COUNTER.tier3.desc","i18n","Nach einer Niederlage: nächste Karte +7 Stichwert.","Tras una derrota: la carta siguiente +7 de valor de baza.","After a loss: next card +7 trick value.","i18n-Katalog (src/i18n) — über t() aufgelöst","","done",""
"family.B_COUNTER.tier4.desc","i18n","Nach einer Niederlage: nächste Karte +10 Stichwert.","Tras una derrota: la carta siguiente +10 de valor de baza.","After a loss: next card +10 trick value.","i18n-Katalog (src/i18n) — über t() aufgelöst","","done",""
"family.B_FINALE.name","i18n","Starkes Finale","Final Fuerte","Finale","i18n-Katalog (src/i18n) — über t() aufgelöst","","done",""
"family.B_FINALE.tier1.desc","i18n","Die letzten 2 Karten jedes Durchlaufs: je +2 Stichwert.","Las últimas 2 cartas de cada ciclo: +2 de valor de baza cada una.","The last 2 cards of every cycle: +2 trick value each.","i18n-Katalog (src/i18n) — über t() aufgelöst","","done",""
"family.B_FINALE.tier2.desc","i18n","Die letzten 3 Karten jedes Durchlaufs: je +3 Stichwert.","Las últimas 3 cartas de cada ciclo: +3 de valor de baza cada una.","The last 3 cards of every cycle: +3 trick value each.","i18n-Katalog (src/i18n) — über t() aufgelöst","","done",""
"family.B_FINALE.tier3.desc","i18n","Die letzten 4 Karten jedes Durchlaufs: je +4 Stichwert.","Las últimas 4 cartas de cada ciclo: +4 de valor de baza cada una.","The last 4 cards of every cycle: +4 trick value each.","i18n-Katalog (src/i18n) — über t() aufgelöst","","done",""
"family.B_FINALE.tier4.desc","i18n","Die letzten 5 Karten jedes Durchlaufs: je +5 Stichwert.","Las últimas 5 cartas de cada ciclo: +5 de valor de baza cada una.","The last 5 cards of every cycle: +5 trick value each.","i18n-Katalog (src/i18n) — über t() aufgelöst","","done",""
"family.B_INITIATIVE.name","i18n","Initiative","Iniciativa","Initiative","i18n-Katalog (src/i18n) — über t() aufgelöst","","done",""
"family.B_INITIATIVE.tier1.desc","i18n","Nach zwei Niederlagen gewinnst du den nächsten Gleichstand.","Tras dos derrotas ganas el siguiente empate.","After two losses you win the next tie.","i18n-Katalog (src/i18n) — über t() aufgelöst","","done",""
"family.B_INITIATIVE.tier2.desc","i18n","Nach einer Niederlage gewinnst du den nächsten Gleichstand.","Tras una derrota ganas el siguiente empate.","After a loss you win the next tie.","i18n-Katalog (src/i18n) — über t() aufgelöst","","done",""
"family.B_INITIATIVE.tier3.desc","i18n","Nach einer Niederlage: nächste Karte +1 Stichwert und gewinnt den nächsten Gleichstand.","Tras una derrota: la carta siguiente +1 de valor de baza y gana el siguiente empate.","After a loss: next card +1 trick value and wins the next tie.","i18n-Katalog (src/i18n) — über t() aufgelöst","","done",""
"family.B_INITIATIVE.tier4.desc","i18n","Nach einer Niederlage: nächste Karte +2 Stichwert und gewinnt den nächsten Gleichstand.","Tras una derrota: la carta siguiente +2 de valor de baza y gana el siguiente empate.","After a loss: next card +2 trick value and wins the next tie.","i18n-Katalog (src/i18n) — über t() aufgelöst","","done",""
"family.B_MOMENTUM.name","i18n","Momentum","Impulso","Momentum","i18n-Katalog (src/i18n) — über t() aufgelöst","","done",""
"family.B_MOMENTUM.tier1.desc","i18n","Nach genau 4 Siegen in Folge: nächste Karte +4 Stichwert.","Tras exactamente 4 victorias seguidas: la carta siguiente +4 de valor de baza.","After exactly 4 wins in a row: next card +4 trick value.","i18n-Katalog (src/i18n) — über t() aufgelöst","","done",""
"family.B_MOMENTUM.tier2.desc","i18n","Nach genau 3 Siegen in Folge: nächste Karte +5 Stichwert.","Tras exactamente 3 victorias seguidas: la carta siguiente +5 de valor de baza.","After exactly 3 wins in a row: next card +5 trick value.","i18n-Katalog (src/i18n) — über t() aufgelöst","","done",""
"family.B_MOMENTUM.tier3.desc","i18n","Nach genau 3 Siegen in Folge: nächste Karte +7 Stichwert.","Tras exactamente 3 victorias seguidas: la carta siguiente +7 de valor de baza.","After exactly 3 wins in a row: next card +7 trick value.","i18n-Katalog (src/i18n) — über t() aufgelöst","","done",""
"family.B_MOMENTUM.tier4.desc","i18n","Nach genau 3 Siegen in Folge: nächste Karte +10 Stichwert.","Tras exactamente 3 victorias seguidas: la carta siguiente +10 de valor de baza.","After exactly 3 wins in a row: next card +10 trick value.","i18n-Katalog (src/i18n) — über t() aufgelöst","","done",""
"family.B_OPENING.name","i18n","Starker Auftakt","Arranque Fuerte","Opening","i18n-Katalog (src/i18n) — über t() aufgelöst","","done",""
"family.B_OPENING.tier1.desc","i18n","Die ersten 2 Karten jedes Durchlaufs: je +2 Stichwert.","Las primeras 2 cartas de cada ciclo: +2 de valor de baza cada una.","The first 2 cards of every cycle: +2 trick value each.","i18n-Katalog (src/i18n) — über t() aufgelöst","","done",""
"family.B_OPENING.tier2.desc","i18n","Die ersten 3 Karten jedes Durchlaufs: je +3 Stichwert.","Las primeras 3 cartas de cada ciclo: +3 de valor de baza cada una.","The first 3 cards of every cycle: +3 trick value each.","i18n-Katalog (src/i18n) — über t() aufgelöst","","done",""
"family.B_OPENING.tier3.desc","i18n","Die ersten 4 Karten jedes Durchlaufs: je +4 Stichwert.","Las primeras 4 cartas de cada ciclo: +4 de valor de baza cada una.","The first 4 cards of every cycle: +4 trick value each.","i18n-Katalog (src/i18n) — über t() aufgelöst","","done",""
"family.B_OPENING.tier4.desc","i18n","Die ersten 5 Karten jedes Durchlaufs: je +5 Stichwert.","Las primeras 5 cartas de cada ciclo: +5 de valor de baza cada una.","The first 5 cards of every cycle: +5 trick value each.","i18n-Katalog (src/i18n) — über t() aufgelöst","","done",""
"family.B_PERFECT.name","i18n","Perfekte Folge","Serie Perfecta","Perfect Run","i18n-Katalog (src/i18n) — über t() aufgelöst","","done",""
"family.B_PERFECT.tier1.desc","i18n","Treppenkarten: +0/+0/+1, danach +2 Stichwert.","Cartas de escalera: +0/+0/+1, después +2 de valor de baza.","Stair cards: +0/+0/+1, then +2 trick value.","i18n-Katalog (src/i18n) — über t() aufgelöst","","done",""
"family.B_PERFECT.tier2.desc","i18n","Treppenkarten: +1/+2/+3, danach +4 Stichwert.","Cartas de escalera: +1/+2/+3, después +4 de valor de baza.","Stair cards: +1/+2/+3, then +4 trick value.","i18n-Katalog (src/i18n) — über t() aufgelöst","","done",""
"family.B_PERFECT.tier3.desc","i18n","Treppenkarten: +2/+3/+4, danach +5 Stichwert.","Cartas de escalera: +2/+3/+4, después +5 de valor de baza.","Stair cards: +2/+3/+4, then +5 trick value.","i18n-Katalog (src/i18n) — über t() aufgelöst","","done",""
"family.B_PERFECT.tier4.desc","i18n","Treppenkarten: +3/+4/+5, danach +6 Stichwert.","Cartas de escalera: +3/+4/+5, después +6 de valor de baza.","Stair cards: +3/+4/+5, then +6 trick value.","i18n-Katalog (src/i18n) — über t() aufgelöst","","done",""
"family.B_REVENGE.name","i18n","Revanche","Revancha","Revenge","i18n-Katalog (src/i18n) — über t() aufgelöst","","done",""
"family.B_REVENGE.tier1.desc","i18n","Nach drei Niederlagen in Folge: nächste Karte +6 Stichwert.","Tras tres derrotas seguidas: la carta siguiente +6 de valor de baza.","After three losses in a row: next card +6 trick value.","i18n-Katalog (src/i18n) — über t() aufgelöst","","done",""
"family.B_REVENGE.tier2.desc","i18n","Nach zwei Niederlagen in Folge: nächste Karte +7 Stichwert.","Tras dos derrotas seguidas: la carta siguiente +7 de valor de baza.","After two losses in a row: next card +7 trick value.","i18n-Katalog (src/i18n) — über t() aufgelöst","","done",""
"family.B_REVENGE.tier3.desc","i18n","Nach zwei Niederlagen in Folge: die nächsten zwei Karten je +6 Stichwert.","Tras dos derrotas seguidas: las dos cartas siguientes +6 de valor de baza cada una.","After two losses in a row: the next two cards +6 trick value each.","i18n-Katalog (src/i18n) — über t() aufgelöst","","done",""
"family.B_REVENGE.tier4.desc","i18n","Nach jeder Niederlage: nächste Karte +8 Stichwert.","Tras cualquier derrota: la carta siguiente +8 de valor de baza.","After any loss: next card +8 trick value.","i18n-Katalog (src/i18n) — über t() aufgelöst","","done",""
"family.B_SUPERIOR.name","i18n","Überzahl","Superioridad","Superiority","i18n-Katalog (src/i18n) — über t() aufgelöst","","done",""
"family.B_SUPERIOR.tier1.desc","i18n","Kartenwert ≥2 höher als der Vorgänger: +2 Stichwert.","Valor de carta 2 o más por encima de la anterior: +2 de valor de baza.","Card value 2 or more above the previous one: +2 trick value.","i18n-Katalog (src/i18n) — über t() aufgelöst","","done",""
"family.B_SUPERIOR.tier2.desc","i18n","Kartenwert höher als der Vorgänger: +3 Stichwert.","Valor de carta por encima de la anterior: +3 de valor de baza.","Card value above the previous one: +3 trick value.","i18n-Katalog (src/i18n) — über t() aufgelöst","","done",""
"family.B_SUPERIOR.tier3.desc","i18n","Kartenwert nicht niedriger als der Vorgänger: +3 Stichwert.","Valor de carta no inferior al de la anterior: +3 de valor de baza.","Card value not below the previous one: +3 trick value.","i18n-Katalog (src/i18n) — über t() aufgelöst","","done",""
"family.B_SUPERIOR.tier4.desc","i18n","Kartenwert höher als der Vorgänger: +5 Stichwert; genau gleich: +2.","Valor de carta por encima de la anterior: +5 de valor de baza; exactamente igual: +2.","Card value above the previous one: +5 trick value; exactly equal: +2.","i18n-Katalog (src/i18n) — über t() aufgelöst","","done",""
"family.B_TENTH_STRIKE.name","i18n","Markstein","Mojón","Milestone","i18n-Katalog (src/i18n) — über t() aufgelöst","","done",""
"family.B_TENTH_STRIKE.tier1.desc","i18n","Karten auf Position 20 und 40: +6 Stichwert.","Cartas en las posiciones 20 y 40: +6 de valor de baza.","Cards on positions 20 and 40: +6 trick value.","i18n-Katalog (src/i18n) — über t() aufgelöst","","done",""
"family.B_TENTH_STRIKE.tier2.desc","i18n","Karten auf Position 10, 20, 30 und 40: +6 Stichwert.","Cartas en las posiciones 10, 20, 30 y 40: +6 de valor de baza.","Cards on positions 10, 20, 30 and 40: +6 trick value.","i18n-Katalog (src/i18n) — über t() aufgelöst","","done",""
"family.B_TENTH_STRIKE.tier3.desc","i18n","Jede fünfte Position (5, 10 … 40): +6 Stichwert.","Cada quinta posición (5, 10 … 40): +6 de valor de baza.","Every fifth position (5, 10 … 40): +6 trick value.","i18n-Katalog (src/i18n) — über t() aufgelöst","","done",""
"family.B_TENTH_STRIKE.tier4.desc","i18n","Jede fünfte Position: +8 Stichwert.","Cada quinta posición: +8 de valor de baza.","Every fifth position: +8 trick value.","i18n-Katalog (src/i18n) — über t() aufgelöst","","done",""
"family.B_TIGHT.name","i18n","Knappe Kiste","Por los Pelos","Close Call","i18n-Katalog (src/i18n) — über t() aufgelöst","","done",""
"family.B_TIGHT.tier1.desc","i18n","Liegt die Karte in einer Wiederholung: +1 Stichwert.","Si la carta está en una repetición: +1 de valor de baza.","If the card sits in a repeat: +1 trick value.","i18n-Katalog (src/i18n) — über t() aufgelöst","","done",""
"family.B_TIGHT.tier2.desc","i18n","Liegt die Karte in einer Wiederholung: +2 Stichwert.","Si la carta está en una repetición: +2 de valor de baza.","If the card sits in a repeat: +2 trick value.","i18n-Katalog (src/i18n) — über t() aufgelöst","","done",""
"family.B_TIGHT.tier3.desc","i18n","Liegt die Karte in ≥1 Formation: +2 Stichwert.","Si la carta está en 1 o más formaciones: +2 de valor de baza.","If the card sits in 1 or more formations: +2 trick value.","i18n-Katalog (src/i18n) — über t() aufgelöst","","done",""
"family.B_TIGHT.tier4.desc","i18n","Liegt die Karte in ≥1 Formation: +3 Stichwert.","Si la carta está en 1 o más formaciones: +3 de valor de baza.","If the card sits in 1 or more formations: +3 trick value.","i18n-Katalog (src/i18n) — über t() aufgelöst","","done",""
"family.C_BRIDGE.name","i18n","Bindeglied","Enlace","Link","i18n-Katalog (src/i18n) — über t() aufgelöst","","done",""
"family.C_BRIDGE.tier1.desc","i18n","Wähle 1 Karte: darf für eine Treppe ±1 Wert gelten.","Elige 1 carta: puede contar como ±1 de valor para una escalera.","Choose 1 card: may count as ±1 value for a stair.","i18n-Katalog (src/i18n) — über t() aufgelöst","","done",""
"family.C_BRIDGE.tier2.desc","i18n","Wähle 2 Karten: dürfen für eine Treppe ±1 Wert gelten.","Elige 2 cartas: pueden contar como ±1 de valor para una escalera.","Choose 2 cards: may count as ±1 value for a stair.","i18n-Katalog (src/i18n) — über t() aufgelöst","","done",""
"family.C_BRIDGE.tier3.desc","i18n","Wähle 3 Karten: dürfen für eine Treppe um 1 oder 2 abweichen.","Elige 3 cartas: pueden diferir en 1 o 2 para una escalera.","Choose 3 cards: may differ by 1 or 2 for a stair.","i18n-Katalog (src/i18n) — über t() aufgelöst","","done",""
"family.C_BRIDGE.tier4.desc","i18n","Wähle 4 Karten: dürfen für eine Treppe jeden Wert zwischen ihren Nachbarn annehmen.","Elige 4 cartas: pueden tomar cualquier valor entre sus vecinas para una escalera.","Choose 4 cards: may take any value between their neighbours for a stair.","i18n-Katalog (src/i18n) — über t() aufgelöst","","done",""
"family.C_ECKPFEILER.name","i18n","Eckpfeiler","Pilar Angular","Cornerstone","i18n-Katalog (src/i18n) — über t() aufgelöst","","done",""
"family.C_ECKPFEILER.tier1.desc","i18n","Wähle 1 Karte: liegt sie in ≥1 Formation, +3 Stichwert.","Elige 1 carta: si está en 1 o más formaciones, +3 de valor de baza.","Choose 1 card: if it sits in 1 or more formations, +3 trick value.","i18n-Katalog (src/i18n) — über t() aufgelöst","","done",""
"family.C_ECKPFEILER.tier2.desc","i18n","Wähle 2 Karten: in ≥1 Formation, +4 Stichwert.","Elige 2 cartas: en 1 o más formaciones, +4 de valor de baza.","Choose 2 cards: in 1 or more formations, +4 trick value.","i18n-Katalog (src/i18n) — über t() aufgelöst","","done",""
"family.C_ECKPFEILER.tier3.desc","i18n","Wähle 3 Karten: in ≥1 Formation, +5 Stichwert.","Elige 3 cartas: en 1 o más formaciones, +5 de valor de baza.","Choose 3 cards: in 1 or more formations, +5 trick value.","i18n-Katalog (src/i18n) — über t() aufgelöst","","done",""
"family.C_ECKPFEILER.tier4.desc","i18n","Wähle 4 Karten: in ≥1 Formation +6; liegt die Karte in ≥2 Formationen, +9 Stichwert.","Elige 4 cartas: en 1 o más formaciones +6; si la carta está en 2 o más formaciones, +9 de valor de baza.","Choose 4 cards: in 1 or more formations +6; if the card sits in 2 or more formations, +9 trick value.","i18n-Katalog (src/i18n) — über t() aufgelöst","","done",""
"family.C_ECKSTEIN.name","i18n","Eckstein","Clave","Keystone","i18n-Katalog (src/i18n) — über t() aufgelöst","","done",""
"family.C_ECKSTEIN.tier1.desc","i18n","Wähle 1 Karte: liegt sie in einem Gebäude, +3 Stichwert.","Elige 1 carta: si está en un edificio, +3 de valor de baza.","Choose 1 card: if it sits in a building, +3 trick value.","i18n-Katalog (src/i18n) — über t() aufgelöst","","done",""
"family.C_ECKSTEIN.tier2.desc","i18n","Wähle 2 Karten: in einem Gebäude, +4 Stichwert.","Elige 2 cartas: en un edificio, +4 de valor de baza.","Choose 2 cards: in a building, +4 trick value.","i18n-Katalog (src/i18n) — über t() aufgelöst","","done",""
"family.C_ECKSTEIN.tier3.desc","i18n","Wähle 3 Karten: in einem Gebäude, +5 Stichwert.","Elige 3 cartas: en un edificio, +5 de valor de baza.","Choose 3 cards: in a building, +5 trick value.","i18n-Katalog (src/i18n) — über t() aufgelöst","","done",""
"family.C_ECKSTEIN.tier4.desc","i18n","Wähle 4 Karten: in einem Gebäude +6; in einer vollendeten Struktur +9 Stichwert.","Elige 4 cartas: en un edificio +6; en una estructura completada +9 de valor de baza.","Choose 4 cards: in a building +6; in a completed structure +9 trick value.","i18n-Katalog (src/i18n) — über t() aufgelöst","","done",""
"family.C_FINISHER.name","i18n","Finisher","Rematador","Finisher","i18n-Katalog (src/i18n) — über t() aufgelöst","","done",""
"family.C_FINISHER.tier1.desc","i18n","Wähle 1 Karte: auf der letzten Segmentposition +3 Stichwert.","Elige 1 carta: +3 de valor de baza en la última posición de un segmento.","Choose 1 card: +3 trick value on the last position of a segment.","i18n-Katalog (src/i18n) — über t() aufgelöst","","done",""
"family.C_FINISHER.tier2.desc","i18n","Wähle 2 Karten: auf der letzten Segmentposition +4 Stichwert.","Elige 2 cartas: +4 de valor de baza en la última posición de un segmento.","Choose 2 cards: +4 trick value on the last position of a segment.","i18n-Katalog (src/i18n) — über t() aufgelöst","","done",""
"family.C_FINISHER.tier3.desc","i18n","Wähle 3 Karten: auf der letzten Segmentposition +5 Stichwert.","Elige 3 cartas: +5 de valor de baza en la última posición de un segmento.","Choose 3 cards: +5 trick value on the last position of a segment.","i18n-Katalog (src/i18n) — über t() aufgelöst","","done",""
"family.C_FINISHER.tier4.desc","i18n","Wähle 4 Karten: auf den letzten zwei Segmentpositionen +5 Stichwert.","Elige 4 cartas: +5 de valor de baza en las dos últimas posiciones de un segmento.","Choose 4 cards: +5 trick value on the last two positions of a segment.","i18n-Katalog (src/i18n) — über t() aufgelöst","","done",""
"family.C_GUARD.name","i18n","Leibwache","Guardaespaldas","Bodyguard","i18n-Katalog (src/i18n) — über t() aufgelöst","","done",""
"family.C_GUARD.tier1.desc","i18n","Wähle 1 Karte: verliert ihr Vorgänger, +3 Stichwert.","Elige 1 carta: si la carta anterior pierde, +3 de valor de baza.","Choose 1 card: if the card before it loses, +3 trick value.","i18n-Katalog (src/i18n) — über t() aufgelöst","","done",""
"family.C_GUARD.tier2.desc","i18n","Wähle 2 Karten: verliert ihr Vorgänger, +4 Stichwert.","Elige 2 cartas: si la carta anterior pierde, +4 de valor de baza.","Choose 2 cards: if the card before them loses, +4 trick value.","i18n-Katalog (src/i18n) — über t() aufgelöst","","done",""
"family.C_GUARD.tier3.desc","i18n","Wähle 3 Karten: verliert ihr Vorgänger, +5 Stichwert.","Elige 3 cartas: si la carta anterior pierde, +5 de valor de baza.","Choose 3 cards: if the card before them loses, +5 trick value.","i18n-Katalog (src/i18n) — über t() aufgelöst","","done",""
"family.C_GUARD.tier4.desc","i18n","Wähle 4 Karten: verliert einer ihrer zwei Vorgänger, +6 Stichwert.","Elige 4 cartas: si pierde una de las dos cartas anteriores, +6 de valor de baza.","Choose 4 cards: if one of the two cards before them loses, +6 trick value.","i18n-Katalog (src/i18n) — über t() aufgelöst","","done",""
"family.C_JOKER.name","i18n","Joker","Comodín","Wild","i18n-Katalog (src/i18n) — über t() aufgelöst","","done",""
"family.C_JOKER.tier1.desc","i18n","Wähle 1 Karte: zählt für einen Farbblock als Farbe ihres Vorgängers.","Elige 1 carta: cuenta para un bloque de palo con el palo de la carta anterior.","Choose 1 card: counts for a suit block as the suit of the card before it.","i18n-Katalog (src/i18n) — über t() aufgelöst","","done",""
"family.C_JOKER.tier2.desc","i18n","Wähle 2 Karten: zählen für einen Farbblock als Farbe ihres Vorgängers.","Elige 2 cartas: cuentan para un bloque de palo con el palo de la carta anterior.","Choose 2 cards: count for a suit block as the suit of the card before them.","i18n-Katalog (src/i18n) — über t() aufgelöst","","done",""
"family.C_JOKER.tier3.desc","i18n","Wähle 3 Karten: zählen für einen Farbblock als Vorgänger- oder Nachfolgerfarbe.","Elige 3 cartas: cuentan para un bloque de palo con el palo anterior o el siguiente.","Choose 3 cards: count for a suit block as the suit before or after them.","i18n-Katalog (src/i18n) — über t() aufgelöst","","done",""
"family.C_JOKER.tier4.desc","i18n","Wähle 4 Karten: zählen für einen Farbblock als beliebige Farbe.","Elige 4 cartas: cuentan para un bloque de palo con cualquier palo.","Choose 4 cards: count for a suit block as any suit.","i18n-Katalog (src/i18n) — über t() aufgelöst","","done",""
"family.C_LEADER.name","i18n","Anführer","Líder","Leader","i18n-Katalog (src/i18n) — über t() aufgelöst","","done",""
"family.C_LEADER.tier1.desc","i18n","Wähle 1 Karte: nach ihrem Sieg nächste Karte +2 Stichwert.","Elige 1 carta: tras su victoria, la carta siguiente +2 de valor de baza.","Choose 1 card: after it wins, the next card +2 trick value.","i18n-Katalog (src/i18n) — über t() aufgelöst","","done",""
"family.C_LEADER.tier2.desc","i18n","Wähle 1 Karte: nach ihrem Sieg die nächsten zwei Karten je +2 Stichwert.","Elige 1 carta: tras su victoria, las dos cartas siguientes +2 de valor de baza cada una.","Choose 1 card: after it wins, the next two cards +2 trick value each.","i18n-Katalog (src/i18n) — über t() aufgelöst","","done",""
"family.C_LEADER.tier3.desc","i18n","Wähle 2 Karten: nach ihrem Sieg die nächsten zwei Karten je +3 Stichwert.","Elige 2 cartas: tras su victoria, las dos cartas siguientes +3 de valor de baza cada una.","Choose 2 cards: after they win, the next two cards +3 trick value each.","i18n-Katalog (src/i18n) — über t() aufgelöst","","done",""
"family.C_LEADER.tier4.desc","i18n","Wähle 2 Karten: nach ihrem Sieg die nächsten drei Karten je +4 Stichwert.","Elige 2 cartas: tras su victoria, las tres cartas siguientes +4 de valor de baza cada una.","Choose 2 cards: after they win, the next three cards +4 trick value each.","i18n-Katalog (src/i18n) — über t() aufgelöst","","done",""
"family.C_RELAY.name","i18n","Staffelläufer","Relevista","Relay Runner","i18n-Katalog (src/i18n) — über t() aufgelöst","","done",""
"family.C_RELAY.tier1.desc","i18n","Wähle 1 Karte: nach ihrem Sieg direkter Nachfolger +2 Stichwert.","Elige 1 carta: tras su victoria, la carta inmediatamente siguiente +2 de valor de baza.","Choose 1 card: after it wins, the card right after it +2 trick value.","i18n-Katalog (src/i18n) — über t() aufgelöst","","done",""
"family.C_RELAY.tier2.desc","i18n","Wähle 2 Karten: nach ihrem Sieg direkter Nachfolger +2 Stichwert.","Elige 2 cartas: tras su victoria, la carta inmediatamente siguiente +2 de valor de baza.","Choose 2 cards: after they win, the card right after them +2 trick value.","i18n-Katalog (src/i18n) — über t() aufgelöst","","done",""
"family.C_RELAY.tier3.desc","i18n","Wähle 3 Karten: nach ihrem Sieg direkter Nachfolger +3 Stichwert.","Elige 3 cartas: tras su victoria, la carta inmediatamente siguiente +3 de valor de baza.","Choose 3 cards: after they win, the card right after them +3 trick value.","i18n-Katalog (src/i18n) — über t() aufgelöst","","done",""
"family.C_RELAY.tier4.desc","i18n","Wähle 4 Karten: nach ihrem Sieg die nächsten zwei Karten je +3 Stichwert.","Elige 4 cartas: tras su victoria, las dos cartas siguientes +3 de valor de baza cada una.","Choose 4 cards: after they win, the next two cards +3 trick value each.","i18n-Katalog (src/i18n) — über t() aufgelöst","","done",""
"family.C_SACRIFICE.name","i18n","Opfergabe","Ofrenda","Sacrifice","i18n-Katalog (src/i18n) — über t() aufgelöst","","done",""
"family.C_SACRIFICE.tier1.desc","i18n","Wähle 1 Karte: −2 Kartenwert dauerhaft, direkter Nachfolger +3 Kartenwert.","Elige 1 carta: −2 de valor de carta permanente, la carta inmediatamente siguiente +3 de valor de carta.","Choose 1 card: −2 card value permanently, the card right after it +3 card value.","i18n-Katalog (src/i18n) — über t() aufgelöst","","done",""
"family.C_SACRIFICE.tier2.desc","i18n","Wähle 1 Karte: −2 Kartenwert dauerhaft, direkter Nachfolger +4 Kartenwert.","Elige 1 carta: −2 de valor de carta permanente, la carta inmediatamente siguiente +4 de valor de carta.","Choose 1 card: −2 card value permanently, the card right after it +4 card value.","i18n-Katalog (src/i18n) — über t() aufgelöst","","done",""
"family.C_SACRIFICE.tier3.desc","i18n","Wähle 1 Karte: −3 Kartenwert dauerhaft, direkter Nachfolger +6 Kartenwert.","Elige 1 carta: −3 de valor de carta permanente, la carta inmediatamente siguiente +6 de valor de carta.","Choose 1 card: −3 card value permanently, the card right after it +6 card value.","i18n-Katalog (src/i18n) — über t() aufgelöst","","done",""
"family.C_SACRIFICE.tier4.desc","i18n","Wähle 2 Karten: je −3 Kartenwert dauerhaft, direkter Nachfolger je +7 Kartenwert.","Elige 2 cartas: −3 de valor de carta permanente cada una, la carta inmediatamente siguiente a cada una +7 de valor de carta.","Choose 2 cards: −3 card value each permanently, the card right after each +7 card value.","i18n-Katalog (src/i18n) — über t() aufgelöst","","done",""
"family.C_SURVIVOR.name","i18n","Überlebensvorteil","Ventaja de Supervivencia","Survivor's Edge","i18n-Katalog (src/i18n) — über t() aufgelöst","","done",""
"family.C_SURVIVOR.tier1.desc","i18n","Die niedrigste Karte der ersten vier Segmente: +2 Stichwert.","La carta más baja de los cuatro primeros segmentos: +2 de valor de baza.","The lowest card of the first four segments: +2 trick value.","i18n-Katalog (src/i18n) — über t() aufgelöst","","done",""
"family.C_SURVIVOR.tier2.desc","i18n","Die niedrigste Karte jedes Segments: +2 Stichwert.","La carta más baja de cada segmento: +2 de valor de baza.","The lowest card of every segment: +2 trick value.","i18n-Katalog (src/i18n) — über t() aufgelöst","","done",""
"family.C_SURVIVOR.tier3.desc","i18n","Die zwei niedrigsten Karten jedes Segments: +3 Stichwert.","Las dos cartas más bajas de cada segmento: +3 de valor de baza.","The two lowest cards of every segment: +3 trick value.","i18n-Katalog (src/i18n) — über t() aufgelöst","","done",""
"family.C_SURVIVOR.tier4.desc","i18n","Die zwei niedrigsten Karten jedes Segments: +5 Stichwert.","Las dos cartas más bajas de cada segmento: +5 de valor de baza.","The two lowest cards of every segment: +5 trick value.","i18n-Katalog (src/i18n) — über t() aufgelöst","","done",""
"family.C_TRIUMPH.name","i18n","Triumph","Triunfo","Triumph","i18n-Katalog (src/i18n) — über t() aufgelöst","","done",""
"family.C_TRIUMPH.tier1.desc","i18n","Wähle 1 Karte: nach einem Sieg beim nächsten Auftauchen +2 Stichwert.","Elige 1 carta: tras una victoria, +2 de valor de baza la próxima vez que salga.","Choose 1 card: after a win, +2 trick value the next time it comes up.","i18n-Katalog (src/i18n) — über t() aufgelöst","","done",""
"family.C_TRIUMPH.tier2.desc","i18n","Wähle 2 Karten: nach einem Sieg beim nächsten Auftauchen +2 Stichwert.","Elige 2 cartas: tras una victoria, +2 de valor de baza la próxima vez que salga.","Choose 2 cards: after a win, +2 trick value the next time it comes up.","i18n-Katalog (src/i18n) — über t() aufgelöst","","done",""
"family.C_TRIUMPH.tier3.desc","i18n","Wähle 3 Karten: nach einem Sieg beim nächsten Auftauchen +3 Stichwert.","Elige 3 cartas: tras una victoria, +3 de valor de baza la próxima vez que salga.","Choose 3 cards: after a win, +3 trick value the next time it comes up.","i18n-Katalog (src/i18n) — über t() aufgelöst","","done",""
"family.C_TRIUMPH.tier4.desc","i18n","Wähle 4 Karten: nach einem Sieg beim nächsten Auftauchen +4 Stichwert.","Elige 4 cartas: tras una victoria, +4 de valor de baza la próxima vez que salga.","Choose 4 cards: after a win, +4 trick value the next time it comes up.","i18n-Katalog (src/i18n) — über t() aufgelöst","","done",""
"family.C_VANGUARD.name","i18n","Vorhut","Vanguardia","Vanguard","i18n-Katalog (src/i18n) — über t() aufgelöst","","done",""
"family.C_VANGUARD.tier1.desc","i18n","Wähle 1 Karte: auf Position 1–5 +2 Stichwert.","Elige 1 carta: +2 de valor de baza en las posiciones 1–5.","Choose 1 card: +2 trick value on position 1–5.","i18n-Katalog (src/i18n) — über t() aufgelöst","","done",""
"family.C_VANGUARD.tier2.desc","i18n","Wähle 2 Karten: auf Position 1–5 +3 Stichwert.","Elige 2 cartas: +3 de valor de baza en las posiciones 1–5.","Choose 2 cards: +3 trick value on position 1–5.","i18n-Katalog (src/i18n) — über t() aufgelöst","","done",""
"family.C_VANGUARD.tier3.desc","i18n","Wähle 3 Karten: auf Position 1–5 +4 Stichwert.","Elige 3 cartas: +4 de valor de baza en las posiciones 1–5.","Choose 3 cards: +4 trick value on position 1–5.","i18n-Katalog (src/i18n) — über t() aufgelöst","","done",""
"family.C_VANGUARD.tier4.desc","i18n","Wähle 4 Karten: auf Position 1–10 +4 Stichwert.","Elige 4 cartas: +4 de valor de baza en las posiciones 1–10.","Choose 4 cards: +4 trick value on position 1–10.","i18n-Katalog (src/i18n) — über t() aufgelöst","","done",""
"family.D_BEBAUUNG.name","i18n","Dichte Bebauung","Construcción Densa","Dense Development","i18n-Katalog (src/i18n) — über t() aufgelöst","","done",""
"family.D_BEBAUUNG.tier1.desc","i18n","Jeder Sieg: +4 Score je abgedeckter Zelle (max +100).","Cada victoria: +4 de puntuación por celda cubierta (máx. +100).","Every win: +4 score per covered cell (max +100).","i18n-Katalog (src/i18n) — über t() aufgelöst","","done",""
"family.D_BEBAUUNG.tier2.desc","i18n","Jeder Sieg: +6 Score je abgedeckter Zelle (max +160).","Cada victoria: +6 de puntuación por celda cubierta (máx. +160).","Every win: +6 score per covered cell (max +160).","i18n-Katalog (src/i18n) — über t() aufgelöst","","done",""
"family.D_BEBAUUNG.tier3.desc","i18n","Jeder Sieg: +9 Score je abgedeckter Zelle (max +240).","Cada victoria: +9 de puntuación por celda cubierta (máx. +240).","Every win: +9 score per covered cell (max +240).","i18n-Katalog (src/i18n) — über t() aufgelöst","","done",""
"family.D_BEBAUUNG.tier4.desc","i18n","Jeder Sieg: +12 Score je abgedeckter Zelle (max +360).","Cada victoria: +12 de puntuación por celda cubierta (máx. +360).","Every win: +12 score per covered cell (max +360).","i18n-Katalog (src/i18n) — über t() aufgelöst","","done",""
"family.D_CRIT_FOLLOW.name","i18n","Crit-Folge","Secuencia de Críticos","Crit Follow-Up","i18n-Katalog (src/i18n) — über t() aufgelöst","","done",""
"family.D_CRIT_FOLLOW.tier1.desc","i18n","Sieg direkt nach einem Crit: +150 Score.","Victoria justo después de un crítico: +150 de puntuación.","Win directly after a crit: +150 score.","i18n-Katalog (src/i18n) — über t() aufgelöst","","done",""
"family.D_CRIT_FOLLOW.tier2.desc","i18n","Sieg direkt nach einem Crit: +275 Score.","Victoria justo después de un crítico: +275 de puntuación.","Win directly after a crit: +275 score.","i18n-Katalog (src/i18n) — über t() aufgelöst","","done",""
"family.D_CRIT_FOLLOW.tier3.desc","i18n","Sieg direkt nach einem Crit: +450 Score.","Victoria justo después de un crítico: +450 de puntuación.","Win directly after a crit: +450 score.","i18n-Katalog (src/i18n) — über t() aufgelöst","","done",""
"family.D_CRIT_FOLLOW.tier4.desc","i18n","Sieg direkt nach einem Crit: +700 Score; ist der Folgesieg selbst ein Crit, zusätzlich +300.","Victoria justo después de un crítico: +700 de puntuación; si esa victoria encadenada es a su vez un crítico, +300 más.","Win directly after a crit: +700 score; if that follow-up win is itself a crit, +300 more.","i18n-Katalog (src/i18n) — über t() aufgelöst","","done",""
"family.D_CRIT_HARVEST.name","i18n","Kritische Ernte","Cosecha Crítica","Crit Harvest","i18n-Katalog (src/i18n) — über t() aufgelöst","","done",""
"family.D_CRIT_HARVEST.tier1.desc","i18n","Crit in ≥1 aktiver Formation: +175 Score.","Crítico en 1 o más formaciones activas: +175 de puntuación.","Crit in 1 or more active formations: +175 score.","i18n-Katalog (src/i18n) — über t() aufgelöst","","done",""
"family.D_CRIT_HARVEST.tier2.desc","i18n","Crit in ≥1 aktiver Formation: +300 Score.","Crítico en 1 o más formaciones activas: +300 de puntuación.","Crit in 1 or more active formations: +300 score.","i18n-Katalog (src/i18n) — über t() aufgelöst","","done",""
"family.D_CRIT_HARVEST.tier3.desc","i18n","Crit in ≥1 aktiver Formation: +475 Score.","Crítico en 1 o más formaciones activas: +475 de puntuación.","Crit in 1 or more active formations: +475 score.","i18n-Katalog (src/i18n) — über t() aufgelöst","","done",""
"family.D_CRIT_HARVEST.tier4.desc","i18n","Crit in ≥1 aktiver Formation: +750 Score.","Crítico en 1 o más formaciones activas: +750 de puntuación.","Crit in 1 or more active formations: +750 score.","i18n-Katalog (src/i18n) — über t() aufgelöst","","done",""
"family.D_CRIT_MOMENTUM.name","i18n","Kritisches Momentum","Impulso Crítico","Critical Momentum","i18n-Katalog (src/i18n) — über t() aufgelöst","","done",""
"family.D_CRIT_MOMENTUM.tier1.desc","i18n","Jeder Crit in einer Serie ab 3: +150 Score.","Cada crítico en una racha de 3 o más: +150 de puntuación.","Every crit on a streak of 3 or more: +150 score.","i18n-Katalog (src/i18n) — über t() aufgelöst","","done",""
"family.D_CRIT_MOMENTUM.tier2.desc","i18n","Jeder Crit in einer Serie ab 2: +250 Score.","Cada crítico en una racha de 2 o más: +250 de puntuación.","Every crit on a streak of 2 or more: +250 score.","i18n-Katalog (src/i18n) — über t() aufgelöst","","done",""
"family.D_CRIT_MOMENTUM.tier3.desc","i18n","Jeder Crit in einer Serie: +350 Score.","Cada crítico en una racha: +350 de puntuación.","Every crit on a streak: +350 score.","i18n-Katalog (src/i18n) — über t() aufgelöst","","done",""
"family.D_CRIT_MOMENTUM.tier4.desc","i18n","Jeder Crit in einer Serie: +500 Score; die Serie steigt zusätzlich um 1.","Cada crítico en una racha: +500 de puntuación; la racha sube además en 1.","Every crit on a streak: +500 score; the streak also rises by 1.","i18n-Katalog (src/i18n) — über t() aufgelöst","","done",""
"family.D_CRIT_SCORE.name","i18n","Kritische Chance","Ocasión Crítica","Crit Score","i18n-Katalog (src/i18n) — über t() aufgelöst","","done",""
"family.D_CRIT_SCORE.tier1.desc","i18n","Jeder Crit: +100 Score.","Cada crítico: +100 de puntuación.","Every crit: +100 score.","i18n-Katalog (src/i18n) — über t() aufgelöst","","done",""
"family.D_CRIT_SCORE.tier2.desc","i18n","Jeder Crit: +175 Score.","Cada crítico: +175 de puntuación.","Every crit: +175 score.","i18n-Katalog (src/i18n) — über t() aufgelöst","","done",""
"family.D_CRIT_SCORE.tier3.desc","i18n","Jeder Crit: +275 Score.","Cada crítico: +275 de puntuación.","Every crit: +275 score.","i18n-Katalog (src/i18n) — über t() aufgelöst","","done",""
"family.D_CRIT_SCORE.tier4.desc","i18n","Jeder Crit: +450 Score.","Cada crítico: +450 de puntuación.","Every crit: +450 score.","i18n-Katalog (src/i18n) — über t() aufgelöst","","done",""
"family.D_FORMATION_BONUS.name","i18n","Score-Bonus","Bonificación de Puntuación","Score Bonus","i18n-Katalog (src/i18n) — über t() aufgelöst","","done",""
"family.D_FORMATION_BONUS.tier1.desc","i18n","Sieg mit ≥1 aktiver Formation: +50 Score.","Victoria con 1 o más formaciones activas: +50 de puntuación.","Win with 1 or more active formations: +50 score.","i18n-Katalog (src/i18n) — über t() aufgelöst","","done",""
"family.D_FORMATION_BONUS.tier2.desc","i18n","Sieg mit ≥1 aktiver Formation: +100 Score.","Victoria con 1 o más formaciones activas: +100 de puntuación.","Win with 1 or more active formations: +100 score.","i18n-Katalog (src/i18n) — über t() aufgelöst","","done",""
"family.D_FORMATION_BONUS.tier3.desc","i18n","Sieg mit ≥1 aktiver Formation: +175 Score.","Victoria con 1 o más formaciones activas: +175 de puntuación.","Win with 1 or more active formations: +175 score.","i18n-Katalog (src/i18n) — über t() aufgelöst","","done",""
"family.D_FORMATION_BONUS.tier4.desc","i18n","Sieg mit ≥1 aktiver Formation: +300 Score.","Victoria con 1 o más formaciones activas: +300 de puntuación.","Win with 1 or more active formations: +300 score.","i18n-Katalog (src/i18n) — über t() aufgelöst","","done",""
"family.D_FULL_HOUSE.name","i18n","Volles Haus","Casa Llena","Full House","i18n-Katalog (src/i18n) — über t() aufgelöst","","done",""
"family.D_FULL_HOUSE.tier1.desc","i18n","Fünf Siege in einem Segment: +500 Score auf den fünften.","Cinco victorias en un segmento: +500 de puntuación en la quinta.","Five wins in one segment: +500 score on the fifth.","i18n-Katalog (src/i18n) — über t() aufgelöst","","done",""
"family.D_FULL_HOUSE.tier2.desc","i18n","Vier Siege in einem Segment: +650 Score auf den vierten.","Cuatro victorias en un segmento: +650 de puntuación en la cuarta.","Four wins in one segment: +650 score on the fourth.","i18n-Katalog (src/i18n) — über t() aufgelöst","","done",""
"family.D_FULL_HOUSE.tier3.desc","i18n","Vier Siege in einem Segment: +900 Score auf den vierten.","Cuatro victorias en un segmento: +900 de puntuación en la cuarta.","Four wins in one segment: +900 score on the fourth.","i18n-Katalog (src/i18n) — über t() aufgelöst","","done",""
"family.D_FULL_HOUSE.tier4.desc","i18n","Drei Siege in einem Segment: +1.000 Score auf den dritten; der fünfte Sieg zusätzlich +1.000 Score.","Tres victorias en un segmento: +1.000 de puntuación en la tercera; la quinta victoria da +1.000 de puntuación más.","Three wins in one segment: +1,000 score on the third; the fifth win gives +1,000 score on top.","i18n-Katalog (src/i18n) — über t() aufgelöst","","done",""
"family.D_HIGH.name","i18n","Hohe Karten, hohe Belohnung","Cartas Altas, Gran Recompensa","High Cards, High Reward","i18n-Katalog (src/i18n) — über t() aufgelöst","","done",""
"family.D_HIGH.tier1.desc","i18n","Sieg mit Kartenwert ≥9: +100 Score.","Victoria con valor de carta 9 o más: +100 de puntuación.","Win with card value 9 or more: +100 score.","i18n-Katalog (src/i18n) — über t() aufgelöst","","done",""
"family.D_HIGH.tier2.desc","i18n","Sieg mit Kartenwert ≥8: +150 Score.","Victoria con valor de carta 8 o más: +150 de puntuación.","Win with card value 8 or more: +150 score.","i18n-Katalog (src/i18n) — über t() aufgelöst","","done",""
"family.D_HIGH.tier3.desc","i18n","Sieg mit Kartenwert ≥7: +225 Score.","Victoria con valor de carta 7 o más: +225 de puntuación.","Win with card value 7 or more: +225 score.","i18n-Katalog (src/i18n) — über t() aufgelöst","","done",""
"family.D_HIGH.tier4.desc","i18n","Sieg mit Kartenwert ≥6: +350 Score.","Victoria con valor de carta 6 o más: +350 de puntuación.","Win with card value 6 or more: +350 score.","i18n-Katalog (src/i18n) — über t() aufgelöst","","done",""
"family.D_INTERPLAY.name","i18n","Wechselspiel","Juego Alterno","Interplay","i18n-Katalog (src/i18n) — über t() aufgelöst","","done",""
"family.D_INTERPLAY.tier1.desc","i18n","Sieg direkt nach einer Niederlage: +150 Score.","Victoria justo después de una derrota: +150 de puntuación.","Win directly after a loss: +150 score.","i18n-Katalog (src/i18n) — über t() aufgelöst","","done",""
"family.D_INTERPLAY.tier2.desc","i18n","Sieg direkt nach einer Niederlage: +275 Score.","Victoria justo después de una derrota: +275 de puntuación.","Win directly after a loss: +275 score.","i18n-Katalog (src/i18n) — über t() aufgelöst","","done",""
"family.D_INTERPLAY.tier3.desc","i18n","Sieg direkt nach einer Niederlage: +450 Score.","Victoria justo después de una derrota: +450 de puntuación.","Win directly after a loss: +450 score.","i18n-Katalog (src/i18n) — über t() aufgelöst","","done",""
"family.D_INTERPLAY.tier4.desc","i18n","Sieg direkt nach einer Niederlage: +700 Score; die nächste Niederlage gibt +200 gespeicherten Score.","Victoria justo después de una derrota: +700 de puntuación; la siguiente derrota da +200 de puntuación guardada.","Win directly after a loss: +700 score; the next loss gives +200 stored score.","i18n-Katalog (src/i18n) — über t() aufgelöst","","done",""
"family.D_MISFIRE.name","i18n","Fehlzündung","Fallo de Encendido","Misfire","i18n-Katalog (src/i18n) — über t() aufgelöst","","done",""
"family.D_MISFIRE.tier1.desc","i18n","Jeder Sieg ohne Crit lädt +20 Score für den nächsten Crit (max +200).","Cada victoria sin crítico carga +20 de puntuación para el próximo crítico (máx. +200).","Every win without a crit charges +20 score for the next crit (max +200).","i18n-Katalog (src/i18n) — über t() aufgelöst","","done",""
"family.D_MISFIRE.tier2.desc","i18n","Jeder Sieg ohne Crit lädt +35 Score für den nächsten Crit (max +350).","Cada victoria sin crítico carga +35 de puntuación para el próximo crítico (máx. +350).","Every win without a crit charges +35 score for the next crit (max +350).","i18n-Katalog (src/i18n) — über t() aufgelöst","","done",""
"family.D_MISFIRE.tier3.desc","i18n","Jeder Sieg ohne Crit lädt +50 Score für den nächsten Crit (max +500).","Cada victoria sin crítico carga +50 de puntuación para el próximo crítico (máx. +500).","Every win without a crit charges +50 score for the next crit (max +500).","i18n-Katalog (src/i18n) — über t() aufgelöst","","done",""
"family.D_MISFIRE.tier4.desc","i18n","Jeder Sieg ohne Crit lädt +75 Score (max +750); nach einem Crit bleiben 25 % der Ladung.","Cada victoria sin crítico carga +75 de puntuación (máx. +750); tras un crítico queda el 25 % de la carga.","Every win without a crit charges +75 score (max +750); after a crit, 25% of the charge remains.","i18n-Katalog (src/i18n) — über t() aufgelöst","","done",""
"family.D_OVERCRIT.name","i18n","Überschusskrit","Crítico Excedente","Surplus Crit","i18n-Katalog (src/i18n) — über t() aufgelöst","","done",""
"family.D_OVERCRIT.tier1.desc","i18n","Crit über 110 % effektiver Crit-Chance: +200 Score.","Crítico por encima del 110 % de probabilidad de crítico efectiva: +200 de puntuación.","Crit above 110% effective crit chance: +200 score.","i18n-Katalog (src/i18n) — über t() aufgelöst","","done",""
"family.D_OVERCRIT.tier2.desc","i18n","Crit über 100 % effektiver Crit-Chance: +300 Score.","Crítico por encima del 100 % de probabilidad de crítico efectiva: +300 de puntuación.","Crit above 100% effective crit chance: +300 score.","i18n-Katalog (src/i18n) — über t() aufgelöst","","done",""
"family.D_OVERCRIT.tier3.desc","i18n","Jeder Überschuss-Crit (über 100 %): +500 Score.","Cada crítico excedente (por encima del 100 %): +500 de puntuación.","Every surplus crit (above 100%): +500 score.","i18n-Katalog (src/i18n) — über t() aufgelöst","","done",""
"family.D_OVERCRIT.tier4.desc","i18n","Jeder Überschuss-Crit: +500 Score plus 5 je Prozentpunkt über 100 % (höchstens 100 Prozentpunkte gezählt).","Cada crítico excedente: +500 de puntuación más 5 por cada punto porcentual por encima del 100 % (se cuentan como máximo 100 puntos porcentuales).","Every surplus crit: +500 score plus 5 per percentage point above 100% (at most 100 percentage points counted).","i18n-Katalog (src/i18n) — über t() aufgelöst","","done",""
"family.D_OVERPOWER.name","i18n","Übermacht","Supremacía","Overpower","i18n-Katalog (src/i18n) — über t() aufgelöst","","done",""
"family.D_OVERPOWER.tier1.desc","i18n","Sieg mit ≥10 Kampfwert-Vorsprung: +300 Score.","Victoria con un margen de 10 o más: +300 de puntuación.","Win with a margin of 10 or more: +300 score.","i18n-Katalog (src/i18n) — über t() aufgelöst","","done",""
"family.D_OVERPOWER.tier2.desc","i18n","Sieg mit ≥8 Kampfwert-Vorsprung: +400 Score.","Victoria con un margen de 8 o más: +400 de puntuación.","Win with a margin of 8 or more: +400 score.","i18n-Katalog (src/i18n) — über t() aufgelöst","","done",""
"family.D_OVERPOWER.tier3.desc","i18n","Sieg mit ≥6 Kampfwert-Vorsprung: +550 Score.","Victoria con un margen de 6 o más: +550 de puntuación.","Win with a margin of 6 or more: +550 score.","i18n-Katalog (src/i18n) — über t() aufgelöst","","done",""
"family.D_OVERPOWER.tier4.desc","i18n","Sieg mit ≥4 Kampfwert-Vorsprung: +750 Score.","Victoria con un margen de 4 o más: +750 de puntuación.","Win with a margin of 4 or more: +750 score.","i18n-Katalog (src/i18n) — über t() aufgelöst","","done",""
"family.D_PRECISION.name","i18n","Gleichklang","Unísono","Unison","i18n-Katalog (src/i18n) — über t() aufgelöst","","done",""
"family.D_PRECISION.tier1.desc","i18n","Zwei Siege in Folge mit gleichem Kartenwert: +250 Score auf den zweiten.","Dos victorias seguidas con el mismo valor de carta: +250 de puntuación en la segunda.","Two wins in a row with the same card value: +250 score on the second.","i18n-Katalog (src/i18n) — über t() aufgelöst","","done",""
"family.D_PRECISION.tier2.desc","i18n","Zwei Siege in Folge mit gleichem Kartenwert: +450 Score auf den zweiten.","Dos victorias seguidas con el mismo valor de carta: +450 de puntuación en la segunda.","Two wins in a row with the same card value: +450 score on the second.","i18n-Katalog (src/i18n) — über t() aufgelöst","","done",""
"family.D_PRECISION.tier3.desc","i18n","Zwei Siege in Folge mit gleichem oder um 1 abweichendem Wert: +550 Score auf den zweiten.","Dos victorias seguidas con el mismo valor o con 1 de diferencia: +550 de puntuación en la segunda.","Two wins in a row with the same value or 1 apart: +550 score on the second.","i18n-Katalog (src/i18n) — über t() aufgelöst","","done",""
"family.D_PRECISION.tier4.desc","i18n","Zwei Siege in Folge mit gleichem oder um 1 abweichendem Wert: +800 Score; die Kette läuft weiter (jeder wertgleiche Folgesieg zahlt).","Dos victorias seguidas con el mismo valor o con 1 de diferencia: +800 de puntuación; la cadena sigue (cada victoria encadenada con el mismo valor paga).","Two wins in a row with the same value or 1 apart: +800 score; the chain keeps running (every matching follow-up win pays).","i18n-Katalog (src/i18n) — über t() aufgelöst","","done",""
"family.D_RHYTHM.name","i18n","Perfekter Rhythmus","Ritmo Perfecto","Rhythm","i18n-Katalog (src/i18n) — über t() aufgelöst","","done",""
"family.D_RHYTHM.tier1.desc","i18n","Im Takt: jeder 7. Sieg gibt +250 Score.","En ritmo: cada 7 victorias dan +250 de puntuación.","In rhythm: every 7th win gives +250 score.","i18n-Katalog (src/i18n) — über t() aufgelöst","","done",""
"family.D_RHYTHM.tier2.desc","i18n","Im Takt: jeder 5. Sieg gibt +350 Score.","En ritmo: cada 5 victorias dan +350 de puntuación.","In rhythm: every 5th win gives +350 score.","i18n-Katalog (src/i18n) — über t() aufgelöst","","done",""
"family.D_RHYTHM.tier3.desc","i18n","Im Takt: jeder 4. Sieg gibt +450 Score.","En ritmo: cada 4 victorias dan +450 de puntuación.","In rhythm: every 4th win gives +450 score.","i18n-Katalog (src/i18n) — über t() aufgelöst","","done",""
"family.D_RHYTHM.tier4.desc","i18n","Im Takt: jeder 3. Sieg gibt +600 Score.","En ritmo: cada 3 victorias dan +600 de puntuación.","In rhythm: every 3th win gives +600 score.","i18n-Katalog (src/i18n) — über t() aufgelöst","","done",""
"family.D_SHARP_EYE.name","i18n","Geschärfter Blick","Vista Aguda","Sharp Eye","i18n-Katalog (src/i18n) — über t() aufgelöst","","done",""
"family.D_SHARP_EYE.tier1.desc","i18n","Crit mit Kartenwert ≥9: +225 Score.","Crítico con valor de carta 9 o más: +225 de puntuación.","Crit with card value 9 or more: +225 score.","i18n-Katalog (src/i18n) — über t() aufgelöst","","done",""
"family.D_SHARP_EYE.tier2.desc","i18n","Crit mit Kartenwert ≥8: +350 Score.","Crítico con valor de carta 8 o más: +350 de puntuación.","Crit with card value 8 or more: +350 score.","i18n-Katalog (src/i18n) — über t() aufgelöst","","done",""
"family.D_SHARP_EYE.tier3.desc","i18n","Crit mit Kartenwert ≥7: +500 Score.","Crítico con valor de carta 7 o más: +500 de puntuación.","Crit with card value 7 or more: +500 score.","i18n-Katalog (src/i18n) — über t() aufgelöst","","done",""
"family.D_SHARP_EYE.tier4.desc","i18n","Crit mit Kartenwert ≥6: +750 Score.","Crítico con valor de carta 6 o más: +750 de puntuación.","Crit with card value 6 or more: +750 score.","i18n-Katalog (src/i18n) — über t() aufgelöst","","done",""
"family.D_STREAK.name","i18n","Siegesserie","Racha de Victorias","Win Streak","i18n-Katalog (src/i18n) — über t() aufgelöst","","done",""
"family.D_STREAK.tier1.desc","i18n","Jeder Sieg: +15 Score je Serienpunkt (max +150).","Cada victoria: +15 de puntuación por punto de racha (máx. +150).","Every win: +15 score per streak point (max +150).","i18n-Katalog (src/i18n) — über t() aufgelöst","","done",""
"family.D_STREAK.tier2.desc","i18n","Jeder Sieg: +25 Score je Serienpunkt (max +250).","Cada victoria: +25 de puntuación por punto de racha (máx. +250).","Every win: +25 score per streak point (max +250).","i18n-Katalog (src/i18n) — über t() aufgelöst","","done",""
"family.D_STREAK.tier3.desc","i18n","Jeder Sieg: +35 Score je Serienpunkt (max +420).","Cada victoria: +35 de puntuación por punto de racha (máx. +420).","Every win: +35 score per streak point (max +420).","i18n-Katalog (src/i18n) — über t() aufgelöst","","done",""
"family.D_STREAK.tier4.desc","i18n","Jeder Sieg: +50 Score je Serienpunkt (max +750).","Cada victoria: +50 de puntuación por punto de racha (máx. +750).","Every win: +50 score per streak point (max +750).","i18n-Katalog (src/i18n) — über t() aufgelöst","","done",""
"family.D_SUIT_STREAK.name","i18n","Farbrausch","Fiebre de Palo","Suit Rush","i18n-Katalog (src/i18n) — über t() aufgelöst","","done",""
"family.D_SUIT_STREAK.tier1.desc","i18n","Siege in Folge derselben Farbe: je +75 mehr Score (max +300).","Victorias seguidas del mismo palo: +75 de puntuación más cada una (máx. +300).","Wins in a row in the same suit: +75 more score each (max +300).","i18n-Katalog (src/i18n) — über t() aufgelöst","","done",""
"family.D_SUIT_STREAK.tier2.desc","i18n","Siege in Folge derselben Farbe: je +100 mehr Score (max +500).","Victorias seguidas del mismo palo: +100 de puntuación más cada una (máx. +500).","Wins in a row in the same suit: +100 more score each (max +500).","i18n-Katalog (src/i18n) — über t() aufgelöst","","done",""
"family.D_SUIT_STREAK.tier3.desc","i18n","Siege in Folge derselben Farbe: je +150 mehr Score (max +750).","Victorias seguidas del mismo palo: +150 de puntuación más cada una (máx. +750).","Wins in a row in the same suit: +150 more score each (max +750).","i18n-Katalog (src/i18n) — über t() aufgelöst","","done",""
"family.D_SUIT_STREAK.tier4.desc","i18n","Siege in Folge derselben Farbe: je +200 mehr Score (max +1.200); ein Farbwechsel halbiert die Farbserie, statt sie zurückzusetzen.","Victorias seguidas del mismo palo: +200 de puntuación más cada una (máx. +1.200); un cambio de palo reduce la racha de palo a la mitad en vez de reiniciarla.","Wins in a row in the same suit: +200 more score each (max +1,200); a change of suit halves the suit streak instead of resetting it.","i18n-Katalog (src/i18n) — über t() aufgelöst","","done",""
"family.D_TENTH_WIN.name","i18n","Beutezug","Botín","Raid","i18n-Katalog (src/i18n) — über t() aufgelöst","","done",""
"family.D_TENTH_WIN.tier1.desc","i18n","Jeder 12. Sieg des Laufs: +600 Score.","Cada 12 victorias de la partida: +600 de puntuación.","Every 12th win of the run: +600 score.","i18n-Katalog (src/i18n) — über t() aufgelöst","","done",""
"family.D_TENTH_WIN.tier2.desc","i18n","Jeder 10. Sieg des Laufs: +800 Score.","Cada 10 victorias de la partida: +800 de puntuación.","Every 10th win of the run: +800 score.","i18n-Katalog (src/i18n) — über t() aufgelöst","","done",""
"family.D_TENTH_WIN.tier3.desc","i18n","Jeder 8. Sieg des Laufs: +900 Score.","Cada 8 victorias de la partida: +900 de puntuación.","Every 8th win of the run: +900 score.","i18n-Katalog (src/i18n) — über t() aufgelöst","","done",""
"family.D_TENTH_WIN.tier4.desc","i18n","Jeder 5. Sieg des Laufs: +1.000 Score.","Cada 5 victorias de la partida: +1.000 de puntuación.","Every 5th win of the run: +1,000 score.","i18n-Katalog (src/i18n) — über t() aufgelöst","","done",""
"family.D_UNDERDOG.name","i18n","Außenseitersieg","Victoria del Desvalido","Underdog Win","i18n-Katalog (src/i18n) — über t() aufgelöst","","done",""
"family.D_UNDERDOG.tier1.desc","i18n","Sieg mit Kartenwert ≤2: +250 Score.","Victoria con valor de carta 2 o menos: +250 de puntuación.","Win with card value 2 or less: +250 score.","i18n-Katalog (src/i18n) — über t() aufgelöst","","done",""
"family.D_UNDERDOG.tier2.desc","i18n","Sieg mit Kartenwert ≤3: +350 Score.","Victoria con valor de carta 3 o menos: +350 de puntuación.","Win with card value 3 or less: +350 score.","i18n-Katalog (src/i18n) — über t() aufgelöst","","done",""
"family.D_UNDERDOG.tier3.desc","i18n","Sieg mit Kartenwert ≤4: +500 Score.","Victoria con valor de carta 4 o menos: +500 de puntuación.","Win with card value 4 or less: +500 score.","i18n-Katalog (src/i18n) — über t() aufgelöst","","done",""
"family.D_UNDERDOG.tier4.desc","i18n","Sieg mit Kartenwert ≤5: +750 Score.","Victoria con valor de carta 5 o menos: +750 de puntuación.","Win with card value 5 or less: +750 score.","i18n-Katalog (src/i18n) — über t() aufgelöst","","done",""
"family.D_WEAKNESS.name","i18n","Schwachstellenanalyse","Análisis de Debilidades","Weakness Analysis","i18n-Katalog (src/i18n) — über t() aufgelöst","","done",""
"family.D_WEAKNESS.tier1.desc","i18n","Nach einer Niederlage mit ≥7 Wertabstand: nächster Sieg +250 Score.","Tras una derrota con 7 o más de diferencia de valor: la próxima victoria +250 de puntuación.","After a loss by 7 value or more: next win +250 score.","i18n-Katalog (src/i18n) — über t() aufgelöst","","done",""
"family.D_WEAKNESS.tier2.desc","i18n","Nach einer Niederlage mit ≥5 Wertabstand: nächster Sieg +350 Score.","Tras una derrota con 5 o más de diferencia de valor: la próxima victoria +350 de puntuación.","After a loss by 5 value or more: next win +350 score.","i18n-Katalog (src/i18n) — über t() aufgelöst","","done",""
"family.D_WEAKNESS.tier3.desc","i18n","Nach einer Niederlage mit ≥4 Wertabstand: nächster Sieg +500 Score.","Tras una derrota con 4 o más de diferencia de valor: la próxima victoria +500 de puntuación.","After a loss by 4 value or more: next win +500 score.","i18n-Katalog (src/i18n) — über t() aufgelöst","","done",""
"family.D_WEAKNESS.tier4.desc","i18n","Nach jeder Niederlage: nächster Sieg +600 Score; bei ≥5 Wertabstand +900.","Tras cualquier derrota: la próxima victoria +600 de puntuación; con 5 o más de diferencia de valor, +900.","After any loss: next win +600 score; by 5 value or more, +900.","i18n-Katalog (src/i18n) — über t() aufgelöst","","done",""
"family.E_AFTERGLOW.name","i18n","Nachhall","Eco","Afterglow","i18n-Katalog (src/i18n) — über t() aufgelöst","","done",""
"family.E_AFTERGLOW.tier1.desc","i18n","Der Formations-Faktor deiner Wiederholung überträgt sich auf die nächste Karte (höchstens ×1,20), auch wenn sie selbst nicht Teil der Formation ist.","El factor de formación de tu repetición se transmite a la carta siguiente (como máximo ×1,20), aunque esa carta no forme parte de la formación.","The formation factor of your repeat carries over to the next card (at most ×1.20), even if that card is not part of the formation itself.","i18n-Katalog (src/i18n) — über t() aufgelöst","","done",""
"family.E_AFTERGLOW.tier2.desc","i18n","Wirkt bei allen Formationen; Faktor höchstens ×1,25.","Funciona con todas las formaciones; factor como máximo ×1,25.","Works for all formations; factor at most ×1.25.","i18n-Katalog (src/i18n) — über t() aufgelöst","","done",""
"family.E_AFTERGLOW.tier3.desc","i18n","Übernimmt den stärksten Einzelfaktor vollständig.","Transmite por completo el factor individual más fuerte.","Carries the strongest single factor over in full.","i18n-Katalog (src/i18n) — über t() aufgelöst","","done",""
"family.E_AFTERGLOW.tier4.desc","i18n","Übernimmt den stärksten Einzelfaktor und hält für die nächsten zwei Karten.","Transmite el factor individual más fuerte y lo mantiene durante las dos cartas siguientes.","Carries the strongest single factor over and holds it for the next two cards.","i18n-Katalog (src/i18n) — über t() aufgelöst","","done",""
"family.E_BIGSTEP.name","i18n","Großer Schritt","Gran Paso","Big Step","i18n-Katalog (src/i18n) — über t() aufgelöst","","done",""
"family.E_BIGSTEP.tier1.desc","i18n","Einmal pro Segment darf eine Treppe einen Rückschritt enthalten.","Una vez por segmento, una escalera puede contener un paso atrás.","Once per segment, a stair may contain one step back.","i18n-Katalog (src/i18n) — über t() aufgelöst","","done",""
"family.E_BIGSTEP.tier2.desc","i18n","Jede Treppe darf einen Rückschritt enthalten.","Cada escalera puede contener un paso atrás.","Every stair may contain one step back.","i18n-Katalog (src/i18n) — über t() aufgelöst","","done",""
"family.E_BIGSTEP.tier3.desc","i18n","Jede Treppe darf zwei Rückschritte enthalten.","Cada escalera puede contener dos pasos atrás.","Every stair may contain two steps back.","i18n-Katalog (src/i18n) — über t() aufgelöst","","done",""
"family.E_BIGSTEP.tier4.desc","i18n","Treppen dürfen die Richtung wechseln.","Las escaleras pueden cambiar de dirección.","Stairs may change direction.","i18n-Katalog (src/i18n) — über t() aufgelöst","","done",""
"family.E_COLOR_ALLIANCE.name","i18n","Farballianz","Alianza de Palos","Suit Alliance","i18n-Katalog (src/i18n) — über t() aufgelöst","","done",""
"family.E_COLOR_ALLIANCE.tier1.desc","i18n","Wähle 2 Farben: sie zählen in allen Farb-Wertungen als dieselbe Farbe, außer bei Farbverstärkung/Farbduell.","Elige 2 palos: cuentan como el mismo palo en todas las puntuaciones de palo, salvo en Refuerzo de Palo y Duelo de Palos.","Choose 2 suits: they count as the same suit in all suit scoring, except for Suit Boost and Suit Duel.","i18n-Katalog (src/i18n) — über t() aufgelöst","","done",""
"family.E_COLOR_ALLIANCE.tier2.desc","i18n","Wähle 3 Farben: sie zählen in allen Farb-Wertungen als dieselbe Farbe, außer bei Farbverstärkung/Farbduell.","Elige 3 palos: cuentan como el mismo palo en todas las puntuaciones de palo, salvo en Refuerzo de Palo y Duelo de Palos.","Choose 3 suits: they count as the same suit in all suit scoring, except for Suit Boost and Suit Duel.","i18n-Katalog (src/i18n) — über t() aufgelöst","","done",""
"family.E_COLOR_ALLIANCE.tier3.desc","i18n","Alle vier zählen in allen Farb-Wertungen als dieselbe Farbe, außer bei Farbverstärkung/Farbduell.","Los cuatro cuentan como el mismo palo en todas las puntuaciones de palo, salvo en Refuerzo de Palo y Duelo de Palos.","All four count as the same suit in all suit scoring, except for Suit Boost and Suit Duel.","i18n-Katalog (src/i18n) — über t() aufgelöst","","done",""
"family.E_COLOR_ALLIANCE.tier4.desc","i18n","Alle vier zählen als dieselbe Farbe, Farbblöcke starten bei ×1,55 (statt ×1,35), außer bei Farbverstärkung/Farbduell.","Los cuatro cuentan como el mismo palo y los bloques de palo empiezan en ×1,55 (en vez de ×1,35), salvo en Refuerzo de Palo y Duelo de Palos.","All four count as the same suit, and suit blocks start at ×1.55 (instead of ×1.35), except for Suit Boost and Suit Duel.","i18n-Katalog (src/i18n) — über t() aufgelöst","","done",""
"family.E_COLORBRIDGE.name","i18n","Farbbrücke","Puente de Palos","Suit Bridge","i18n-Katalog (src/i18n) — über t() aufgelöst","","done",""
"family.E_COLORBRIDGE.tier1.desc","i18n","Einmal pro Segment darf ein Farbblock eine Fremdfarbe überbrücken.","Una vez por segmento, un bloque de palo puede saltar un palo ajeno.","Once per segment, a suit block may bridge one foreign suit.","i18n-Katalog (src/i18n) — über t() aufgelöst","","done",""
"family.E_COLORBRIDGE.tier2.desc","i18n","Jeder Farbblock darf eine Fremdfarbe enthalten.","Cada bloque de palo puede contener un palo ajeno.","Every suit block may contain one foreign suit.","i18n-Katalog (src/i18n) — über t() aufgelöst","","done",""
"family.E_COLORBRIDGE.tier3.desc","i18n","Jeder Farbblock darf zwei Fremdfarben enthalten.","Cada bloque de palo puede contener dos palos ajenos.","Every suit block may contain two foreign suits.","i18n-Katalog (src/i18n) — über t() aufgelöst","","done",""
"family.E_COLORBRIDGE.tier4.desc","i18n","Fremdfarben unterbrechen Farbblöcke nicht (zählen nicht mit).","Los palos ajenos no interrumpen los bloques de palo (no cuentan para ellos).","Foreign suits do not interrupt suit blocks (they do not count towards them).","i18n-Katalog (src/i18n) — über t() aufgelöst","","done",""
"family.E_CORE.name","i18n","Formationskern","Núcleo de Formación","Formation Core","i18n-Katalog (src/i18n) — über t() aufgelöst","","done",""
"family.E_CORE.tier1.desc","i18n","Wähle 1 Formationstyp: seine aktiven Formationen zusätzlich ×1,15.","Elige 1 tipo de formación: sus formaciones activas ×1,15 adicional.","Choose 1 formation type: its active formations ×1.15 on top.","i18n-Katalog (src/i18n) — über t() aufgelöst","","done",""
"family.E_CORE.tier2.desc","i18n","Wähle 1 Formationstyp: seine aktiven Formationen zusätzlich ×1,25.","Elige 1 tipo de formación: sus formaciones activas ×1,25 adicional.","Choose 1 formation type: its active formations ×1.25 on top.","i18n-Katalog (src/i18n) — über t() aufgelöst","","done",""
"family.E_CORE.tier3.desc","i18n","Wähle 1 Formationstyp: seine aktiven Formationen zusätzlich ×1,40.","Elige 1 tipo de formación: sus formaciones activas ×1,40 adicional.","Choose 1 formation type: its active formations ×1.40 on top.","i18n-Katalog (src/i18n) — über t() aufgelöst","","done",""
"family.E_CORE.tier4.desc","i18n","Wähle 1 Formationstyp: seine aktiven Formationen zusätzlich ×1,50 (inkl. Nachhall).","Elige 1 tipo de formación: sus formaciones activas ×1,50 adicional (eco incluido).","Choose 1 formation type: its active formations ×1.50 on top (echo included).","i18n-Katalog (src/i18n) — über t() aufgelöst","","done",""
"family.E_GENTLE.name","i18n","Sanfter Anstieg","Pendiente Suave","Gentle Slope","i18n-Katalog (src/i18n) — über t() aufgelöst","","done",""
"family.E_GENTLE.tier1.desc","i18n","Einmal pro Segment darf eine Treppe einen Gleichstand enthalten.","Una vez por segmento, una escalera puede contener un empate.","Once per segment, a stair may contain one tie.","i18n-Katalog (src/i18n) — über t() aufgelöst","","done",""
"family.E_GENTLE.tier2.desc","i18n","Jede Treppe darf einen Gleichstand enthalten.","Cada escalera puede contener un empate.","Every stair may contain one tie.","i18n-Katalog (src/i18n) — über t() aufgelöst","","done",""
"family.E_GENTLE.tier3.desc","i18n","Jede Treppe darf zwei Gleichstände enthalten.","Cada escalera puede contener dos empates.","Every stair may contain two ties.","i18n-Katalog (src/i18n) — über t() aufgelöst","","done",""
"family.E_GENTLE.tier4.desc","i18n","Gleiche Werte gelten in Treppen als ein Schritt, wenn nötig.","Los valores iguales cuentan como un paso en las escaleras cuando hace falta.","Equal values count as one step in stairs when needed.","i18n-Katalog (src/i18n) — über t() aufgelöst","","done",""
"family.E_LOSS.name","i18n","Kontrollverlust","Pérdida de Control","Loss of Control","i18n-Katalog (src/i18n) — über t() aufgelöst","","done",""
"family.E_LOSS.tier1.desc","i18n","Positionen 20 und 40 zählen als Anker (×1,25).","Las posiciones 20 y 40 cuentan como anclas (×1,25).","Positions 20 and 40 count as anchors (×1.25).","i18n-Katalog (src/i18n) — über t() aufgelöst","","done",""
"family.E_LOSS.tier2.desc","i18n","Positionen 10, 20, 30 und 40 zählen als Anker (×1,25).","Las posiciones 10, 20, 30 y 40 cuentan como anclas (×1,25).","Positions 10, 20, 30 and 40 count as anchors (×1.25).","i18n-Katalog (src/i18n) — über t() aufgelöst","","done",""
"family.E_LOSS.tier3.desc","i18n","Jede Segment-Endposition zählt als Anker (×1,25).","Cada posición final de segmento cuenta como ancla (×1,25).","Every segment-end position counts as an anchor (×1.25).","i18n-Katalog (src/i18n) — über t() aufgelöst","","done",""
"family.E_LOSS.tier4.desc","i18n","Jede Segment-Endposition zählt als Anker (×1,35).","Cada posición final de segmento cuenta como ancla (×1,35).","Every segment-end position counts as an anchor (×1.35).","i18n-Katalog (src/i18n) — über t() aufgelöst","","done",""
"family.E_PACE.name","i18n","Schrittmacher","Marcapasos","Pacemaker","i18n-Katalog (src/i18n) — über t() aufgelöst","","done",""
"family.E_PACE.tier1.desc","i18n","Einmal pro Segment darf eine Wiederholung eine fremde Karte überbrücken.","Una vez por segmento, una repetición puede saltar una carta ajena.","Once per segment, a repeat may bridge one foreign card.","i18n-Katalog (src/i18n) — über t() aufgelöst","","done",""
"family.E_PACE.tier2.desc","i18n","Jede Wiederholung darf eine fremde Karte überbrücken.","Cada repetición puede saltar una carta ajena.","Every repeat may bridge one foreign card.","i18n-Katalog (src/i18n) — über t() aufgelöst","","done",""
"family.E_PACE.tier3.desc","i18n","Jede Wiederholung darf bis zu zwei fremde Karten überbrücken.","Cada repetición puede saltar hasta dos cartas ajenas.","Every repeat may bridge up to two foreign cards.","i18n-Katalog (src/i18n) — über t() aufgelöst","","done",""
"family.E_PACE.tier4.desc","i18n","Fremde Karten unterbrechen Wiederholungen nicht (zählen nicht mit).","Las cartas ajenas no interrumpen las repeticiones (no cuentan para ellas).","Foreign cards do not interrupt repeats (they do not count towards them).","i18n-Katalog (src/i18n) — über t() aufgelöst","","done",""
"family.E_PENDULUM.name","i18n","Pendelwerk","Péndulo","Pendulum","i18n-Katalog (src/i18n) — über t() aufgelöst","","done",""
"family.E_PENDULUM.tier1.desc","i18n","Für einen Wechsel genügt eine Nachbardifferenz von 3 (statt 4); weiterhin ab 3 Karten.","Para un zigzag basta una diferencia entre vecinas de 3 (en vez de 4); sigue siendo a partir de 3 cartas.","A zigzag needs a neighbour difference of only 3 (instead of 4); still from 3 cards.","i18n-Katalog (src/i18n) — über t() aufgelöst","","done",""
"family.E_PENDULUM.tier2.desc","i18n","Ein Wechsel braucht nur noch 2 Karten (Nachbardifferenz weiterhin ≥4).","Un zigzag solo necesita ya 2 cartas (la diferencia entre vecinas sigue siendo ≥4).","A zigzag needs only 2 cards (neighbour difference still 4 or more).","i18n-Katalog (src/i18n) — über t() aufgelöst","","done",""
"family.E_PENDULUM.tier3.desc","i18n","Ein Wechsel braucht nur noch 2 Karten, und eine Nachbardifferenz von 3 genügt.","Un zigzag solo necesita ya 2 cartas, y basta con una diferencia entre vecinas de 3.","A zigzag needs only 2 cards, and a neighbour difference of 3 is enough.","i18n-Katalog (src/i18n) — über t() aufgelöst","","done",""
"family.E_PENDULUM.tier4.desc","i18n","Ein Wechsel braucht nur noch 2 Karten, und eine Nachbardifferenz von 2 genügt; Zweier-Wechsel zählen ab ×1,35.","Un zigzag solo necesita ya 2 cartas, y basta con una diferencia entre vecinas de 2; los zigzags de dos cuentan desde ×1,35.","A zigzag needs only 2 cards, and a neighbour difference of 2 is enough; two-card zigzags count from ×1.35.","i18n-Katalog (src/i18n) — über t() aufgelöst","","done",""
"family.E_QUICKSHOT.name","i18n","Schnellschuss","Disparo Rápido","Quick Shot","i18n-Katalog (src/i18n) — über t() aufgelöst","","done",""
"family.E_QUICKSHOT.tier1.desc","i18n","Positionen 5 und 25 zählen als Anker (×1,25).","Las posiciones 5 y 25 cuentan como anclas (×1,25).","Positions 5 and 25 count as anchors (×1.25).","i18n-Katalog (src/i18n) — über t() aufgelöst","","done",""
"family.E_QUICKSHOT.tier2.desc","i18n","Positionen 5, 15, 25 und 35 zählen als Anker (×1,25).","Las posiciones 5, 15, 25 y 35 cuentan como anclas (×1,25).","Positions 5, 15, 25 and 35 count as anchors (×1.25).","i18n-Katalog (src/i18n) — über t() aufgelöst","","done",""
"family.E_QUICKSHOT.tier3.desc","i18n","Jede fünfte Position (5, 10 … 40) zählt als Anker (×1,25).","Cada quinta posición (5, 10 … 40) cuenta como ancla (×1,25).","Every fifth position (5, 10 … 40) counts as an anchor (×1.25).","i18n-Katalog (src/i18n) — über t() aufgelöst","","done",""
"family.E_QUICKSHOT.tier4.desc","i18n","Jede fünfte Position zählt als Anker (×1,35) und erhält +2 Stichwert.","Cada quinta posición cuenta como ancla (×1,35) y recibe +2 de valor de baza.","Every fifth position counts as an anchor (×1.35) and gets +2 trick value.","i18n-Katalog (src/i18n) — über t() aufgelöst","","done",""
"family.E_RPM.name","i18n","Drehzahl","Revoluciones","Revolutions","i18n-Katalog (src/i18n) — über t() aufgelöst","","done",""
"family.E_RPM.tier1.desc","i18n","Einmal pro Segment darf eine Karte zu zwei Treppen gehören.","Una vez por segmento, una carta puede pertenecer a dos escaleras.","Once per segment, a card may belong to two stairs.","i18n-Katalog (src/i18n) — über t() aufgelöst","","done",""
"family.E_RPM.tier2.desc","i18n","Bis zu zwei Karten pro Segment dürfen zu zwei Treppen gehören.","Hasta dos cartas por segmento pueden pertenecer a dos escaleras.","Up to two cards per segment may belong to two stairs.","i18n-Katalog (src/i18n) — über t() aufgelöst","","done",""
"family.E_RPM.tier3.desc","i18n","Bis zu drei Karten pro Segment dürfen zu zwei Treppen gehören.","Hasta tres cartas por segmento pueden pertenecer a dos escaleras.","Up to three cards per segment may belong to two stairs.","i18n-Katalog (src/i18n) — über t() aufgelöst","","done",""
"family.E_RPM.tier4.desc","i18n","Jede Karte darf gleichzeitig zu zwei Treppen gehören.","Cada carta puede pertenecer a dos escaleras a la vez.","Every card may belong to two stairs at once.","i18n-Katalog (src/i18n) — über t() aufgelöst","","done",""
"family.E_SEGMENT.name","i18n","Segmentarbeit","Trabajo de Segmento","Segment Work","i18n-Katalog (src/i18n) — über t() aufgelöst","","done",""
"family.E_SEGMENT.tier1.desc","i18n","Eine Segmentgrenze ist offen; Formationen dürfen sie überschreiten.","Un límite de segmento está abierto; las formaciones pueden cruzarlo.","One segment boundary is open; formations may cross it.","i18n-Katalog (src/i18n) — über t() aufgelöst","","done",""
"family.E_SEGMENT.tier2.desc","i18n","Zwei Segmentgrenzen sind offen.","Dos límites de segmento están abiertos.","Two segment boundaries are open.","i18n-Katalog (src/i18n) — über t() aufgelöst","","done",""
"family.E_SEGMENT.tier3.desc","i18n","Alle Segmentgrenzen sind offen.","Todos los límites de segmento están abiertos.","All segment boundaries are open.","i18n-Katalog (src/i18n) — über t() aufgelöst","","done",""
"family.E_SEGMENT.tier4.desc","i18n","Alle Segmentgrenzen sind offen; Karten einer segmentüberschreitenden Formation geben zusätzlich ×1,25 Score.","Todos los límites de segmento están abiertos; las cartas de una formación que cruza un límite dan ×1,25 de puntuación adicional.","All segment boundaries are open; cards of a formation crossing a boundary give ×1.25 score on top.","i18n-Katalog (src/i18n) — über t() aufgelöst","","done",""
"family.E_STRONG_REP.name","i18n","Verstärkte Wiederholung","Repetición Reforzada","Reinforced Repeat","i18n-Katalog (src/i18n) — über t() aufgelöst","","done",""
"family.E_STRONG_REP.tier1.desc","i18n","Zweite Karte einer Wiederholung: ×1,30 (statt ×1,25).","Segunda carta de una repetición: ×1,30 (en vez de ×1,25).","Second card of a repeat: ×1.30 (instead of ×1.25).","i18n-Katalog (src/i18n) — über t() aufgelöst","","done",""
"family.E_STRONG_REP.tier2.desc","i18n","Zweite Karte einer Wiederholung: ×1,35.","Segunda carta de una repetición: ×1,35.","Second card of a repeat: ×1.35.","i18n-Katalog (src/i18n) — über t() aufgelöst","","done",""
"family.E_STRONG_REP.tier3.desc","i18n","Zweite und dritte Wiederholungskarte: je +0,10 auf ihren Formations-Faktor.","Segunda y tercera carta de repetición: +0,10 cada una en su factor de formación.","Second and third repeat card: +0.10 on their formation factor each.","i18n-Katalog (src/i18n) — über t() aufgelöst","","done",""
"family.E_STRONG_REP.tier4.desc","i18n","Alle Wiederholungsfaktoren: zusätzlich ×1,20.","Todos los factores de repetición: ×1,20 adicional.","All repeat factors: ×1.20 on top.","i18n-Katalog (src/i18n) — über t() aufgelöst","","done",""
"family.E_TUNING.name","i18n","Feinjustierung","Ajuste Fino","Tuning","i18n-Katalog (src/i18n) — über t() aufgelöst","","done",""
"family.E_TUNING.tier1.desc","i18n","Jede zweite Aufstellungsphase: +1 Energie.","Cada segunda fase de orden: +1 de energía.","Every second order phase: +1 energy.","i18n-Katalog (src/i18n) — über t() aufgelöst","","done",""
"family.E_TUNING.tier2.desc","i18n","Jede Aufstellungsphase: +1 Energie.","Cada fase de orden: +1 de energía.","Every order phase: +1 energy.","i18n-Katalog (src/i18n) — über t() aufgelöst","","done",""
"family.E_TUNING.tier3.desc","i18n","Jede Aufstellungsphase: +2 Energie.","Cada fase de orden: +2 de energía.","Every order phase: +2 energy.","i18n-Katalog (src/i18n) — über t() aufgelöst","","done",""
"family.E_TUNING.tier4.desc","i18n","Jede Aufstellungsphase: +3 Energie.","Cada fase de orden: +3 de energía.","Every order phase: +3 energy.","i18n-Katalog (src/i18n) — über t() aufgelöst","","done",""
"family.P_AIM.name","i18n","Zielsicherheit","Puntería","Accuracy","i18n-Katalog (src/i18n) — über t() aufgelöst","","done",""
"family.P_AIM.tier1.desc","i18n","Karten mit Wert ≥ 9: +15 % Crit-Chance.","Cartas con valor 9 o más: +15 % de probabilidad de crítico.","Cards with value 9 or more: +15% crit chance.","i18n-Katalog (src/i18n) — über t() aufgelöst","","done",""
"family.P_AIM.tier2.desc","i18n","Karten mit Wert ≥ 8: +15 % Crit-Chance.","Cartas con valor 8 o más: +15 % de probabilidad de crítico.","Cards with value 8 or more: +15% crit chance.","i18n-Katalog (src/i18n) — über t() aufgelöst","","done",""
"family.P_AIM.tier3.desc","i18n","Karten mit Wert ≥ 7: +15 % Crit-Chance.","Cartas con valor 7 o más: +15 % de probabilidad de crítico.","Cards with value 7 or more: +15% crit chance.","i18n-Katalog (src/i18n) — über t() aufgelöst","","done",""
"family.P_AIM.tier4.desc","i18n","Karten mit Wert ≥ 6: +15 % Crit-Chance.","Cartas con valor 6 o más: +15 % de probabilidad de crítico.","Cards with value 6 or more: +15% crit chance.","i18n-Katalog (src/i18n) — über t() aufgelöst","","done",""
"family.P_COLORFOCUS.name","i18n","Farbfokus","Enfoque de Palo","Suit Focus","i18n-Katalog (src/i18n) — über t() aufgelöst","","done",""
"family.P_COLORFOCUS.tier1.desc","i18n","Wähle eine Farbe: Karten dieser Farbe +10 % Crit-Chance.","Elige un palo: las cartas de ese palo +10 % de probabilidad de crítico.","Choose a suit: cards of that suit +10% crit chance.","i18n-Katalog (src/i18n) — über t() aufgelöst","","done",""
"family.P_COLORFOCUS.tier2.desc","i18n","Wähle eine Farbe: Karten dieser Farbe +14 % Crit-Chance.","Elige un palo: las cartas de ese palo +14 % de probabilidad de crítico.","Choose a suit: cards of that suit +14% crit chance.","i18n-Katalog (src/i18n) — über t() aufgelöst","","done",""
"family.P_COLORFOCUS.tier3.desc","i18n","Wähle eine Farbe: Karten dieser Farbe +18 % Crit-Chance.","Elige un palo: las cartas de ese palo +18 % de probabilidad de crítico.","Choose a suit: cards of that suit +18% crit chance.","i18n-Katalog (src/i18n) — über t() aufgelöst","","done",""
"family.P_COLORFOCUS.tier4.desc","i18n","Wähle ZWEI Farben: Karten dieser Farben je +18 % Crit-Chance.","Elige DOS palos: las cartas de esos palos +18 % de probabilidad de crítico cada una.","Choose TWO suits: cards of those suits +18% crit chance each.","i18n-Katalog (src/i18n) — über t() aufgelöst","","done",""
"family.P_FORCE.name","i18n","Wucht","Potencia","Force","i18n-Katalog (src/i18n) — über t() aufgelöst","","done",""
"family.P_FORCE.tier1.desc","i18n","+0,25× Crit-Multiplikator (auf Basis 2,25×).","+0,25× de multiplicador de crítico (sobre una base de 2,25×).","+0.25× crit multiplier (on a base of 2.25×).","i18n-Katalog (src/i18n) — über t() aufgelöst","","done",""
"family.P_FORCE.tier2.desc","i18n","+0,4× Crit-Multiplikator (auf Basis 2,25×).","+0,4× de multiplicador de crítico (sobre una base de 2,25×).","+0.4× crit multiplier (on a base of 2.25×).","i18n-Katalog (src/i18n) — über t() aufgelöst","","done",""
"family.P_FORCE.tier3.desc","i18n","+0,6× Crit-Multiplikator (auf Basis 2,25×).","+0,6× de multiplicador de crítico (sobre una base de 2,25×).","+0.6× crit multiplier (on a base of 2.25×).","i18n-Katalog (src/i18n) — über t() aufgelöst","","done",""
"family.P_FORCE.tier4.desc","i18n","+0,9× Crit-Multiplikator (auf Basis 2,25×).","+0,9× de multiplicador de crítico (sobre una base de 2,25×).","+0.9× crit multiplier (on a base of 2.25×).","i18n-Katalog (src/i18n) — über t() aufgelöst","","done",""
"family.P_LENS.name","i18n","Brennglas","Lupa ardiente","Burning Glass","i18n-Katalog (src/i18n) — über t() aufgelöst","","done",""
"family.P_LENS.tier1.desc","i18n","+6 % Crit-Chance je gleichzeitiger Formation ab der zweiten an der Siegposition (max 3 extra).","+6 % de probabilidad de crítico por cada formación simultánea a partir de la segunda en la posición ganadora (máx. 3 extra).","+6% crit chance per simultaneous formation beyond the first at the winning position (max 3 extra).","i18n-Katalog (src/i18n) — über t() aufgelöst","","done",""
"family.P_LENS.tier2.desc","i18n","+8 % Crit-Chance je gleichzeitiger Formation ab der zweiten an der Siegposition (max 3 extra).","+8 % de probabilidad de crítico por cada formación simultánea a partir de la segunda en la posición ganadora (máx. 3 extra).","+8% crit chance per simultaneous formation beyond the first at the winning position (max 3 extra).","i18n-Katalog (src/i18n) — über t() aufgelöst","","done",""
"family.P_LENS.tier3.desc","i18n","+10 % Crit-Chance je gleichzeitiger Formation ab der zweiten an der Siegposition (max 3 extra).","+10 % de probabilidad de crítico por cada formación simultánea a partir de la segunda en la posición ganadora (máx. 3 extra).","+10% crit chance per simultaneous formation beyond the first at the winning position (max 3 extra).","i18n-Katalog (src/i18n) — über t() aufgelöst","","done",""
"family.P_LENS.tier4.desc","i18n","+13 % Crit-Chance je gleichzeitiger Formation ab der zweiten an der Siegposition (max 3 extra).","+13 % de probabilidad de crítico por cada formación simultánea a partir de la segunda en la posición ganadora (máx. 3 extra).","+13% crit chance per simultaneous formation beyond the first at the winning position (max 3 extra).","i18n-Katalog (src/i18n) — über t() aufgelöst","","done",""
"family.P_SHARPNESS.name","i18n","Schärfe","Agudeza","Sharpness","i18n-Katalog (src/i18n) — über t() aufgelöst","","done",""
"family.P_SHARPNESS.tier1.desc","i18n","Alle Karten: +6 % Crit-Chance.","Todas las cartas: +6 % de probabilidad de crítico.","All cards: +6% crit chance.","i18n-Katalog (src/i18n) — über t() aufgelöst","","done",""
"family.P_SHARPNESS.tier2.desc","i18n","Alle Karten: +9 % Crit-Chance.","Todas las cartas: +9 % de probabilidad de crítico.","All cards: +9% crit chance.","i18n-Katalog (src/i18n) — über t() aufgelöst","","done",""
"family.P_SHARPNESS.tier3.desc","i18n","Alle Karten: +12 % Crit-Chance.","Todas las cartas: +12 % de probabilidad de crítico.","All cards: +12% crit chance.","i18n-Katalog (src/i18n) — über t() aufgelöst","","done",""
"family.P_SHARPNESS.tier4.desc","i18n","Alle Karten: +15 % Crit-Chance.","Todas las cartas: +15 % de probabilidad de crítico.","All cards: +15% crit chance.","i18n-Katalog (src/i18n) — über t() aufgelöst","","done",""
"famtarget.alreadyBound","i18n","({n} bereits als Rolle gebunden)","({n} ya con rol asignado)","({n} already bound as a role)","i18n-Katalog (src/i18n) — über t() aufgelöst","","done",""
"famtarget.deck","i18n","Dein Deck · aktuelle Formationen","Tu mazo · formaciones actuales","Your deck · current formations","i18n-Katalog (src/i18n) — über t() aufgelöst","","done",""
"famtarget.deck.arch","i18n","Dein Deck · aktuelle Formationen & Gebäude","Tu mazo · formaciones y edificios actuales","Your deck · current formations & buildings","i18n-Katalog (src/i18n) — über t() aufgelöst","","done",""
"famtarget.deckValues","i18n","Deck-Werte je Farbe","Valores del mazo por palo","Deck values per suit","i18n-Katalog (src/i18n) — über t() aufgelöst","","done",""
"famtarget.ordered","i18n","Reihenfolge: erste Farbe = Gewinner (+), zweite = Verlierer (−)","El orden cuenta: primer palo = ganador (+), segundo = perdedor (−)","Order matters: first suit = winner (+), second = loser (−)","i18n-Katalog (src/i18n) — über t() aufgelöst","","done",""
"famtarget.pickSuits_one","i18n","Wähle eine Farbe","Elige un palo","Choose one suit","i18n-Katalog (src/i18n) — über t() aufgelöst","","done",""
"famtarget.pickSuits_other","i18n","Wähle {count} Farben","Elige {count} palos","Choose {count} suits","i18n-Katalog (src/i18n) — über t() aufgelöst","","done",""
"famtarget.pickType","i18n","Wähle einen Formationstyp","Elige un tipo de formación","Choose a formation type","i18n-Katalog (src/i18n) — über t() aufgelöst","","done",""
"famtarget.strength","i18n","Formations-Stärke:","Fuerza de formación:","Formation strength:","i18n-Katalog (src/i18n) — über t() aufgelöst","","done",""
"feedback.desk.readout","i18n","Geht direkt an die Entwicklung. Seed und Durchlauf des letzten Laufs hängen automatisch mit dran.","Va directamente a los desarrolladores. La semilla y el ciclo de tu última partida se adjuntan automáticamente.","Goes straight to the developers. Seed and cycle of your last run are attached automatically.","i18n-Katalog (src/i18n) — über t() aufgelöst","","done",""
"feedback.detailHint","i18n","Je mehr Details, desto schneller können wir helfen.","Cuantos más detalles, más rápido podremos ayudarte.","The more detail, the faster we can help.","i18n-Katalog (src/i18n) — über t() aufgelöst","","done",""
"feedback.draftSent","i18n","Dein zuletzt hängengebliebener Report ist jetzt rausgegangen.","Tu último informe atascado ya se ha enviado.","Your last stuck report has now gone out.","i18n-Katalog (src/i18n) — über t() aufgelöst","","done",""
"feedback.err.dailyCap","i18n","Für heute ist genug gemeldet. Morgen geht es weiter.","Por hoy ya es suficiente. Mañana se puede seguir.","That is enough for today. Tomorrow it continues.","i18n-Katalog (src/i18n) — über t() aufgelöst","","done",""
"feedback.err.offline","i18n","Der Melder ist in diesem Build nicht konfiguriert; dein Text geht hier gerade nirgendwohin.","El notificador no está configurado en este build; ahora mismo tu texto no va a ninguna parte.","The reporter is not configured in this build; your text is not going anywhere right now.","i18n-Katalog (src/i18n) — über t() aufgelöst","","done",""
"feedback.err.send","i18n","Konnte nicht gesendet werden. Dein Text ist gespeichert (und in der Zwischenablage) und geht beim nächsten Öffnen automatisch raus.","No se ha podido enviar. Tu texto está guardado (y en el portapapeles) y saldrá automáticamente la próxima vez que abras esto.","Could not be sent. Your text is saved (and in the clipboard) and goes out automatically next time you open this.","i18n-Katalog (src/i18n) — über t() aufgelöst","","done",""
"feedback.err.tooSoon","i18n","Kurz warten: noch {s} Sekunden bis zum nächsten Report.","Espera un momento: quedan {s} segundos hasta el próximo informe.","Hold on: {s} seconds until the next report.","i18n-Katalog (src/i18n) — über t() aufgelöst","","done",""
"feedback.eyebrow","i18n","Playtest","Playtest","Playtest","i18n-Katalog (src/i18n) — über t() aufgelöst","","done",""
"feedback.kind","i18n","Art","Tipo","Type","i18n-Katalog (src/i18n) — über t() aufgelöst","","done",""
"feedback.kind.balance","i18n","Balance","Balance","Balance","i18n-Katalog (src/i18n) — über t() aufgelöst","","done",""
"feedback.kind.bug","i18n","Bug","Bug","Bug","i18n-Katalog (src/i18n) — über t() aufgelöst","","done",""
"feedback.kind.idea","i18n","Idee","Idea","Idea","i18n-Katalog (src/i18n) — über t() aufgelöst","","done",""
"feedback.kind.other","i18n","Sonstiges","Otros","Other","i18n-Katalog (src/i18n) — über t() aufgelöst","","done",""
"feedback.message","i18n","Was ist passiert?","¿Qué ha pasado?","What happened?","i18n-Katalog (src/i18n) — über t() aufgelöst","","done",""
"feedback.message.placeholder","i18n","Je genauer, desto besser: was hast du gemacht, was ist passiert, was hättest du erwartet?","Cuanto más preciso, mejor: ¿qué hiciste, qué pasó y qué esperabas que pasara?","The more precise the better: what did you do, what happened, what did you expect?","i18n-Katalog (src/i18n) — über t() aufgelöst","","done",""
"feedback.name","i18n","Name","Nombre","Name","i18n-Katalog (src/i18n) — über t() aufgelöst","","done",""
"feedback.name.placeholder","i18n","optional","opcional","optional","i18n-Katalog (src/i18n) — über t() aufgelöst","","done",""
"feedback.run.hint","i18n","Seed und Durchlauf gehen mit; ohne sie lässt sich ein Bug meist nicht nachstellen.","La semilla y el ciclo se envían con el mensaje; sin ellos, un bug casi nunca se puede reproducir.","Seed and cycle are sent along; without them a bug usually cannot be reproduced.","i18n-Katalog (src/i18n) — über t() aufgelöst","","done",""
"feedback.run.none","i18n","Kein Lauf zum Anhängen gefunden","No se encontró ninguna partida que adjuntar","No run found to attach","i18n-Katalog (src/i18n) — über t() aufgelöst","","done",""
"feedback.run.with","i18n","Bezieht sich auf: Lauf Seed {seed}, Durchlauf {cycle}","Se refiere a: partida con semilla {seed}, ciclo {cycle}","Refers to: run seed {seed}, cycle {cycle}","i18n-Katalog (src/i18n) — über t() aufgelöst","","done",""
"feedback.send","i18n","Absenden","Enviar","Send","i18n-Katalog (src/i18n) — über t() aufgelöst","","done",""
"feedback.sending","i18n","Wird gesendet …","Enviando …","Sending …","i18n-Katalog (src/i18n) — über t() aufgelöst","","done",""
"feedback.thanks","i18n","Danke, ist angekommen.","Gracias, ha llegado.","Thanks, it arrived.","i18n-Katalog (src/i18n) — über t() aufgelöst","","done",""
"feedback.title","i18n","Feedback senden","Enviar comentarios","Send feedback","i18n-Katalog (src/i18n) — über t() aufgelöst","","done",""
"feedback.tooShort","i18n","Noch mindestens {n} Zeichen.","Faltan al menos {n} caracteres.","At least {n} more characters.","i18n-Katalog (src/i18n) — über t() aufgelöst","","done",""
"form.arch.off","i18n","🏗 Gebäude aus","🏗 Edificios desactivados","🏗 Buildings off","i18n-Katalog (src/i18n) — über t() aufgelöst","","done",""
"form.arch.on","i18n","🏗 Gebäude an","🏗 Edificios activados","🏗 Buildings on","i18n-Katalog (src/i18n) — über t() aufgelöst","","done",""
"form.bonus","i18n","Formations-Bonus","Bonificación de formación","Formation bonus","i18n-Katalog (src/i18n) — über t() aufgelöst","","done",""
"form.bonus.value","i18n","+{pct} %","+{pct} %","+{pct}%","i18n-Katalog (src/i18n) — über t() aufgelöst","","done",""
"form.collapse.close","i18n","{label} einklappen","Plegar {label}","Collapse {label}","i18n-Katalog (src/i18n) — über t() aufgelöst","","done",""
"form.collapse.less","i18n","weniger","menos","less","i18n-Katalog (src/i18n) — über t() aufgelöst","","done",""
"form.collapse.more","i18n","mehr","más","more","i18n-Katalog (src/i18n) — über t() aufgelöst","","done",""
"form.collapse.open","i18n","{label} ausklappen","Desplegar {label}","Expand {label}","i18n-Katalog (src/i18n) — über t() aufgelöst","","done",""
"form.confirm","i18n","Fortfahren","Continuar","Continue","i18n-Katalog (src/i18n) — über t() aufgelöst","","done",""
"form.confirm.title","i18n","Formations-Differenz seit Durchlaufbeginn · verbleibende Formations-Energie","Diferencia de formación desde el inicio del ciclo · energía de orden restante","Formation difference since the start of the cycle · remaining order energy","i18n-Katalog (src/i18n) — über t() aufgelöst","","done",""
"form.count","i18n","Formationen","Formaciones","Formations","i18n-Katalog (src/i18n) — über t() aufgelöst","","done",""
"form.delta","i18n","{sign}{pct} %","{sign}{pct} %","{sign}{pct}%","i18n-Katalog (src/i18n) — über t() aufgelöst","","done",""
"form.details.arch","i18n","🏗 Deine Gebäude ({n}) · Perks","🏗 Tus edificios ({n}) · ventajas","🏗 Your buildings ({n}) · perks","i18n-Katalog (src/i18n) — über t() aufgelöst","","done",""
"form.details.plain","i18n","Perks & Effekte","Ventajas y efectos","Perks & effects","i18n-Katalog (src/i18n) — über t() aufgelöst","","done",""
"form.energyLeft","i18n","· noch {n} Energie","· quedan {n} de energía","· {n} energy left","i18n-Katalog (src/i18n) — über t() aufgelöst","","done",""
"form.eyebrow","i18n","Aufstellung · Durchlauf {cycle}","Fase de orden · ciclo {cycle}","Order phase · cycle {cycle}","i18n-Katalog (src/i18n) — über t() aufgelöst","","done",""
"form.hint","i18n","Tippe zwei Karten zum Tauschen (1 Energie) · Formationen entstehen nur **innerhalb** der {size}er-Segmente","Toca dos cartas para intercambiarlas (1 de energía) · las formaciones solo surgen **dentro de** los segmentos de {size}","Tap two cards to swap them (1 energy) · formations only form **inside** the segments of {size}","i18n-Katalog (src/i18n) — über t() aufgelöst","","done",""
"form.iceEffects","i18n","Eis-Effekte auf Formationen","Efectos de hielo en las formaciones","Ice effects on formations","i18n-Katalog (src/i18n) — über t() aufgelöst","","done",""
"form.legend","i18n","Formationen & Rahmenfarben","Formaciones y colores de marco","Formations & frame colours","i18n-Katalog (src/i18n) — über t() aufgelöst","","done",""
"form.legend.chip","i18n","Legende","Leyenda","Legend","i18n-Katalog (src/i18n) — über t() aufgelöst","","done",""
"form.reset","i18n","Zurücksetzen","Restablecer","Reset","i18n-Katalog (src/i18n) — über t() aufgelöst","","done",""
"form.seg.strength","i18n","+{pct} %","+{pct} %","+{pct}%","i18n-Katalog (src/i18n) — über t() aufgelöst","","done",""
"form.seg.strength.title","i18n","Formations-Bonus dieses Segments in Prozent. Grün: seit Durchlaufbeginn stärker, rot: schwächer","Bonificación de formación de este segmento en porcentaje. Verde: más fuerte que al inicio del ciclo, rojo: más débil","Formation bonus of this segment in percent. Green: stronger than at the start of the cycle, red: weaker","i18n-Katalog (src/i18n) — über t() aufgelöst","","done",""
"form.segwork","i18n","Segmentarbeit:","Trabajo de segmento:","Segment work:","i18n-Katalog (src/i18n) — über t() aufgelöst","","done",""
"form.segwork.all","i18n","alle Grenzen offen, segmentübergreifend","todos los límites abiertos, entre segmentos","all boundaries open, across segments","i18n-Katalog (src/i18n) — über t() aufgelöst","","done",""
"form.segwork.marked","i18n","die mit ⇕ markierten Grenzen dürfen überschritten werden","los límites marcados con ⇕ pueden cruzarse","boundaries marked with ⇕ may be crossed","i18n-Katalog (src/i18n) — über t() aufgelöst","","done",""
"form.title","i18n","Deck aufstellen","Ordena tu mazo","Order your deck","i18n-Katalog (src/i18n) — über t() aufgelöst","","done",""
"form.undo","i18n","↶ Rückgängig","↶ Deshacer","↶ Undo","i18n-Katalog (src/i18n) — über t() aufgelöst","","done",""
"format.short.giga","i18n","{n} Mrd.","{n} mil M","{n}B","i18n-Katalog (src/i18n) — über t() aufgelöst","","done",""
"format.short.mega","i18n","{n} Mio.","{n} M","{n}M","i18n-Katalog (src/i18n) — über t() aufgelöst","","done",""
"format.short.tera","i18n","{n} Bio.","{n} B","{n}T","i18n-Katalog (src/i18n) — über t() aufgelöst","","done",""
"formation.anker.abbr","i18n","A","A","A","i18n-Katalog (src/i18n) — über t() aufgelöst","1","done","hart — Badge auf der Karte — genau ein Zeichen, paarweise verschieden"
"formation.anker.label","i18n","Anker","Ancla","Anchor","i18n-Katalog (src/i18n) — über t() aufgelöst","","done",""
"formation.farbblock.abbr","i18n","F","B","B","i18n-Katalog (src/i18n) — über t() aufgelöst","1","done","hart — Badge auf der Karte — genau ein Zeichen, paarweise verschieden"
"formation.farbblock.label","i18n","Farbblock","Bloque de palo","Suit block","i18n-Katalog (src/i18n) — über t() aufgelöst","","done",""
"formation.formationskern.abbr","i18n","K","N","C","i18n-Katalog (src/i18n) — über t() aufgelöst","1","done","hart — Badge auf der Karte — genau ein Zeichen, paarweise verschieden"
"formation.formationskern.label","i18n","Kern","Núcleo","Core","i18n-Katalog (src/i18n) — über t() aufgelöst","","done",""
"formation.grenzbonus.abbr","i18n","G","X","X","i18n-Katalog (src/i18n) — über t() aufgelöst","1","done","hart — Badge auf der Karte — genau ein Zeichen, paarweise verschieden"
"formation.grenzbonus.label","i18n","Grenzbonus","Bonificación de cruce","Crossover bonus","i18n-Katalog (src/i18n) — über t() aufgelöst","","done",""
"formation.nachhall.abbr","i18n","N","O","E","i18n-Katalog (src/i18n) — über t() aufgelöst","1","done","hart — Badge auf der Karte — genau ein Zeichen, paarweise verschieden"
"formation.nachhall.label","i18n","Nachhall","Eco","Echo","i18n-Katalog (src/i18n) — über t() aufgelöst","","done",""
"formation.treppe.abbr","i18n","T","E","S","i18n-Katalog (src/i18n) — über t() aufgelöst","1","done","hart — Badge auf der Karte — genau ein Zeichen, paarweise verschieden"
"formation.treppe.label","i18n","Treppe","Escalera","Stair","i18n-Katalog (src/i18n) — über t() aufgelöst","","done",""
"formation.wechsel.abbr","i18n","Z","Z","Z","i18n-Katalog (src/i18n) — über t() aufgelöst","1","done","hart — Badge auf der Karte — genau ein Zeichen, paarweise verschieden"
"formation.wechsel.label","i18n","Wechsel","Zigzag","Zigzag","i18n-Katalog (src/i18n) — über t() aufgelöst","","done",""
"formation.wiederholung.abbr","i18n","W","R","R","i18n-Katalog (src/i18n) — über t() aufgelöst","1","done","hart — Badge auf der Karte — genau ein Zeichen, paarweise verschieden"
"formation.wiederholung.label","i18n","Wiederholung","Repetición","Repeat","i18n-Katalog (src/i18n) — über t() aufgelöst","","done",""
"formlegend.anker","i18n","eine einzelne Position zählt als Formation (Faktor je Quelle)","una sola posición cuenta como formación (el factor depende de la fuente)","a single position counts as a formation (factor depends on the source)","i18n-Katalog (src/i18n) — über t() aufgelöst","","done",""
"formlegend.farbblock","i18n","≥3 Karten gleicher Farbe (ab ×{base}, +{step} je weitere)","≥3 cartas del mismo palo (desde ×{base}, +{step} por cada una más)","≥3 cards of the same suit (from ×{base}, +{step} for each further one)","i18n-Katalog (src/i18n) — über t() aufgelöst","","done",""
"formlegend.formationskern","i18n","dein gewählter Formationstyp bekommt einen Zusatzfaktor","el tipo de formación que elijas recibe un factor adicional","your chosen formation type gets an extra factor","i18n-Katalog (src/i18n) — über t() aufgelöst","","done",""
"formlegend.frame","i18n","Rahmenfarbe = Anzahl Formationen","Color del marco = número de formaciones","Frame colour = number of formations","i18n-Katalog (src/i18n) — über t() aufgelöst","","done",""
"formlegend.frame.hint","i18n","mehr Rahmen = mehr Multi · gestrichelt = ohne Multiplikator","más marcos = más multi · discontinuo = sin multiplicador","more frames = more multi · dashed = no multiplier","i18n-Katalog (src/i18n) — über t() aufgelöst","","done",""
"formlegend.grenzbonus","i18n","eine Formation läuft über eine Segmentgrenze und zahlt zusätzlich ×{f}","una formación cruza un límite de segmento y paga ×{f} adicional","a formation runs across a segment boundary and pays an extra ×{f}","i18n-Katalog (src/i18n) — über t() aufgelöst","","done",""
"formlegend.nachhall","i18n","der Faktor einer endenden Formation wirkt auf die nächste Karte nach","el factor de una formación que termina se prolonga a la carta siguiente","the factor of an ending formation carries over to the next card","i18n-Katalog (src/i18n) — über t() aufgelöst","","done",""
"formlegend.overlap","i18n","⧉ Überlappung: mehr Formationen = mehr Multiplikator: 2 ×{f2} · 3 ×{f3} · 4 ×{f4}","⧉ Solapamiento: más formaciones = más multiplicador: 2 ×{f2} · 3 ×{f3} · 4 ×{f4}","⧉ Overlap: more formations = more multiplier: 2 ×{f2} · 3 ×{f3} · 4 ×{f4}","i18n-Katalog (src/i18n) — über t() aufgelöst","","done",""
"formlegend.treppe","i18n","≥3 streng steigende Werte, Schritt ≤{max} (ab ×{base}, +{step} je weitere)","≥3 valores estrictamente crecientes, paso ≤{max} (desde ×{base}, +{step} por cada uno más)","≥3 strictly rising values, step ≤{max} (from ×{base}, +{step} for each further one)","i18n-Katalog (src/i18n) — über t() aufgelöst","","done",""
"formlegend.wechsel","i18n","≥3 im Zick-Zack, Nachbardifferenz ≥{diff} (ab ×{base}, +{step} je weitere)","≥3 en zigzag, diferencia entre vecinas ≥{diff} (desde ×{base}, +{step} por cada una más)","≥3 in a zigzag, neighbour difference ≥{diff} (from ×{base}, +{step} for each further one)","i18n-Katalog (src/i18n) — über t() aufgelöst","","done",""
"formlegend.wiederholung","i18n","≥2 gleiche Werte nebeneinander (×{f2} / ×{f3} / ×{f4}, dann +{step} je weitere)","≥2 valores iguales seguidos (×{f2} / ×{f3} / ×{f4}, luego +{step} por cada uno más)","≥2 identical values next to each other (×{f2} / ×{f3} / ×{f4}, then +{step} for each further one)","i18n-Katalog (src/i18n) — über t() aufgelöst","","done",""
"formpanel.archToggle","i18n","🏗 Gebäude","🏗 Edificios","🏗 Buildings","i18n-Katalog (src/i18n) — über t() aufgelöst","","done",""
"formpanel.archToggle.title","i18n","Platzierte Architekt-Gebäude als Rahmen über dem Brett anzeigen","Mostrar los edificios del Arquitecto colocados como marcos sobre el tablero","Show placed architect buildings as frames over the board","i18n-Katalog (src/i18n) — über t() aufgelöst","","done",""
"formpanel.count","i18n","{n} · max ×{max}","{n} · máx. ×{max}","{n} · max ×{max}","i18n-Katalog (src/i18n) — über t() aufgelöst","","done",""
"formpanel.title","i18n","Deine aktiven Formationen","Tus formaciones activas","Your active formations","i18n-Katalog (src/i18n) — über t() aufgelöst","","done",""
"fx.aurora.desc","i18n","Weiche Polarlicht-Schleier driften übers Feld; je Stich ein sanfter Bloom-Puls in der Deckfarbe.","Suaves velos de aurora boreal recorren el campo; en cada baza, un pulso de bloom suave en el color del mazo.","Soft aurora veils drift across the field; a gentle bloom pulse with every trick, in the deck colour.","i18n-Katalog (src/i18n) — über t() aufgelöst","","done",""
"fx.aurora.name","i18n","Aurora","Aurora","Aurora","i18n-Katalog (src/i18n) — über t() aufgelöst","","done",""
"fx.aurora.short","i18n","Weiche Schleier; je Stich ein Bloom-Puls.","Velos suaves; un pulso de bloom por baza.","Soft veils; one bloom pulse per trick.","i18n-Katalog (src/i18n) — über t() aufgelöst","","done",""
"fx.blackhole.short","i18n","Schwarzes Loch saugt die Gegnerkarte ein.","Un agujero negro se traga la carta rival.","A black hole swallows the opponent card.","i18n-Katalog (src/i18n) — über t() aufgelöst","","done",""
"fx.cubematrix.desc","i18n","Ein perspektivisches Feld aus Neon-Würfeln auf einem Synthwave-Boden. Jeder Würfel schlägt zu einem eigenen Frequenzband der laufenden Musik nach oben aus. Dazu Scheinwerfer von oben, die zum Bass pulsieren. In der Deckfarbe.","Un campo en perspectiva de cubos de neón sobre un suelo synthwave. Cada cubo sube al ritmo de su propia banda de frecuencia de la música que suena. Además, focos desde arriba que laten con el bajo. En el color del mazo.","A perspective field of neon cubes on a synthwave floor. Each cube rises to its own frequency band of the music playing. Plus spotlights from above that pulse to the bass. In the deck colour.","i18n-Katalog (src/i18n) — über t() aufgelöst","","done",""
"fx.cubematrix.name","i18n","Würfel-Matrix","Matriz de Cubos","Cube Matrix","i18n-Katalog (src/i18n) — über t() aufgelöst","","done",""
"fx.cubematrix.short","i18n","Neon-Würfelfeld, reagiert auf die Musik.","Campo de cubos de neón que reacciona a la música.","A neon cube field that reacts to the music.","i18n-Katalog (src/i18n) — über t() aufgelöst","","done",""
"fx.edgeglow.desc","i18n","Ein weicher Neon-Rand umglüht die Karte in der Deckfarbe: dauerhaft, ruhig atmend, additiv gestapelt (kein Blur). Ohne Stich-Bezug.","Un borde de neón suave rodea la carta con brillo en el color del mazo: permanente, respirando con calma, apilado de forma aditiva (sin desenfoque). Sin relación con la baza.","A soft neon edge glows around the card in the deck colour: permanent, calmly breathing, additively stacked (no blur). Not tied to the trick.","i18n-Katalog (src/i18n) — über t() aufgelöst","","done",""
"fx.edgeglow.name","i18n","Neonrahmen","Marco de Neón","Edge Glow","i18n-Katalog (src/i18n) — über t() aufgelöst","","done",""
"fx.edgeglow.short","i18n","Dauerhafter Neon-Rand in der Deckfarbe.","Borde de neón permanente en el color del mazo.","A permanent neon rim in your deck colour.","i18n-Katalog (src/i18n) — über t() aufgelöst","","done",""
"fx.glitch.desc","i18n","Cyberpunk-Digital-Glitch über der ganzen Karte inkl. Zahl: Chroma-Split, Tear-Slices, Scanlines und Farb-Bars, mit ruhiger Grundlast und gelegentlichen Bursts.","Glitch digital cyberpunk sobre toda la carta, número incluido: separación de croma, cortes de desgarro, líneas de barrido y barras de color, con una base tranquila y ráfagas ocasionales.","A cyberpunk digital glitch across the whole card including its number: chroma split, tear slices, scanlines and colour bars, with a calm baseline and occasional bursts.","i18n-Katalog (src/i18n) — über t() aufgelöst","","done",""
"fx.glitch.name","i18n","Glitch","Glitch","Glitch","i18n-Katalog (src/i18n) — über t() aufgelöst","","done",""
"fx.glitch.short","i18n","Cyberpunk-Glitch mit gelegentlichen Bursts.","Glitch cyberpunk con ráfagas ocasionales.","Cyberpunk glitch with occasional bursts.","i18n-Katalog (src/i18n) — über t() aufgelöst","","done",""
"fx.holo.desc","i18n","Ein prismatisches Lichtband wandert diagonal über die Karte: Regenbogen-Töne in der Deckfarbe, reagiert auf Neigung (Zeiger/Gyro). Dauerhaft, additiv.","Una banda de luz prismática recorre la carta en diagonal: tonos de arcoíris en el color del mazo, reacciona a la inclinación (puntero o giroscopio). Permanente, aditiva.","A prismatic band of light travels diagonally across the card: rainbow hues in the deck colour, reacting to tilt (pointer/gyro). Permanent, additive.","i18n-Katalog (src/i18n) — über t() aufgelöst","","done",""
"fx.holo.name","i18n","Holo-Sweep","Barrido Holo","Holo","i18n-Katalog (src/i18n) — über t() aufgelöst","","done",""
"fx.holo.short","i18n","Prismatisches Lichtband, tilt-reaktiv.","Banda de luz prismática, reactiva a la inclinación.","A prismatic band of light, tilt-reactive.","i18n-Katalog (src/i18n) — über t() aufgelöst","","done",""
"fx.holoCube.desc","i18n","Ein Holowürfel aus Wireframe-Blöcken baut sich aus der Ferne zusammen, dreht sich frei, blitzt im Kern und zerspringt taumelnd nach außen. Holo-Cyan→Magenta oder Deckfarbe.","Un holocubo de bloques de estructura alámbrica se ensambla desde la lejanía, gira libremente, destella en su núcleo y estalla dando tumbos hacia fuera. Cian holo→magenta o color del mazo.","A holo cube of wireframe blocks assembles itself out of the distance, rotates freely, flashes at its core and shatters tumbling outwards. Holo cyan→magenta or deck colour.","i18n-Katalog (src/i18n) — über t() aufgelöst","","done",""
"fx.holoCube.name","i18n","Holo-Würfel","Holocubo","Holo Cube","i18n-Katalog (src/i18n) — über t() aufgelöst","","done",""
"fx.holoCube.short","i18n","Holowürfel zerspringt beim gottgleichen Sieg.","El holocubo estalla en una victoria divina.","A holo cube shatters on a godlike win.","i18n-Katalog (src/i18n) — über t() aufgelöst","","done",""
"fx.klinge.short","i18n","Klingenschnitt, skaliert mit der Serie.","Tajo de hoja que escala con la racha.","A blade cut that scales with your streak.","i18n-Katalog (src/i18n) — über t() aufgelöst","","done",""
"fx.laserFaecher.desc","i18n","Scharfe Neon-Laser fächern aus der Kartenmitte auf: lange Haupt- und kurze Nebenstrahlen mit Kernlinie und leuchtender Nabe, öffnen mit Pop und drehen langsam. Standard-Neon oder Deckfarbe.","Láseres de neón afilados se abren en abanico desde el centro de la carta: haces principales largos y secundarios cortos, con línea de núcleo y un eje luminoso, se abren con un chasquido y giran despacio. Neón estándar o color del mazo.","Sharp neon lasers fan out from the centre of the card: long main and short secondary beams with a core line and a glowing hub, opening with a pop and rotating slowly. Default neon or deck colour.","i18n-Katalog (src/i18n) — über t() aufgelöst","","done",""
"fx.laserFaecher.name","i18n","Laserfächer","Abanico de Láseres","Laser Fan","i18n-Katalog (src/i18n) — über t() aufgelöst","","done",""
"fx.laserFaecher.short","i18n","Laser fächern beim gottgleichen Sieg auf.","Los láseres se abren en abanico en una victoria divina.","Lasers fan out on a godlike win.","i18n-Katalog (src/i18n) — über t() aufgelöst","","done",""
"fx.neonsurf.desc","i18n","Eine Plasma-See am unteren Rand: Neon-Fluss mit heller Wasserlinie; bei starken Ansagen drückt ein Puls das Wasser mittig ein und lässt es an den Seitenrändern hochsteigen. In der Deckfarbe.","Un mar de plasma en el borde inferior: un río de neón con una línea de agua luminosa; en los anuncios grandes, un pulso hunde el agua por el centro y la hace subir por los lados. En el color del mazo.","A plasma sea along the bottom edge: a neon river with a bright waterline; on big announcements a pulse presses the water down in the middle and sends it climbing up the sides. In the deck colour.","i18n-Katalog (src/i18n) — über t() aufgelöst","","done",""
"fx.neonsurf.name","i18n","Neon-Brandung","Rompiente de Neón","Neon Surf","i18n-Katalog (src/i18n) — über t() aufgelöst","","done",""
"fx.neonsurf.short","i18n","Plasma-See am unteren Rand. Starke Ansagen drücken das Wasser mittig ein, es steigt an den Rändern hoch.","Mar de plasma en el borde inferior. Los anuncios fuertes hunden el agua por el centro y esta sube por los lados.","A plasma sea along the bottom. Strong call-outs push the water down in the middle and it rises at the edges.","i18n-Katalog (src/i18n) — über t() aufgelöst","","done",""
"fx.prismaKaskade.desc","i18n","Mehrere prismatische Schockwellen-Ringe zünden zeitversetzt und laufen chromatisch (Regenbogen-Split) übers Feld, jeder mit Geburts-Blitz. Standard = volles Spektrum, Deckfarbe = Duoton.","Varios anillos prismáticos de onda de choque se encienden de forma escalonada y recorren el campo cromáticamente (separación de arcoíris), cada uno con un destello al nacer. Estándar = espectro completo, color del mazo = duotono.","Several prismatic shockwave rings fire in sequence and run chromatically (rainbow split) across the field, each with a flash at birth. Default = full spectrum, deck colour = duotone.","i18n-Katalog (src/i18n) — über t() aufgelöst","","done",""
"fx.prismaKaskade.name","i18n","Prisma","Prisma","Prism Cascade","i18n-Katalog (src/i18n) — über t() aufgelöst","","done",""
"fx.prismaKaskade.short","i18n","Prismatische Schockwellen beim gottgleichen Sieg.","Ondas de choque prismáticas en una victoria divina.","Prismatic shockwaves on a godlike win.","i18n-Katalog (src/i18n) — über t() aufgelöst","","done",""
"fx.scorch.short","i18n","Laser + organischer Burn; Tempo mit dem Turbo.","Láser y quemadura orgánica; la velocidad sigue al turbo.","Laser + organic burn; speed follows the turbo.","i18n-Katalog (src/i18n) — über t() aufgelöst","","done",""
"fx.short.gottStandard","i18n","Gottgleicher Sieg ohne Prunk-Effekt.","Victoria divina sin efecto de gala.","A godlike win without a flourish effect.","i18n-Katalog (src/i18n) — über t() aufgelöst","","done",""
"fx.short.noAnim","i18n","Alle Karten-Animationen aus.","Todas las animaciones de cartas apagadas.","All card animations off.","i18n-Katalog (src/i18n) — über t() aufgelöst","","done",""
"fx.short.noBg","i18n","Kein Hintergrund-Effekt (Leuchten bleibt möglich).","Sin efecto de fondo (el brillo sigue siendo posible).","No background effect (glow stays possible).","i18n-Katalog (src/i18n) — über t() aufgelöst","","done",""
"fx.short.spezial","i18n","Feuer · Blitz · Eis · Pflanze: immer aktiv, nur Farbwahl (Standard/Deckfarbe).","Fuego · Rayo · Hielo · Planta: siempre activos, solo se elige el color (estándar o color del mazo).","Fire · lightning · ice · plant: always active, colour choice only (standard/deck colour).","i18n-Katalog (src/i18n) — über t() aufgelöst","","done",""
"fx.short.standard","i18n","Verliererkarte fliegt einfach zur Seite weg.","La carta perdedora sale volando hacia un lado.","The losing card simply flies off to the side.","i18n-Katalog (src/i18n) — über t() aufgelöst","","done",""
"fx.sonnenPuls.desc","i18n","Die Outrun-Sonne bloomt hinter der geschlagenen Karte auf: Sunset-Verlauf mit Scanline-Lücken, heißem Kern, Korona und drehenden Strahlen. Standard-Sunset oder Deckfarbe. Der freie Gottgleich-Prunk.","El sol outrun florece detrás de la carta vencida: degradado de atardecer con huecos de línea de barrido, núcleo caliente, corona y rayos giratorios. Atardecer estándar o color del mazo. La gala DIVINO gratuita.","The outrun sun blooms behind the beaten card: a sunset gradient with scanline gaps, a hot core, a corona and rotating rays. Default sunset or deck colour. The free GODLIKE flourish.","i18n-Katalog (src/i18n) — über t() aufgelöst","","done",""
"fx.sonnenPuls.name","i18n","Sonne","Sol","Sun Pulse","i18n-Katalog (src/i18n) — über t() aufgelöst","","done",""
"fx.sonnenPuls.short","i18n","Die Outrun-Sonne feuert beim gottgleichen Sieg.","El sol outrun dispara en una victoria divina.","The outrun sun fires on a godlike win.","i18n-Katalog (src/i18n) — über t() aufgelöst","","done",""
"fx.starfield.desc","i18n","Ein dichtes Sternenfeld driftet über drei Tiefen-Ebenen mit Nebel-Schleier; je Stich schießt ein Meteor durchs Feld. Er wird größer mit jeder Score-Stufe, ab der Stufe Stark mit Einschlag-Blitz und Funken, die mit Schweif davonstieben. Standard weiß-blau, wahlweise in der Deckfarbe.","Un campo de estrellas denso se desplaza en tres planos de profundidad tras un velo de nebulosa; en cada baza un meteoro atraviesa el campo. Crece con cada nivel de puntuación y, a partir del nivel BIEN, con destello de impacto y chispas que se dispersan dejando estela. Blanco y azul de serie, o en el color del mazo si lo prefieres.","A dense starfield drifts across three depth layers behind a veil of nebula; every trick a meteor shoots through the field. It grows with each score tier, and from NICE upwards with an impact flash and sparks that scatter with trails. White-blue by default, in the deck colour if you prefer.","i18n-Katalog (src/i18n) — über t() aufgelöst","","done",""
"fx.starfield.name","i18n","Meteor","Meteoro","Starfield","i18n-Katalog (src/i18n) — über t() aufgelöst","","done",""
"fx.starfield.short","i18n","Sternschnuppe je Stich, größer mit dem Score.","Una estrella fugaz por baza, más grande cuanta más puntuación.","A shooting star per trick, bigger with the score.","i18n-Katalog (src/i18n) — über t() aufgelöst","","done",""
"fx.supernova.desc","i18n","Kollaps → Detonation (Flash, Zoom-Punch) → Boom-Schockwelle mit chromatischen Ringen, Strahlenkranz, Sternenregen und einem Grid-Tunnel durch den Einschlag. Der legendäre Showstopper. Gold→Magenta oder Deckfarbe.","Colapso → detonación (destello, golpe de zoom) → onda expansiva con anillos cromáticos, corona de rayos, lluvia de estrellas y un túnel de rejilla a través del impacto. El número final legendario. Oro→magenta o color del mazo.","Collapse → detonation (flash, zoom punch) → boom shockwave with chromatic rings, a crown of rays, a rain of stars and a grid tunnel through the impact. The legendary showstopper. Gold→magenta or deck colour.","i18n-Katalog (src/i18n) — über t() aufgelöst","","done",""
"fx.supernova.name","i18n","Supernova","Supernova","Supernova","i18n-Katalog (src/i18n) — über t() aufgelöst","","done",""
"fx.supernova.short","i18n","Beim gottgleichen Sieg: Kollaps, dann Detonation, dann Tunnel.","En una victoria divina: colapso, luego detonación, luego túnel.","On a godlike win: collapse, then detonation, then tunnel.","i18n-Katalog (src/i18n) — über t() aufgelöst","","done",""
"fxgroup.hintergrund.hint","i18n","einer aktiv · Leuchten frei","uno activo · el brillo es gratis","one active · glow is free","i18n-Katalog (src/i18n) — über t() aufgelöst","","done",""
"fxgroup.hintergrund.title","i18n","Hintergrund","Fondo","Background","i18n-Katalog (src/i18n) — über t() aufgelöst","","done",""
"fxgroup.karten.hint","i18n","Skill immer an · eine Animation","habilidad siempre activa · una animación","skill always on · one animation","i18n-Katalog (src/i18n) — über t() aufgelöst","","done",""
"fxgroup.karten.title","i18n","Karten","Cartas","Cards","i18n-Katalog (src/i18n) — über t() aufgelöst","","done",""
"fxgroup.score.hint","i18n","nur einer aktiv","solo uno activo","only one active","i18n-Katalog (src/i18n) — über t() aufgelöst","","done",""
"fxgroup.score.title","i18n","Score","Puntuación","Score","i18n-Katalog (src/i18n) — über t() aufgelöst","","done",""
"fxgroup.stich.hint","i18n","nur einer aktiv","solo uno activo","only one active","i18n-Katalog (src/i18n) — über t() aufgelöst","","done",""
"fxgroup.stich.title","i18n","Stich","Baza","Trick","i18n-Katalog (src/i18n) — über t() aufgelöst","","done",""
"fxsyn.animNone.desc","i18n","Keine Karten-Animation: die Karten bleiben schlicht. Anwählen schaltet alle Karten-Animationen ab (immer verfügbar).","Sin animación de cartas: las cartas se quedan sencillas. Seleccionarlo apaga todas las animaciones de cartas (siempre disponible).","No card animation: the cards stay plain. Selecting this switches every card animation off (always available).","i18n-Katalog (src/i18n) — über t() aufgelöst","","done",""
"fxsyn.animNone.name","i18n","Keine Animation","Sin animación","No animation","i18n-Katalog (src/i18n) — über t() aufgelöst","","done",""
"fxsyn.blackhole.desc","i18n","Ein persistentes Schwarzes Loch mitten im Feld, das über deine Siegesserie wächst: Jeder Sieg zieht die geschlagene Gegnerkarte spiralförmig in den Ereignishorizont und speist die rotierende Akkretionsscheibe, eine Niederlage lässt das Loch schrumpfen. Ist es groß genug gewachsen und kollabiert, zerreißt eine Supernova das Feld. In Standard blau/pink oder in der Deckfarbe.","Un agujero negro persistente en mitad del campo que crece con tu racha de victorias: cada victoria arrastra la carta rival vencida en espiral hacia el horizonte de sucesos y alimenta el disco de acreción giratorio; una derrota lo encoge. Cuando ha crecido lo suficiente y colapsa, una supernova desgarra el campo. En azul y rosa estándar o en el color del mazo.","A persistent black hole in the middle of the field that grows with your winning streak: every win pulls the beaten opponent card spiralling into the event horizon and feeds the rotating accretion disc, a loss makes the hole shrink. Once it has grown big enough and collapses, a supernova tears the field apart. In standard blue/pink or in your deck colour.","i18n-Katalog (src/i18n) — über t() aufgelöst","","done",""
"fxsyn.blackhole.name","i18n","Schwarzes Loch","Agujero negro","Black Hole","i18n-Katalog (src/i18n) — über t() aufgelöst","","done",""
"fxsyn.fieldNone.desc","i18n","Kein Hintergrund-Effekt: nur das Spielfeld-Bild (immer verfügbar). Leuchten kann zusätzlich aktiv bleiben.","Sin efecto de fondo: solo la imagen del campo de batalla (siempre disponible). El brillo puede seguir activo además.","No background effect: just the battlefield image (always available). Glow can stay active on top.","i18n-Katalog (src/i18n) — über t() aufgelöst","","done",""
"fxsyn.fieldNone.name","i18n","Kein Effekt","Sin efecto","No effect","i18n-Katalog (src/i18n) — über t() aufgelöst","","done",""
"fxsyn.gottStandard.desc","i18n","Gottgleicher Sieg OHNE Prunk-Effekt: die Basis zum Vergleichen (Standard-Auswahl, kein Kauf).","Victoria divina SIN efecto de gala: la base para comparar (opción predeterminada, sin compra).","A godlike win WITHOUT a flourish effect: the baseline for comparison (the default choice, no purchase).","i18n-Katalog (src/i18n) — über t() aufgelöst","","done",""
"fxsyn.gottStandard.name","i18n","Standard","Predeterminado","Standard","i18n-Katalog (src/i18n) — über t() aufgelöst","","done",""
"fxsyn.hologridSlice.desc","i18n","Eine Laserlinie fährt achsen-parallel über die geschlagene Gegnerkarte und deckt dabei ein Nahtraster auf. Danach zerfällt die Karte in ein Kachelgitter: die Stücke fliegen mit Rotation weg und prallen vom Boden ab, während das Kartenbild früh verblasst, sodass nur noch der leuchtende Hologrid-Rahmen bleibt. In Standard-Cyan/Magenta oder in der Deckfarbe.","Una línea láser recorre la carta rival vencida en paralelo a los ejes y descubre una retícula de juntas. Después la carta se descompone en una cuadrícula de teselas: los trozos salen girando y rebotan en el suelo mientras la ilustración se desvanece pronto, de modo que solo queda el marco luminoso de holomalla. En cian y magenta estándar o en el color del mazo.","A laser line travels axis-parallel across the beaten opponent card and reveals a seam grid. The card then falls apart into a tile grid: the pieces spin away and bounce off the ground while the card art fades early, leaving only the glowing hologrid frame. In standard cyan/magenta or in your deck colour.","i18n-Katalog (src/i18n) — über t() aufgelöst","","done",""
"fxsyn.hologridSlice.name","i18n","Hologrid-Laser","Láser de holomalla","Hologrid Laser","i18n-Katalog (src/i18n) — über t() aufgelöst","","done",""
"fxsyn.klinge.desc","i18n","Eine choreografierte Klinge zerteilt die Gegnerkarte. Grundzug ist ein Schnitt von links; je höher dein Serien-Multiplikator, desto mehr Richtungen fahren nacheinander ein (ab ×1,25 links/rechts im Wechsel, ab ×1,5 zusätzlich von oben, ab ×2,0 alle vier inkl. Z-Schnitt). Die Klinge schneidet dann auch härter. Eine Niederlage setzt die Serie zurück. In kühlem Stahlweiß oder in der Deckfarbe.","Una hoja coreografiada parte la carta rival. El movimiento base es un tajo desde la izquierda; cuanto mayor sea tu multiplicador de racha, más direcciones entran una tras otra (desde ×1,25 alternando izquierda y derecha, desde ×1,5 además desde arriba, desde ×2,0 las cuatro, incluido el corte en Z). La hoja también corta con más fuerza. Una derrota reinicia la racha. En blanco acero frío o en el color del mazo.","A choreographed blade cuts the opponent card apart. The base move is a slash from the left; the higher your streak multiplier, the more directions come in one after another (from ×1.25 alternating left/right, from ×1.5 additionally from above, from ×2.0 all four including the Z cut). The blade also cuts harder. A loss resets the streak. In cool steel white or in your deck colour.","i18n-Katalog (src/i18n) — über t() aufgelöst","","done",""
"fxsyn.klinge.name","i18n","Klinge","Hoja","Blade","i18n-Katalog (src/i18n) — über t() aufgelöst","","done",""
"fxsyn.scorch.desc","i18n","Ein Laser schießt einmalig aus zufälliger Richtung in die Gegnerkarte. Dann verglüht sie organisch: eine zerklüftete Brennkante frisst sich mit glühendem Rand über die Karte, während weiche Glut aufsteigt, Asche fällt und Funken sprühen. In Standard-Feuer oder in der Deckfarbe.","Un láser dispara una vez desde una dirección aleatoria contra la carta rival. Después esta se consume de forma orgánica: un borde de quemadura irregular avanza por la carta con el filo al rojo, mientras se elevan brasas suaves, cae ceniza y saltan chispas. En fuego estándar o en el color del mazo.","A laser fires once from a random direction into the opponent card. Then it burns away organically: a jagged burn edge eats across the card with a glowing rim while soft embers rise, ash falls and sparks fly. In standard fire or in your deck colour.","i18n-Katalog (src/i18n) — über t() aufgelöst","","done",""
"fxsyn.scorch.name","i18n","Laser","Láser","Laser","i18n-Katalog (src/i18n) — über t() aufgelöst","","done",""
"fxsyn.spezial.desc","i18n","Die vier Archetyp-Effekte (Feuer · Blitz · Eis · Pflanze) sind immer aktiv. Wähle die Farbe: feste Neon-Standardfarbe oder die Farbe deines aktiven Decks.","Los cuatro efectos de arquetipo (Fuego · Rayo · Hielo · Planta) están siempre activos. Elige el color: el neón estándar fijo o el color de tu mazo activo.","The four archetype effects (fire · lightning · ice · plant) are always active. Pick the colour: fixed neon standard or the colour of your active deck.","i18n-Katalog (src/i18n) — über t() aufgelöst","","done",""
"fxsyn.spezial.name","i18n","Skill-Effekt","Efecto de habilidad","Skill effect","i18n-Katalog (src/i18n) — über t() aufgelöst","","done",""
"fxsyn.standard.desc","i18n","Der schlichte Grund-Finisher (immer verfügbar, Standard-Auswahl): Die geschlagene Gegnerkarte fliegt nach dem Stich einfach zur Seite weg, genau wie deine eigene Karte bei einer Niederlage. Beim Sieg wird der Aufdeck-Sound leicht höher gestimmt. Kein Schnitt, kein Prunk.","El remate básico y sencillo (siempre disponible, opción predeterminada): la carta rival vencida sale volando hacia un lado después de la baza, igual que tu propia carta cuando pierdes. Al ganar, el sonido de revelado suena un poco más agudo. Sin corte, sin gala.","The plain base finisher (always available, the default choice): the beaten opponent card simply flies off to the side after the trick, exactly like your own card on a loss. On a win the reveal sound is pitched slightly higher. No cut, no flourish.","i18n-Katalog (src/i18n) — über t() aufgelöst","","done",""
"fxsyn.standard.name","i18n","Standard","Predeterminado","Standard","i18n-Katalog (src/i18n) — über t() aufgelöst","","done",""
"gameover.best","i18n","Bestleistungen","Mejores marcas","Personal bests","i18n-Katalog (src/i18n) — über t() aufgelöst","","done",""
"gameover.best.crits","i18n","Meiste kritische Treffer","Más golpes críticos","Most critical hits","i18n-Katalog (src/i18n) — über t() aufgelöst","","done",""
"gameover.best.new","i18n","Neu","Nuevo","New","i18n-Katalog (src/i18n) — über t() aufgelöst","","done",""
"gameover.best.score","i18n","Bisheriger Höchstwert","Máximo anterior","Previous high score","i18n-Katalog (src/i18n) — über t() aufgelöst","","done",""
"gameover.best.streak","i18n","Beste Serie","Mejor racha","Best streak","i18n-Katalog (src/i18n) — über t() aufgelöst","","done",""
"gameover.best.trick","i18n","Bester Stich","Mejor baza","Best trick","i18n-Katalog (src/i18n) — über t() aufgelöst","","done",""
"gameover.build","i18n","Build","Build","Build","i18n-Katalog (src/i18n) — über t() aufgelöst","","done",""
"gameover.chart.first","i18n","erster Lauf","primera partida","first run","i18n-Katalog (src/i18n) — über t() aufgelöst","","done",""
"gameover.chart.record","i18n","Rekord","Récord","Record","i18n-Katalog (src/i18n) — über t() aufgelöst","","done",""
"gameover.chart.run","i18n","Lauf","Partida","Run","i18n-Katalog (src/i18n) — über t() aufgelöst","","done",""
"gameover.chart.title","i18n","Score-Verlauf","Historial de puntuación","Score history","i18n-Katalog (src/i18n) — über t() aufgelöst","","done",""
"gameover.cycles_one","i18n","{count} Durchlauf","{count} ciclo","{count} cycle","i18n-Katalog (src/i18n) — über t() aufgelöst","","done",""
"gameover.cycles_other","i18n","{count} Durchläufe","{count} ciclos","{count} cycles","i18n-Katalog (src/i18n) — über t() aufgelöst","","done",""
"gameover.dp","i18n","Deck-Punkte","Puntos de mazo","Deck Points","i18n-Katalog (src/i18n) — über t() aufgelöst","","done",""
"gameover.engine","i18n","Motor-Kennzahlen","Métricas del motor","Engine stats","i18n-Katalog (src/i18n) — über t() aufgelöst","","done",""
"gameover.eyebrow","i18n","Lauf beendet","Partida terminada","Run over","i18n-Katalog (src/i18n) — über t() aufgelöst","","done",""
"gameover.kpi.cycles","i18n","Durchläufe","Ciclos","Cycles","i18n-Katalog (src/i18n) — über t() aufgelöst","","done",""
"gameover.kpi.duration","i18n","Dauer","Duración","Duration","i18n-Katalog (src/i18n) — über t() aufgelöst","","done",""
"gameover.kpi.perTrick","i18n","Je Stich","Por baza","Per trick","i18n-Katalog (src/i18n) — über t() aufgelöst","","done",""
"gameover.kpi.tricks","i18n","Stiche","Bazas","Tricks","i18n-Katalog (src/i18n) — über t() aufgelöst","","done",""
"gameover.layout.hint","i18n","Antippen zeigt am Brett, wo es liegt.","Toca para ver dónde está en el tablero.","Tap to see where it sits on the board.","i18n-Katalog (src/i18n) — über t() aufgelöst","","done",""
"gameover.layout.open","i18n","Finale Aufstellung ansehen","Ver el orden de robo final","View the final draw order","i18n-Katalog (src/i18n) — über t() aufgelöst","","done",""
"gameover.menu","i18n","Menü","Menú","Menu","i18n-Katalog (src/i18n) — über t() aufgelöst","","done",""
"gameover.metric.ashBurned","i18n","Asche verbrannt","Ceniza quemada","Ash burnt","i18n-Katalog (src/i18n) — über t() aufgelöst","","done",""
"gameover.metric.brands","i18n","Brände","Marcas","Brands","i18n-Katalog (src/i18n) — über t() aufgelöst","","done",""
"gameover.metric.growth","i18n","Gewachsen","Crecido","Grown","i18n-Katalog (src/i18n) — über t() aufgelöst","","done",""
"gameover.metric.ionizations","i18n","Ionisierungen","Ionizaciones","Ionizations","i18n-Katalog (src/i18n) — über t() aufgelöst","","done",""
"gameover.milestones","i18n","💠 Meilensteine {done}/{total}","💠 Hitos {done}/{total}","💠 Milestones {done}/{total}","i18n-Katalog (src/i18n) — über t() aufgelöst","","done",""
"gameover.milestones.max","i18n","Maximum","Máximo","Maximum","i18n-Katalog (src/i18n) — über t() aufgelöst","","done",""
"gameover.milestones.next","i18n","nächster bei {n} Mio","siguiente en {n} M","next at {n}M","i18n-Katalog (src/i18n) — über t() aufgelöst","","done",""
"gameover.nav.leaderboard","i18n","Zur Rangliste","A la clasificación","To the ranking","i18n-Katalog (src/i18n) — über t() aufgelöst","","done",""
"gameover.nav.upgrades","i18n","Zu den Upgrades","A las mejoras","To the upgrades","i18n-Katalog (src/i18n) — über t() aufgelöst","","done",""
"gameover.nav.workshop","i18n","Zur Werkstatt","Al taller","To the workshop","i18n-Katalog (src/i18n) — über t() aufgelöst","","done",""
"gameover.newRun","i18n","Neuer Lauf","Nueva partida","New run","i18n-Katalog (src/i18n) — über t() aufgelöst","","done",""
"gameover.perTrick","i18n","Ø {score}/Stich","Ø {score}/baza","Ø {score}/trick","i18n-Katalog (src/i18n) — über t() aufgelöst","","done",""
"gameover.perTrick.title","i18n","Durchschnittlicher Score je Stich","Puntuación media por baza","Average score per trick","i18n-Katalog (src/i18n) — über t() aufgelöst","","done",""
"gameover.progress.done","i18n","Lauf abgeschlossen","Partida completada","Run complete","i18n-Katalog (src/i18n) — über t() aufgelöst","","done",""
"gameover.progress.next","i18n","Nächste Freischaltung bei {at}/{total}: {label}","Siguiente desbloqueo con {at}/{total}: {label}","Next unlock at {at}/{total}: {label}","i18n-Katalog (src/i18n) — über t() aufgelöst","","done",""
"gameover.progress.saved","i18n","Fortschritt gesichert","Progreso guardado","Progress saved","i18n-Katalog (src/i18n) — über t() aufgelöst","","done",""
"gameover.record.from","i18n","zum Rekord","hasta el récord","from record","i18n-Katalog (src/i18n) — über t() aufgelöst","","done",""
"gameover.record.new","i18n","Neuer Rekord","Nuevo récord","New record","i18n-Katalog (src/i18n) — über t() aufgelöst","","done",""
"gameover.skins.hint","i18n","Auswählbar im Menü unter „Deck“.","Se puede elegir en el menú, en “Mazo”.","Selectable from the menu under “Deck”.","i18n-Katalog (src/i18n) — über t() aufgelöst","","done",""
"gameover.skins.title","i18n","★ Neu freigeschaltet","★ Recién desbloqueado","★ Newly unlocked","i18n-Katalog (src/i18n) — über t() aufgelöst","","done",""
"gameover.sp","i18n","Stichpunkte","Puntos de baza","Trick Points","i18n-Katalog (src/i18n) — über t() aufgelöst","","done",""
"gameover.stats","i18n","Stats & Verlauf","Estadísticas e historial","Stats & history","i18n-Katalog (src/i18n) — über t() aufgelöst","","done",""
"gameover.unlocked.inline","i18n","✦ Freigeschaltet: {label}","✦ Desbloqueado: {label}","✦ Unlocked: {label}","i18n-Katalog (src/i18n) — über t() aufgelöst","","done",""
"gameover.unlocked.title","i18n","✦ Freigeschaltet","✦ Desbloqueado","✦ Unlocked","i18n-Katalog (src/i18n) — über t() aufgelöst","","done",""
"gameover.welcome","i18n","✦ Willkommensbonus","✦ Bonificación de bienvenida","✦ Welcome bonus","i18n-Katalog (src/i18n) — über t() aufgelöst","","done",""
"gameover.welcome.hint","i18n","für deinen ersten abgeschlossenen Lauf. Steck sie in die Deck-Werkstatt und hol dir ein Pack.","por tu primera partida completada. Inviértela en el taller de mazos y hazte con un pack.","for your first completed run. Spend it in the deck workshop and grab a pack.","i18n-Katalog (src/i18n) — über t() aufgelöst","","done",""
"gameover.welcome.value","i18n","+{n} DP","+{n} PM","+{n} DP","i18n-Katalog (src/i18n) — über t() aufgelöst","","done",""
"glacierform.block.name","i18n","Block","Bloque","Block","i18n-Katalog (src/i18n) — über t() aufgelöst","","done",""
"glacierform.flaeche.name","i18n","Große Fläche","Gran área","Great Field","i18n-Katalog (src/i18n) — über t() aufgelöst","","done",""
"glacierform.kreuz.name","i18n","Kreuz","Cruz","Cross","i18n-Katalog (src/i18n) — über t() aufgelöst","","done",""
"glacierform.linie.name","i18n","Linie","Línea","Line","i18n-Katalog (src/i18n) — über t() aufgelöst","","done",""
"glacierlegend.block","i18n","2×2-Quadrat (4 Gletscher)","cuadrado 2×2 (4 glaciares)","2×2 square (4 glaciers)","i18n-Katalog (src/i18n) — über t() aufgelöst","","done",""
"glacierlegend.flaeche","i18n","gefülltes 3×3 (9 Gletscher)","3×3 lleno (9 glaciares)","filled 3×3 (9 glaciers)","i18n-Katalog (src/i18n) — über t() aufgelöst","","done",""
"glacierlegend.head","i18n","Gletscher-Formationen (2D)","Formaciones de glaciar (2D)","Glacier formations (2D)","i18n-Katalog (src/i18n) — über t() aufgelöst","","done",""
"glacierlegend.head.compact","i18n","Gletscher-Formationen (2D):","Formaciones de glaciar (2D):","Glacier formations (2D):","i18n-Katalog (src/i18n) — über t() aufgelöst","","done",""
"glacierlegend.kreuz","i18n","Zentrum + 4 Nachbarn (5 Gletscher)","centro + 4 vecinas (5 glaciares)","centre + 4 neighbours (5 glaciers)","i18n-Katalog (src/i18n) — über t() aufgelöst","","done",""
"glacierlegend.linie","i18n","volle Reihe (5) oder Spalte (8)","fila completa (5) o columna (8)","full row (5) or column (8)","i18n-Katalog (src/i18n) — über t() aufgelöst","","done",""
"glacierlegend.linie.wall","i18n","volle Reihe (5) oder Spalte (8) · Eiswall","fila completa (5) o columna (8) · Muro de hielo","full row (5) or column (8) · Ice Wall","i18n-Katalog (src/i18n) — über t() aufgelöst","","done",""
"glacierlegend.mark.a","i18n","blaues","una","a blue","i18n-Katalog (src/i18n) — über t() aufgelöst","","done",""
"glacierlegend.mark.compact","i18n","= Karte in aktiver Formation","azul = carta en formación activa","= card in an active formation","i18n-Katalog (src/i18n) — über t() aufgelöst","","done",""
"glacierlegend.mark.post","i18n","· höchster Faktor je Typ zählt.","azul · cuenta el factor más alto por tipo.","· the highest factor per type counts.","i18n-Katalog (src/i18n) — über t() aufgelöst","","done",""
"glacierlegend.mark.pre","i18n","Karten in einer aktiven Formation tragen ein blaues","Las cartas en una formación activa llevan una","Cards in an active formation carry a blue","i18n-Katalog (src/i18n) — über t() aufgelöst","","done",""
"glacierpick.chosen","i18n","{n} / 1 gewählt","Selección: {n} / 1","{n} / 1 chosen","i18n-Katalog (src/i18n) — über t() aufgelöst","","done",""
"glacierpick.eyebrow","i18n","Gletscher","Glaciar","Glacier","i18n-Katalog (src/i18n) — über t() aufgelöst","","done",""
"glacierpick.intro","i18n","Sie friert auf ihrer Zelle fest. Ab dann **starr** (nicht mehr verschiebbar) und sammelt Masse, bis sie bricht. Entscheide zwischen Position und Wert.","Se congela en su celda. A partir de entonces queda **rígida** (ya no se puede mover) y acumula masa hasta que estalla. Decide entre posición y valor.","It freezes onto its cell. From then on **rigid** (no longer movable) and gathering mass until it bursts. Weigh position against value.","i18n-Katalog (src/i18n) — über t() aufgelöst","","done",""
"glacierpick.title","i18n","Wähle eine Karte als Gletscher","Elige una carta para convertirla en glaciar","Choose a card to become a glacier","i18n-Katalog (src/i18n) — über t() aufgelöst","","done",""
"glossary.abgedecktezelle.label","i18n","Abgedeckte Zelle","Celda cubierta","Covered cell","i18n-Katalog (src/i18n) — über t() aufgelöst","","done",""
"glossary.abgedecktezelle.match","i18n","abgedeckte Zelle|abgedeckter Zelle|abgedeckte Zellen|unter einem Gebäude","celda cubierta|celdas cubiertas|bajo un edificio","covered cell|covered cells|under a building","i18n-Katalog (src/i18n) — über t() aufgelöst","","done",""
"glossary.abgedecktezelle.text","i18n","Eine Brettzelle, die unter einem platzierten Gebäude liegt. Dichte Bebauung zahlt Score je abgedeckter Zelle; Eckstein gibt seiner Rollenkarte Stichwert, solange sie unter einem Gebäude liegt.","Una celda del tablero que queda bajo un edificio colocado. Construcción Densa paga puntuación por cada celda cubierta; Clave da valor de baza a su carta de rol mientras esté bajo un edificio.","A board cell that lies under a placed building. Dense Development pays score per covered cell; Keystone gives its role card trick value as long as it lies under a building.","i18n-Katalog (src/i18n) — über t() aufgelöst","","done",""
"glossary.all","i18n","Alle","Todos","All","i18n-Katalog (src/i18n) — über t() aufgelöst","","done",""
"glossary.allTitle","i18n","Alle Begriffe","Todos los términos","All entries","i18n-Katalog (src/i18n) — über t() aufgelöst","","done",""
"glossary.anker.label","i18n","Anker","Ancla","Anchor","i18n-Katalog (src/i18n) — über t() aufgelöst","","done",""
"glossary.anker.match","i18n","Anker|Ankerzelle|Ankerzellen","ancla|anclas|celda de ancla|celdas de ancla","anchor|anchors|anchor cell|anchor cells","i18n-Katalog (src/i18n) — über t() aufgelöst","","done",""
"glossary.anker.text","i18n","Eine einzelne Position zählt als aktive Formation (Faktor je Quelle). Kommt aus den Anker-Familien oder vom Architekt-Gebäude Grundstein. Höchstens ein Anker je Position. Grundstein legt ab Stufe III zusätzlich Stichwert auf jede Ankerzelle.","Una sola posición cuenta como formación activa (el factor depende de la fuente). Viene de las familias de ancla o del edificio del Arquitecto Piedra Angular. Como máximo un ancla por posición. Desde el nivel III, Piedra Angular pone además valor de baza en cada celda de ancla.","A single position counts as an active formation (factor depends on the source). Comes from the anchor families or from the Architect building Foundation Stone. At most one anchor per position. From tier III, Foundation Stone also puts trick value on every anchor cell.","i18n-Katalog (src/i18n) — über t() aufgelöst","","done",""
"glossary.archetyp.label","i18n","Archetyp","Arquetipo","Archetype","i18n-Katalog (src/i18n) — über t() aufgelöst","","done",""
"glossary.archetyp.match","i18n","Archetyp|Archetypen|Archetyps|Fraktion|Fraktionen","arquetipo|arquetipos","archetype|archetypes","i18n-Katalog (src/i18n) — über t() aufgelöst","","done",""
"glossary.archetyp.text","i18n","Eine Skill-Familie mit eigener Identität (Feuer · Blitz · Eis · Pflanze). Der erste Skill schaltet sie frei; bis zu 4 mischbar.","Una familia de habilidades con identidad propia (Fuego · Rayo · Hielo · Planta). La primera habilidad la desbloquea; se pueden mezclar hasta 4.","A skill family with its own identity (Fire · Lightning · Ice · Plant). The first skill unlocks it; up to 4 can be mixed.","i18n-Katalog (src/i18n) — über t() aufgelöst","","done",""
"glossary.ash.label","i18n","Asche","Ceniza","Ash","i18n-Katalog (src/i18n) — über t() aufgelöst","","done",""
"glossary.ash.match","i18n","Asche","ceniza","ash","i18n-Katalog (src/i18n) — über t() aufgelöst","","done",""
"glossary.ash.text","i18n","Rohstoff der Feuer-Schmiede: Brände geben +1 Asche. Die Ascheschmiede verbraucht 20 Asche je Schmiedung (+3 Kartenwert); ist die Schmiede voll, verglüht restliche Asche als Ascheglut zu Score.","Materia prima de la forja de fuego: las marcas dan +1 de ceniza. La Forja de Ceniza consume 20 de ceniza por forja (+3 de valor de carta); cuando la forja está llena, la ceniza restante arde como brasa de ceniza y se convierte en puntuación.","Raw material of the fire forge: brands give +1 ash. The Ash Forge consumes 20 ash per forging (+3 card value); once the forge is full, remaining ash burns off as ash glow into score.","i18n-Katalog (src/i18n) — über t() aufgelöst","","done",""
"glossary.ashglow.label","i18n","Ascheglut","Brasa de ceniza","Ash glow","i18n-Katalog (src/i18n) — über t() aufgelöst","","done",""
"glossary.ashglow.match","i18n","Ascheglut","brasa de ceniza","ash glow","i18n-Katalog (src/i18n) — über t() aufgelöst","","done",""
"glossary.ashglow.text","i18n","Der Asche-Überlauf: Ist die Schmiede-Kapazität voll, wird restliche Asche am Durchlauf-Ende in Score-Häppchen verbrannt (+2.000 Score je 20 Asche). Asche wird so jeden Durchlauf vollständig ausgegeben, kein toter Haufen mehr.","El desbordamiento de la ceniza: cuando la capacidad de la forja está llena, la ceniza restante se quema al final del ciclo y se convierte en puntuación (+2.000 de puntuación por cada 20 de ceniza). Así la ceniza se gasta por completo en cada ciclo y no queda ningún montón muerto.","The ash overflow: once the forge capacity is full, remaining ash is burnt into score at the end of the cycle (+2,000 score per 20 ash). Ash is thus fully spent every cycle, no dead pile left over.","i18n-Katalog (src/i18n) — über t() aufgelöst","","done",""
"glossary.aufruesten.label","i18n","Aufwerten","Mejorar","Upgrade","i18n-Katalog (src/i18n) — über t() aufgelöst","","done",""
"glossary.aufruesten.match","i18n","Aufwerten|Ausbauen","mejorar|mejora","upgrade|upgrading","i18n-Katalog (src/i18n) — über t() aufgelöst","","done",""
"glossary.aufruesten.text","i18n","Ein bestehendes Gebäude um +1 Stufe erhöhen statt neu zu bauen (Legendäre haben keine Stufen).","Subir un edificio existente +1 nivel en vez de construir uno nuevo (los legendarios no tienen niveles).","Raise an existing building by +1 tier instead of building anew (legendaries have no tiers).","i18n-Katalog (src/i18n) — über t() aufgelöst","","done",""
"glossary.aufstellung.label","i18n","Aufstellungsphase","Fase de orden","Order phase","i18n-Katalog (src/i18n) — über t() aufgelöst","","done",""
"glossary.aufstellung.match","i18n","Aufstellungsphase|Aufstellung","fase de orden|orden de robo","order phase|draw order","i18n-Katalog (src/i18n) — über t() aufgelöst","","done",""
"glossary.aufstellung.text","i18n","Zwischen zwei Durchläufen stellst du deine Kartenreihenfolge um. Jeder Tausch kostet Formations-Energie.","Entre dos ciclos reordenas tu orden de robo. Cada intercambio cuesta energía de orden.","Between two cycles you rearrange your draw order. Every swap costs order energy.","i18n-Katalog (src/i18n) — über t() aufgelöst","","done",""
"glossary.baufeld.label","i18n","Baufeld (Deckel)","Espacio de construcción (tope)","Build space (cap)","i18n-Katalog (src/i18n) — über t() aufgelöst","","done",""
"glossary.baufeld.match","i18n","Baufeld","espacio de construcción","build space","i18n-Katalog (src/i18n) — über t() aufgelöst","","done",""
"glossary.baufeld.text","i18n","Die begrenzte Zahl belegbarer Brettzellen. Die Knappheit macht das Platzieren zur Entscheidung (der Upgrade-Baum und der Perk Bauhütte heben den Deckel).","El número limitado de celdas del tablero que puedes ocupar. La escasez convierte la colocación en una decisión (el árbol de mejoras y la ventaja Logia de Canteros suben el tope).","The limited number of board cells you may occupy. The scarcity makes placement a decision (the upgrade tree and the perk Masons' Lodge raise the cap).","i18n-Katalog (src/i18n) — über t() aufgelöst","","done",""
"glossary.baukat.label","i18n","Bau-Kategorien","Categorías de construcción","Build categories","i18n-Katalog (src/i18n) — über t() aufgelöst","","done",""
"glossary.baukat.match","i18n","Bau-Kategorien","categorías de construcción","build categories","i18n-Katalog (src/i18n) — über t() aufgelöst","","done",""
"glossary.baukat.text","i18n","Drei Effekt-Arten: Wert (Tragwerk, +Stichwert) · Score (Handelsbau, +Score) · Formation (Sakralbau, biegt die Erkennung).","Tres clases de efecto: valor (estructura portante, +valor de baza) · puntuación (edificio comercial, +puntuación) · formación (edificio sacro, dobla el reconocimiento).","Three kinds of effect: value (structural, +trick value) · score (commercial, +score) · formation (sacral, bends the recognition).","i18n-Katalog (src/i18n) — über t() aufgelöst","","done",""
"glossary.bauphase.label","i18n","Bauphase / Der Architekt","Fase de construcción / el Arquitecto","Build phase / the Architect","i18n-Katalog (src/i18n) — über t() aufgelöst","","done",""
"glossary.bauphase.match","i18n","Bauphase|Architekt|Architekten","fase de construcción|Arquitecto","build phase|Architect","i18n-Katalog (src/i18n) — über t() aufgelöst","","done",""
"glossary.bauphase.text","i18n","Der Architekt ersetzt den Shop: statt zu kaufen legst du geometrische Gebäude als Overlay aufs Kartenbrett. Kein Geld, keine Münzen.","El Arquitecto sustituye a la tienda: en vez de comprar, colocas edificios geométricos como una capa sobre el tablero de cartas. Sin dinero, sin monedas.","The Architect replaces the shop: instead of buying, you lay geometric buildings onto the card board as an overlay. No money, no coins.","i18n-Katalog (src/i18n) — über t() aufgelöst","","done",""
"glossary.bauplan.label","i18n","Bauplan","Plano","Blueprint","i18n-Katalog (src/i18n) — über t() aufgelöst","","done",""
"glossary.bauplan.match","i18n","Bauplan|Baupläne","plano|planos","blueprint|blueprints","i18n-Katalog (src/i18n) — über t() aufgelöst","","done",""
"glossary.bauplan.text","i18n","Ein Angebots-Eintrag, aus dem du ein Gebäude errichtest. 3 Baupläne je Bauphase.","Una entrada de la oferta a partir de la cual levantas un edificio. 3 planos por fase de construcción.","An offer entry from which you erect a building. 3 blueprints per build phase.","i18n-Katalog (src/i18n) — über t() aufgelöst","","done",""
"glossary.bekenntnis.label","i18n","Bekenntnis","Compromiso","Commitment","i18n-Katalog (src/i18n) — über t() aufgelöst","","done",""
"glossary.bekenntnis.match","i18n","Bekenntnis|Blitz-Bekenntnis|Feuer-Bekenntnis","compromiso","commitment|lightning commitment|fire commitment","i18n-Katalog (src/i18n) — über t() aufgelöst","","done",""
"glossary.bekenntnis.text","i18n","Wie stark du dich einem Archetyp verschrieben hast: der Anteil deiner Skill-Slots, den seine Skills belegen. Viele Effekte, vor allem Legendäre, zahlen anteilig danach, voll erst bei reinem Deck.","Hasta qué punto te has comprometido con un arquetipo: la proporción de tus ranuras de habilidad que ocupan sus habilidades. Muchos efectos, sobre todo los legendarios, pagan en proporción a él, y del todo solo con un mazo puro.","How far you have committed to an archetype: the share of your skill slots its skills occupy. Many effects, legendaries above all, pay proportionally to it, in full only on a pure deck.","i18n-Katalog (src/i18n) — über t() aufgelöst","","done",""
"glossary.bersten.label","i18n","Bersten","Estallido","Burst","i18n-Katalog (src/i18n) — über t() aufgelöst","","done",""
"glossary.bersten.match","i18n","Bersten|bricht|brechen|Bruch|Brüche|Bruchs|brechendem|Berst-Score|Berst-Schwelle","estallido|estallidos|estalla|estallan|estallar|umbral de estallido","burst|bursts|bursting|burst score|burst threshold","i18n-Katalog (src/i18n) — über t() aufgelöst","","done",""
"glossary.bersten.text","i18n","Erreicht ein Gletscher 12 Masse, bricht er: Berst-Score aus Masse × Wucht der erreichten Schwelle (Schwellen 4 / 8 / 12), verstärkt um +25 % je angrenzendem Gletscher und Kollision, wenn der Bruch einen Gletscher-Nachbarn trifft. Danach fällt er auf 0 ab und füllt sich zum Durchlauf-Beginn aus seiner Boden-Reserve wieder auf.","Cuando un glaciar alcanza 12 de masa, estalla: puntuación de estallido a partir de masa × la fuerza del umbral alcanzado (umbrales 4 / 8 / 12), amplificada un +25 % por cada glaciar contiguo, más una colisión cuando el estallido alcanza a un glaciar vecino. Después cae a 0 y se rellena desde su reserva del suelo al inicio del ciclo.","When a glacier reaches 12 mass, it bursts: burst score from mass × the force of the threshold reached (thresholds 4 / 8 / 12), amplified by +25% per adjacent glacier, plus a collision when the burst hits a glacier neighbour. Afterwards it drops to 0 and refills from its ground reserve at the start of the cycle.","i18n-Katalog (src/i18n) — über t() aufgelöst","","done",""
"glossary.bestenliste.label","i18n","Bestenliste","Clasificación","Leaderboard","i18n-Katalog (src/i18n) — über t() aufgelöst","","done",""
"glossary.bestenliste.match","i18n","Bestenliste","clasificación","leaderboard","i18n-Katalog (src/i18n) — über t() aufgelöst","","done",""
"glossary.bestenliste.text","i18n","Deine lokalen Läufe plus die globale Rangliste.","Tus partidas locales más la clasificación global.","Your local runs plus the global ranking.","i18n-Katalog (src/i18n) — über t() aufgelöst","","done",""
"glossary.bindeglied.label","i18n","Bindeglied","Enlace","Link","i18n-Katalog (src/i18n) — über t() aufgelöst","","done",""
"glossary.bindeglied.match","i18n","Bindeglied","enlace|enlaces|enlace de escalera","link|links","i18n-Katalog (src/i18n) — über t() aufgelöst","","done",""
"glossary.bindeglied.text","i18n","Eine Karte darf für eine Treppe im Wert abweichen. Perk-Familie Bindeglied: I/II ±1 · III um 1 oder 2 · IV jeder Wert zwischen den Nachbarn. Architekt-Gebäude Kreuzgang: ±1, ab Stufe III ±2.","Una carta puede diferir en valor para una escalera. Familia de ventajas Enlace: I/II ±1 · III en 1 o 2 · IV cualquier valor entre sus vecinas. Edificio del Arquitecto Claustro: ±1, desde el nivel III ±2.","A card may differ in value for a stair. Perk family Link: I/II ±1 · III by 1 or 2 · IV any value between its neighbours. Architect building Cloister: ±1, from tier III ±2.","i18n-Katalog (src/i18n) — über t() aufgelöst","","done",""
"glossary.bluete.label","i18n","Blüte","Floración","Bloom","i18n-Katalog (src/i18n) — über t() aufgelöst","","done",""
"glossary.bluete.match","i18n","Blüte|Blüte-Score|Blütezeit","floración|puntuación de floración","bloom|bloom score|blooming season","i18n-Katalog (src/i18n) — über t() aufgelöst","","done",""
"glossary.bluete.text","i18n","Ein Grün-Payoff: Siegt eine grüne Karte mit grünen Nachbarn, gibt sie +15 Blüte-Score je grüner Karte im Segment (Blütezeit ×2 in Formation, Überwucherung nochmals ×2).","Un beneficio verde: cuando gana una carta verde con vecinas verdes, da +15 de puntuación de floración por cada carta verde del segmento (Época de Floración ×2 dentro de una formación, Invasión otra vez ×2).","A green payoff: when a green card with green neighbours wins, it gives +15 bloom score per green card in the segment (Blooming Season ×2 inside a formation, Overgrowth ×2 again).","i18n-Katalog (src/i18n) — über t() aufgelöst","","done",""
"glossary.brand.label","i18n","Brandmal","Marca","Brand","i18n-Katalog (src/i18n) — über t() aufgelöst","","done",""
"glossary.brand.match","i18n","Brandmal|Brand|Brände|gebrandmarkte","marca|marcas|marcada","brand|brands|branded","i18n-Katalog (src/i18n) — über t() aufgelöst","","done",""
"glossary.brand.text","i18n","Eine gebrandmarkte Gegnerkarte verliert Wert; jeder Brand gibt +1 Asche, den Rohstoff der Feuer-Schmiede.","Una carta rival marcada pierde valor; cada marca da +1 de ceniza, la materia prima de la forja de fuego.","A branded opponent card loses value; every brand gives +1 ash, the raw material of the fire forge.","i18n-Katalog (src/i18n) — über t() aufgelöst","","done",""
"glossary.brett.label","i18n","Brett (8×5)","Tablero (8×5)","Board (8×5)","i18n-Katalog (src/i18n) — über t() aufgelöst","","done",""
"glossary.brett.match","i18n","Brett","tablero","board","i18n-Katalog (src/i18n) — über t() aufgelöst","","done",""
"glossary.brett.text","i18n","Deine 40 Deckpositionen als 8 Zeilen × 5 Spalten. Formationen laufen weiter auf der 1D-Reihenfolge.","Tus 40 posiciones de mazo como 8 filas × 5 columnas. Las formaciones siguen corriendo sobre el orden en 1D.","Your 40 deck positions as 8 rows × 5 columns. Formations still run along the 1D order.","i18n-Katalog (src/i18n) — über t() aufgelöst","","done",""
"glossary.cat.arch","i18n","Der Architekt","El Arquitecto","The Architect","i18n-Katalog (src/i18n) — über t() aufgelöst","","done",""
"glossary.cat.deck","i18n","Deck & Karten","Mazo y cartas","Deck & cards","i18n-Katalog (src/i18n) — über t() aufgelöst","","done",""
"glossary.cat.form","i18n","Formationen","Formaciones","Formations","i18n-Katalog (src/i18n) — über t() aufgelöst","","done",""
"glossary.cat.frak","i18n","Archetypen","Arquetipos","Archetypes","i18n-Katalog (src/i18n) — über t() aufgelöst","","done",""
"glossary.cat.grund","i18n","Grundbegriffe","Fundamentos","Basics","i18n-Katalog (src/i18n) — über t() aufgelöst","","done",""
"glossary.cat.meta","i18n","Fortschritt & Meta","Progreso y meta","Progress & meta","i18n-Katalog (src/i18n) — über t() aufgelöst","","done",""
"glossary.cat.perk","i18n","Perks & Rarität","Ventajas y rareza","Perks & rarity","i18n-Katalog (src/i18n) — über t() aufgelöst","","done",""
"glossary.cat.praez","i18n","Präzision · Crit","Precisión · crítico","Precision · crit","i18n-Katalog (src/i18n) — über t() aufgelöst","","done",""
"glossary.cathint.arch","i18n","Bauphase, Brett, Gebäude, Struktur.","Fase de construcción, tablero, edificios, estructura.","Build phase, board, buildings, structure.","i18n-Katalog (src/i18n) — über t() aufgelöst","","done",""
"glossary.cathint.deck","i18n","Woraus dein Deck besteht und wie es gelesen wird.","De qué se compone tu mazo y cómo se lee.","What your deck is made of and how it is read.","i18n-Katalog (src/i18n) — über t() aufgelöst","","done",""
"glossary.cathint.form","i18n","Muster in der Kartenreihenfolge und was sie zahlen.","Patrones en el orden de las cartas y lo que pagan.","Patterns in the card order and what they pay.","i18n-Katalog (src/i18n) — über t() aufgelöst","","done",""
"glossary.cathint.frak","i18n","Die vier Ressourcen, nach Archetyp gruppiert.","Los cuatro recursos, agrupados por arquetipo.","The four resources, grouped by archetype.","i18n-Katalog (src/i18n) — über t() aufgelöst","","done",""
"glossary.cathint.grund","i18n","Stich, Serie, Kampfwert: die Vokabeln jedes Laufs.","Baza, racha, valor de combate: el vocabulario de toda partida.","Trick, streak, battle value: the vocabulary of every run.","i18n-Katalog (src/i18n) — über t() aufgelöst","","done",""
"glossary.cathint.meta","i18n","Was über den einzelnen Lauf hinaus zählt.","Lo que cuenta más allá de una sola partida.","What counts beyond the single run.","i18n-Katalog (src/i18n) — über t() aufgelöst","","done",""
"glossary.cathint.perk","i18n","Familien, Stufen, Raritäten, Legendäre.","Familias, niveles, rarezas, legendarias.","Families, tiers, rarities, legendaries.","i18n-Katalog (src/i18n) — über t() aufgelöst","","done",""
"glossary.cathint.praez","i18n","Woher Crit-Chance und Crit-Multiplikator kommen.","De dónde vienen la probabilidad y el multiplicador de crítico.","Where crit chance and crit multiplier come from.","i18n-Katalog (src/i18n) — über t() aufgelöst","","done",""
"glossary.challenger.label","i18n","Challenger / Seed","Challenger / semilla","Challenger / seed","i18n-Katalog (src/i18n) — über t() aufgelöst","","done",""
"glossary.challenger.match","i18n","Challenger|Seed|Nachspielen","challenger|semilla|semillas","challenger|seed|replay","i18n-Katalog (src/i18n) — über t() aufgelöst","","done",""
"glossary.challenger.text","i18n","Teile einen Lauf über seinen Seed (kurzer Code); andere spielen exakt dieselben Karten nach und vergleichen den Score.","Comparte una partida por su semilla (un código corto); otros repiten exactamente las mismas cartas y comparan la puntuación.","Share a run through its seed (a short code); others replay exactly the same cards and compare scores.","i18n-Katalog (src/i18n) — über t() aufgelöst","","done",""
"glossary.charge.label","i18n","Ladung","Carga","Charge","i18n-Katalog (src/i18n) — über t() aufgelöst","","done",""
"glossary.charge.match","i18n","Ladung|Ladungen","carga|cargas","charge|charges","i18n-Katalog (src/i18n) — über t() aufgelöst","","done",""
"glossary.charge.text","i18n","Crits erzeugen Ladung (max 10). Bei voller Ladung lösen Blitz-Konsumenten ihren Effekt aus und verbrauchen sie.","Los críticos generan carga (máx. 10). Con la carga llena, los consumidores de rayo disparan su efecto y la gastan.","Crits generate charge (max 10). At full charge, lightning consumers trigger their effect and spend it.","i18n-Katalog (src/i18n) — über t() aufgelöst","","done",""
"glossary.chronik.label","i18n","Chronik","Crónica","Chronicle","i18n-Katalog (src/i18n) — über t() aufgelöst","","done",""
"glossary.chronik.match","i18n","Chronik","crónica","chronicle","i18n-Katalog (src/i18n) — über t() aufgelöst","","done",""
"glossary.chronik.text","i18n","Lesende Übersicht aller 40 Karten des Laufs in aktueller Reihenfolge, mit Formations-, Rollen- und Ankermarkern.","Una vista de solo lectura de las 40 cartas de la partida en su orden actual, con marcadores de formación, rol y ancla.","A read-only overview of all 40 cards of the run in their current order, with formation, role and anchor markers.","i18n-Katalog (src/i18n) — über t() aufgelöst","","done",""
"glossary.clear","i18n","Suche löschen","Borrar la búsqueda","Clear the search","i18n-Katalog (src/i18n) — über t() aufgelöst","","done",""
"glossary.cluster.label","i18n","Cluster","Agrupación","Cluster","i18n-Katalog (src/i18n) — über t() aufgelöst","","done",""
"glossary.cluster.match","i18n","Cluster|Clusters|Clustern","agrupación|agrupaciones","cluster|clusters","i18n-Katalog (src/i18n) — über t() aufgelöst","","done",""
"glossary.cluster.text","i18n","Eine Gruppe direkt aneinandergrenzender Gletscher. Viele Eis-Skills messen die Cluster-Größe (z. B. Verschmelzen, Verzahnung); Eisbrücke zählt auch die Diagonalen dazu.","Un grupo de glaciares directamente contiguos. Muchas habilidades de Hielo miden el tamaño de la agrupación (por ejemplo Fusión y Engranaje); el Puente de Hielo cuenta también las diagonales.","A group of directly adjacent glaciers. Many ice skills measure the cluster size (Fusion and Interlock for instance); Ice Bridge counts the diagonals too.","i18n-Katalog (src/i18n) — über t() aufgelöst","","done",""
"glossary.colonize.label","i18n","Kolonisieren / Ausläufer","Colonizar / estolón","Colonize / runner","i18n-Katalog (src/i18n) — über t() aufgelöst","","done",""
"glossary.colonize.match","i18n","Kolonisieren|kolonisierte|Ausläufer","colonizar|coloniza|colonizada|estolón|estolones","colonize|colonized|runner|runners","i18n-Katalog (src/i18n) — über t() aufgelöst","","done",""
"glossary.colonize.text","i18n","Markiert gegnerische Karten grün (Ausläufer/Rhizom). Besiegst du eine kolonisierte Karte, erntest du Wachstum.","Marca cartas rivales de verde (Estolones/Rizoma). Si vences a una carta colonizada, cosechas crecimiento.","Marks opponent cards green (Runners/Rhizome). Beat a colonized card and you harvest growth.","i18n-Katalog (src/i18n) — über t() aufgelöst","","done",""
"glossary.consume.label","i18n","Konsument","Consumidor","Consumer","i18n-Katalog (src/i18n) — über t() aufgelöst","","done",""
"glossary.consume.match","i18n","Konsument|Konsumenten|Hitze-Konsument","consumidor|consumidores","consumer|consumers|heat consumer","i18n-Katalog (src/i18n) — über t() aufgelöst","","done",""
"glossary.consume.text","i18n","Ein Skill, der eine angesammelte Ressource für einen starken Effekt verbraucht: Feuer verbrennt Hitze, Blitz verbraucht Ladung. Mehrere Feuer-Konsumenten wirken gleichzeitig; von den Blitz-Konsumenten immer nur einer, ein neuer ersetzt den alten.","Una habilidad que gasta un recurso acumulado para lograr un efecto fuerte: Fuego quema calor, Rayo gasta carga. Varios consumidores de fuego actúan a la vez; de los consumidores de rayo, siempre solo uno, y uno nuevo sustituye al anterior.","A skill that spends an accumulated resource for a strong effect: fire burns heat, lightning spends charge. Several fire consumers work at once; of the lightning consumers only ever one, and a new one replaces the old.","i18n-Katalog (src/i18n) — über t() aufgelöst","","done",""
"glossary.count_one","i18n","{count} Begriff","{count} término","{count} entry","i18n-Katalog (src/i18n) — über t() aufgelöst","","done",""
"glossary.count_other","i18n","{count} Begriffe","{count} términos","{count} entries","i18n-Katalog (src/i18n) — über t() aufgelöst","","done",""
"glossary.crit.label","i18n","Crit","Crítico","Crit","i18n-Katalog (src/i18n) — über t() aufgelöst","","done",""
"glossary.crit.match","i18n","Crit|Crits|kritischer Treffer|kritischen Treffer","crítico|críticos|golpe crítico|golpes críticos","crit|crits|critical hit|critical hits","i18n-Katalog (src/i18n) — über t() aufgelöst","","done",""
"glossary.crit.text","i18n","Kritischer Treffer: der Sieg zählt mit dem Crit-Multiplikator (Basis ×2,25). Der Basis-Crit ist 0. Crit-Chance kommt aus den Präzision-Familien und aus Blitz-Skills. Jeder Blitz-Skill hebt zudem den Crit-Multiplikator um +0,1×.","Golpe crítico: la victoria cuenta con el multiplicador de crítico (base ×2,25). El crítico base es 0. La probabilidad de crítico viene de las familias de Precisión y de las habilidades de Rayo. Cada habilidad de Rayo sube además el multiplicador de crítico en +0,1×.","Critical hit: the win counts with the crit multiplier (base ×2.25). Base crit is 0. Crit chance comes from the Precision families and from lightning skills. Every lightning skill also raises the crit multiplier by +0.1×.","i18n-Katalog (src/i18n) — über t() aufgelöst","","done",""
"glossary.critwette.label","i18n","Crit-Wette","Apuesta de crítico","Crit bet","i18n-Katalog (src/i18n) — über t() aufgelöst","","done",""
"glossary.critwette.match","i18n","Crit-Wette|Wette|Wetten|Jackpot","apuesta de crítico|apuesta|apuestas|bote","crit bet|bet|bets|jackpot","i18n-Katalog (src/i18n) — über t() aufgelöst","","done",""
"glossary.critwette.text","i18n","Eine Wette auf den Crit: Sieg mit Crit zahlt den Jackpot, Sieg ohne Crit kostet Abzug (nie unter 0). Aufwerten hebt nur den Jackpot, nicht den Abzug (z. B. Losbude, Spielbank).","Una apuesta sobre el crítico: una victoria con crítico paga el bote, una victoria sin crítico cuesta una deducción (nunca por debajo de 0). Mejorar sube solo el bote, no la deducción (por ejemplo Caseta de Rifas, Casino).","A bet on the crit: a win with a crit pays the jackpot, a win without one costs a deduction (never below 0). Upgrading raises only the jackpot, not the deduction (Raffle Booth, Casino for instance).","i18n-Katalog (src/i18n) — über t() aufgelöst","","done",""
"glossary.deck.label","i18n","Deck","Mazo","Deck","i18n-Katalog (src/i18n) — über t() aufgelöst","","done",""
"glossary.deck.match","i18n","Deck","mazo|mazos","deck|decks","i18n-Katalog (src/i18n) — über t() aufgelöst","","done",""
"glossary.deck.text","i18n","40 Karten = 4 Farben × Werte 1–10. Dein Deck ist durch Perks/Architekt veränderbar; der Gegner mischt je Durchlauf neu.","40 cartas = 4 palos × valores 1–10. Tu mazo se puede cambiar con ventajas y con el Arquitecto; el rival baraja de nuevo en cada ciclo.","40 cards = 4 suits × values 1–10. Your deck can be changed by perks and the Architect; the opponent reshuffles every cycle.","i18n-Katalog (src/i18n) — über t() aufgelöst","","done",""
"glossary.deckpunkte.label","i18n","Deckpunkte (DP)","Puntos de mazo (PM)","Deck Points (DP)","i18n-Katalog (src/i18n) — über t() aufgelöst","","done",""
"glossary.deckpunkte.match","i18n","Deckpunkt|Deckpunkte|DP","Punto de mazo|Puntos de mazo|PM","Deck Point|Deck Points|DP","i18n-Katalog (src/i18n) — über t() aufgelöst","","done",""
"glossary.deckpunkte.text","i18n","Die Währung der Deck-Werkstatt, rein kosmetisch. Damit kaufst du Karten-/Spielfeld-Pakete und Effekte; auf das Gameplay wirken sie nicht.","La moneda del taller de mazos, puramente cosmética. Con ella compras packs de cartas y de campos de batalla, y efectos; no afecta al juego.","The currency of the deck workshop, purely cosmetic. You buy card and battlefield packs and effects with it; it does not affect gameplay.","i18n-Katalog (src/i18n) — über t() aufgelöst","","done",""
"glossary.direktscore.label","i18n","Direkt-Score","Puntuación directa","Direct score","i18n-Katalog (src/i18n) — über t() aufgelöst","","done",""
"glossary.direktscore.match","i18n","Direkt-Score","puntuación directa","direct score","i18n-Katalog (src/i18n) — über t() aufgelöst","","done",""
"glossary.direktscore.text","i18n","Score, der direkt zählt, ohne durch Serie, Crit oder Formation multipliziert zu werden. Wirkt flach und sofort, oft stark im frühen Spiel.","Puntuación que cuenta directamente, sin pasar por los multiplicadores de racha, crítico o formación. Actúa de forma plana e inmediata, y suele ser fuerte al principio.","Score that counts directly, without passing through streak, crit or formation multipliers. Flat and immediate, often strong early.","i18n-Katalog (src/i18n) — über t() aufgelöst","","done",""
"glossary.distrikt.label","i18n","Nachbargebäude / Distrikt","Edificio adyacente / distrito","Adjacent building / district","i18n-Katalog (src/i18n) — über t() aufgelöst","","done",""
"glossary.distrikt.match","i18n","Nachbargebäude|Distrikt|Distrikte","edificio adyacente|edificios adyacentes|distrito|distritos","adjacent building|adjacent buildings|district|districts","i18n-Katalog (src/i18n) — über t() aufgelöst","","done",""
"glossary.distrikt.text","i18n","Ein Gebäude, das orthogonal an ein anderes angrenzt. Distrikt-Baupläne (z. B. Zunftviertel, Marktplatz) zahlen je Nachbargebäude, bis zu einem Deckel. Sie belohnen dichtes Bauen.","Un edificio que linda ortogonalmente con otro. Los planos de distrito (por ejemplo Barrio Gremial, Mercado) pagan por cada edificio adyacente, hasta un tope. Premian construir denso.","A building that borders another orthogonally. District blueprints (Guild Quarter, Marketplace for instance) pay per adjacent building, up to a cap. They reward dense building.","i18n-Katalog (src/i18n) — über t() aufgelöst","","done",""
"glossary.durchlauf.label","i18n","Durchlauf","Ciclo","Cycle","i18n-Katalog (src/i18n) — über t() aufgelöst","","done",""
"glossary.durchlauf.match","i18n","Durchlauf|Durchläufe|Durchlaufs|Durchläufen|Deck-Durchlauf","ciclo|ciclos","cycle|cycles|deck cycle","i18n-Katalog (src/i18n) — über t() aufgelöst","","done",""
"glossary.durchlauf.text","i18n","Alle 40 Karten des Decks einmal durchgespielt (40 Stiche). Danach mischt der Gegner neu und eine Entscheidung steht an.","Las 40 cartas del mazo jugadas una vez (40 bazas). Después el rival vuelve a barajar y toca una decisión.","All 40 cards of the deck played through once (40 tricks). Then the opponent reshuffles and a decision is due.","i18n-Katalog (src/i18n) — über t() aufgelöst","","done",""
"glossary.eisformation.label","i18n","Gletscher-Formationen","Formaciones de glaciar","Ice formations","i18n-Katalog (src/i18n) — über t() aufgelöst","","done",""
"glossary.eisformation.match","i18n","Gletscher-Formationen|Gletscher-Formation|Eis-Formationen|Eis-Formation","formaciones de glaciar|formación de glaciar","ice formations|ice formation","i18n-Katalog (src/i18n) — über t() aufgelöst","","done",""
"glossary.eisformation.text","i18n","Eis ist das einzige Deck mit Gletscher-Formationen: geometrische Formen aus festgefrorenen Gletschern verstärken deren Bersten: Block = 2×2 (4 Gletscher, ×1,15), Kreuz = Zentrum + 4 Nachbarn (5, ×1,25), Linie = volle Reihe (5) oder Spalte (8) (×1,3), Große Fläche = 3×3 (9, ×1,5). Überlappende Formen stapeln.","Hielo es el único mazo con formaciones de glaciar: las formas geométricas de glaciares congelados refuerzan su estallido: bloque = 2×2 (4 glaciares, ×1,15), cruz = centro + 4 vecinas (5, ×1,25), línea = fila completa (5) o columna (8) (×1,3), gran área = 3×3 (9, ×1,5). Las formas solapadas se acumulan.","Ice is the only deck with ice formations: geometric shapes of frozen glaciers strengthen their bursts: block = 2×2 (4 glaciers, ×1.15), cross = centre + 4 neighbours (5, ×1.25), line = full row (5) or column (8) (×1.3), great field = 3×3 (9, ×1.5). Overlapping shapes stack.","i18n-Katalog (src/i18n) — über t() aufgelöst","","done",""
"glossary.eternalSpring.label","i18n","Ewiger Frühling","Primavera Eterna","Eternal Spring","i18n-Katalog (src/i18n) — über t() aufgelöst","","done",""
"glossary.eternalSpring.match","i18n","Ewiger Frühling","Primavera Eterna","Eternal Spring","i18n-Katalog (src/i18n) — über t() aufgelöst","","done",""
"glossary.eternalSpring.text","i18n","Farbblock zählt Grün schon ab 2 Karten und Überwucherung schon ab 25 % Feld. Je größer dein ewig-grünes Feld, desto mehr Score zahlt jeder grüne Sieg direkt.","El bloque de palo cuenta como verde ya desde 2 cartas, y la invasión ya desde el 25 % del campo. Cuanto más grande sea tu campo siempre verde, más puntuación paga directamente cada victoria verde.","Suit block counts green from 2 cards already, and overgrowth from 25% of the field. The bigger your evergreen field, the more score every green win pays directly.","i18n-Katalog (src/i18n) — über t() aufgelöst","","done",""
"glossary.familie.label","i18n","Familie","Familia","Family","i18n-Katalog (src/i18n) — über t() aufgelöst","","done",""
"glossary.familie.match","i18n","Familie|Familien","familia|familias","family|families","i18n-Katalog (src/i18n) — über t() aufgelöst","","done",""
"glossary.familie.text","i18n","Ein Perk oder Bau als aufwertbare Einheit mit bis zu vier Stufen (I–IV). Du wertest ihn Stufe für Stufe auf.","Una ventaja o un edificio como unidad mejorable con hasta cuatro niveles (I–IV). La mejoras nivel a nivel.","A perk or building as an upgradeable unit with up to four tiers (I–IV). You upgrade it tier by tier.","i18n-Katalog (src/i18n) — über t() aufgelöst","","done",""
"glossary.farballianz.label","i18n","Farballianz","Alianza de palos","Suit alliance","i18n-Katalog (src/i18n) — über t() aufgelöst","","done",""
"glossary.farballianz.match","i18n","Farballianz|Allianz","alianza de palos|alianza","suit alliance|alliance","i18n-Katalog (src/i18n) — über t() aufgelöst","","done",""
"glossary.farballianz.text","i18n","Von dir verbundene Farben zählen für Farbblöcke als dieselbe Farbe.","Los palos que hayas enlazado cuentan como el mismo palo para los bloques de palo.","Suits you have linked count as the same suit for suit blocks.","i18n-Katalog (src/i18n) — über t() aufgelöst","","done",""
"glossary.farbblock.label","i18n","Farbblock","Bloque de palo","Suit block","i18n-Katalog (src/i18n) — über t() aufgelöst","","done",""
"glossary.farbblock.match","i18n","Farbblock|Farbblöcke|Farbblocks","bloque de palo|bloques de palo","suit block|suit blocks","i18n-Katalog (src/i18n) — über t() aufgelöst","","done",""
"glossary.farbblock.text","i18n","≥3 Karten gleicher Farbe. Ab der 3. ×1,35, je weitere +0,20.","≥3 cartas del mismo palo. Desde la carta 3, ×1,35; +0,20 por cada una más.","3 or more cards of the same suit. From the 3rd ×1.35, +0.20 for each further one.","i18n-Katalog (src/i18n) — über t() aufgelöst","","done",""
"glossary.farbe.label","i18n","Farbe","Palo","Suit","i18n-Katalog (src/i18n) — über t() aufgelöst","","done",""
"glossary.farbe.match","i18n","Farbe|Farben","palo|palos","suit|suits","i18n-Katalog (src/i18n) — über t() aufgelöst","","done",""
"glossary.farbe.text","i18n","Rot, Blau, Grün, Gelb. Relevant vor allem für Farbblock-Formationen.","Rojo, Azul, Verde, Amarillo. Relevante sobre todo para las formaciones de bloque de palo.","Red, Blue, Green, Yellow. Mainly relevant for suit-block formations.","i18n-Katalog (src/i18n) — über t() aufgelöst","","done",""
"glossary.farbserie.label","i18n","Farbserie","Racha de palo","Suit streak","i18n-Katalog (src/i18n) — über t() aufgelöst","","done",""
"glossary.farbserie.match","i18n","Farbserie|Farbserien","racha de palo|rachas de palo","suit streak|suit streaks","i18n-Katalog (src/i18n) — über t() aufgelöst","","done",""
"glossary.farbserie.text","i18n","Aufeinanderfolgende Siege derselben Kartenfarbe. Ein Farbwechsel oder eine Niederlage setzt sie zurück. Pflanzen-grüne Karten zählen dabei als Grün. Speist u. a. den Perk Monochrom und die Familie Farbrausch.","Victorias consecutivas del mismo palo de carta. Un cambio de palo o una derrota la reinicia. Las cartas verdes de Planta cuentan aquí como Verde. Alimenta, entre otras cosas, la ventaja Monocromo y la familia Fiebre de Palo.","Consecutive wins in the same card suit. A change of suit or a loss resets it. Plant-green cards count as Green here. Feeds the perk Monochrome and the family Suit Rush, among others.","i18n-Katalog (src/i18n) — über t() aufgelöst","","done",""
"glossary.farbtransparenz.label","i18n","Farbblock-Transparenz","Transparencia de bloque de palo","Suit-block transparency","i18n-Katalog (src/i18n) — über t() aufgelöst","","done",""
"glossary.farbtransparenz.match","i18n","Farbblock-Transparenz","transparencia de bloque de palo","suit-block transparency","i18n-Katalog (src/i18n) — über t() aufgelöst","","done",""
"glossary.farbtransparenz.text","i18n","Eine so markierte Karte unterbricht einen Farbblock nicht: der Block läuft über sie hinweg, als wäre sie nicht da (sie selbst zählt aber nicht mit). Kommt vom Architekt-Gebäude Arkade.","Una carta marcada así no interrumpe un bloque de palo: el bloque pasa por encima de ella como si no estuviera (aunque ella misma no cuenta). Viene del edificio del Arquitecto Arcada.","A card marked this way does not interrupt a suit block: the block runs straight over it as if it were not there (it does not count towards the block itself). Comes from the Architect building Arcade.","i18n-Katalog (src/i18n) — über t() aufgelöst","","done",""
"glossary.forge.label","i18n","Schmieden","Forjar","Forging","i18n-Katalog (src/i18n) — über t() aufgelöst","","done",""
"glossary.forge.match","i18n","Schmieden|geschmiedet|Schmiede|Ascheschmiede","forjar|forjada|forjado|forja","forging|forged|forge|ash forge","i18n-Katalog (src/i18n) — über t() aufgelöst","","done",""
"glossary.forge.text","i18n","Asche wird zu dauerhaftem Kartenwert (Ascheschmiede: 20 Asche → +3 Wert auf die niedrigste Karte).","La ceniza se convierte en valor de carta permanente (Forja de Ceniza: 20 de ceniza → +3 de valor en la carta más baja).","Ash becomes permanent card value (Ash Forge: 20 ash → +3 value on the lowest card).","i18n-Katalog (src/i18n) — über t() aufgelöst","","done",""
"glossary.formation.label","i18n","Formation","Formación","Formation","i18n-Katalog (src/i18n) — über t() aufgelöst","","done",""
"glossary.formation.match","i18n","Formation|Formationen","formación|formaciones","formation|formations","i18n-Katalog (src/i18n) — über t() aufgelöst","","done",""
"glossary.formation.text","i18n","Ein erkanntes Muster benachbarter Karten in deiner Ziehreihenfolge (Wiederholung, Treppe, Farbblock, Wechsel). Ein Sieg in einer Formation zählt mit einem Formations-Faktor. Nicht zu verwechseln mit den Eis-Formationen, die aus Gletschern auf dem Brett entstehen.","Un patrón reconocido de cartas vecinas en tu orden de robo (repetición, escalera, bloque de palo, zigzag). Una victoria dentro de una formación cuenta con un factor de formación. No confundir con las formaciones de glaciar, que se forman con glaciares sobre el tablero.","A recognised pattern of neighbouring cards in your draw order (repeat, stair, suit block, zigzag). A win inside a formation counts with a formation factor. Not to be confused with ice formations, which are made of glaciers on the board.","i18n-Katalog (src/i18n) — über t() aufgelöst","","done",""
"glossary.formationskern.label","i18n","Formationskern","Núcleo de formación","Formation core","i18n-Katalog (src/i18n) — über t() aufgelöst","","done",""
"glossary.formationskern.match","i18n","Formationskern","núcleo de formación|núcleo","formation core","i18n-Katalog (src/i18n) — über t() aufgelöst","","done",""
"glossary.formationskern.text","i18n","Ein von dir gewählter Formationstyp bekommt auf all seinen aktiven Formationen einen Zusatzfaktor.","Un tipo de formación que elijas recibe un factor adicional en todas sus formaciones activas.","A formation type of your choosing gets an extra factor on all of its active formations.","i18n-Katalog (src/i18n) — über t() aufgelöst","","done",""
"glossary.formenergie.label","i18n","Formations-Energie","Energía de orden","Order energy","i18n-Katalog (src/i18n) — über t() aufgelöst","","done",""
"glossary.formenergie.match","i18n","Formations-Energie|Tausch|Tausche","energía de orden","order energy|swap|swaps","i18n-Katalog (src/i18n) — über t() aufgelöst","","done",""
"glossary.formenergie.text","i18n","Das Tausch-Budget der Aufstellungsphase (4 je Phase). Jeder Tausch zweier Karten kostet 1.","El presupuesto de intercambios de la fase de orden (4 por fase). Cada intercambio de dos cartas cuesta 1.","The swap budget of the order phase (4 per phase). Every swap of two cards costs 1.","i18n-Katalog (src/i18n) — über t() aufgelöst","","done",""
"glossary.freeze.label","i18n","Schnee","Nieve","Snow","i18n-Katalog (src/i18n) — über t() aufgelöst","","done",""
"glossary.freeze.match","i18n","Schnee","nieve","snow","i18n-Katalog (src/i18n) — über t() aufgelöst","","done",""
"glossary.freeze.text","i18n","Schnee liegt als Reserve auf dem Brettfeld, getrennt von der Gletschermasse. Frierst du einen Gletscher auf ein aufgeladenes Feld, wird der angesammelte Schnee zu seiner Boden-Reserve; der Gletscher startet leer und zieht daraus jeden Durchlauf wieder auf volle 12 Masse nach (nur die Differenz, nie darüber), bis die Reserve leer ist. Offenen Boden laden Dauerfrost, Schneetreiben und Eiszeit auf, nie unter einen Gletscher.","La nieve está como reserva sobre la celda del tablero, separada de la masa del glaciar. Si congelas un glaciar sobre una celda cargada, la nieve acumulada se convierte en su reserva del suelo; el glaciar empieza vacío y tira de ella en cada ciclo hasta volver a las 12 de masa completas (solo la diferencia, nunca más allá), hasta que la reserva se vacía. El suelo abierto lo cargan Permafrost, Ventisca y Edad de Hielo, nunca bajo un glaciar.","Snow sits as a reserve on the board cell, separate from the glacier's mass. Freeze a glacier onto a charged cell and the accumulated snow becomes its ground reserve; the glacier starts empty and draws from it every cycle back up to a full 12 mass (only the difference, never beyond), until the reserve is empty. Open ground is charged by Permafrost, Snowdrift and Ice Age, never under a glacier.","i18n-Katalog (src/i18n) — über t() aufgelöst","","done",""
"glossary.gebaeude.label","i18n","Gebäude","Edificio","Building","i18n-Katalog (src/i18n) — über t() aufgelöst","","done",""
"glossary.gebaeude.match","i18n","Gebäude","edificio|edificios","building|buildings","i18n-Katalog (src/i18n) — über t() aufgelöst","","done",""
"glossary.gebaeude.text","i18n","Ein platziertes Gebäude. Es bufft die Karte, die auf seiner Position im Stich steht. Es überlappt nie mit anderen.","Un edificio ya colocado. Potencia la carta que esté en su posición en la baza. Nunca se solapa con otros.","A placed building. It buffs the card sitting on its position in the trick. It never overlaps with others.","i18n-Katalog (src/i18n) — über t() aufgelöst","","done",""
"glossary.geist.label","i18n","Geist / Rekord","Fantasma / récord","Ghost / record","i18n-Katalog (src/i18n) — über t() aufgelöst","","done",""
"glossary.geist.match","i18n","Geist|Rekord","fantasma|récord","ghost|record","i18n-Katalog (src/i18n) — über t() aufgelöst","","done",""
"glossary.geist.text","i18n","Dein gespeicherter Bestlauf als Vergleich. Sein Score-Stand blitzt alle paar Stiche als Messlatte auf.","Tu mejor partida guardada, como referencia. Su puntuación aparece cada pocas bazas a modo de vara de medir.","Your saved best run as a benchmark. Its score flashes up every few tricks as a yardstick.","i18n-Katalog (src/i18n) — über t() aufgelöst","","done",""
"glossary.glacier.label","i18n","Gletscher","Glaciar","Glacier","i18n-Katalog (src/i18n) — über t() aufgelöst","","done",""
"glossary.glacier.match","i18n","Gletscher|Gletschern","glaciar|glaciares","glacier|glaciers","i18n-Katalog (src/i18n) — über t() aufgelöst","","done",""
"glossary.glacier.text","i18n","Eis ist der Gletscher-Archetyp: du frierst eine Karte auf ihrem Brettfeld fest. Ab dann ist sie starr (in keiner künftigen Aufstellung mehr verschiebbar), sammelt dafür aber Masse an. Genug Masse, und der Gletscher bricht über seine Nachbarn.","Hielo es el arquetipo del glaciar: congelas una carta sobre su celda del tablero. A partir de ahí queda rígida (ya no se puede mover en ninguna fase de orden futura), pero a cambio acumula masa. Con suficiente masa, el glaciar estalla sobre sus vecinos.","Ice is the glacier archetype: you freeze a card onto its board cell. From then on it is rigid (no longer movable in any future order phase), but in exchange it accumulates mass. Enough mass, and the glacier bursts over its neighbours.","i18n-Katalog (src/i18n) — über t() aufgelöst","","done",""
"glossary.gleichstand.label","i18n","Gleichstand","Empate","Tie","i18n-Katalog (src/i18n) — über t() aufgelöst","","done",""
"glossary.gleichstand.match","i18n","Gleichstand","empate|empates","tie|ties","i18n-Katalog (src/i18n) — über t() aufgelöst","","done",""
"glossary.gleichstand.text","i18n","Gleiche Kampfwerte im Stich, normalerweise ohne Sieg (kein Score).","Valores de combate iguales en la baza, normalmente sin victoria (sin puntuación).","Equal combat values in a trick, normally no win (no score).","i18n-Katalog (src/i18n) — über t() aufgelöst","","done",""
"glossary.glutdividende.label","i18n","Glutdividende","Dividendo de brasas","Ember dividend","i18n-Katalog (src/i18n) — über t() aufgelöst","","done",""
"glossary.glutdividende.match","i18n","Glutdividende","dividendo de brasas","ember dividend","i18n-Katalog (src/i18n) — über t() aufgelöst","","done",""
"glossary.glutdividende.text","i18n","Zusätzlicher Score bei jedem Feuer-Sieg, der direkt zählt (ohne Serie/Crit/Formation zu durchlaufen). Je mehr Hitze du hältst, desto mehr, bis zu einem Deckel. Stark im frühen Spiel.","Puntuación adicional en cada victoria de fuego, que cuenta directamente (sin pasar por racha, crítico ni formación). Cuanto más calor mantengas, más, hasta un tope. Fuerte al principio de la partida.","Extra score on every fire win that counts directly (without passing through streak, crit or formation). The more heat you hold, the more, up to a cap. Strong early.","i18n-Katalog (src/i18n) — über t() aufgelöst","","done",""
"glossary.green.label","i18n","Grün (reif)","Verde (madura)","Green (ripe)","i18n-Katalog (src/i18n) — über t() aufgelöst","","done",""
"glossary.green.match","i18n","Grün|grüne|grünen|grüner|Reife|reif","verde|verdes|madura|maduras","green|ripe","i18n-Katalog (src/i18n) — über t() aufgelöst","","done",""
"glossary.green.text","i18n","Grüne Karten sind dauerhaft und bilden einen gemeinsamen Farbblock: je größer der Block, desto mehr Score. Der Farbblock-Multiplikator für grüne Karten wird auf max. ×1,35 gedeckelt.","Las cartas verdes son permanentes y forman un bloque de palo común: cuanto más grande sea el bloque, más puntuación. El multiplicador de bloque de palo para cartas verdes está topado en ×1,35.","Green cards are permanent and form one shared suit block: the bigger the block, the more score. The suit-block multiplier for green cards is capped at ×1.35.","i18n-Katalog (src/i18n) — über t() aufgelöst","","done",""
"glossary.grenzbonus.label","i18n","Grenzbonus","Bonificación de cruce","Crossover bonus","i18n-Katalog (src/i18n) — über t() aufgelöst","","done",""
"glossary.grenzbonus.match","i18n","Grenzbonus","bonificación de cruce","crossover bonus","i18n-Katalog (src/i18n) — über t() aufgelöst","","done",""
"glossary.grenzbonus.text","i18n","Läuft eine Formation über eine Segmentgrenze hinweg, geben ihre Karten zusätzlich ×1,25 Score. Kommt vom Perk Segmentarbeit (Stufe IV).","Si una formación cruza un límite de segmento, sus cartas dan ×1,25 de puntuación adicional. Viene de la ventaja Trabajo de Segmento (nivel IV).","If a formation runs across a segment boundary, its cards give ×1.25 score on top. Comes from the perk Segment Work (tier IV).","i18n-Katalog (src/i18n) — über t() aufgelöst","","done",""
"glossary.group.fire","i18n","Feuer","Fuego","Fire","i18n-Katalog (src/i18n) — über t() aufgelöst","","done",""
"glossary.group.gen","i18n","Allgemein","General","General","i18n-Katalog (src/i18n) — über t() aufgelöst","","done",""
"glossary.group.ice","i18n","Eis","Hielo","Ice","i18n-Katalog (src/i18n) — über t() aufgelöst","","done",""
"glossary.group.lightning","i18n","Blitz","Rayo","Lightning","i18n-Katalog (src/i18n) — über t() aufgelöst","","done",""
"glossary.group.plant","i18n","Pflanze","Planta","Plant","i18n-Katalog (src/i18n) — über t() aufgelöst","","done",""
"glossary.growth.label","i18n","Wachstum","Crecimiento","Growth","i18n-Katalog (src/i18n) — über t() aufgelöst","","done",""
"glossary.growth.match","i18n","Wachstum","crecimiento","growth","i18n-Katalog (src/i18n) — über t() aufgelöst","","done",""
"glossary.growth.text","i18n","Eigene Karten wachsen bei Siegen (nur steigend), und zwar umso schneller, je mehr Pflanze-Skills du hältst (volles Tempo ab 3 Skills, darunter anteilig). Ab 8 Wachstum wird eine Karte dauerhaft grün (reif); darunter ist sie ein Setzling.","Tus propias cartas crecen con las victorias (solo hacia arriba), y tanto más rápido cuantas más habilidades de Planta tengas (a pleno ritmo desde 3 habilidades, por debajo en proporción). Desde 8 de crecimiento una carta se vuelve verde (madura) de forma permanente; por debajo es una plántula.","Your own cards grow on wins (rising only), and the faster the more plant skills you hold (full pace from 3 skills, proportional below that). From 8 growth a card turns permanently green (ripe); below that it is a seedling.","i18n-Katalog (src/i18n) — über t() aufgelöst","","done",""
"glossary.heat.label","i18n","Hitze","Calor","Heat","i18n-Katalog (src/i18n) — über t() aufgelöst","","done",""
"glossary.heat.match","i18n","Hitze|Hitzeleiste","calor|barra de calor","heat|heat bar","i18n-Katalog (src/i18n) — über t() aufgelöst","","done",""
"glossary.heat.text","i18n","Siege mit klarem Kampfwert-Vorsprung heizen die Hitzeleiste (0–100 %) auf und geben Feuer-Score = (Vorsprung − 2) × 25 (+5 je weiterem Feuer-Skill). Großer Vorsprung zahlt weiter, ohne Deckel, mit abnehmendem Zuwachs; klare Niederlagen kühlen ab.","Las victorias con un margen de valor de combate claro calientan la barra de calor (0–100 %) y dan puntuación de fuego = (margen − 2) × 25 (+5 por cada habilidad de Fuego adicional). Un margen grande sigue pagando sin tope, con un aumento decreciente; las derrotas claras enfrían.","Wins with a clear margin heat up the heat bar (0–100%) and give fire score = (margin − 2) × 25 (+5 per further fire skill). A large margin keeps paying without a cap, with diminishing gains; clear losses cool you down.","i18n-Katalog (src/i18n) — über t() aufgelöst","","done",""
"glossary.hits","i18n","Treffer für „{q}“","Resultados de “{q}”","Hits for “{q}”","i18n-Katalog (src/i18n) — über t() aufgelöst","","done",""
"glossary.ionize.label","i18n","Ionisierung","Ionización","Ionization","i18n-Katalog (src/i18n) — über t() aufgelöst","","done",""
"glossary.ionize.match","i18n","Ionisierung|ionisierte|ionisierten|ionisiert","ionización|ionizada|ionizar|ionizan","ionization|ionized|ionize","i18n-Katalog (src/i18n) — über t() aufgelöst","","done",""
"glossary.ionize.text","i18n","Dauerhafte Kartenmarkierung: eine ionisierte Karte gibt bei Sieg +12 Score je Stapel und erhält danach +1 Stapel (max 5). Zusätzlich lädt das ionisierte Feld die Luft auf: jeder Ionisierungsstapel im Deck hebt die Crit-Chance JEDER Siegkarte um +2 % (feldweit, bis +18 %). Wie viele Karten je Ladungsverbrauch ionisieren, wächst mit dem Archetyp: +1 je Blitz-Skill über 2.","Una marca permanente en la carta: una carta ionizada da +12 de puntuación por acumulación al ganar y recibe después +1 acumulación (máx. 5). Además, el campo ionizado carga el aire: cada acumulación de ionización del mazo sube la probabilidad de crítico de TODAS las cartas ganadoras en +2 % (en todo el campo, hasta +18 %). Cuántas cartas se ionizan por consumo de carga crece con el arquetipo: +1 por cada habilidad de Rayo por encima de 2.","A permanent card marking: an ionized card gives +12 score per stack on a win and then gains +1 stack (max 5). On top of that the ionized field charges the air: every ionization stack in the deck raises the crit chance of EVERY winning card by +2% (field-wide, up to +18%). How many cards ionize per charge consumption grows with the archetype: +1 per lightning skill beyond 2.","i18n-Katalog (src/i18n) — über t() aufgelöst","","done",""
"glossary.joker.label","i18n","Joker","Comodín","Wild","i18n-Katalog (src/i18n) — über t() aufgelöst","","done",""
"glossary.joker.match","i18n","Joker","comodín|comodines","wild|wilds","i18n-Katalog (src/i18n) — über t() aufgelöst","","done",""
"glossary.joker.text","i18n","Eine Karte darf bei der Erkennung den benötigten Wert oder die Farbe annehmen. Bildet allein keine Formation.","Una carta puede adoptar en el reconocimiento el valor o el palo que haga falta. Por sí sola no forma ninguna formación.","A card may take on the value or suit required by the recognition. On its own it forms no formation.","i18n-Katalog (src/i18n) — über t() aufgelöst","","done",""
"glossary.kampfwert.label","i18n","Kampfwert","Valor de combate","Combat value","i18n-Katalog (src/i18n) — über t() aufgelöst","","done",""
"glossary.kampfwert.match","i18n","Kampfwert","valor de combate","combat value","i18n-Katalog (src/i18n) — über t() aufgelöst","","done",""
"glossary.kampfwert.text","i18n","Der effektive Wert einer Karte im Stich: Kartenwert plus alle Stichwert-Boni. Der höhere gewinnt.","El valor efectivo de una carta en la baza: valor de carta más todas las bonificaciones de valor de baza. Gana el más alto.","A card's effective value in a trick: card value plus all trick-value bonuses. The higher one wins.","i18n-Katalog (src/i18n) — über t() aufgelöst","","done",""
"glossary.kartenwert.label","i18n","Kartenwert","Valor de carta","Card value","i18n-Katalog (src/i18n) — über t() aufgelöst","","done",""
"glossary.kartenwert.match","i18n","Kartenwert|Dauerwert","valor de carta|valores de carta","card value|card values","i18n-Katalog (src/i18n) — über t() aufgelöst","","done",""
"glossary.kartenwert.text","i18n","Der bleibende Grundwert einer Karte, durch Perks, Schmieden, Schichten oder den Architekten dauerhaft veränderbar.","El valor base duradero de una carta, modificable de forma permanente con ventajas, forja, capas o el Arquitecto.","A card's lasting base value, permanently changeable through perks, forging, layering or the Architect.","i18n-Katalog (src/i18n) — über t() aufgelöst","","done",""
"glossary.kaskade.label","i18n","Kaskade","Cascada","Cascade","i18n-Katalog (src/i18n) — über t() aufgelöst","","done",""
"glossary.kaskade.match","i18n","Kaskade|Kaskaden","cascada|cascadas","cascade|cascades","i18n-Katalog (src/i18n) — über t() aufgelöst","","done",""
"glossary.kaskade.text","i18n","Ein Ereignis zündet das nächste. Bei Blitz: ein Crit auf oder neben einer ionisierten Karte erzeugt zusätzliche Ladung. Bei Eis: ein berstender Gletscher reißt seine Nachbarn mit, sodass eine Bruchwelle durchs Cluster läuft.","Un suceso enciende el siguiente. Con Rayo: un crítico sobre una carta ionizada o junto a ella genera carga adicional. Con Hielo: un glaciar que estalla arrastra a sus vecinos, de modo que una ola de estallidos recorre la agrupación.","One event sets off the next. With lightning: a crit on or next to an ionized card generates extra charge. With ice: a bursting glacier drags its neighbours along, so a wave of bursts runs through the cluster.","i18n-Katalog (src/i18n) — über t() aufgelöst","","done",""
"glossary.kategorien.label","i18n","Kategorien A–E","Categorías A–E","Categories A–E","i18n-Katalog (src/i18n) — über t() aufgelöst","","done",""
"glossary.kategorien.match","i18n","Kategorien","categorías","categories","i18n-Katalog (src/i18n) — über t() aufgelöst","","done",""
"glossary.kategorien.text","i18n","Die fünf Perk-Sorten: A Deck · B Stich · C Rolle · D Score · E Form (Formationswerkzeuge).","Las cinco clases de ventaja: A Mazo · B Baza · C Rol · D Puntuación · E Form. (herramientas de formación).","The five perk kinds: A Deck · B Trick · C Role · D Score · E Form (formation tools).","i18n-Katalog (src/i18n) — über t() aufgelöst","","done",""
"glossary.kicker.label","i18n","Stufen-Kicker","Extra de nivel","Tier kicker","i18n-Katalog (src/i18n) — über t() aufgelöst","","done",""
"glossary.kicker.match","i18n","Stufen-Kicker|Kicker","extra de nivel","tier kicker|kicker","i18n-Katalog (src/i18n) — über t() aufgelöst","","done",""
"glossary.kicker.text","i18n","Manche Gebäude schalten beim Aufwerten ab einer bestimmten Stufe einen zusätzlichen Effekt frei, nicht nur eine größere Zahl.","Algunos edificios desbloquean al mejorarlos, a partir de cierto nivel, un efecto adicional, no solo un número mayor.","Some buildings unlock an additional effect when upgraded past a certain tier, not just a bigger number.","i18n-Katalog (src/i18n) — über t() aufgelöst","","done",""
"glossary.kosmetik.label","i18n","Kosmetik / Deck","Cosmética / mazo","Cosmetics / deck","i18n-Katalog (src/i18n) — über t() aufgelöst","","done",""
"glossary.kosmetik.match","i18n","Kosmetik","cosmética","cosmetics","i18n-Katalog (src/i18n) — über t() aufgelöst","","done",""
"glossary.kosmetik.text","i18n","Rein kosmetische Freischaltungen (Kartenrücken, Spielfeld-Skins) ohne Gameplay-Effekt, z. B. Rang-Decks.","Desbloqueos puramente cosméticos (dorsos de carta, aspectos de campo de batalla) sin efecto en el juego, por ejemplo los mazos de rango.","Purely cosmetic unlocks (card backs, battlefield skins) with no gameplay effect, rank decks for instance.","i18n-Katalog (src/i18n) — über t() aufgelöst","","done",""
"glossary.lage.label","i18n","Lage","Colocación","Placement","i18n-Katalog (src/i18n) — über t() aufgelöst","","done",""
"glossary.lage.match","i18n","Lage","colocación","placement","i18n-Katalog (src/i18n) — über t() aufgelöst","","done",""
"glossary.lage.text","i18n","Manche Gebäude wirken nur in den frühen oder nur in den späten Segmenten des Bretts; die Platzierung entscheidet (z. B. Wehrgang, Vorwerk).","Algunos edificios solo funcionan en los segmentos tempranos o solo en los tardíos del tablero; la colocación decide (por ejemplo Adarve, Revellín).","Some buildings only work in the early or only in the late segments of the board; placement decides (Rampart Walk, Outwork for instance).","i18n-Katalog (src/i18n) — über t() aufgelöst","","done",""
"glossary.legendaer.label","i18n","Legendär","Legendaria","Legendary","i18n-Katalog (src/i18n) — über t() aufgelöst","","done",""
"glossary.legendaer.match","i18n","Legendär|Legendäre|Legendärer|legendäres|legendären|Legendaries","legendaria|legendarias|legendario|legendarios","legendary|legendaries","i18n-Katalog (src/i18n) — über t() aufgelöst","","done",""
"glossary.legendaer.text","i18n","Ein mächtiger Effekt mit Nachteil, außerhalb des Stufen-Systems: eigener Wurf, goldener Rahmen, höchstens einer je Angebot.","Un efecto poderoso con un inconveniente, fuera del sistema de niveles: tirada propia, marco dorado, como mucho una por oferta.","A powerful effect with a drawback, outside the tier system: its own roll, golden frame, at most one per offer.","i18n-Katalog (src/i18n) — über t() aufgelöst","","done",""
"glossary.legskill.label","i18n","Legendärer Skill","Habilidad legendaria","Legendary skill","i18n-Katalog (src/i18n) — über t() aufgelöst","","done",""
"glossary.legskill.match","i18n","Legendärer Skill|legendäre Skills","habilidad legendaria|habilidades legendarias","legendary skill|legendary skills","i18n-Katalog (src/i18n) — über t() aufgelöst","","done",""
"glossary.legskill.text","i18n","Eine seltene, besonders mächtige Skill-Stufe (mit ★ markiert). Legendäre Skills kommen ausschließlich aus der Legendär-Phase (Durchlauf 29). Welche Archetypen dort antreten, entscheidet der Upgrade-Baum.","Un nivel de habilidad raro y especialmente poderoso (marcado con ★). Las habilidades legendarias vienen exclusivamente de la fase legendaria (ciclo 29). Qué arquetipos aparecen allí lo decide el árbol de mejoras.","A rare, especially powerful skill tier (marked with ★). Legendary skills come exclusively from the legendary phase (cycle 29). Which archetypes appear there is decided by the upgrade tree.","i18n-Katalog (src/i18n) — über t() aufgelöst","","done",""
"glossary.masse.label","i18n","Masse","Masa","Mass","i18n-Katalog (src/i18n) — über t() aufgelöst","","done",""
"glossary.masse.match","i18n","Masse","masa","mass","i18n-Katalog (src/i18n) — über t() aufgelöst","","done",""
"glossary.masse.text","i18n","Die Eis-Ressource: Masse liegt auf dem Brettfeld. Jeder Gletscher gewinnt jeden Durchlauf +1 Masse, bedingungslos bei Sieg wie Niederlage; ein Sieg bringt +1 Masse zusätzlich.","El recurso de Hielo: la masa está sobre la celda del tablero. Cada glaciar gana +1 de masa en cada ciclo, sin condiciones, tanto en victoria como en derrota; una victoria trae +1 de masa más.","The ice resource: mass sits on the board cell. Every glacier gains +1 mass every cycle, unconditionally on a win or a loss; a win brings +1 mass on top.","i18n-Katalog (src/i18n) — über t() aufgelöst","","done",""
"glossary.nachhall.label","i18n","Nachhall","Eco","Echo","i18n-Katalog (src/i18n) — über t() aufgelöst","","done",""
"glossary.nachhall.match","i18n","Nachhall","eco","echo","i18n-Katalog (src/i18n) — über t() aufgelöst","","done",""
"glossary.nachhall.text","i18n","Endet eine Formation, überträgt sich ihr Formations-Faktor noch einmal auf die direkt nächste Karte. Der Bonus wirkt nach.","Cuando una formación termina, su factor de formación se transmite una vez más a la carta inmediatamente siguiente. La bonificación se prolonga.","When a formation ends, its formation factor carries over once more to the very next card. The bonus lingers.","i18n-Katalog (src/i18n) — über t() aufgelöst","","done",""
"glossary.nav.categories","i18n","Kategorien","Categorías","Categories","i18n-Katalog (src/i18n) — über t() aufgelöst","","done",""
"glossary.nav.note","i18n","Die Suche greift über alle Kategorien; die Zähler zeigen, wo die Treffer liegen.","La búsqueda abarca todas las categorías; los contadores indican dónde están los resultados.","Search covers every category; the counters show where the hits are.","i18n-Katalog (src/i18n) — über t() aufgelöst","","done",""
"glossary.noHit.post","i18n","Andere Schreibweise probieren?","¿Probar con otra grafía?","Try a different spelling?","i18n-Katalog (src/i18n) — über t() aufgelöst","","done",""
"glossary.noHit.pre","i18n","Kein Begriff zu","Ningún término para","No entry for","i18n-Katalog (src/i18n) — über t() aufgelöst","","done",""
"glossary.open","i18n","Glossar öffnen","Abrir el glosario","Open the glossary","i18n-Katalog (src/i18n) — über t() aufgelöst","","done",""
"glossary.opfergabe.label","i18n","Opfergabe","Ofrenda","Sacrifice","i18n-Katalog (src/i18n) — über t() aufgelöst","","done",""
"glossary.opfergabe.match","i18n","Opfergabe","Ofrenda","Sacrifice","i18n-Katalog (src/i18n) — über t() aufgelöst","","done",""
"glossary.opfergabe.text","i18n","Eine gewählte Karte verliert dauerhaft Wert, ihr direkter Nachfolger gewinnt ihn.","Una carta elegida pierde valor de forma permanente y la carta siguiente lo gana.","A chosen card permanently loses value, the card right after it gains it.","i18n-Katalog (src/i18n) — über t() aufgelöst","","done",""
"glossary.overgrowth.label","i18n","Überwucherung","Invasión","Overgrowth","i18n-Katalog (src/i18n) — über t() aufgelöst","","done",""
"glossary.overgrowth.match","i18n","Überwucherung","invasión","overgrowth","i18n-Katalog (src/i18n) — über t() aufgelöst","","done",""
"glossary.overgrowth.text","i18n","Ist das Feld ≥66 % grün, werden alle Farbblöcke stärker (+0,2 Faktor) und Blüte zählt doppelt.","Cuando el campo está verde en un 66 % o más, todos los bloques de palo se vuelven más fuertes (+0,2 de factor) y la floración cuenta el doble.","Once the field is 66% green or more, all suit blocks get stronger (+0.2 factor) and bloom counts double.","i18n-Katalog (src/i18n) — über t() aufgelöst","","done",""
"glossary.perk.label","i18n","Perk","Ventaja","Perk","i18n-Katalog (src/i18n) — über t() aufgelöst","","done",""
"glossary.perk.match","i18n","Perk|Perks","ventaja|ventajas","perk|perks","i18n-Katalog (src/i18n) — über t() aufgelöst","","done",""
"glossary.perk.text","i18n","Ein wählbarer, dauerhafter Effekt. Jeder Perk ist pro Lauf nur einmal wählbar.","Un efecto permanente que se elige. Cada ventaja solo se puede elegir una vez por partida.","A choosable, permanent effect. Every perk can be chosen only once per run.","i18n-Katalog (src/i18n) — über t() aufgelöst","","done",""
"glossary.polyomino.label","i18n","Polyomino / Form","Poliominó / forma","Polyomino / shape","i18n-Katalog (src/i18n) — über t() aufgelöst","","done",""
"glossary.polyomino.match","i18n","Polyomino|Polyominoes","poliominó|poliominós","polyomino|polyominoes","i18n-Katalog (src/i18n) — über t() aufgelöst","","done",""
"glossary.polyomino.text","i18n","Die Zellenform eines Gebäudes (Tetris-artig), in mehreren Drehlagen platzierbar.","La forma en celdas de un edificio (al estilo Tetris), colocable en varias rotaciones.","The cell shape of a building (Tetris-like), placeable in several rotations.","i18n-Katalog (src/i18n) — über t() aufgelöst","","done",""
"glossary.position.label","i18n","Position","Posición","Position","i18n-Katalog (src/i18n) — über t() aufgelöst","","done",""
"glossary.position.match","i18n","Position|Positionen|Segmentposition|Segmentpositionen","posición|posiciones","position|positions|segment position|segment positions","i18n-Katalog (src/i18n) — über t() aufgelöst","","done",""
"glossary.position.text","i18n","Der feste Platz einer Karte in der Ziehreihenfolge (1–40). Viele Perks, Anker und Gebäude hängen an der Position, nicht an der Karte: wer dort liegt, bekommt den Effekt. Nicht zu verwechseln mit dem Stich-Zähler, der nur sagt, wie weit der Durchlauf ist.","El sitio fijo de una carta en el orden de robo (1–40). Muchas ventajas, anclas y edificios dependen de la posición, no de la carta: quien esté allí recibe el efecto. No confundir con el contador de bazas, que solo dice hasta dónde ha llegado el ciclo.","A card's fixed slot in the draw order (1–40). Many perks, anchors and buildings hang on the position, not on the card: whoever sits there gets the effect. Not to be confused with the trick counter, which only says how far the cycle has come.","i18n-Katalog (src/i18n) — über t() aufgelöst","","done",""
"glossary.praez_aim.label","i18n","Zielsicherheit","Puntería","Accuracy","i18n-Katalog (src/i18n) — über t() aufgelöst","","done",""
"glossary.praez_aim.match","i18n","Zielsicherheit","Puntería","Accuracy","i18n-Katalog (src/i18n) — über t() aufgelöst","","done",""
"glossary.praez_aim.text","i18n","+15 % Crit-Chance auf hohe Karten; die Schwelle weitet sich je Stufe (Wert ≥ 9/8/7/6).","+15 % de probabilidad de crítico en las cartas altas; el umbral se ensancha con cada nivel (valor ≥ 9/8/7/6).","+15% crit chance on high cards; the threshold widens per tier (value ≥ 9/8/7/6).","i18n-Katalog (src/i18n) — über t() aufgelöst","","done",""
"glossary.praez_color.label","i18n","Farbfokus","Enfoque de palo","Suit focus","i18n-Katalog (src/i18n) — über t() aufgelöst","","done",""
"glossary.praez_color.match","i18n","Farbfokus","Enfoque de palo","Suit focus","i18n-Katalog (src/i18n) — über t() aufgelöst","","done",""
"glossary.praez_color.text","i18n","Wähle eine Farbe → +Crit-Chance auf diese Farbe (10/14/18 %); Stufe IV gibt stattdessen eine ZWEITE wählbare Farbe (beide +18 %).","Elige un palo → +probabilidad de crítico en ese palo (10/14/18 %); el nivel IV da en su lugar un SEGUNDO palo a tu elección (los dos +18 %).","Choose a suit → +crit chance on that suit (10/14/18%); tier IV instead gives a SECOND suit of your choosing (both +18%).","i18n-Katalog (src/i18n) — über t() aufgelöst","","done",""
"glossary.praez_force.label","i18n","Wucht","Potencia","Force","i18n-Katalog (src/i18n) — über t() aufgelöst","","done",""
"glossary.praez_force.match","i18n","Wucht|Crit-Multiplikator","Potencia|multiplicador de crítico","Force|crit multiplier","i18n-Katalog (src/i18n) — über t() aufgelöst","","done",""
"glossary.praez_force.text","i18n","+Crit-Multiplikator auf Basis 2,25× (+0,25/0,4/0,6/0,9× je Stufe).","+multiplicador de crítico sobre una base de 2,25× (+0,25/0,4/0,6/0,9× por nivel).","+crit multiplier on a base of 2.25× (+0.25/0.4/0.6/0.9× per tier).","i18n-Katalog (src/i18n) — über t() aufgelöst","","done",""
"glossary.praez_intro.label","i18n","Präzision","Precisión","Precision","i18n-Katalog (src/i18n) — über t() aufgelöst","","done",""
"glossary.praez_intro.match","i18n","Präzision","Precisión","Precision","i18n-Katalog (src/i18n) — über t() aufgelöst","","done",""
"glossary.praez_intro.text","i18n","Crit als Perk-Kategorie. Der Basis-Crit ist 0; für Nicht-Blitz-Builds kommt Crit-Chance/-Schaden aus den fünf RNG-gegateten Präzision-Familien (kein Legendär). Blitz bleibt der verlässliche, selbst-generierte Crit-Archetyp; Präzision ist additiv obendrauf.","El crítico como categoría de ventajas. El crítico base es 0; para los builds que no son de Rayo, la probabilidad y el daño de crítico vienen de las cinco familias de Precisión sujetas al azar (sin legendaria). Rayo sigue siendo el arquetipo de crítico fiable y autogenerado; Precisión se suma por encima.","Crit as a perk category. Base crit is 0; for non-lightning builds, crit chance and crit damage come from the five RNG-gated Precision families (no legendary). Lightning remains the reliable, self-generating crit archetype; Precision is additive on top.","i18n-Katalog (src/i18n) — über t() aufgelöst","","done",""
"glossary.praez_lens.label","i18n","Brennglas","Lupa ardiente","Burning glass","i18n-Katalog (src/i18n) — über t() aufgelöst","","done",""
"glossary.praez_lens.match","i18n","Brennglas","Lupa ardiente","Burning glass","i18n-Katalog (src/i18n) — über t() aufgelöst","","done",""
"glossary.praez_lens.text","i18n","+Crit-Chance je gleichzeitiger Formation ab der zweiten an der Siegposition (6/8/10/13 % je Formation, max 3 extra). Belohnt Formations-Tiefe.","+probabilidad de crítico por cada formación simultánea a partir de la segunda en la posición ganadora (6/8/10/13 % por formación, máx. 3 extra). Premia la profundidad de formación.","+crit chance per simultaneous formation beyond the first at the winning position (6/8/10/13% per formation, max 3 extra). Rewards formation depth.","i18n-Katalog (src/i18n) — über t() aufgelöst","","done",""
"glossary.praez_sharp.label","i18n","Schärfe","Agudeza","Sharpness","i18n-Katalog (src/i18n) — über t() aufgelöst","","done",""
"glossary.praez_sharp.match","i18n","Schärfe|Crit-Chance","Agudeza|probabilidad de crítico","Sharpness|crit chance","i18n-Katalog (src/i18n) — über t() aufgelöst","","done",""
"glossary.praez_sharp.text","i18n","Flat +Crit-Chance auf alle Karten (6/9/12/15 % je Stufe). Der Grund-Crit-Motor.","+probabilidad de crítico plana en todas las cartas (6/9/12/15 % por nivel). El motor básico del crítico.","Flat +crit chance on all cards (6/9/12/15% per tier). The basic crit engine.","i18n-Katalog (src/i18n) — über t() aufgelöst","","done",""
"glossary.rankedrun.label","i18n","Ranglisten-Lauf","Partida clasificatoria","Ranked run","i18n-Katalog (src/i18n) — über t() aufgelöst","","done",""
"glossary.rankedrun.match","i18n","Ranglisten-Lauf|Ranglisten-Läufe|Wochen-Rangliste","partida clasificatoria|partidas clasificatorias|clasificación semanal","ranked run|ranked runs|weekly ranking","i18n-Katalog (src/i18n) — über t() aufgelöst","","done",""
"glossary.rankedrun.text","i18n","Der wöchentliche Wettbewerbs-Modus: alle spielen denselben Seed unter derselben, baum-unabhängigen Baseline. Nur abgeschlossene Läufe zählen; am Wochenende wandert Platz 1 ins Challenger-Archiv.","El modo competitivo semanal: todo el mundo juega la misma semilla con la misma base independiente del árbol. Solo cuentan las partidas terminadas; al final de la semana el puesto 1 pasa al archivo Challenger.","The weekly competitive mode: everyone plays the same seed under the same tree-independent baseline. Only finished runs count; at the weekend first place moves into the challenger archive.","i18n-Katalog (src/i18n) — über t() aufgelöst","","done",""
"glossary.raritaet.label","i18n","Rarität","Rareza","Rarity","i18n-Katalog (src/i18n) — über t() aufgelöst","","done",""
"glossary.raritaet.match","i18n","Rarität|Raritäten","rareza|rarezas","rarity|rarities","i18n-Katalog (src/i18n) — über t() aufgelöst","","done",""
"glossary.raritaet.text","i18n","Normal · Selten · Sehr selten · Episch: die vier Familien-Stufen, farblich markiert.","Común · Poco común · Rara · Épica: los cuatro niveles de familia, marcados por color.","Common · Uncommon · Rare · Epic: the four family tiers, colour-coded.","i18n-Katalog (src/i18n) — über t() aufgelöst","","done",""
"glossary.reroll.label","i18n","Neuwurf (Reroll)","Relanzamiento","Reroll","i18n-Katalog (src/i18n) — über t() aufgelöst","","done",""
"glossary.reroll.match","i18n","Neuwurf|Neuwürfe|Reroll|Rerolls","relanzamiento|relanzamientos|relanzar","reroll|rerolls","i18n-Katalog (src/i18n) — über t() aufgelöst","","done",""
"glossary.reroll.text","i18n","Würfelt ein Angebot komplett neu. Drei getrennte Vorräte je Lauf: Perks · Gebäude · Skills, nicht untereinander teilbar, kein Nachschub. Der Upgrade-Baum hebt sie; im Ranglisten-Lauf sind es fest 2 je Vorrat.","Vuelve a tirar una oferta entera. Tres reservas separadas por partida: ventajas · edificios · habilidades, no se comparten entre sí y no hay recambio. El árbol de mejoras las sube; en una partida clasificatoria son exactamente 2 por reserva.","Rolls an offer completely anew. Three separate pools per run: perks · buildings · skills, not shared between each other, no resupply. The upgrade tree raises them; in a ranked run there are exactly 2 per pool.","i18n-Katalog (src/i18n) — über t() aufgelöst","","done",""
"glossary.scoreherkunft.label","i18n","Score-Herkunft","Origen de la puntuación","Score sources","i18n-Katalog (src/i18n) — über t() aufgelöst","","done",""
"glossary.scoreherkunft.match","i18n","Score-Herkunft","origen de la puntuación","score sources","i18n-Katalog (src/i18n) — über t() aufgelöst","","done",""
"glossary.scoreherkunft.text","i18n","Aufteilung deines Scores auf Formationen / Crits / Übrige; zeigt, woher dein Build seinen Score zieht.","Cómo se reparte tu puntuación entre formaciones / críticos / el resto; muestra de dónde saca su puntuación tu build.","How your score splits across formations / crits / the rest; shows where your build draws its score from.","i18n-Katalog (src/i18n) — über t() aufgelöst","","done",""
"glossary.search","i18n","Suchen … z. B. Nachhall, Schichten, Hitze","Buscar … p. ej. eco, capas, calor","Search … e.g. echo, layers, heat","i18n-Katalog (src/i18n) — über t() aufgelöst","","done",""
"glossary.segment.label","i18n","Segment","Segmento","Segment","i18n-Katalog (src/i18n) — über t() aufgelöst","","done",""
"glossary.segment.match","i18n","Segment|Segmente|Segments|Segmentgrenze|Segmentgrenzen","segmento|segmentos|límite de segmento|límites de segmento","segment|segments|segment boundary|segment boundaries","i18n-Katalog (src/i18n) — über t() aufgelöst","","done",""
"glossary.segment.text","i18n","Ein Block aus 5 Positionen. Basis-Formationen sind segmentgebunden: ein Lauf endet an jeder Segmentgrenze.","Un bloque de 5 posiciones. Las formaciones base están ligadas al segmento: una serie termina en cada límite de segmento.","A block of 5 positions. Base formations are segment-bound: a run ends at every segment boundary.","i18n-Katalog (src/i18n) — über t() aufgelöst","","done",""
"glossary.serienpunkt.label","i18n","Serienpunkt","Punto de racha","Streak point","i18n-Katalog (src/i18n) — über t() aufgelöst","","done",""
"glossary.serienpunkt.match","i18n","Serienpunkt|Serienpunkte|Serienpunkten","punto de racha|puntos de racha","streak point|streak points","i18n-Katalog (src/i18n) — über t() aufgelöst","","done",""
"glossary.serienpunkt.text","i18n","Die Zähleinheit der Siegesserie: jeder Sieg in Folge ist ein Serienpunkt. Effekte, die „je Serienpunkt“ zahlen, skalieren also mit der Länge deiner aktuellen Serie.","La unidad de cuenta de la racha de victorias: cada victoria seguida es un punto de racha. Los efectos que pagan “por punto de racha” escalan, por tanto, con la longitud de tu racha actual.","The counting unit of the win streak: every win in a row is one streak point. Effects that pay “per streak point” therefore scale with the length of your current streak.","i18n-Katalog (src/i18n) — über t() aufgelöst","","done",""
"glossary.setzling.label","i18n","Setzling","Plántula","Seedling","i18n-Katalog (src/i18n) — über t() aufgelöst","","done",""
"glossary.setzling.match","i18n","Setzling|Setzlinge|Setzlingen","plántula|plántulas","seedling|seedlings","i18n-Katalog (src/i18n) — über t() aufgelöst","","done",""
"glossary.setzling.text","i18n","Eine Karte, die schon wächst, aber noch nicht reif ist (Wachstum unter 8). Ein Setzling zählt noch NICHT zum grünen Farbblock; erst ab 8 Wachstum wird er grün (reif). Setzlingsbeet gibt der niedrigsten Karte je Segment +3 Wachstum Vorsprung.","Una carta que ya crece pero aún no está madura (crecimiento por debajo de 8). Una plántula todavía NO cuenta para el bloque de palo verde; solo desde 8 de crecimiento se vuelve verde (madura). Semillero da a la carta más baja de cada segmento +3 de crecimiento de adelanto.","A card that is already growing but not yet ripe (growth below 8). A seedling does NOT yet count towards the green suit block; only from 8 growth does it turn green (ripe). Seedbed gives the lowest card of each segment a +3 growth head start.","i18n-Katalog (src/i18n) — über t() aufgelöst","","done",""
"glossary.skillrunde.label","i18n","Skill-Durchlauf","Ciclo de habilidad","Skill cycle","i18n-Katalog (src/i18n) — über t() aufgelöst","","done",""
"glossary.skillrunde.match","i18n","Skill-Durchlauf|Skill-Durchläufe","ciclo de habilidad|ciclos de habilidad","skill cycle|skill cycles","i18n-Katalog (src/i18n) — über t() aufgelöst","","done",""
"glossary.skillrunde.text","i18n","Zu festen Zeitpunkten im Lauf (erstmals Durchlauf 1) wählst du Skills statt eines Perks: 12 Skills zur Auswahl, alle 4 Archetypen dabei.","En momentos fijos de la partida (la primera vez en el ciclo 1) eliges habilidades en lugar de una ventaja: 12 habilidades en oferta, con los 4 arquetipos entre ellas.","At fixed points in the run (first in cycle 1) you pick skills instead of a perk: 12 skills on offer, all 4 archetypes among them.","i18n-Katalog (src/i18n) — über t() aufgelöst","","done",""
"glossary.skillslot.label","i18n","Skill-Slot","Ranura de habilidad","Skill slot","i18n-Katalog (src/i18n) — über t() aufgelöst","","done",""
"glossary.skillslot.match","i18n","Skill-Slot|Skill-Slots|Slots","ranura de habilidad|ranuras de habilidad|ranuras","skill slot|skill slots|slots","i18n-Katalog (src/i18n) — über t() aufgelöst","","done",""
"glossary.skillslot.text","i18n","Du hältst höchstens 6 Skills gleichzeitig. Ist der Vorrat voll, ersetzt ein neuer einen alten. Der legendäre Skill aus der Legendär-Phase belegt einen zusätzlichen, festen Slot.","Tienes como máximo 6 habilidades a la vez. Cuando la reserva está llena, una habilidad nueva sustituye a una vieja. La habilidad legendaria de la fase legendaria ocupa una ranura adicional y fija.","You hold at most 6 skills at a time. Once the pool is full, a new skill replaces an old one. The legendary skill from the legendary phase takes an extra, fixed slot.","i18n-Katalog (src/i18n) — über t() aufgelöst","","done",""
"glossary.staffel.label","i18n","Staffel","Relevo","Relay","i18n-Katalog (src/i18n) — über t() aufgelöst","","done",""
"glossary.staffel.match","i18n","Staffel|Staffeln","relevo|relevos","relay|relays","i18n-Katalog (src/i18n) — über t() aufgelöst","","done",""
"glossary.staffel.text","i18n","Ein Gebäude reicht seinen Score an das Nachbarfeld weiter: der Effekt wirkt versetzt, nicht auf der eigenen Zelle (z. B. Laufgang, Leuchtturm).","Un edificio pasa su puntuación a la celda vecina: el efecto cae desplazado, no en su propia celda (por ejemplo Galería, Faro).","A building passes its score on to the neighbouring cell: the effect lands offset, not on its own cell (Gallery Walk, Lighthouse for instance).","i18n-Katalog (src/i18n) — über t() aufgelöst","","done",""
"glossary.stapel.label","i18n","Stapel (Ionisierung)","Acumulación (ionización)","Stack (ionization)","i18n-Katalog (src/i18n) — über t() aufgelöst","","done",""
"glossary.stapel.match","i18n","Ionisierungsstapel|Ionisierungsstapeln|Stapel|Stapeln","acumulación de ionización|acumulaciones de ionización|acumulación|acumulaciones","ionization stack|ionization stacks|stack|stacks","i18n-Katalog (src/i18n) — über t() aufgelöst","","done",""
"glossary.stapel.text","i18n","Eine Ionisierungs-Aufladung auf einer einzelnen Karte (höchstens 5 je Karte). Jeder Stapel gibt bei Sieg mit der Karte +12 Score und hebt zusätzlich feldweit die Crit-Chance (siehe Ionisierung). Eine Karte mit 5 Stapeln ist voll ionisiert und schaltet Sondereffekte frei (u. a. Kurzschluss, Durchschlag).","Una carga de ionización sobre una sola carta (como máximo 5 por carta). Cada acumulación da +12 de puntuación cuando esa carta gana y sube además la probabilidad de crítico en todo el campo (véase ionización). Una carta con 5 acumulaciones está totalmente ionizada y desbloquea efectos especiales (entre ellos Cortocircuito y Perforación).","One ionization charge on a single card (at most 5 per card). Every stack gives +12 score when that card wins and additionally raises the crit chance field-wide (see ionization). A card with 5 stacks is fully ionized and unlocks special effects (Short Circuit and Breakdown among them).","i18n-Katalog (src/i18n) — über t() aufgelöst","","done",""
"glossary.statshub.label","i18n","Statistik-Hub","Centro de estadísticas","Statistics hub","i18n-Katalog (src/i18n) — über t() aufgelöst","","done",""
"glossary.statshub.match","i18n","Statistik-Hub|Statistiken","centro de estadísticas|estadísticas","statistics hub|statistics","i18n-Katalog (src/i18n) — über t() aufgelöst","","done",""
"glossary.statshub.text","i18n","Aggregierte Statistiken deiner Läufe: Bestscore, Ø-Score, beste Serie, Archetyp-Nutzung u. a.","Estadísticas agregadas de tus partidas: mejor puntuación, puntuación media, mejor racha, uso de arquetipos y más.","Aggregated statistics of your runs: best score, average score, best streak, archetype usage and more.","i18n-Katalog (src/i18n) — über t() aufgelöst","","done",""
"glossary.stich.label","i18n","Stich","Baza","Trick","i18n-Katalog (src/i18n) — über t() aufgelöst","","done",""
"glossary.stich.match","i18n","Stich|Stiche","baza|bazas","trick|tricks","i18n-Katalog (src/i18n) — über t() aufgelöst","","done",""
"glossary.stich.text","i18n","Ein einzelnes Kartenduell: deine Karte gegen die Gegnerkarte; der höhere Kampfwert gewinnt.","Un único duelo de cartas: tu carta contra la del rival; gana el valor de combate más alto.","A single card duel: your card against the opponent's; the higher combat value wins.","i18n-Katalog (src/i18n) — über t() aufgelöst","","done",""
"glossary.stichpunkte.label","i18n","Stichpunkte (SP)","Puntos de baza (PB)","Trick Points (TP)","i18n-Katalog (src/i18n) — über t() aufgelöst","","done",""
"glossary.stichpunkte.match","i18n","Stichpunkt|Stichpunkte|SP","Punto de baza|Puntos de baza|PB","Trick Point|Trick Points|TP","i18n-Katalog (src/i18n) — über t() aufgelöst","","done",""
"glossary.stichpunkte.text","i18n","Die Währung des Upgrade-Baums. Du verdienst sie laufübergreifend und gibst sie für Knoten aus, die deine künftigen Läufe dauerhaft stärken.","La moneda del árbol de mejoras. La ganas de una partida a otra y la gastas en nodos que refuerzan de forma permanente tus partidas futuras.","The currency of the upgrade tree. You earn it across runs and spend it on nodes that permanently strengthen your future runs.","i18n-Katalog (src/i18n) — über t() aufgelöst","","done",""
"glossary.stichwert.label","i18n","Stichwert","Valor de baza","Trick value","i18n-Katalog (src/i18n) — über t() aufgelöst","","done",""
"glossary.stichwert.match","i18n","Stichwert|temporärer Wert|temp Wert","valor de baza","trick value|temporary value","i18n-Katalog (src/i18n) — über t() aufgelöst","","done",""
"glossary.stichwert.text","i18n","Ein Wertbonus nur für den aktuellen Stich (verfällt danach wieder). Zusammen mit dem Kartenwert ergibt er den Kampfwert.","Una bonificación de valor solo para la baza en curso (después decae). Junto con el valor de carta forma el valor de combate.","A value bonus for the current trick only (it lapses afterwards). Together with the card value it makes the combat value.","i18n-Katalog (src/i18n) — über t() aufgelöst","","done",""
"glossary.streak.label","i18n","Siegesserie (Serie)","Racha de victorias (racha)","Win streak (streak)","i18n-Katalog (src/i18n) — über t() aufgelöst","","done",""
"glossary.streak.match","i18n","Siegesserie|Serie|Serien","racha de victorias|racha|rachas","win streak|streak|streaks","i18n-Katalog (src/i18n) — über t() aufgelöst","","done",""
"glossary.streak.text","i18n","Siege in Folge (Siegesserie). Der Serien-Multiplikator und viele Skills wachsen mit ihr; eine Niederlage setzt sie zurück.","Victorias seguidas. El multiplicador de racha y muchas habilidades crecen con ella; una derrota la reinicia.","Wins in a row. The streak multiplier and many skills grow with it; a loss resets it.","i18n-Katalog (src/i18n) — über t() aufgelöst","","done",""
"glossary.struktur.label","i18n","Struktur","Estructura","Structure","i18n-Katalog (src/i18n) — über t() aufgelöst","","done",""
"glossary.struktur.match","i18n","Struktur-Boni|vollendete Struktur|vollendeter Struktur|vollendete Strukturen|Struktur|Strukturen|Struktur-Kombi","bonificaciones de estructura|estructura completada|estructuras completadas|estructura|estructuras","structure bonuses|completed structure|completed structures|structure|structures","i18n-Katalog (src/i18n) — über t() aufgelöst","","done",""
"glossary.struktur.text","i18n","Eine vollständig bebaute Zeile, Spalte oder Diagonale (eine vollendete Struktur) gibt einen Multiplikator; sie stapeln multiplikativ. Manche Gebäude (Speicherstadt, Sternwarte) zahlen zusätzlich je vollendeter Struktur. Zusammen mit den Distrikt-Faktoren ergibt das den Gebäude-Boost, den die Bauphase oben anzeigt.","Una fila, columna o diagonal completamente construida (una estructura completada) da un multiplicador; se acumulan de forma multiplicativa. Algunos edificios (Barrio de Almacenes, Observatorio) pagan además por cada estructura completada. Junto con los factores de distrito, eso forma el impulso de edificios que la fase de construcción muestra arriba.","A fully built row, column or diagonal (a completed structure) gives a multiplier; they stack multiplicatively. Some buildings (Warehouse District, Observatory) additionally pay per completed structure. Together with the district factors this makes the building boost the build phase shows at the top.","i18n-Katalog (src/i18n) — über t() aufgelöst","","done",""
"glossary.stufe.label","i18n","Stufe I–IV","Nivel I–IV","Tier I–IV","i18n-Katalog (src/i18n) — über t() aufgelöst","","done",""
"glossary.stufe.match","i18n","Stufe|Stufen","nivel|niveles","tier|tiers","i18n-Katalog (src/i18n) — über t() aufgelöst","","done",""
"glossary.stufe.text","i18n","Der Rang einer Familie. Höhere Stufen sind stärker und werden seltener angeboten; Stufe IV schließt die Familie ab.","El rango de una familia. Los niveles altos son más fuertes y se ofrecen con menos frecuencia; el nivel IV cierra la familia.","The rank of a family. Higher tiers are stronger and offered more rarely; tier IV completes the family.","i18n-Katalog (src/i18n) — über t() aufgelöst","","done",""
"glossary.subtitle","i18n","Begriffe & Sonderregeln, keine einzelnen Perks/Skills","Términos y reglas especiales, no ventajas ni habilidades concretas","Terms & special rules, no individual perks/skills","i18n-Katalog (src/i18n) — über t() aufgelöst","","done",""
"glossary.title","i18n","Glossar","Glosario","Glossary","i18n-Katalog (src/i18n) — über t() aufgelöst","","done",""
"glossary.treppe.label","i18n","Treppe","Escalera","Stair","i18n-Katalog (src/i18n) — über t() aufgelöst","","done",""
"glossary.treppe.match","i18n","Treppe|Treppen","escalera|escaleras","stair|stairs","i18n-Katalog (src/i18n) — über t() aufgelöst","","done",""
"glossary.treppe.text","i18n","≥3 streng steigende Werte (Schritt ≤4). Ab der 3. ×1,35, je weitere +0,20.","≥3 valores estrictamente crecientes (paso ≤4). Desde la carta 3, ×1,35; +0,20 por cada una más.","3 or more strictly rising values (step of 4 or less). From the 3rd ×1.35, +0.20 for each further one.","i18n-Katalog (src/i18n) — über t() aufgelöst","","done",""
"glossary.trimmen.label","i18n","Trimmen","Poda","Pruning","i18n-Katalog (src/i18n) — über t() aufgelöst","","done",""
"glossary.trimmen.match","i18n","Trimmen|Trimmung|Trimmungen|getrimmt","poda|podas|podada|podar","pruning|prunings|pruned","i18n-Katalog (src/i18n) — über t() aufgelöst","","done",""
"glossary.trimmen.text","i18n","Der Wendepunkt vom Wachsen zum Ernten: ersetzt du einen Wachstums-Skill (Aussaat, Flugsamen, Setzlingsbeet, Zäher Halm, Ausläufer, Rhizom), zählt das als Trimmung → dauerhaft +20 % Wurzel- & Blüten-Score, je mehr Trimmungen desto höher (bis +150 %). Die Wachstums-Skills sterben so nicht, sie veredeln die Ernte.","El punto de giro de crecer a cosechar: si sustituyes una habilidad de crecimiento (Siembra, Semillas al Viento, Semillero, Tallo Resistente, Estolones, Rizoma), cuenta como una poda → +20 % permanente de puntuación de raíz y floración, más alto cuantas más podas (hasta +150 %). Las habilidades de crecimiento no mueren así, refinan la cosecha.","The turning point from growing to harvesting: replace a growth skill (Sowing, Wind Seeds, Seedbed, Tough Stalk, Runners, Rhizome) and it counts as a pruning → permanently +20% root and bloom score, rising with every further pruning (up to +150%). The growth skills do not die that way, they refine the harvest.","i18n-Katalog (src/i18n) — über t() aufgelöst","","done",""
"glossary.ueberlappung.label","i18n","Überlappung","Solapamiento","Overlap","i18n-Katalog (src/i18n) — über t() aufgelöst","","done",""
"glossary.ueberlappung.match","i18n","Überlappung","solapamiento|solapamientos","overlap|overlaps","i18n-Katalog (src/i18n) — über t() aufgelöst","","done",""
"glossary.ueberlappung.text","i18n","Steckt eine Karte in mehreren Formationen, wird ihr Faktor zusätzlich multipliziert: 2 → ×1,5 · 3 → ×2 · 4 → ×3.","Si una carta está en varias formaciones, su factor se multiplica además: 2 → ×1,5 · 3 → ×2 · 4 → ×3.","If a card sits in several formations, its factor is multiplied on top: 2 → ×1.5 · 3 → ×2 · 4 → ×3.","i18n-Katalog (src/i18n) — über t() aufgelöst","","done",""
"glossary.ueberlauf.label","i18n","Überlauf","Desbordamiento","Overflow","i18n-Katalog (src/i18n) — über t() aufgelöst","","done",""
"glossary.ueberlauf.match","i18n","Überlauf|Überlauf-Wachstum","desbordamiento|crecimiento de desbordamiento","overflow|overflow growth","i18n-Katalog (src/i18n) — über t() aufgelöst","","done",""
"glossary.ueberlauf.text","i18n","Sammelt eine Karte mehr an, als ihr normaler Nutzen verwertet (Wachstum über dem Wert-Deckel 11, Hitze über 100 %), sonst wäre er verschwendet. Feuer (Weißglut) staut ihn als Überhitzung auf; die Legendären (Weltenbaum/Mutterbaum) verwandeln den großen Rest.","Lo que una carta acumula por encima de lo que su uso normal puede aprovechar (crecimiento por encima del tope de valor de 11, calor por encima del 100 %), y que si no se desperdiciaría. Fuego (calor blanco) lo acumula como sobrecalentamiento; las legendarias (Árbol del Mundo / Árbol Madre) convierten el gran resto.","What a card accumulates beyond what its normal use can absorb (growth above the value cap of 11, heat above 100%), which would otherwise be wasted. Fire (white heat) banks it as overheat; the legendaries (World Tree/Mother Tree) convert the large remainder.","i18n-Katalog (src/i18n) — über t() aufgelöst","","done",""
"glossary.upgradebaum.label","i18n","Upgrade-Baum","Árbol de mejoras","Upgrade tree","i18n-Katalog (src/i18n) — über t() aufgelöst","","done",""
"glossary.upgradebaum.match","i18n","Upgrade-Baum|Upgrades","árbol de mejoras","upgrade tree|upgrades","i18n-Katalog (src/i18n) — über t() aufgelöst","","done",""
"glossary.upgradebaum.text","i18n","Der laufübergreifende Fortschritt: Für Stichpunkte kaufst du Knoten, die neue Archetypen, höhere Raritäten, mehr Baufeld, mehr Formations-Energie, bessere Drop-Raten und die Legendär-Phasen freischalten. Im Ranglisten-Lauf hat er keine Wirkung.","El progreso que atraviesa las partidas: con Puntos de baza compras nodos que desbloquean arquetipos nuevos, rarezas más altas, más espacio de construcción, más energía de orden, mejores tasas de aparición y las fases legendarias. En una partida clasificatoria no tiene efecto.","The cross-run progression: for Trick Points you buy nodes that unlock new archetypes, higher rarities, more build space, more order energy, better drop rates and the legendary phases. In a ranked run it has no effect.","i18n-Katalog (src/i18n) — über t() aufgelöst","","done",""
"glossary.upgradetyp.label","i18n","Aufwertungs-Typen","Tipos de mejora","Upgrade types","i18n-Katalog (src/i18n) — über t() aufgelöst","","done",""
"glossary.upgradetyp.match","i18n","Regelersetzung|Kumulativ","sustitución|acumulativa","replacement|cumulative","i18n-Katalog (src/i18n) — über t() aufgelöst","","done",""
"glossary.upgradetyp.text","i18n","Wie eine Familie beim Aufwerten wirkt: Regelersetzung (nur höchste Stufe zählt) · Kumulativ (jede Stufe wirkt einmalig) · Rolle (Ziel behält Rolle, Zahlen steigen).","Cómo se comporta una familia al mejorarla: sustitución (solo cuenta el nivel más alto) · acumulativa (cada nivel actúa una vez) · rol (el objetivo conserva su rol y los números suben).","How a family behaves when upgraded: replacement (only the highest tier counts) · cumulative (every tier applies once) · role (the target keeps its role, the numbers rise).","i18n-Katalog (src/i18n) — über t() aufgelöst","","done",""
"glossary.versetzen.label","i18n","Versetzen","Mover","Move","i18n-Katalog (src/i18n) — über t() aufgelöst","","done",""
"glossary.versetzen.match","i18n","Versetzen","mover","move|moving","i18n-Katalog (src/i18n) — über t() aufgelöst","","done",""
"glossary.versetzen.text","i18n","Ein bestehendes Gebäude auf dem Brett verschieben oder drehen (eigene Phase nach dem Bauen).","Desplazar o girar un edificio existente sobre el tablero (fase propia después de construir).","Shift or rotate an existing building on the board (its own phase after building).","i18n-Katalog (src/i18n) — über t() aufgelöst","","done",""
"glossary.wechsel.label","i18n","Wechsel","Zigzag","Zigzag","i18n-Katalog (src/i18n) — über t() aufgelöst","","done",""
"glossary.wechsel.match","i18n","Wechsel","zigzag","zigzag|zigzags","i18n-Katalog (src/i18n) — über t() aufgelöst","","done",""
"glossary.wechsel.text","i18n","≥3 im Zick-Zack (Nachbardifferenz ≥4). Ab der 3. ×1,40, je weitere +0,20.","≥3 en zigzag (diferencia entre vecinas ≥4). Desde la carta 3, ×1,40; +0,20 por cada una más.","3 or more in a zigzag (neighbour difference of 4 or more). From the 3rd ×1.40, +0.20 for each further one.","i18n-Katalog (src/i18n) — über t() aufgelöst","","done",""
"glossary.weekmod.label","i18n","Wochen-Modifikator","Modificador semanal","Weekly modifier","i18n-Katalog (src/i18n) — über t() aufgelöst","","done",""
"glossary.weekmod.match","i18n","Wochen-Modifikator|Wochen-Modifikatoren|Modifikator|Modifikatoren","modificador semanal|modificadores semanales|modificador|modificadores","weekly modifier|weekly modifiers|modifier|modifiers","i18n-Katalog (src/i18n) — über t() aufgelöst","","done",""
"glossary.weekmod.text","i18n","Drei bis fünf Regeländerungen, die jede Woche neu gewürfelt werden und für alle gleich gelten (mindestens zwei positive, mindestens eine negative). Sie hängen am Wochen-Seed, nicht an deinem Profil.","De tres a cinco cambios de reglas, tirados de nuevo cada semana e iguales para todos (al menos dos positivos, al menos uno negativo). Dependen de la semilla semanal, no de tu perfil.","Three to five rule changes, rolled anew every week and the same for everyone (at least two positive, at least one negative). They hang on the weekly seed, not on your profile.","i18n-Katalog (src/i18n) — über t() aufgelöst","","done",""
"glossary.wertvorsprung.label","i18n","Kampfwert-Vorsprung","Margen de valor de combate","Combat-value margin","i18n-Katalog (src/i18n) — über t() aufgelöst","","done",""
"glossary.wertvorsprung.match","i18n","Kampfwert-Vorsprung|Wertvorsprung|Vorsprung|Wertabstand","margen de valor de combate|margen|márgenes","combat-value margin|margin|value gap","i18n-Katalog (src/i18n) — über t() aufgelöst","","done",""
"glossary.wertvorsprung.text","i18n","Der Abstand zwischen deinem Kampfwert und dem der Gegnerkarte, also Kartenwert plus Stichwert-Boni, nicht nur der Kartenwert. Nicht ob du gewinnst zählt für Feuer, sondern wie klar: Hitze und Feuer-Score wachsen mit dem Vorsprung.","La diferencia entre tu valor de combate y el de la carta rival, es decir, valor de carta más las bonificaciones de valor de baza, no solo el valor de carta. Para Fuego no cuenta si ganas, sino con cuánta claridad: el calor y la puntuación de fuego crecen con el margen.","The gap between your combat value and the opponent card's, card value plus trick-value bonuses, not just the card value. For fire it is not whether you win that counts, but by how much: heat and fire score grow with the margin.","i18n-Katalog (src/i18n) — über t() aufgelöst","","done",""
"glossary.whiteheat.label","i18n","Weißglut","Calor blanco","White heat","i18n-Katalog (src/i18n) — über t() aufgelöst","","done",""
"glossary.whiteheat.match","i18n","Weißglut|Überhitzung","calor blanco|sobrecalentamiento","white heat|overheat","i18n-Katalog (src/i18n) — über t() aufgelöst","","done",""
"glossary.whiteheat.text","i18n","Der Hitze-Überlauf: Ist die Hitzeleiste voll, staut sich jeder weitere Hitzegewinn als Überhitzung auf (bis 150 %); je heißer, desto weniger davon kommt an. Jeder Punkt Überhitzung gibt +2 % auf deinen Feuer-Score und baut sich je Stich wieder ab. Braucht den Skill Weißglut.","El desbordamiento del calor: cuando la barra de calor está llena, cada nueva ganancia de calor se acumula como sobrecalentamiento (hasta el 150 %); cuanto más caliente estés, menos llega. Cada punto de sobrecalentamiento da +2 % sobre tu puntuación de fuego y se disipa de nuevo en cada baza. Requiere la habilidad Calor Blanco.","The heat overflow: once the heat bar is full, every further heat gain banks as overheat (up to 150%); the hotter you are, the less of it arrives. Every point of overheat gives +2% on your fire score, and it decays again every trick. Requires the skill White Heat.","i18n-Katalog (src/i18n) — über t() aufgelöst","","done",""
"glossary.wiederholung.label","i18n","Wiederholung","Repetición","Repeat","i18n-Katalog (src/i18n) — über t() aufgelöst","","done",""
"glossary.wiederholung.match","i18n","Wiederholung|Wiederholungen","repetición|repeticiones","repeat|repeats","i18n-Katalog (src/i18n) — über t() aufgelöst","","done",""
"glossary.wiederholung.text","i18n","≥2 gleiche Werte nebeneinander. 2. Karte ×1,25, 3. ×1,50, 4. ×1,80, danach je +0,40.","≥2 valores iguales seguidos. Carta 2 ×1,25, carta 3 ×1,50, carta 4 ×1,80, después +0,40 cada una.","2 or more equal values next to each other. 2nd card ×1.25, 3rd ×1.50, 4th ×1.80, then +0.40 each.","i18n-Katalog (src/i18n) — über t() aufgelöst","","done",""
"glossary.wurzeln.label","i18n","Wurzeln","Raíces","Roots","i18n-Katalog (src/i18n) — über t() aufgelöst","","done",""
"glossary.wurzeln.match","i18n","Wurzeln|Wurzel-Score|Wurzeln-Score","raíces|puntuación de raíz|raíz","roots|root score","i18n-Katalog (src/i18n) — über t() aufgelöst","","done",""
"glossary.wurzeln.text","i18n","Solange du nur Pflanzen-Skills hältst, machen grüne Siege die Karte wertvoller: je 4 Wachstum +1 Kartenwert (bis 11), ab 4 Skills auch bei jeder 2. Niederlage. Das Wachstum bleibt dabei erhalten und zählt weiter für Wurzel-Score und die Legendären.","Mientras solo tengas habilidades de Planta, las victorias verdes hacen la carta más valiosa: +1 de valor de carta por cada 4 de crecimiento (hasta 11), y desde 4 habilidades también con cada 2 derrotas. El crecimiento se conserva y sigue contando para la puntuación de raíz y para las legendarias.","As long as you hold only plant skills, green wins make the card more valuable: +1 card value per 4 growth (up to 11), and from 4 skills also on every 2nd loss. The growth is kept and keeps counting for root score and the legendaries.","i18n-Katalog (src/i18n) — über t() aufgelöst","","done",""
"glossary.ziehreihenfolge.label","i18n","Ziehreihenfolge","Orden de robo","Draw order","i18n-Katalog (src/i18n) — über t() aufgelöst","","done",""
"glossary.ziehreihenfolge.match","i18n","Ziehreihenfolge|Kartenreihenfolge","orden de robo","draw order|card order","i18n-Katalog (src/i18n) — über t() aufgelöst","","done",""
"glossary.ziehreihenfolge.text","i18n","Die feste Reihenfolge, in der deine Karten gespielt werden; sie bleibt über Durchläufe stabil (nur der Gegner mischt).","El orden fijo en el que se juegan tus cartas; se mantiene estable de un ciclo a otro (solo baraja el rival).","The fixed order in which your cards are played; they stay stable across cycles (only the opponent shuffles).","i18n-Katalog (src/i18n) — über t() aufgelöst","","done",""
"graphs.cycle.title","i18n","Durchlauf {n}: {score}","Ciclo {n}: {score}","Cycle {n}: {score}","i18n-Katalog (src/i18n) — über t() aufgelöst","","done",""
"graphs.cycleAbbr","i18n","D{n}","C{n}","C{n}","i18n-Katalog (src/i18n) — über t() aufgelöst","","done",""
"graphs.noWin","i18n","kein Sieg","sin victoria","no win","i18n-Katalog (src/i18n) — über t() aufgelöst","","done",""
"graphs.perTrick.open","i18n","Stich-Score je Durchlauf ansehen","Ver la puntuación por baza en cada ciclo","See trick score per cycle","i18n-Katalog (src/i18n) — über t() aufgelöst","","done",""
"graphs.scaleHint","i18n","Höhe = Score je Stich (je Durchlauf eigene Skala)","Altura = puntuación por baza (cada ciclo tiene su propia escala)","Height = score per trick (each cycle has its own scale)","i18n-Katalog (src/i18n) — über t() aufgelöst","","done",""
"graphs.src.building","i18n","Gebäude","Edificios","Buildings","i18n-Katalog (src/i18n) — über t() aufgelöst","","done",""
"graphs.src.crit","i18n","Crit","Crítico","Crit","i18n-Katalog (src/i18n) — über t() aufgelöst","","done",""
"graphs.src.fire","i18n","Feuer-Score","Puntuación de fuego","Fire score","i18n-Katalog (src/i18n) — über t() aufgelöst","","done",""
"graphs.src.formation","i18n","Formation","Formación","Formation","i18n-Katalog (src/i18n) — über t() aufgelöst","","done",""
"graphs.src.glacier","i18n","Gletscher-Ertrag","Rendimiento de glaciar","Glacier yield","i18n-Katalog (src/i18n) — über t() aufgelöst","","done",""
"graphs.src.light","i18n","Blitz-Ertrag","Rendimiento de rayo","Lightning yield","i18n-Katalog (src/i18n) — über t() aufgelöst","","done",""
"graphs.src.plant","i18n","Wurzel + Blüte","Raíz + floración","Root + bloom","i18n-Katalog (src/i18n) — über t() aufgelöst","","done",""
"graphs.src.rest","i18n","Sonstige","Otros","Other","i18n-Katalog (src/i18n) — über t() aufgelöst","","done",""
"graphs.src.serie","i18n","Serie","Racha","Streak","i18n-Katalog (src/i18n) — über t() aufgelöst","","done",""
"graphs.trick.title","i18n","Stich {n}: {score} · {result}","Baza {n}: {score} · {result}","Trick {n}: {score} · {result}","i18n-Katalog (src/i18n) — über t() aufgelöst","","done",""
"graphs.win","i18n","Sieg","victoria","win","i18n-Katalog (src/i18n) — über t() aufgelöst","","done",""
"guide.archOf","i18n","Archetyp {n} von {total}","Arquetipo {n} de {total}","Archetype {n} of {total}","i18n-Katalog (src/i18n) — über t() aufgelöst","","done",""
"guide.core","i18n","Kernidee","Idea central","Core idea","i18n-Katalog (src/i18n) — über t() aufgelöst","","done",""
"guide.fire.kernidee","i18n","Feuer belohnt nicht bloßes Gewinnen, sondern **überlegenes** Gewinnen. Je größer dein **Kampfwert-Vorsprung**, desto heißer die Leiste, und desto härter schlägt jeder Sieg zu. Der Archetyp der brachialen Dominanz.","Fuego no premia el mero hecho de ganar, sino ganar **con superioridad**. Cuanto mayor sea tu **margen de valor de combate**, más caliente estará la barra y más fuerte golpeará cada victoria. El arquetipo del dominio bruto.","Fire does not reward merely winning, it rewards **superior** winning. The bigger your **margin**, the hotter the bar, and the harder every win lands. The archetype of brute dominance.","i18n-Katalog (src/i18n) — über t() aufgelöst","","done",""
"guide.fire.loop.center.0","i18n","FEUERWALZE","OLEADA","FIRE ROLL","i18n-Katalog (src/i18n) — über t() aufgelöst","","done",""
"guide.fire.loop.center.1","i18n","rollt weiter","sigue rodando","keeps rolling","i18n-Katalog (src/i18n) — über t() aufgelöst","","done",""
"guide.fire.loop.nodes.0","i18n","Vorsprung","Margen","Margin","i18n-Katalog (src/i18n) — über t() aufgelöst","","done",""
"guide.fire.loop.nodes.1","i18n","Hitze ↑","Calor ↑","Heat ↑","i18n-Katalog (src/i18n) — über t() aufgelöst","","done",""
"guide.fire.loop.nodes.2","i18n","Karten ↑","Cartas ↑","Cards ↑","i18n-Katalog (src/i18n) — über t() aufgelöst","","done",""
"guide.fire.loop.nodes.3","i18n","Boni","Bonif.","Bonuses","i18n-Katalog (src/i18n) — über t() aufgelöst","","done",""
"guide.fire.loop.steps.0","i18n","Gewinne mit **großem Vorsprung** → viel **Hitze** und sofort direkten Score (er zählt flach, ohne Umwege).","Gana con **mucho margen** → mucho **calor** y puntuación directa al instante (cuenta de forma plana, sin rodeos).","Win with a **big margin** → plenty of **heat** and immediate direct score (it counts flat, no detours).","i18n-Katalog (src/i18n) — über t() aufgelöst","","done",""
"guide.fire.loop.steps.1","i18n","Gehaltene Hitze zahlt zusätzlich bei jedem Sieg die **Glutdividende**, Feuers Motor, der immer läuft.","El calor que mantienes paga además el **dividendo de brasas** en cada victoria, el motor de Fuego, siempre en marcha.","Heat you hold additionally pays the **ember dividend** on every win, Fire's engine, always running.","i18n-Katalog (src/i18n) — über t() aufgelöst","","done",""
"guide.fire.loop.steps.2","i18n","Mit Glühender Klinge schaltet hohe Hitze **Schwellen-Boni** frei → deine Karten bekommen Stichwert → du gewinnst noch klarer. Die oberen Stufen musst du dir je Segment mit einem deutlichen Sieg neu verdienen.","Con Hoja Incandescente, un calor alto desbloquea **bonificaciones de umbral** → tus cartas ganan valor de baza → ganas con más claridad todavía. Los niveles superiores hay que volver a ganárselos en cada segmento con una victoria contundente.","With Glowing Blade, high heat unlocks **threshold bonuses** → your cards gain trick value → you win even more clearly. The upper steps have to be re-earned each segment with one decisive win.","i18n-Katalog (src/i18n) — über t() aufgelöst","","done",""
"guide.fire.loop.steps.3","i18n","Parallel: **Brände** schwächen Gegnerkarten und füllen die **Schmiede** → deine Karten werden dauerhaft stärker, die Margen wachsen mit.","En paralelo: las **marcas** debilitan las cartas rivales y llenan la **forja** → tus cartas se vuelven más fuertes de forma permanente, y los márgenes crecen con ellos.","In parallel: **brands** weaken opponent cards and fill the **forge** → your cards get permanently stronger, and the margins grow with them.","i18n-Katalog (src/i18n) — über t() aufgelöst","","done",""
"guide.fire.loop.valve","i18n","Ist die Leiste **voll**, verfällt weiterer Hitzegewinn, es sei denn, du hältst den Skill **Weißglut**: dann staut sich der Überschuss als **Überhitzung** auf und hebt deinen gesamten Feuer-Score, solange du sie fütterst. Und wann immer du willst, schüttest du die gesammelte Hitze aus: als einen großen Schlag oder als steten Tropf.","Cuando la barra está **llena**, el calor que llegue de más se desperdicia, salvo que tengas la habilidad **Calor Blanco**: entonces el excedente se acumula como **sobrecalentamiento** y sube toda tu puntuación de fuego mientras lo sigas alimentando. Y cuando quieras, sueltas el calor acumulado: de un solo golpe o a goteo constante.","Once the bar is **full**, further heat gain is wasted, unless you hold the skill **White Heat**: then the surplus banks as **overheat** and lifts your entire fire score for as long as you keep feeding it. And whenever you like, you release the heat you have gathered: as one big blow or as a steady drip.","i18n-Katalog (src/i18n) — über t() aufgelöst","","done",""
"guide.fire.pillars.0.name","i18n","Kampfwert-Vorsprung","Margen de valor de combate","Margin","i18n-Katalog (src/i18n) — über t() aufgelöst","","done",""
"guide.fire.pillars.0.sub","i18n","· die Marge","· la diferencia","· the gap","i18n-Katalog (src/i18n) — über t() aufgelöst","","done",""
"guide.fire.pillars.0.text","i18n","Feuers eigentliche Währung. Nicht **ob** du gewinnst zählt, sondern **wie klar**. Ein knapper Sieg zahlt kaum, ein erdrückender zahlt massiv.","La verdadera moneda de Fuego. No cuenta **si** ganas, sino **con cuánta claridad**. Una victoria justa apenas paga; una aplastante paga muchísimo.","Fire's real currency. It is not **whether** you win that counts, but **by how much**. A narrow win pays almost nothing, a crushing one pays massively.","i18n-Katalog (src/i18n) — über t() aufgelöst","","done",""
"guide.fire.pillars.1.name","i18n","Hitze","Calor","Heat","i18n-Katalog (src/i18n) — über t() aufgelöst","","done",""
"guide.fire.pillars.1.text","i18n","Die Leiste (leer bis voll). Jeder Sieg heizt sie auf, vor allem mit Vorsprung; klare Niederlagen kühlen sie ab. Gehaltene Hitze zahlt bei **jedem** Feuer-Sieg eine **Glutdividende** direkt aus; dazu ist sie ein Vorrat zum **Ausschütten**, und mit dem Skill Glühende Klinge macht sie deine Karten stärker.","La barra (de vacía a llena). Cada victoria la calienta, sobre todo con margen; las derrotas claras la enfrían. El calor que mantienes paga un **dividendo de brasas** en **cada** victoria de fuego; además es una reserva para **soltar**, y con la habilidad Hoja Incandescente hace más fuertes tus cartas.","The bar (empty to full). Every win heats it up, above all with a margin; clear losses cool it down. Heat you hold pays an **ember dividend** on **every** fire win; on top of that it is a reserve to **release**, and with the skill Glowing Blade it makes your cards stronger.","i18n-Katalog (src/i18n) — über t() aufgelöst","","done",""
"guide.fire.pillars.2.name","i18n","Asche & Schmiede","Ceniza y forja","Ash & forge","i18n-Katalog (src/i18n) — über t() aufgelöst","","done",""
"guide.fire.pillars.2.text","i18n","Die dauerhafte Investition. Brände senken Gegnerkarten und geben Asche; die Schmiede verwandelt Asche in **bleibenden Kartenwert**.","La inversión duradera. Las marcas bajan las cartas rivales y dan ceniza; la forja convierte la ceniza en **valor de carta permanente**.","The lasting investment. Brands lower opponent cards and give ash; the forge turns ash into **permanent card value**.","i18n-Katalog (src/i18n) — über t() aufgelöst","","done",""
"guide.fire.pillarsLabel","i18n","Die drei Ressourcen","Los tres recursos","The three resources","i18n-Katalog (src/i18n) — über t() aufgelöst","","done",""
"guide.fire.principle.0.tag","i18n","Marge","Margen","Margin","i18n-Katalog (src/i18n) — über t() aufgelöst","","done",""
"guide.fire.principle.0.text","i18n","**Gewinne groß, nicht knapp.** Feuers Währung ist der Vorsprung. Baue Karten und Aufstellung auf klare Überlegenheit. Ein erdrückender Sieg ist ein Vielfaches eines knappen wert.","**Gana a lo grande, no por poco.** La moneda de Fuego es el margen. Monta tus cartas y tu orden de robo buscando una superioridad clara. Una victoria aplastante vale muchas veces una justa.","**Win big, not narrow.** Fire's currency is the margin. Build your cards and your draw order for clear superiority. A crushing win is worth a multiple of a narrow one.","i18n-Katalog (src/i18n) — über t() aufgelöst","","done",""
"guide.fire.principle.1.tag","i18n","Payoff","Beneficio","Payoff","i18n-Katalog (src/i18n) — über t() aufgelöst","","done",""
"guide.fire.principle.1.text","i18n","**Hitze halten heißt Auszahlung.** Je höher die Leiste, desto größer die Dividende jedes Siegs, und mit Glühender Klinge zusätzlich der Wert deiner Karten. Niederlagen kühlen ab; schütze deine Hitze, um oben zu bleiben.","**Mantener el calor es cobrar.** Cuanto más alta esté la barra, mayor será el dividendo de cada victoria y, con Hoja Incandescente, también el valor de tus cartas. Las derrotas te enfrían; protege tu calor para quedarte arriba.","**Holding heat means getting paid.** The higher the bar, the bigger the dividend on every win, and with Glowing Blade the value of your cards on top. Losses cool you down; protect your heat to stay up there.","i18n-Katalog (src/i18n) — über t() aufgelöst","","done",""
"guide.fire.principle.2.tag","i18n","Wahl","Elección","Choice","i18n-Katalog (src/i18n) — über t() aufgelöst","","done",""
"guide.fire.principle.2.text","i18n","**Ausschütten oder halten.** Verwandle die Hitze in Score-Schübe (Feuer-Konsumenten sind **kombinierbar**), oder halte sie einfach hoch und lebe von den Schwellen-Boni.","**Soltar o mantener.** Convierte el calor en golpes de puntuación (los consumidores de fuego **se combinan**), o simplemente mantenlo alto y vive de las bonificaciones de umbral.","**Release or hold.** Turn the heat into bursts of score (fire consumers **combine**), or simply keep it high and live off the threshold bonuses.","i18n-Katalog (src/i18n) — über t() aufgelöst","","done",""
"guide.fire.principle.3.tag","i18n","Schmiede","Forja","Forge","i18n-Katalog (src/i18n) — über t() aufgelöst","","done",""
"guide.fire.principle.3.text","i18n","**Die Schmiede sammelt.** Brand → Asche → dauerhafter Kartenwert. Diese Linie zahlt sich nicht sofort aus, sondern verbreitert deine Margen über den ganzen Lauf.","**La forja acumula.** Marca → ceniza → valor de carta permanente. Esa línea no paga de inmediato: ensancha tus márgenes a lo largo de toda la partida.","**The forge accumulates.** Brand → ash → permanent card value. That line does not pay off at once; it widens your margins across the whole run.","i18n-Katalog (src/i18n) — über t() aufgelöst","","done",""
"guide.fire.status.bars.0.name","i18n","Hitze","Calor","Heat","i18n-Katalog (src/i18n) — über t() aufgelöst","","done",""
"guide.fire.status.bars.0.scale.0","i18n","kalt","frío","cold","i18n-Katalog (src/i18n) — über t() aufgelöst","","done",""
"guide.fire.status.bars.0.scale.1","i18n","↑ Schwellen-Boni ↑","↑ bonif. de umbral ↑","↑ threshold bonuses ↑","i18n-Katalog (src/i18n) — über t() aufgelöst","","done",""
"guide.fire.status.bars.0.scale.2","i18n","voll → Überlauf","lleno → desbordamiento","full → overflow","i18n-Katalog (src/i18n) — über t() aufgelöst","","done",""
"guide.fire.status.label","i18n","Wie heiß bist du?","¿Cómo de caliente estás?","How hot are you?","i18n-Katalog (src/i18n) — über t() aufgelöst","","done",""
"guide.fire.subtitle","i18n","Hitze belohnt totale Überlegenheit: je klarer du einen Stich dominierst, desto heißer die Leiste und desto mehr Score fällt sofort ab.","El calor premia la superioridad total: cuanto más claramente domines una baza, más caliente estará la barra y más puntuación caerá al instante.","Heat rewards total superiority: the more clearly you dominate a trick, the hotter the bar and the more score falls off immediately.","i18n-Katalog (src/i18n) — über t() aufgelöst","","done",""
"guide.ice.kernidee","i18n","Du **frierst Karten zu Gletschern fest**; sie sammeln unaufhaltsam **Masse** an; wenn ein Gletscher **bricht**, entlädt sich ein gewaltiger Score, der auf seine Nachbarn übergreift. Wo Pflanze in die Tiefe wächst, wächst Eis in die **Fläche**.","**Congelas cartas para convertirlas en glaciares**; acumulan **masa** sin freno; cuando un glaciar **estalla**, se descarga una puntuación enorme que se extiende a sus vecinos. Donde Planta crece en profundidad, Hielo crece en **superficie**.","You **freeze cards into glaciers**; they gather **mass** unstoppably; when a glacier **bursts**, an enormous score discharges and spreads to its neighbours. Where Plant grows in depth, Ice grows in **area**.","i18n-Katalog (src/i18n) — über t() aufgelöst","","done",""
"guide.ice.loop.center.0","i18n","GLETSCHER","GLACIAR","GLACIER","i18n-Katalog (src/i18n) — über t() aufgelöst","","done",""
"guide.ice.loop.center.1","i18n","lädt & bricht","carga y estalla","charges & bursts","i18n-Katalog (src/i18n) — über t() aufgelöst","","done",""
"guide.ice.loop.nodes.0","i18n","Masse ↑","Masa ↑","Mass ↑","i18n-Katalog (src/i18n) — über t() aufgelöst","","done",""
"guide.ice.loop.nodes.1","i18n","Bruch","Estallido","Burst","i18n-Katalog (src/i18n) — über t() aufgelöst","","done",""
"guide.ice.loop.nodes.2","i18n","Kaskade","Cascada","Cascade","i18n-Katalog (src/i18n) — über t() aufgelöst","","done",""
"guide.ice.loop.nodes.3","i18n","auf null","a cero","to zero","i18n-Katalog (src/i18n) — über t() aufgelöst","","done",""
"guide.ice.loop.steps.0","i18n","**Friere Karten fest** → sie werden starr, sammeln ab jetzt aber **Masse** (jeden Durchlauf, unaufhaltsam).","**Congela cartas** → quedan rígidas, pero a partir de ahí acumulan **masa** (cada ciclo, sin freno).","**Freeze cards** → they go rigid, but from then on they gather **mass** (every cycle, unstoppably).","i18n-Katalog (src/i18n) — über t() aufgelöst","","done",""
"guide.ice.loop.steps.1","i18n","Erreicht ein Gletscher die **oberste Schwelle**, **bricht** er mit voller Wucht → großer Berst-Score; danach **fällt er auf null** und lädt neu auf.","Cuando un glaciar alcanza el **umbral más alto**, **estalla** con toda su fuerza → una gran puntuación de estallido; después **cae a cero** y vuelve a cargarse.","When a glacier reaches the **top threshold**, it **bursts** with full force → a large burst score; then it **drops to zero** and charges again.","i18n-Katalog (src/i18n) — über t() aufgelöst","","done",""
"guide.ice.loop.steps.2","i18n","Stehen Gletscher **dicht beieinander**, verstärkt jeder Bruch die Nachbarn und kann eine **Kaskade** durchs Cluster rollen lassen.","Cuando los glaciares están **juntos**, cada estallido refuerza a los vecinos y puede lanzar una **cascada** por toda la agrupación.","When glaciers stand **close together**, every burst amplifies its neighbours and can send a **cascade** rolling through the cluster.","i18n-Katalog (src/i18n) — über t() aufgelöst","","done",""
"guide.ice.loop.steps.3","i18n","Schießt ein Gletscher **über die Schwelle hinaus**, wird der Überschuss sofort als Score ausgezahlt, nichts geht verloren.","Si un glaciar se pasa **por encima del umbral**, el excedente se paga como puntuación al instante: no se pierde nada.","If a glacier shoots **past the threshold**, the surplus is paid out as score immediately, nothing is lost.","i18n-Katalog (src/i18n) — über t() aufgelöst","","done",""
"guide.ice.loop.steps.4","i18n","**Schnee** sammelt sich auf offenen Feldern (Dauerfrost, Schneetreiben, Eiszeit) und wird zur **Reserve** des Gletschers, der später dort einfriert; sie füllt ihn nach jedem Bruch wieder auf.","La **nieve** se acumula en las celdas abiertas (Permafrost, Ventisca, Edad de Hielo) y se convierte en la **reserva** del glaciar que se congele allí más tarde; lo rellena después de cada estallido.","**Snow** gathers on open cells (Permafrost, Snowdrift, Ice Age) and becomes the **reserve** of the glacier that later freezes there; it refills that glacier after every burst.","i18n-Katalog (src/i18n) — über t() aufgelöst","","done",""
"guide.ice.loop.valve","i18n","Ein Gletscher ist **starr**: du gibst seine Umstellbarkeit auf. Dafür ist er **unaufhaltsam**: die Masse steigt nur, und der Bruch hängt an ihr, nicht am Stich; er kommt, ob die Karte den Stich gewinnt oder verliert.","Un glaciar es **rígido**: renuncias a poder moverlo. A cambio es **imparable**: la masa solo sube, y el estallido depende de ella, no de la baza; llega tanto si la carta gana como si pierde.","A glacier is **rigid**: you give up the ability to move it. In exchange it is **unstoppable**: the mass only rises, and the burst hangs on the mass, not on the trick; it comes whether the card wins or loses.","i18n-Katalog (src/i18n) — über t() aufgelöst","","done",""
"guide.ice.pillars.0.name","i18n","Masse","Masa","Mass","i18n-Katalog (src/i18n) — über t() aufgelöst","","done",""
"guide.ice.pillars.0.sub","i18n","· die Ressource","· el recurso","· the resource","i18n-Katalog (src/i18n) — über t() aufgelöst","","done",""
"guide.ice.pillars.0.text","i18n","Sie sammelt sich auf dem **Brettfeld** an (nicht auf der Karte), jeden Durchlauf ein Stück, ganz von selbst bei Sieg wie Niederlage, und mehr, wenn ein Gletscher gewinnt. Masse fällt nie.","Se acumula en la **celda del tablero** (no en la carta), un poco en cada ciclo, sola, tanto en victoria como en derrota, y más cuando un glaciar gana. La masa nunca baja.","It gathers on the **board cell** (not on the card), a little every cycle, all by itself on a win or a loss, and more when a glacier wins. Mass never falls.","i18n-Katalog (src/i18n) — über t() aufgelöst","","done",""
"guide.ice.pillars.1.name","i18n","Der Bruch","El estallido","The burst","i18n-Katalog (src/i18n) — über t() aufgelöst","","done",""
"guide.ice.pillars.1.sub","i18n","· der Payoff","· el beneficio","· the payoff","i18n-Katalog (src/i18n) — über t() aufgelöst","","done",""
"guide.ice.pillars.1.text","i18n","Ein Gletscher **hält und wächst**, bis seine Masse die **oberste Schwelle** erreicht. Dann bricht er mit voller Wucht und **fällt zurück auf null**. Hat das Feld eine **Boden-Reserve**, zieht er daraus sofort wieder hoch; sonst baut er von unten neu auf.","Un glaciar **aguanta y crece** hasta que su masa alcanza el **umbral más alto**. Entonces estalla con toda su fuerza y **cae a cero**. Si la celda tiene una **reserva del suelo**, vuelve a subir de inmediato a partir de ella; si no, empieza a construirse otra vez desde abajo.","A glacier **holds and grows** until its mass reaches the **top threshold**. Then it bursts with full force and **drops back to zero**. If the cell has a **ground reserve**, it pulls straight back up from it; otherwise it builds again from the bottom.","i18n-Katalog (src/i18n) — über t() aufgelöst","","done",""
"guide.ice.pillars.2.name","i18n","Das Cluster","La agrupación","The cluster","i18n-Katalog (src/i18n) — über t() aufgelöst","","done",""
"guide.ice.pillars.2.sub","i18n","· der Multiplikator","· el multiplicador","· the multiplier","i18n-Katalog (src/i18n) — über t() aufgelöst","","done",""
"guide.ice.pillars.2.text","i18n","Gletscher **nebeneinander** verstärken einander: je dichter das Feld, desto heftiger jeder Bruch. Ein Bruch kann eine **Kaskade** durchs ganze Cluster auslösen.","Los glaciares **contiguos** se refuerzan entre sí: cuanto más denso sea el campo, más feroz será cada estallido. Un solo estallido puede desencadenar una **cascada** por toda la agrupación.","Glaciers **next to each other** amplify one another: the denser the field, the fiercer every burst. One burst can set off a **cascade** through the whole cluster.","i18n-Katalog (src/i18n) — über t() aufgelöst","","done",""
"guide.ice.pillarsLabel","i18n","Die drei Säulen","Los tres pilares","The three pillars","i18n-Katalog (src/i18n) — über t() aufgelöst","","done",""
"guide.ice.principle.0.tag","i18n","Dichte","Densidad","Density","i18n-Katalog (src/i18n) — über t() aufgelöst","","done",""
"guide.ice.principle.0.text","i18n","**Bau ein dichtes Feld.** Ein einzelner Gletscher ist okay, ein **Cluster** ist der Multiplikator. Friere Karten so, dass sie Nachbarn werden; die Kaskade lebt von der Dichte.","**Monta un campo denso.** Un glaciar suelto está bien; una **agrupación** es el multiplicador. Congela las cartas de forma que queden vecinas; la cascada vive de la densidad.","**Build a dense field.** A single glacier is fine, a **cluster** is the multiplier. Freeze cards so that they become neighbours; the cascade lives off density.","i18n-Katalog (src/i18n) — über t() aufgelöst","","done",""
"guide.ice.principle.1.tag","i18n","Position","Posición","Position","i18n-Katalog (src/i18n) — über t() aufgelöst","","done",""
"guide.ice.principle.1.text","i18n","**Position statt Flexibilität.** Jeder Gletscher fixiert eine Karte für immer. Plane das Brett voraus: setze Anker, lass Lücken für spätere Nachbarn.","**Posición antes que flexibilidad.** Cada glaciar fija una carta para siempre. Planifica el tablero con antelación: coloca anclas, deja huecos para los vecinos que vendrán.","**Position over flexibility.** Every glacier fixes a card forever. Plan the board ahead: set anchors, leave gaps for future neighbours.","i18n-Katalog (src/i18n) — über t() aufgelöst","","done",""
"guide.ice.principle.2.tag","i18n","Tempo","Ritmo","Pace","i18n-Katalog (src/i18n) — über t() aufgelöst","","done",""
"guide.ice.principle.2.text","i18n","**Unaufhaltsam, aber geduldig.** Masse steigt von selbst. Eis verliert nie den Fortschritt, braucht aber Zeit, bis die großen Brüche kommen.","**Imparable, pero paciente.** La masa sube sola. Hielo nunca pierde el progreso, pero necesita tiempo hasta que llegan los grandes estallidos.","**Unstoppable, but patient.** Mass rises on its own. Ice never loses progress, but it needs time before the big bursts come.","i18n-Katalog (src/i18n) — über t() aufgelöst","","done",""
"guide.ice.principle.3.tag","i18n","Bruchstil","Estilo de estallido","Burst style","i18n-Katalog (src/i18n) — über t() aufgelöst","","done",""
"guide.ice.principle.3.text","i18n","**Halten oder splittern.** Wenige mächtige Gletscher liefern seltene, gewaltige Brüche; ein breites Cluster liefert häufige Kaskaden. Such dir dein Tempo.","**Mantener o repartir.** Unos pocos glaciares poderosos dan estallidos raros y enormes; una agrupación amplia da cascadas frecuentes. Elige tu ritmo.","**Hold or splinter.** A few mighty glaciers deliver rare, enormous bursts; a wide cluster delivers frequent cascades. Pick your pace.","i18n-Katalog (src/i18n) — über t() aufgelöst","","done",""
"guide.ice.status.bars.0.name","i18n","Masse","Masa","Mass","i18n-Katalog (src/i18n) — über t() aufgelöst","","done",""
"guide.ice.status.bars.0.scale.0","i18n","1. Schwelle","Umbral 1","1st threshold","i18n-Katalog (src/i18n) — über t() aufgelöst","","done",""
"guide.ice.status.bars.0.scale.1","i18n","2.","2","2nd","i18n-Katalog (src/i18n) — über t() aufgelöst","","done",""
"guide.ice.status.bars.0.scale.2","i18n","3.","3","3rd","i18n-Katalog (src/i18n) — über t() aufgelöst","","done",""
"guide.ice.status.bars.0.scale.3","i18n","Bruch → auf null","estallido → a cero","burst → to zero","i18n-Katalog (src/i18n) — über t() aufgelöst","","done",""
"guide.ice.status.label","i18n","Wie voll ist dein Gletscher?","¿Cómo de lleno está tu glaciar?","How full is your glacier?","i18n-Katalog (src/i18n) — über t() aufgelöst","","done",""
"guide.ice.subtitle","i18n","Der räumliche Archetyp: du frierst Karten zu Gletschern fest, sammelst Masse und löst eine Kaskade aus Brüchen aus.","El arquetipo espacial: congelas cartas para convertirlas en glaciares, acumulas masa y desencadenas una cascada de estallidos.","The spatial archetype: you freeze cards into glaciers, gather mass and set off a cascade of bursts.","i18n-Katalog (src/i18n) — über t() aufgelöst","","done",""
"guide.lightning.kernidee","i18n","Andere Builds warten auf den Zufall. Blitz **baut** den Crit und dreht ihn zu einem Kreislauf, der sich selbst antreibt.","Otros builds esperan a la suerte. Rayo **construye** el crítico y lo convierte en un bucle que se impulsa a sí mismo.","Other builds wait for luck. Lightning **builds** the crit and turns it into a loop that drives itself.","i18n-Katalog (src/i18n) — über t() aufgelöst","","done",""
"guide.lightning.loop.center.0","i18n","STURM","TORMENTA","STORM","i18n-Katalog (src/i18n) — über t() aufgelöst","","done",""
"guide.lightning.loop.center.1","i18n","nährt sich selbst","se alimenta sola","feeds itself","i18n-Katalog (src/i18n) — über t() aufgelöst","","done",""
"guide.lightning.loop.nodes.0","i18n","Crit","Crítico","Crit","i18n-Katalog (src/i18n) — über t() aufgelöst","","done",""
"guide.lightning.loop.nodes.1","i18n","Ladung","Carga","Charge","i18n-Katalog (src/i18n) — über t() aufgelöst","","done",""
"guide.lightning.loop.nodes.2","i18n","Ionisierung","Ionizar","Ionize","i18n-Katalog (src/i18n) — über t() aufgelöst","","done",""
"guide.lightning.loop.nodes.3","i18n","Feld ↑","Campo ↑","Field ↑","i18n-Katalog (src/i18n) — über t() aufgelöst","","done",""
"guide.lightning.loop.steps.0","i18n","Ein **Crit** (oder Sieg) erzeugt Ladung.","Un **crítico** (o una victoria) genera carga.","A **crit** (or a win) generates charge.","i18n-Katalog (src/i18n) — über t() aufgelöst","","done",""
"guide.lightning.loop.steps.1","i18n","Volle Ladung feuert deinen **Konsumenten** → er ionisiert Karten, dann fällt die Ladung zurück.","La carga llena dispara tu **consumidor** → ioniza cartas y la carga vuelve a bajar.","Full charge fires your **consumer** → it ionizes cards, then the charge drops back.","i18n-Katalog (src/i18n) — über t() aufgelöst","","done",""
"guide.lightning.loop.steps.2","i18n","Hältst du die Momentum-Skills (Gewitterfront, Entladung, Dauerstrom), gibt jeder Verbrauch **dauerhaft** mehr Crit-Chance und -Multiplikator, den ganzen Lauf.","Si tienes las habilidades de impulso (Frente de Tormenta, Descarga, Corriente Continua), cada consumo da **de forma permanente** más probabilidad y más multiplicador de crítico, para el resto de la partida.","Hold the momentum skills (Storm Front, Discharge, Continuous Current) and every consumption gives **permanently** more crit chance and multiplier, for the rest of the run.","i18n-Katalog (src/i18n) — über t() aufgelöst","","done",""
"guide.lightning.loop.steps.3","i18n","Das ionisierte Feld hebt deine Crit-Chance → du crittest öfter → mehr Ladung → mehr Ionisierung → …","El campo ionizado sube tu probabilidad de crítico → haces críticos más a menudo → más carga → más ionización → …","The ionized field raises your crit chance → you crit more often → more charge → more ionization → …","i18n-Katalog (src/i18n) — über t() aufgelöst","","done",""
"guide.lightning.loop.valve","i18n","Fällt mehr Crit-Chance an, als ein Sieg überhaupt braucht, geht der Überschuss **nicht verloren**: Überschlag wandelt ihn in **Ladung** um: je ein paar Prozentpunkte über 100 % eine Ladung, bei voller Sturmintensität doppelt so ergiebig. Der Sturm lädt sich also aus seinem eigenen Übermaß nach.","Si se acumula más probabilidad de crítico de la que una victoria puede aprovechar, el excedente **no se pierde**: el arco lo convierte en **carga**, una carga por cada pocos puntos porcentuales por encima del 100 %, y el doble de generoso con la intensidad de tormenta al máximo. Así, la tormenta se recarga con su propio exceso.","If more crit chance builds up than a win can even use, the surplus is **not lost**: arc-over converts it into **charge**: one charge per few percentage points above 100%, twice as generous at full storm depth. So the storm recharges from its own excess.","i18n-Katalog (src/i18n) — über t() aufgelöst","","done",""
"guide.lightning.pillars.0.name","i18n","Crit","Crítico","Crit","i18n-Katalog (src/i18n) — über t() aufgelöst","","done",""
"guide.lightning.pillars.0.text","i18n","Dein Ertrag: ein Crit vervielfacht den Sieg-Score. Blitz erzeugt sowohl die Crit-Chance als auch den Crit-Multiplikator **selbst**; beides wächst mit jedem gehaltenen Blitz-Skill.","Tu beneficio: un crítico multiplica la puntuación de la victoria. Rayo genera **él mismo** tanto la probabilidad de crítico como el multiplicador de crítico; las dos crecen con cada habilidad de Rayo que tengas.","Your payoff: a crit multiplies the win score. Lightning generates both the crit chance and the crit multiplier **itself**; both grow with every lightning skill you hold.","i18n-Katalog (src/i18n) — über t() aufgelöst","","done",""
"guide.lightning.pillars.1.name","i18n","Ladung","Carga","Charge","i18n-Katalog (src/i18n) — über t() aufgelöst","","done",""
"guide.lightning.pillars.1.text","i18n","Dein Treibstoff. Siege und Crits laden sie auf. Hältst du einen **Konsumenten** (Ionisierung), feuert er bei voller Ladung und verbraucht sie; ohne Konsumenten bleibt die Leiste einfach voll stehen.","Tu combustible. Las victorias y los críticos la acumulan. Si tienes un **consumidor** (Ionización), dispara con la carga llena y la gasta; sin consumidor, la barra simplemente se queda llena.","Your fuel. Wins and crits build it up. Hold a **consumer** (Ionization) and it fires at full charge and spends it; without a consumer the bar simply stays full.","i18n-Katalog (src/i18n) — über t() aufgelöst","","done",""
"guide.lightning.pillars.2.name","i18n","Ionisierung","Ionización","Ionization","i18n-Katalog (src/i18n) — über t() aufgelöst","","done",""
"guide.lightning.pillars.2.sub","i18n","· Stapel","· acumulaciones","· stacks","i18n-Katalog (src/i18n) — über t() aufgelöst","","done",""
"guide.lightning.pillars.2.text","i18n","Dauerhafte Marken auf deinen Karten. Der Konsument (Ionisierung) verteilt sie auf noch ungespielte Karten. Jeder Stapel gibt bei einem Sieg mit der Karte extra Score, und **jeder Stapel im Deck hebt feldweit deine Crit-Chance**.","Marcas permanentes en tus cartas. El consumidor (Ionización) las reparte entre las cartas aún sin jugar. Cada acumulación da puntuación extra cuando esa carta gana, y **cada acumulación del mazo sube tu probabilidad de crítico en todo el campo**.","Permanent marks on your cards. The consumer (Ionization) spreads them onto cards not yet played. Every stack gives extra score when that card wins, and **every stack in the deck raises your crit chance field-wide**.","i18n-Katalog (src/i18n) — über t() aufgelöst","","done",""
"guide.lightning.pillarsLabel","i18n","Die drei Ressourcen","Los tres recursos","The three resources","i18n-Katalog (src/i18n) — über t() aufgelöst","","done",""
"guide.lightning.principle.0.tag","i18n","Mono","Mono","Mono","i18n-Katalog (src/i18n) — über t() aufgelöst","","done",""
"guide.lightning.principle.0.text","i18n","**Mono lohnt sich.** Fast jeder Wert von Blitz (Crit-Chance, Crit-Multiplikator, wie schnell du das Feld ionisierst) wächst mit der Zahl deiner Blitz-Skills. Je reiner der Build, desto heftiger der Sturm.","**Ir en mono compensa.** Casi todos los valores de Rayo (probabilidad de crítico, multiplicador de crítico, la rapidez con la que ionizas el campo) crecen con el número de habilidades de Rayo que tengas. Cuanto más puro sea el build, más feroz será la tormenta.","**Going mono pays off.** Almost every value in Lightning (crit chance, crit multiplier, how fast you ionize the field) grows with the number of lightning skills you hold. The purer the build, the fiercer the storm.","i18n-Katalog (src/i18n) — über t() aufgelöst","","done",""
"guide.lightning.principle.1.tag","i18n","Motor","Motor","Engine","i18n-Katalog (src/i18n) — über t() aufgelöst","","done",""
"guide.lightning.principle.1.text","i18n","**Genau ein Konsument.** Ionisierung ist dein Motor; ein zweiter Ladungs-Konsument ersetzt ihn nur. Baue alles um diesen einen herum.","**Exactamente un consumidor.** Ionización es tu motor; un segundo consumidor de carga solo lo sustituye. Construye todo alrededor de ese.","**Exactly one consumer.** Ionization is your engine; a second charge consumer only replaces it. Build everything around that one.","i18n-Katalog (src/i18n) — über t() aufgelöst","","done",""
"guide.lightning.principle.2.tag","i18n","Tempo","Ritmo","Pace","i18n-Katalog (src/i18n) — über t() aufgelöst","","done",""
"guide.lightning.principle.2.text","i18n","**Früh geduldig, spät explosiv.** Anfangs ist Blitz zurückhaltend, die Maschine läuft erst warm. Der Lohn kommt spät, wenn Momentum und ionisiertes Feld sich gegenseitig hochschaukeln.","**Paciente al principio, explosivo al final.** Rayo se contiene al arrancar, la máquina aún se está calentando. La recompensa llega tarde, cuando el impulso y el campo ionizado empiezan a levantarse el uno al otro.","**Patient early, explosive late.** Lightning holds back at first, the machine is still warming up. The reward comes late, when momentum and the ionized field start lifting each other.","i18n-Katalog (src/i18n) — über t() aufgelöst","","done",""
"guide.lightning.principle.3.tag","i18n","Serie","Racha","Streak","i18n-Katalog (src/i18n) — über t() aufgelöst","","done",""
"guide.lightning.principle.3.text","i18n","**Serie ist Treibstoff.** Manche Blitz-Skills verwandeln deine Serie direkt in Ladung oder Crit-Chance; Siege am Stück halten den Sturm am Laufen.","**La racha es combustible.** Algunas habilidades de Rayo convierten tu racha directamente en carga o en probabilidad de crítico; las victorias seguidas mantienen la tormenta en marcha.","**The streak is fuel.** Some lightning skills turn your win streak directly into charge or crit chance; wins back to back keep the storm running.","i18n-Katalog (src/i18n) — über t() aufgelöst","","done",""
"guide.lightning.status.bars.0.name","i18n","Sturmgröße","Amplitud de tormenta","Storm breadth","i18n-Katalog (src/i18n) — über t() aufgelöst","","done",""
"guide.lightning.status.bars.0.payoff","i18n","fast alle Karten ionisiert → **alle Karten stärker**","casi todas las cartas ionizadas → **todas las cartas más fuertes**","almost every card ionized → **all cards stronger**","i18n-Katalog (src/i18n) — über t() aufgelöst","","done",""
"guide.lightning.status.bars.1.name","i18n","Sturmintensität","Intensidad de tormenta","Storm depth","i18n-Katalog (src/i18n) — über t() aufgelöst","","done",""
"guide.lightning.status.bars.1.payoff","i18n","fast alle Karten voll → **Überschlag holt doppelt so viel Ladung**","casi todas las cartas llenas → **el arco saca el doble de carga**","almost every card full → **arc-over pulls twice the charge**","i18n-Katalog (src/i18n) — über t() aufgelöst","","done",""
"guide.lightning.status.label","i18n","Wie weit ist dein Sturm?","¿Cómo va tu tormenta?","How far along is your storm?","i18n-Katalog (src/i18n) — über t() aufgelöst","","done",""
"guide.lightning.subtitle","i18n","Der einzige Archetyp, der seinen kritischen Treffer selbst erzeugt: eine Maschine, die sich mit jedem Sieg weiter auflädt, bis ein sich selbst speisender Sturm über das Feld rollt.","El único arquetipo que genera su propio golpe crítico: una máquina que se carga más con cada victoria, hasta que una tormenta que se alimenta sola recorre el campo.","The only archetype that generates its own critical hit: a machine that charges itself further with every win, until a self-feeding storm rolls across the field.","i18n-Katalog (src/i18n) — über t() aufgelöst","","done",""
"guide.loop","i18n","Der Kreislauf","El bucle","The loop","i18n-Katalog (src/i18n) — über t() aufgelöst","","done",""
"guide.nav.archetypes","i18n","Archetypen","Arquetipos","Archetypes","i18n-Katalog (src/i18n) — über t() aufgelöst","","done",""
"guide.nav.note","i18n","Der Leitfaden erklärt das Spielprinzip. Begriffe und Sonderregeln stehen im Glossar.","La guía explica cómo se juega. Los términos y las reglas especiales están en el glosario.","The guide explains how an archetype plays. Terms and special rules live in the glossary.","i18n-Katalog (src/i18n) — über t() aufgelöst","","done",""
"guide.open","i18n","Leitfaden öffnen","Abrir la guía","Open the guide","i18n-Katalog (src/i18n) — über t() aufgelöst","","done",""
"guide.plant.kernidee","i18n","Siege lassen deine Karten **wachsen**, bis sie dauerhaft grün werden und gemeinsam ein Feld bilden. Kein Sofort-Ertrag: ein Garten, der langsam anschwillt und dann alles überwuchert.","Las victorias hacen **crecer** tus cartas hasta que se vuelven verdes de forma permanente y juntas forman un campo. Nada de beneficio inmediato: un jardín que se hincha despacio y luego lo invade todo.","Wins make your cards **grow** until they turn permanently green and together form a field. No instant payoff: a garden that slowly swells and then overruns everything.","i18n-Katalog (src/i18n) — über t() aufgelöst","","done",""
"guide.plant.loop.center.0","i18n","GARTEN","JARDÍN","GARDEN","i18n-Katalog (src/i18n) — über t() aufgelöst","","done",""
"guide.plant.loop.center.1","i18n","wächst weiter","sigue creciendo","keeps growing","i18n-Katalog (src/i18n) — über t() aufgelöst","","done",""
"guide.plant.loop.nodes.0","i18n","Wachstum","Crecimiento","Growth","i18n-Katalog (src/i18n) — über t() aufgelöst","","done",""
"guide.plant.loop.nodes.1","i18n","Grün ↑","Verde ↑","Green ↑","i18n-Katalog (src/i18n) — über t() aufgelöst","","done",""
"guide.plant.loop.nodes.2","i18n","Feld ↑","Campo ↑","Field ↑","i18n-Katalog (src/i18n) — über t() aufgelöst","","done",""
"guide.plant.loop.nodes.3","i18n","Siege ↑","Victorias ↑","Wins ↑","i18n-Katalog (src/i18n) — über t() aufgelöst","","done",""
"guide.plant.loop.steps.0","i18n","Siege lassen Karten **wachsen** → ab einer Schwelle werden sie **grün** und bleiben es.","Las victorias hacen **crecer** las cartas → pasado un umbral se vuelven **verdes** y así se quedan.","Wins make cards **grow** → past a threshold they turn **green** and stay that way.","i18n-Katalog (src/i18n) — über t() aufgelöst","","done",""
"guide.plant.loop.steps.1","i18n","Grüne Karten **verbreiten Grün**: färben Nachbarn, säen Wachstum, kolonisieren sogar Gegnerkarten.","Las cartas verdes **extienden el verde**: tiñen a las vecinas, siembran crecimiento e incluso colonizan cartas rivales.","Green cards **spread green**: they colour neighbours, sow growth, even colonize opponent cards.","i18n-Katalog (src/i18n) — über t() aufgelöst","","done",""
"guide.plant.loop.steps.2","i18n","Im reinen Build treiben **Wurzeln** den Wert grüner Karten in die Tiefe → sie gewinnen leichter und zahlen Wurzel-Score.","En un build puro, las **raíces** llevan el valor de las cartas verdes a mayor profundidad → ganan con más facilidad y pagan puntuación de raíz.","In a pure build, **roots** drive the value of green cards deeper → they win more easily and pay root score.","i18n-Katalog (src/i18n) — über t() aufgelöst","","done",""
"guide.plant.loop.steps.3","i18n","Je größer das grüne Feld, desto mehr Ertrag, und mehr Siege bedeuten wieder mehr Wachstum.","Cuanto más grande sea el campo verde, más beneficio, y más victorias significan de nuevo más crecimiento.","The bigger the green field, the more payoff, and more wins mean more growth again.","i18n-Katalog (src/i18n) — über t() aufgelöst","","done",""
"guide.plant.loop.valve","i18n","Ist eine grüne Karte am **Wert-Deckel**, wächst sie weiter; die legendären Bäume (Weltenbaum, Mutterbaum) zahlen diesen Überlauf als Score aus. Und mit dem Skill Überwucherung schaltet ein fast voll grünes Feld alle Farbblöcke stärker, Blüte zählt doppelt.","Cuando una carta verde llega al **tope de valor**, sigue creciendo; los árboles legendarios (Árbol del Mundo, Árbol Madre) pagan ese desbordamiento como puntuación. Y con la habilidad Invasión, un campo casi del todo verde refuerza todos los bloques de palo y hace que la floración cuente el doble.","Once a green card is at the **value cap**, it keeps growing; the legendary trees (World Tree, Mother Tree) pay that overflow out as score. And with the skill Overgrowth, an almost fully green field makes all suit blocks stronger and bloom count double.","i18n-Katalog (src/i18n) — über t() aufgelöst","","done",""
"guide.plant.pillars.0.name","i18n","Wachstum","Crecimiento","Growth","i18n-Katalog (src/i18n) — über t() aufgelöst","","done",""
"guide.plant.pillars.0.text","i18n","Der Motor. Jeder Sieg lässt deine Karte wachsen, **nur aufwärts, nie zurück**. Genug Wachstum macht sie dauerhaft **grün (reif)**; je mehr Pflanzen-Skills, desto schneller.","El motor. Cada victoria hace crecer tu carta, **solo hacia arriba, nunca atrás**. Con suficiente crecimiento se vuelve **verde (madura)** de forma permanente; cuantas más habilidades de Planta, más rápido.","The engine. Every win makes your card grow, **upwards only, never back**. Enough growth turns it permanently **green (ripe)**; the more plant skills, the faster.","i18n-Katalog (src/i18n) — über t() aufgelöst","","done",""
"guide.plant.pillars.1.name","i18n","Grünes Feld","Campo verde","Green field","i18n-Katalog (src/i18n) — über t() aufgelöst","","done",""
"guide.plant.pillars.1.sub","i18n","· Breite","· amplitud","· breadth","i18n-Katalog (src/i18n) — über t() aufgelöst","","done",""
"guide.plant.pillars.1.text","i18n","Reife grüne Karten teilen sich einen **Farbblock**. Je größer und grüner dein Feld, desto mehr Score: Blüte, Überwucherung.","Las cartas verdes maduras comparten un **bloque de palo**. Cuanto más grande y más verde sea tu campo, más puntuación: floración, invasión.","Ripe green cards share one **suit block**. The bigger and greener your field, the more score: bloom, overgrowth.","i18n-Katalog (src/i18n) — über t() aufgelöst","","done",""
"guide.plant.pillars.2.name","i18n","Wurzeln","Raíces","Roots","i18n-Katalog (src/i18n) — über t() aufgelöst","","done",""
"guide.plant.pillars.2.sub","i18n","· Tiefe","· profundidad","· depth","i18n-Katalog (src/i18n) — über t() aufgelöst","","done",""
"guide.plant.pillars.2.text","i18n","Im **reinen** Pflanzen-Build wird Wachstum zu dauerhaftem **Kartenwert**: grüne Karten werden echt stärker; am Deckel zahlt jede weitere Wurzel direkt Score.","En un build de Planta **puro**, el crecimiento se convierte en **valor de carta** permanente: las cartas verdes se vuelven de verdad más fuertes; en el tope, cada raíz adicional paga puntuación directa.","In a **pure** plant build, growth turns into permanent **card value**: green cards genuinely get stronger; at the cap every further root pays score directly.","i18n-Katalog (src/i18n) — über t() aufgelöst","","done",""
"guide.plant.pillarsLabel","i18n","Die drei Ressourcen","Los tres recursos","The three resources","i18n-Katalog (src/i18n) — über t() aufgelöst","","done",""
"guide.plant.principle.0.tag","i18n","Tempo","Ritmo","Pace","i18n-Katalog (src/i18n) — über t() aufgelöst","","done",""
"guide.plant.principle.0.text","i18n","**Langsam, aber unaufhaltsam.** Pflanze startet schwach: Wachstum braucht Siege und Zeit. Der Lohn kommt spät, wenn ein reifes grünes Feld steht.","**Lento, pero imparable.** Planta empieza floja: el crecimiento necesita victorias y tiempo. La recompensa llega tarde, cuando ya hay un campo verde maduro.","**Slow, but unstoppable.** Plant starts weak: growth needs wins and time. The reward comes late, once a ripe green field stands.","i18n-Katalog (src/i18n) — über t() aufgelöst","","done",""
"guide.plant.principle.1.tag","i18n","Mono","Mono","Mono","i18n-Katalog (src/i18n) — über t() aufgelöst","","done",""
"guide.plant.principle.1.text","i18n","**Mono schaltet die Wurzeln frei.** Nur im reinen Pflanzen-Build wird Wachstum zu echtem Kartenwert; deine grünen Karten werden dann wirklich stärker. Mischst du, bleibt Grün nur eine Farbe fürs Feld.","**Ir en mono desbloquea las raíces.** Solo en un build de Planta puro se convierte el crecimiento en valor de carta real; entonces tus cartas verdes se vuelven de verdad más fuertes. Si mezclas, el verde se queda en un color para el campo.","**Going mono unlocks the roots.** Only in a pure plant build does growth turn into real card value; your green cards then genuinely get stronger. Mix, and green stays just a colour for the field.","i18n-Katalog (src/i18n) — über t() aufgelöst","","done",""
"guide.plant.principle.2.tag","i18n","Fokus","Enfoque","Focus","i18n-Katalog (src/i18n) — über t() aufgelöst","","done",""
"guide.plant.principle.2.text","i18n","**Breite oder Tiefe.** Zwei Wege zum Score: ein weites grünes Feld (Farbblock, Blüte) oder wenige, hoch gewachsene Wurzel-Bäume. Such dir deinen Schwerpunkt, oder verbinde beides.","**Amplitud o profundidad.** Dos caminos hacia la puntuación: un campo verde amplio (bloque de palo, floración) o unos pocos árboles de raíz muy crecidos. Elige tu prioridad, o combina las dos.","**Breadth or depth.** Two routes to score: a wide green field (suit block, bloom) or a few deeply grown root trees. Pick your emphasis, or combine both.","i18n-Katalog (src/i18n) — über t() aufgelöst","","done",""
"guide.plant.principle.3.tag","i18n","Trimmen","Poda","Pruning","i18n-Katalog (src/i18n) — über t() aufgelöst","","done",""
"guide.plant.principle.3.text","i18n","**Trimmen ist der Wendepunkt zur Ernte.** Ersetzt du einen Wachstums-Skill, „trimmst"" du: dauerhaft mehr Wurzel- und Blüten-Score. Die Wachstums-Skills sterben nicht, sie veredeln die Ernte.","**La poda es el punto de giro hacia la cosecha.** Si sustituyes una habilidad de crecimiento, “podas”: puntuación de raíz y de floración permanentemente mayor. Las habilidades de crecimiento no mueren, refinan la cosecha.","**Pruning is the turning point towards harvest.** Replace a growth skill and you “prune”: permanently more root and bloom score. The growth skills do not die, they refine the harvest.","i18n-Katalog (src/i18n) — über t() aufgelöst","","done",""
"guide.plant.status.bars.0.name","i18n","Breite","Amplitud","Breadth","i18n-Katalog (src/i18n) — über t() aufgelöst","","done",""
"guide.plant.status.bars.0.payoff","i18n","Feld voll grün → **Überwucherung** (Skill)","campo del todo verde → **Invasión** (habilidad)","field fully green → **Overgrowth** (skill)","i18n-Katalog (src/i18n) — über t() aufgelöst","","done",""
"guide.plant.status.bars.1.name","i18n","Tiefe","Profundidad","Depth","i18n-Katalog (src/i18n) — über t() aufgelöst","","done",""
"guide.plant.status.bars.1.payoff","i18n","am Wert-Deckel → **Überlauf-Score** (legendär)","en el tope de valor → **puntuación de desbordamiento** (legendaria)","at the value cap → **overflow score** (legendary)","i18n-Katalog (src/i18n) — über t() aufgelöst","","done",""
"guide.plant.status.label","i18n","Wie steht dein Garten?","¿Cómo va tu jardín?","How is your garden doing?","i18n-Katalog (src/i18n) — über t() aufgelöst","","done",""
"guide.plant.subtitle","i18n","Der langsamste, aber unaufhaltsame Archetyp: du ziehst einen Garten hoch, der mit jedem Durchlauf mehr Score trägt.","El arquetipo más lento, pero imparable: levantas un jardín que da más puntuación con cada ciclo.","The slowest but unstoppable archetype: you raise a garden that carries more score with every cycle.","i18n-Katalog (src/i18n) — über t() aufgelöst","","done",""
"guide.principles","i18n","Spielprinzip","Cómo se juega","How it plays","i18n-Katalog (src/i18n) — über t() aufgelöst","","done",""
"guide.subtitle","i18n","So spielst du jeden Archetyp, durchklicken","Cómo se juega cada arquetipo, ve pasando","How to play each archetype, click through","i18n-Katalog (src/i18n) — über t() aufgelöst","","done",""
"guide.title","i18n","Leitfaden","Guía","Guide","i18n-Katalog (src/i18n) — über t() aufgelöst","","done",""
"hint.aria.close","i18n","Hinweis schließen","Cerrar el aviso","Close hint","i18n-Katalog (src/i18n) — über t() aufgelöst","","done",""
"hint.badge","i18n","Empfohlen","Recomendado","Recommended","i18n-Katalog (src/i18n) — über t() aufgelöst","","done",""
"hint.badge.reason","i18n","Deine Crits füllen die Ladungsleiste. Ist sie voll, ionisiert er Karten, und die bringen mehr Score und Crit-Chance.","Tus críticos llenan la barra de carga. Cuando está llena, ioniza cartas, y esas dan más puntuación y probabilidad de crítico.","Your crits fill the charge bar. When it is full, it ionises cards, and those pay more score and crit chance.","i18n-Katalog (src/i18n) — über t() aufgelöst","","done",""
"hint.btn.next","i18n","Weiter","Continuar","Continue","i18n-Katalog (src/i18n) — über t() aufgelöst","","done",""
"hint.c1.body","i18n","Nach jedem Eis-Skill wählst du genau eine Karte für den Gletscher. Dieser Schritt ist Pflicht.","Después de cada habilidad de Hielo eliges exactamente una carta para el glaciar. Este paso es obligatorio.","After every ice skill you pick exactly one card for the glacier. This step is mandatory.","i18n-Katalog (src/i18n) — über t() aufgelöst","","done",""
"hint.c2.body","i18n","Dieser Perk braucht Karten: Tippe so viele an, wie er verlangt.","Esta ventaja necesita cartas: toca tantas como pida.","This perk needs cards: tap as many as it asks for.","i18n-Katalog (src/i18n) — über t() aufgelöst","","done",""
"hint.c3.body","i18n","Diese Perk-Familie braucht ein Ziel: Wähle, worauf sie wirken soll.","Esta familia de ventajas necesita un objetivo: elige sobre qué debe actuar.","This perk family needs a target: choose what it should act on.","i18n-Katalog (src/i18n) — über t() aufgelöst","","done",""
"hint.c4.body","i18n","Ein legendärer Skill aus deinen aktiven Archetypen: eigener Slot, kein Tausch.","Una habilidad legendaria de tus arquetipos activos: su propio puesto, sin cambio.","A legendary skill from your active archetypes: its own slot, no swapping.","i18n-Katalog (src/i18n) — über t() aufgelöst","","done",""
"hint.c5.body","i18n","Dein Baufeld ist voll. Der Platz ist begrenzt, aber nichts steht fest: Reiß ein Gebäude ab oder werte eins auf.","Tu tablero de obra está lleno. El espacio es limitado, pero nada es definitivo: demuele un edificio o mejora uno.","Your build board is full. Space is limited, but nothing is final: demolish a building or upgrade one.","i18n-Katalog (src/i18n) — über t() aufgelöst","","done",""
"hint.c6.body","i18n","Mit Kombis und Formationen blendest du die Rahmen auf dem Baufeld ein und aus. So behältst du beim Bauen den Überblick.","Con Combos y Formaciones muestras u ocultas los marcos del tablero de obra. Así mantienes la vista clara mientras construyes.","Combos and Formations toggle the frames on the build board on and off. That keeps the board readable while you build.","i18n-Katalog (src/i18n) — über t() aufgelöst","","done",""
"hint.e1.body","i18n","Dein erster Sieg: {win} Basispunkte. Serie, Crits, Formationen und Gebäude werden mit dem Basisscore multipliziert.","Tu primera victoria: {win} puntos base. Racha, críticos, formaciones y edificios multiplican esa puntuación base.","Your first win: {win} base points. Streak, crits, formations and buildings multiply that base score.","i18n-Katalog (src/i18n) — über t() aufgelöst","","done",""
"hint.e2.body","i18n","Gleichstand: Niemand punktet. Nur Siege zahlen.","Empate: nadie puntúa. Solo las victorias pagan.","A tie pays nobody. Only wins score.","i18n-Katalog (src/i18n) — über t() aufgelöst","","done",""
"hint.e3.body","i18n","Serie {n}: Sieg auf Sieg lässt die Serie wachsen, und mit ihr den Multiplikator, gerade ×{mult}. Eine Niederlage setzt ihn zurück.","Racha {n}: victoria tras victoria la racha crece, y con ella el multiplicador, ahora ×{mult}. Una derrota lo reinicia.","Streak {n}: win after win grows the streak, and with it the multiplier, now ×{mult}. One loss resets it.","i18n-Katalog (src/i18n) — über t() aufgelöst","","done",""
"hint.e4.body","i18n","Crit: Dieser Stich zählt ×{critMult}.","Crítico: esta baza cuenta ×{critMult}.","Crit: this trick counts ×{critMult}.","i18n-Katalog (src/i18n) — über t() aufgelöst","","done",""
"hint.e5.blitz.body","i18n","Das ist deine Ladungsleiste: Deine Crits füllen sie. Ist die Leiste voll, wird eine Karte ionisiert.","Esta es tu barra de carga: tus críticos la llenan. Cuando la barra está llena, una carta se ioniza.","This is your charge bar: your crits fill it. Once the bar is full, a card gets ionized.","i18n-Katalog (src/i18n) — über t() aufgelöst","","done",""
"hint.e5.body","i18n","Das ist deine {arch}-Leiste. Sie füllt sich in den Stichen und treibt deine Skills an.","Esta es tu barra de {arch}. Se llena durante las bazas e impulsa tus habilidades.","This is your {arch} bar. It fills during tricks and powers your skills.","i18n-Katalog (src/i18n) — über t() aufgelöst","","done",""
"hint.e6.body","i18n","Formation {name}: Diese Karte zählt ×{mult}. Formationen zählen nur innerhalb eines Segments.","Formación {name}: esta carta cuenta ×{mult}. Las formaciones solo cuentan dentro de un segmento.","Formation {name}: this card counts ×{mult}. Formations only count inside one segment.","i18n-Katalog (src/i18n) — über t() aufgelöst","","done",""
"hint.e7.body","i18n","Meilenstein erreicht: Das bringt dir Stichpunkte für den Upgrade-Baum nach dem Lauf.","Hito alcanzado: eso te da Puntos de baza para el árbol de mejoras después de la partida.","Milestone reached: that earns you Trick Points for the upgrade tree after the run.","i18n-Katalog (src/i18n) — über t() aufgelöst","","done",""
"hint.e8.body","i18n","Stichpunkte fließen in den Upgrade-Baum, Deck-Punkte in die Werkstatt. Score-Meilensteine bringen dir zusätzliche Stichpunkte.","Los Puntos de baza van al árbol de mejoras; los puntos de mazo, al taller. Los hitos de puntuación te dan Puntos de baza extra.","Trick Points flow into the upgrade tree, Deck Points into the workshop. Score milestones earn you extra Trick Points.","i18n-Katalog (src/i18n) — über t() aufgelöst","","done",""
"hint.e9.body","i18n","Deine Karte kämpft mit {kampfwert} statt {kartenwert}: Kartenwert plus Stichwert-Boni ergeben den Kampfwert. Der höhere gewinnt den Stich.","Tu carta pelea con {kampfwert} en vez de {kartenwert}: el valor de carta más las bonificaciones de valor de baza dan el valor de combate. El más alto gana la baza.","Your card fights at {kampfwert} instead of {kartenwert}: card value plus trick-value bonuses make the combat value. The higher one wins the trick.","i18n-Katalog (src/i18n) — über t() aufgelöst","","done",""
"hint.eyebrow","i18n","Tutorial","Tutorial","Tutorial","i18n-Katalog (src/i18n) — über t() aufgelöst","","done",""
"hint.eyebrow.suggest","i18n","Tutorial · Vorschlag","Tutorial · Sugerencia","Tutorial · Suggestion","i18n-Katalog (src/i18n) — über t() aufgelöst","","done",""
"hint.h1.body","i18n","Autostich spielt sich selbst: Dein Deck kämpft die {cards} Stiche allein, du triffst die Entscheidungen dazwischen.

Bei jedem Stich decken beide Decks ihre oberste Karte auf. Die höhere gewinnt, die Farbe spielt keine Rolle.","Autobaza se juega solo: tu mazo pelea las {cards} bazas por su cuenta, tú tomas las decisiones entre medias.

En cada baza, ambos mazos revelan su carta superior. Gana la más alta, el color no importa.","Autotrick plays itself: your deck fights the {cards} tricks on its own, you make the decisions in between.

Each trick, both decks reveal their top card. The higher one wins, the colour does not matter.","i18n-Katalog (src/i18n) — über t() aufgelöst","","done",""
"hint.h1.go","i18n","Los geht's","Vamos","Let's go","i18n-Katalog (src/i18n) — über t() aufgelöst","","done",""
"hint.h1.skipAll","i18n","Alle Tutorial-Tipps überspringen","Saltar todos los consejos del tutorial","Skip all tutorial tips","i18n-Katalog (src/i18n) — über t() aufgelöst","","done",""
"hint.h1.title","i18n","Willkommen bei Autostich","Bienvenido a Autobaza","Welcome to Autotrick","i18n-Katalog (src/i18n) — über t() aufgelöst","","done",""
"hint.h2.body","i18n","Blitz ist dein erster Archetyp. Ein Crit vervielfacht den Score eines Stichs. Blitz-Skills machen Crits wahrscheinlicher, und jeder Crit füllt deine Ladungsleiste.","Rayo es tu primer arquetipo. Un crítico multiplica la puntuación de una baza. Las habilidades de Rayo hacen los críticos más probables, y cada crítico llena tu barra de carga.","Lightning is your first archetype. A crit multiplies a trick's score. Lightning skills make crits more likely, and every crit fills your charge bar.","i18n-Katalog (src/i18n) — über t() aufgelöst","","done",""
"hint.h2b.body","i18n","Ab jetzt stehen mehrere Archetypen zur Wahl. Dein erster Skill eines Archetyps schaltet ihn frei, mischen ist erlaubt.","A partir de ahora hay varios arquetipos en oferta. Tu primera habilidad de un arquetipo lo activa, mezclar está permitido.","From now on, more than one archetype is on offer. Your first skill of an archetype activates it, mixing is allowed.","i18n-Katalog (src/i18n) — über t() aufgelöst","","done",""
"hint.h3.body","i18n","Ein Perk wirkt sofort und bleibt bis zum Ende des Laufs. Passt keiner, kannst du ablehnen.","Una ventaja actúa enseguida y se queda hasta el final de la partida. Si ninguna encaja, puedes rechazar.","A perk takes effect immediately and lasts the whole run. If none fits, you can decline.","i18n-Katalog (src/i18n) — über t() aufgelöst","","done",""
"hint.h3b.body","i18n","Der Farbchip nennt die Kategorie, der Rand die Rarität.","El chip de color nombra la categoría; el borde, la rareza.","The colour chip names the category, the border the rarity.","i18n-Katalog (src/i18n) — über t() aufgelöst","","done",""
"hint.h4.body","i18n","Im Glossar oben rechts schlägst du fast alles nach.","En el glosario arriba a la derecha puedes consultar casi todo.","The glossary at the top right lets you look up almost anything.","i18n-Katalog (src/i18n) — über t() aufgelöst","","done",""
"hint.h5.body","i18n","Deine {slots} Slots sind voll: Eine neue Wahl ersetzt ab jetzt einen alten Skill. Was er schon ausgezahlt hat, bleibt.","Con los {slots} puestos llenos, una nueva elección sustituye a una habilidad vieja. Lo que ya pagó se queda.","Your {slots} slots are full: a new pick now replaces an old skill. What it already paid out stays.","i18n-Katalog (src/i18n) — über t() aufgelöst","","done",""
"hint.more","i18n","Mehr dazu","Más información","Learn more","i18n-Katalog (src/i18n) — über t() aufgelöst","","done",""
"hint.sa1.body","i18n","Setz dein erstes Gebäude irgendwo aufs Brett. Es wirkt auf die Karte unter ihm: Der Score-Bonus zahlt nur bei Sieg, Boni auf den Stichwert zahlen immer.","Coloca tu primer edificio donde quieras del tablero. Actúa sobre la carta de debajo: el bono de puntuación solo paga con victoria, los bonos al valor de baza pagan siempre.","Place your first building anywhere on the board. It affects the card beneath it: the score bonus pays only on a win, trick-value bonuses always pay.","i18n-Katalog (src/i18n) — über t() aufgelöst","","done",""
"hint.sa2.body","i18n","Bau einen Distrikt: Setz ein Gebäude derselben Kategorie, also gleicher Farbe, neben dein erstes. Solche Nachbarn verstärken sich.","Construye un distrito: coloca un edificio de la misma categoría, es decir del mismo color, junto al primero. Esos vecinos se refuerzan.","Build a district: place a building of the same category, that is the same colour, next to your first. Such neighbours reinforce each other.","i18n-Katalog (src/i18n) — über t() aufgelöst","","done",""
"hint.sa3.body","i18n","Versuch, neben Distrikten auch volle Zeilen zu bauen: Sie schließen eine Struktur und verstärken jede Position darin.","Intenta construir filas completas además de distritos: cierran una estructura y refuerzan cada posición de dentro.","Try to build full rows alongside districts: they close a structure and reinforce every position inside it.","i18n-Katalog (src/i18n) — über t() aufgelöst","","done",""
"hint.sa4.body","i18n","Du kannst jedes Gebäude jederzeit aufwerten, versetzen oder abreißen.","Puedes mejorar, mover o demoler cualquier edificio en cualquier momento.","You can upgrade, move or demolish any building at any time.","i18n-Katalog (src/i18n) — über t() aufgelöst","","done",""
"hint.sf1.body","i18n","Tippe zwei Karten an, um ihre Position zu tauschen. Versuch, in einem Segment gleiche Farben zu sammeln.","Toca dos cartas para intercambiar sus posiciones. Intenta juntar el mismo color dentro de un segmento.","Tap two cards to swap their positions. Try to collect same colours inside one segment.","i18n-Katalog (src/i18n) — über t() aufgelöst","","done",""
"hint.sf2.body","i18n","Versuch nun, innerhalb eines gleichfarbigen Segments weitere Formationen zu bilden, zum Beispiel eine Treppe.","Intenta ahora formar más formaciones dentro de un segmento del mismo color, por ejemplo una escalera.","Now try to build further formations inside a same-coloured segment, a staircase for example.","i18n-Katalog (src/i18n) — über t() aufgelöst","","done",""
"hint.sf3.body","i18n","Formationen gehen nie über Segmentgrenzen hinaus. Versuch deshalb, in jedem Segment eigene Formationen zu bauen.","Las formaciones nunca cruzan los bordes de segmento. Así que intenta formar formaciones en todos los segmentos.","Formations never cross segment borders. So try to build formations in every segment.","i18n-Katalog (src/i18n) — über t() aufgelöst","","done",""
"hint.u1.body","i18n","Über die Leiste oben hältst du den Lauf an oder stellst das Tempo hoch, bis auf Max.","Con la barra de arriba pausas la partida o subes el ritmo, hasta el máximo.","The bar up top pauses the run or turns the speed up, all the way to max.","i18n-Katalog (src/i18n) — über t() aufgelöst","","done",""
"hint.u2.body","i18n","Hier siehst du deine Multiplikatoren und deine Score-Herkunft.","Aquí ves tus multiplicadores y el origen de tu puntuación.","This is where you see your multipliers and your score origin.","i18n-Katalog (src/i18n) — über t() aufgelöst","","done",""
"hint.u3.body","i18n","Das Karten-Symbol oben öffnet die Chronik: alle deine Karten, Formationen und Gebäude in diesem Lauf.","El símbolo de cartas de arriba abre la Crónica: todas tus cartas, formaciones y edificios de esta partida.","The card icon up top opens the Chronicle: all your cards, formations and buildings in this run.","i18n-Katalog (src/i18n) — über t() aufgelöst","","done",""
"hint.u4.body","i18n","Die Zeile unter den Karten rechnet den Stich vor: Basis × Serie × Perks × Formation × Crit ergeben die Summe.","La línea bajo las cartas desglosa la baza: base × racha × ventajas × formación × crítico dan el total.","The line under the cards spells the trick out: base × streak × perks × formation × crit make the total.","i18n-Katalog (src/i18n) — über t() aufgelöst","","done",""
"hud.cards","i18n","Karten","Cartas","Cards","i18n-Katalog (src/i18n) — über t() aufgelöst","","done",""
"hud.cards.title","i18n","Kartenübersicht öffnen","Abrir la vista de cartas","Open card overview","i18n-Katalog (src/i18n) — über t() aufgelöst","","done",""
"hud.cycle","i18n","Durchl.","Ciclo","Cycle","i18n-Katalog (src/i18n) — über t() aufgelöst","","done",""
"hud.mult","i18n","Mult","Mult","Mult","i18n-Katalog (src/i18n) — über t() aufgelöst","","done",""
"hud.pause","i18n","Pause","Pausa","Pause","i18n-Katalog (src/i18n) — über t() aufgelöst","","done",""
"hud.record","i18n","⚑ Rekord","⚑ Récord","⚑ Record","i18n-Katalog (src/i18n) — über t() aufgelöst","","done",""
"hud.resume","i18n","Weiter","Continuar","Resume","i18n-Katalog (src/i18n) — über t() aufgelöst","","done",""
"hud.score","i18n","Score","Puntuación","Score","i18n-Katalog (src/i18n) — über t() aufgelöst","","done",""
"hud.speed.max","i18n","Tempo maximal","Velocidad máxima","Maximum speed","i18n-Katalog (src/i18n) — über t() aufgelöst","","done",""
"hud.speed.max.label","i18n","MAX","MÁX","MAX","i18n-Katalog (src/i18n) — über t() aufgelöst","","done",""
"hud.speed.x2","i18n","Tempo ×2","Velocidad ×2","Speed ×2","i18n-Katalog (src/i18n) — über t() aufgelöst","","done",""
"hud.speed.x4","i18n","Tempo ×4","Velocidad ×4","Speed ×4","i18n-Katalog (src/i18n) — über t() aufgelöst","","done",""
"hud.streak","i18n","Serie","Racha","Streak","i18n-Katalog (src/i18n) — über t() aufgelöst","","done",""
"hud.streak.best","i18n","best {n}","mejor {n}","best {n}","i18n-Katalog (src/i18n) — über t() aufgelöst","","done",""
"hud.time","i18n","Zeit","Tiempo","Time","i18n-Katalog (src/i18n) — über t() aufgelöst","","done",""
"layoutperks.title","i18n","Positions- & Formations-Perks","Ventajas de posición y formación","Position & formation perks","i18n-Katalog (src/i18n) — über t() aufgelöst","","done",""
"leg.decline","i18n","Keinen Legendär, Skill wählen","Sin legendaria, elegir una habilidad","No legendary, take a skill","i18n-Katalog (src/i18n) — über t() aufgelöst","","done",""
"leg.eyebrow","i18n","Legendär · einmalige Wahl","Legendaria · elección única","Legendary · one-time choice","i18n-Katalog (src/i18n) — über t() aufgelöst","","done",""
"leg.fallbackLabel","i18n","Legendär","Legendaria","Legendary","i18n-Katalog (src/i18n) — über t() aufgelöst","","done",""
"leg.reroll","i18n","↻ Neu würfeln","↻ Relanzar","↻ Reroll","i18n-Katalog (src/i18n) — über t() aufgelöst","","done",""
"leg.title","i18n","★ Legendärer Skill","★ Habilidad legendaria","★ Legendary skill","i18n-Katalog (src/i18n) — über t() aufgelöst","","done",""
"lv.wing.collapse","i18n","{what} ausblenden","Ocultar {what}","Hide {what}","i18n-Katalog (src/i18n) — über t() aufgelöst","","done",""
"lv.wing.deck","i18n","Deck","Mazo","Deck","i18n-Katalog (src/i18n) — über t() aufgelöst","","done",""
"lv.wing.expand","i18n","{what} einblenden","Mostrar {what}","Show {what}","i18n-Katalog (src/i18n) — über t() aufgelöst","","done",""
"lv.wing.stats","i18n","Kennzahlen","Métricas","Metrics","i18n-Katalog (src/i18n) — über t() aufgelöst","","done",""
"meta.title","i18n","Autostich · Prototyp","Autobaza · Prototipo","Autotrick · Prototype","i18n-Katalog (src/i18n) — über t() aufgelöst","","done",""
"milestone.label","i18n","💠 Meilensteine {n}/{total}","💠 Hitos {n}/{total}","💠 Milestones {n}/{total}","i18n-Katalog (src/i18n) — über t() aufgelöst","","done",""
"milestone.label.sp","i18n","💠 Meilensteine {n}/{total} · +{sp} SP","💠 Hitos {n}/{total} · +{sp} PB","💠 Milestones {n}/{total} · +{sp} TP","i18n-Katalog (src/i18n) — über t() aufgelöst","","done",""
"milestone.max","i18n","Maximum · +{sp} SP","Máximo · +{sp} PB","Maximum · +{sp} TP","i18n-Katalog (src/i18n) — über t() aufgelöst","","done",""
"milestone.mio","i18n","{n} Mio","{n} M","{n}M","i18n-Katalog (src/i18n) — über t() aufgelöst","","done",""
"milestone.next","i18n","→ {at} +{sp}","→ {at} +{sp}","→ {at} +{sp}","i18n-Katalog (src/i18n) — über t() aufgelöst","","done",""
"milestone.title.max","i18n","Alle Score-Meilensteine erreicht","Todos los hitos de puntuación alcanzados","Every score milestone reached","i18n-Katalog (src/i18n) — über t() aufgelöst","","done",""
"milestone.title.next","i18n","Nächster Meilenstein: {at} (+{sp} SP)","Próximo hito: {at} (+{sp} PB)","Next milestone: {at} (+{sp} TP)","i18n-Katalog (src/i18n) — über t() aufgelöst","","done",""
"music.next","i18n","Nächster Track","Pista siguiente","Next track","i18n-Katalog (src/i18n) — über t() aufgelöst","","done",""
"music.playing","i18n","Läuft: {title} · nächster Track","Sonando: {title} · pista siguiente","Playing: {title} · next track","i18n-Katalog (src/i18n) — über t() aufgelöst","","done",""
"music.title","i18n","Musik","Música","Music","i18n-Katalog (src/i18n) — über t() aufgelöst","","done",""
"mute.disable","i18n","Ton stummschalten","Silenciar el sonido","Mute sound","i18n-Katalog (src/i18n) — über t() aufgelöst","","done",""
"mute.enable","i18n","Ton einschalten","Activar el sonido","Turn sound on","i18n-Katalog (src/i18n) — über t() aufgelöst","","done",""
"name.cancel","i18n","Abbrechen","Cancelar","Cancel","i18n-Katalog (src/i18n) — über t() aufgelöst","","done",""
"name.err.length","i18n","Höchstens {max} Zeichen.","{max} caracteres como máximo.","{max} characters at most.","i18n-Katalog (src/i18n) — über t() aufgelöst","","done",""
"name.err.profanity","i18n","Dieser Name enthält ein gesperrtes Wort. Bitte wähle einen anderen.","Este nombre contiene una palabra bloqueada. Elige otro, por favor.","This name contains a blocked word. Please pick a different one.","i18n-Katalog (src/i18n) — über t() aufgelöst","","done",""
"name.eyebrow.change","i18n","Name ändern","Cambiar el nombre","Change name","i18n-Katalog (src/i18n) — über t() aufgelöst","","done",""
"name.eyebrow.first","i18n","Willkommen","Bienvenida","Welcome","i18n-Katalog (src/i18n) — über t() aufgelöst","","done",""
"name.hint","i18n","1–{max} Zeichen.","De 1 a {max} caracteres.","1–{max} characters.","i18n-Katalog (src/i18n) — über t() aufgelöst","","done",""
"name.lang.label","i18n","Sprache","Idioma","Language","i18n-Katalog (src/i18n) — über t() aufgelöst","","done",""
"name.placeholder","i18n","Dein Name","Tu nombre","Your name","i18n-Katalog (src/i18n) — über t() aufgelöst","","done",""
"name.preview.label","i18n","Vorschau · Bestenliste","Vista previa · clasificación","Preview · leaderboard","i18n-Katalog (src/i18n) — über t() aufgelöst","","done",""
"name.preview.you","i18n","du","tú","you","i18n-Katalog (src/i18n) — über t() aufgelöst","","done",""
"name.save","i18n","Speichern","Guardar","Save","i18n-Katalog (src/i18n) — über t() aufgelöst","","done",""
"name.sub.first","i18n","Er erscheint auf der globalen Bestenliste. Du kannst ihn später ändern.","Aparece en la clasificación global. Puedes cambiarlo más tarde.","It appears on the global leaderboard. You can change it later.","i18n-Katalog (src/i18n) — über t() aufgelöst","","done",""
"name.title.change","i18n","Dein Name","Tu nombre","Your name","i18n-Katalog (src/i18n) — über t() aufgelöst","","done",""
"name.title.first","i18n","Wähle deinen Namen","Elige tu nombre","Choose your name","i18n-Katalog (src/i18n) — über t() aufgelöst","","done",""
"node.boltLeg1.detail","i18n","1 Blitz-Kandidat in der Legendär-Phase","1 candidato de Rayo en la fase legendaria","1 lightning candidate in the legendary phase","i18n-Katalog (src/i18n) — über t() aufgelöst","","done",""
"node.boltLeg1.label","i18n","Legendär I","Legendaria I","Legendary I","i18n-Katalog (src/i18n) — über t() aufgelöst","","done",""
"node.boltLeg2.detail","i18n","2 Blitz-Kandidaten","2 candidatos de Rayo","2 lightning candidates","i18n-Katalog (src/i18n) — über t() aufgelöst","","done",""
"node.boltLeg2.label","i18n","Legendär II","Legendaria II","Legendary II","i18n-Katalog (src/i18n) — über t() aufgelöst","","done",""
"node.cover1.detail","i18n","Baufeld 20 → 21 Zellen","Espacio de construcción 20 → 21 celdas","Build space 20 → 21 cells","i18n-Katalog (src/i18n) — über t() aufgelöst","","done",""
"node.cover1.label","i18n","Baufeld I","Espacio de construcción I","Build space I","i18n-Katalog (src/i18n) — über t() aufgelöst","","done",""
"node.cover2.detail","i18n","Baufeld 21 → 22 Zellen","Espacio de construcción 21 → 22 celdas","Build space 21 → 22 cells","i18n-Katalog (src/i18n) — über t() aufgelöst","","done",""
"node.cover2.label","i18n","Baufeld II","Espacio de construcción II","Build space II","i18n-Katalog (src/i18n) — über t() aufgelöst","","done",""
"node.cover3.detail","i18n","Baufeld 22 → 24 Zellen","Espacio de construcción 22 → 24 celdas","Build space 22 → 24 cells","i18n-Katalog (src/i18n) — über t() aufgelöst","","done",""
"node.cover3.label","i18n","Baufeld III","Espacio de construcción III","Build space III","i18n-Katalog (src/i18n) — über t() aufgelöst","","done",""
"node.deckReroll.detail","i18n","+1 Reroll in der Archetyp-Legendär-Phase","+1 relanzamiento en la fase legendaria de arquetipo","+1 reroll in the archetype legendary phase","i18n-Katalog (src/i18n) — über t() aufgelöst","","done",""
"node.deckReroll.label","i18n","Reroll · Legendär-Phase","Relanzamiento · fase legendaria","Reroll · legendary phase","i18n-Katalog (src/i18n) — über t() aufgelöst","","done",""
"node.drop1.detail","i18n","hochwertigere Perks & Gebäude","Ventajas y edificios de mayor calidad","Higher-quality perks & buildings","i18n-Katalog (src/i18n) — über t() aufgelöst","","done",""
"node.drop1.label","i18n","Drop-Rate I","Tasa de aparición I","Drop rate I","i18n-Katalog (src/i18n) — über t() aufgelöst","","done",""
"node.drop2.detail","i18n","hochwertigere Perks & Gebäude","Ventajas y edificios de mayor calidad","Higher-quality perks & buildings","i18n-Katalog (src/i18n) — über t() aufgelöst","","done",""
"node.drop2.label","i18n","Drop-Rate II","Tasa de aparición II","Drop rate II","i18n-Katalog (src/i18n) — über t() aufgelöst","","done",""
"node.drop3.detail","i18n","hochwertigere Perks & Gebäude","Ventajas y edificios de mayor calidad","Higher-quality perks & buildings","i18n-Katalog (src/i18n) — über t() aufgelöst","","done",""
"node.drop3.label","i18n","Drop-Rate III","Tasa de aparición III","Drop rate III","i18n-Katalog (src/i18n) — über t() aufgelöst","","done",""
"node.drop4.detail","i18n","hochwertigere Perks & Gebäude","Ventajas y edificios de mayor calidad","Higher-quality perks & buildings","i18n-Katalog (src/i18n) — über t() aufgelöst","","done",""
"node.drop4.label","i18n","Drop-Rate IV","Tasa de aparición IV","Drop rate IV","i18n-Katalog (src/i18n) — über t() aufgelöst","","done",""
"node.energy1.detail","i18n","Formations-Energie 3 → 4","Energía de orden 3 → 4","Order energy 3 → 4","i18n-Katalog (src/i18n) — über t() aufgelöst","","done",""
"node.energy1.label","i18n","Energie I","Energía I","Energy I","i18n-Katalog (src/i18n) — über t() aufgelöst","","done",""
"node.energy2.detail","i18n","Formations-Energie 4 → 5","Energía de orden 4 → 5","Order energy 4 → 5","i18n-Katalog (src/i18n) — über t() aufgelöst","","done",""
"node.energy2.label","i18n","Energie II","Energía II","Energy II","i18n-Katalog (src/i18n) — über t() aufgelöst","","done",""
"node.fireLeg1.detail","i18n","1 Feuer-Kandidat in der Legendär-Phase","1 candidato de Fuego en la fase legendaria","1 fire candidate in the legendary phase","i18n-Katalog (src/i18n) — über t() aufgelöst","","done",""
"node.fireLeg1.label","i18n","Legendär I","Legendaria I","Legendary I","i18n-Katalog (src/i18n) — über t() aufgelöst","","done",""
"node.fireLeg2.detail","i18n","2 Feuer-Kandidaten","2 candidatos de Fuego","2 fire candidates","i18n-Katalog (src/i18n) — über t() aufgelöst","","done",""
"node.fireLeg2.label","i18n","Legendär II","Legendaria II","Legendary II","i18n-Katalog (src/i18n) — über t() aufgelöst","","done",""
"node.iceDeck.detail","i18n","Eis-Archetyp spielbar","Arquetipo Hielo jugable","Ice archetype playable","i18n-Katalog (src/i18n) — über t() aufgelöst","","done",""
"node.iceDeck.label","i18n","Eis-Deck","Mazo de Hielo","Ice deck","i18n-Katalog (src/i18n) — über t() aufgelöst","","done",""
"node.iceLeg1.detail","i18n","1 Eis-Kandidat in der Legendär-Phase","1 candidato de Hielo en la fase legendaria","1 ice candidate in the legendary phase","i18n-Katalog (src/i18n) — über t() aufgelöst","","done",""
"node.iceLeg1.label","i18n","Legendär I","Legendaria I","Legendary I","i18n-Katalog (src/i18n) — über t() aufgelöst","","done",""
"node.iceLeg2.detail","i18n","2 Eis-Kandidaten","2 candidatos de Hielo","2 ice candidates","i18n-Katalog (src/i18n) — über t() aufgelöst","","done",""
"node.iceLeg2.label","i18n","Legendär II","Legendaria II","Legendary II","i18n-Katalog (src/i18n) — über t() aufgelöst","","done",""
"node.legLayer.detail","i18n","Legendär-Perk-Schicht (gold) an","Capa de ventajas legendarias (dorado) activada","Legendary perk layer (gold) on","i18n-Katalog (src/i18n) — über t() aufgelöst","","done",""
"node.legLayer.label","i18n","Legendär","Legendaria","Legendary","i18n-Katalog (src/i18n) — über t() aufgelöst","","done",""
"node.perk2Leg.detail","i18n","2. Perk-Phase wird generelle Legendär-Phase","La fase de ventajas 2 se convierte en fase legendaria general","The 2nd perk phase becomes a general legendary phase","i18n-Katalog (src/i18n) — über t() aufgelöst","","done",""
"node.perk2Leg.label","i18n","2. Perk → Legendär","Ventaja 2 → legendaria","2nd perk → legendary","i18n-Katalog (src/i18n) — über t() aufgelöst","","done",""
"node.perk2Reroll.detail","i18n","+1 Reroll in der generellen Legendär-Phase","+1 relanzamiento en la fase legendaria general","+1 reroll in the general legendary phase","i18n-Katalog (src/i18n) — über t() aufgelöst","","done",""
"node.perk2Reroll.label","i18n","Reroll · 2. Perk-Phase","Relanzamiento · fase de ventajas 2","Reroll · 2nd perk phase","i18n-Katalog (src/i18n) — über t() aufgelöst","","done",""
"node.plantDeck.detail","i18n","Pflanze-Archetyp spielbar","Arquetipo Planta jugable","Plant archetype playable","i18n-Katalog (src/i18n) — über t() aufgelöst","","done",""
"node.plantDeck.label","i18n","Pflanze-Deck","Mazo de Planta","Plant deck","i18n-Katalog (src/i18n) — über t() aufgelöst","","done",""
"node.plantLeg1.detail","i18n","1 Pflanze-Kandidat in der Legendär-Phase","1 candidato de Planta en la fase legendaria","1 plant candidate in the legendary phase","i18n-Katalog (src/i18n) — über t() aufgelöst","","done",""
"node.plantLeg1.label","i18n","Legendär I","Legendaria I","Legendary I","i18n-Katalog (src/i18n) — über t() aufgelöst","","done",""
"node.plantLeg2.detail","i18n","2 Pflanze-Kandidaten","2 candidatos de Planta","2 plant candidates","i18n-Katalog (src/i18n) — über t() aufgelöst","","done",""
"node.plantLeg2.label","i18n","Legendär II","Legendaria II","Legendary II","i18n-Katalog (src/i18n) — über t() aufgelöst","","done",""
"node.reroll1.detail","i18n","+1 Reroll je Angebot (Perk · Gebäude · Skill)","+1 relanzamiento por oferta (ventaja · edificio · habilidad)","+1 reroll per offer (perk · building · skill)","i18n-Katalog (src/i18n) — über t() aufgelöst","","done",""
"node.reroll1.label","i18n","Reroll I","Relanzamiento I","Reroll I","i18n-Katalog (src/i18n) — über t() aufgelöst","","done",""
"node.reroll2.detail","i18n","+1 Reroll je Angebot (Perk · Gebäude · Skill)","+1 relanzamiento por oferta (ventaja · edificio · habilidad)","+1 reroll per offer (perk · building · skill)","i18n-Katalog (src/i18n) — über t() aufgelöst","","done",""
"node.reroll2.label","i18n","Reroll II","Relanzamiento II","Reroll II","i18n-Katalog (src/i18n) — über t() aufgelöst","","done",""
"node.synLeg.detail","i18n","Bald verfügbar","Disponible pronto","Coming soon","i18n-Katalog (src/i18n) — über t() aufgelöst","","done",""
"node.synLeg.label","i18n","Synergie-Legendäre","Legendarias de sinergia","Synergy legendaries","i18n-Katalog (src/i18n) — über t() aufgelöst","","done",""
"node.tier3.detail","i18n","Rarität Sehr selten (blau) freischalten","Desbloquear la rareza Rara (azul)","Unlock Rare rarity (blue)","i18n-Katalog (src/i18n) — über t() aufgelöst","","done",""
"node.tier3.label","i18n","Sehr selten","Rara","Rare","i18n-Katalog (src/i18n) — über t() aufgelöst","","done",""
"node.tier4.detail","i18n","Rarität Episch (lila) freischalten","Desbloquear la rareza Épica (morado)","Unlock Epic rarity (purple)","i18n-Katalog (src/i18n) — über t() aufgelöst","","done",""
"node.tier4.label","i18n","Episch","Épica","Epic","i18n-Katalog (src/i18n) — über t() aufgelöst","","done",""
"options.breakdown.desc","i18n","Faktorenkette unter dem Feld: Basis × Serie × Perks × Formation × Crit = Summe des laufenden Stichs. Der Platz bleibt reserviert; die Karten stehen so oder so gleich.","Cadena de factores bajo el campo: base × racha × ventajas × formación × crítico = total de la baza en curso. El espacio queda reservado; las cartas están en el mismo sitio de todos modos.","Factor chain under the field: base × streak × perks × formation × crit = total of the current trick. The space stays reserved; the cards sit in the same place either way.","i18n-Katalog (src/i18n) — über t() aufgelöst","","done",""
"options.breakdown.title","i18n","Stich-Aufschlüsselung anzeigen","Mostrar el desglose de la baza","Show trick breakdown","i18n-Katalog (src/i18n) — über t() aufgelöst","","done",""
"options.calm.desc","i18n","Die Musik steigert sich nicht mit dem Punktestand; es laufen nur ruhige und treibende Stücke, keine schnellen oder maximalen.","La música ya no sube con tu puntuación; solo suenan las pistas tranquilas y las de ritmo medio, nunca las rápidas ni las máximas.","The music no longer escalates with your score; only calm and driving tracks play, never the fast or maximum ones.","i18n-Katalog (src/i18n) — über t() aufgelöst","","done",""
"options.calm.title","i18n","Ruhiger Modus","Modo tranquilo","Calm mode","i18n-Katalog (src/i18n) — über t() aufgelöst","","done",""
"options.chip.display","i18n","HUD","HUD","HUD","i18n-Katalog (src/i18n) — über t() aufgelöst","","done",""
"options.chip.general","i18n","Allgemein","General","General","i18n-Katalog (src/i18n) — über t() aufgelöst","","done",""
"options.chip.graphics","i18n","Grafik","Gráficos","Graphics","i18n-Katalog (src/i18n) — über t() aufgelöst","","done",""
"options.chip.sound","i18n","Ton","Sonido","Sound","i18n-Katalog (src/i18n) — über t() aufgelöst","","done",""
"options.desk.readout","i18n","Alles sofort wirksam und gespeichert.","Todo tiene efecto y se guarda al instante.","Everything takes effect and is saved immediately.","i18n-Katalog (src/i18n) — über t() aufgelöst","","done",""
"options.eyebrow","i18n","Optionen","Opciones","Options","i18n-Katalog (src/i18n) — über t() aufgelöst","","done",""
"options.float.desc","i18n","Aufsteigende Zahlen/Texte über dem Feld. Master-Schalter für alle drei unten. Die großen Ansagen (Stark/Brutal/Irre/Gottgleich) bleiben immer sichtbar.","Números y textos que suben sobre el campo. Interruptor principal de los tres de abajo. Los anuncios grandes (BIEN/BRUTAL/DEMENCIAL/DIVINO) siempre se ven.","Numbers and text rising over the field. Switches the three kinds below together. The big announcements (NICE/BRUTAL/INSANE/GODLIKE) always stay visible.","i18n-Katalog (src/i18n) — über t() aufgelöst","","done",""
"options.float.mult.desc","i18n","„Kritisch!“- und Formations-Text (Multiplikator-Boni).","Texto de “¡Crítico!” y de formaciones (bonificaciones de multiplicador).","“CRITICAL!” and formation text (multiplier bonuses).","i18n-Katalog (src/i18n) — über t() aufgelöst","","done",""
"options.float.mult.title","i18n","Multiplikator","Multiplicador","Multiplier","i18n-Katalog (src/i18n) — über t() aufgelöst","","done",""
"options.float.score.desc","i18n","Aufsteigende Punktzahlen bei gewonnenen Stichen.","Números de puntuación que suben en las bazas que ganas.","Rising score numbers on tricks you win.","i18n-Katalog (src/i18n) — über t() aufgelöst","","done",""
"options.float.score.title","i18n","Score","Puntuación","Score","i18n-Katalog (src/i18n) — über t() aufgelöst","","done",""
"options.float.title","i18n","Floating-Text anzeigen","Mostrar el texto flotante","Show floating text","i18n-Katalog (src/i18n) — über t() aufgelöst","","done",""
"options.float.winlose.desc","i18n","Gewonnen/Verloren-Text am Stich-Ausgang.","Texto de victoria o derrota al resolverse la baza.","Won/lost text at the end of a trick.","i18n-Katalog (src/i18n) — über t() aufgelöst","","done",""
"options.float.winlose.title","i18n","Sieg / Niederlage","Victoria / derrota","Win / loss","i18n-Katalog (src/i18n) — über t() aufgelöst","","done",""
"options.foot.hint","i18n","Änderungen wirken sofort","Los cambios se aplican al instante","Changes apply immediately","i18n-Katalog (src/i18n) — über t() aufgelöst","","done",""
"options.haptics.desc","i18n","Kurzes Vibrieren bei Bestätigungen. Nur auf Touch-Geräten (Handy) spürbar; System-Einstellung „reduzierte Bewegung“ wird respektiert.","Una vibración corta al confirmar. Solo se nota en dispositivos táctiles (móviles); se respeta el ajuste del sistema “reducir movimiento”.","A short vibration on confirmations. Only noticeable on touch devices (phones); the system setting “reduce motion” is respected.","i18n-Katalog (src/i18n) — über t() aufgelöst","","done",""
"options.haptics.title","i18n","Haptik (Vibration)","Háptica (vibración)","Haptics (vibration)","i18n-Katalog (src/i18n) — über t() aufgelöst","","done",""
"options.language.desc","i18n","Sprache der Spieltexte.","Idioma de los textos del juego.","Language of the in-game texts.","i18n-Katalog (src/i18n) — über t() aufgelöst","","done",""
"options.language.title","i18n","Sprache","Idioma","Language","i18n-Katalog (src/i18n) — über t() aufgelöst","","done",""
"options.music.aria","i18n","Musik-Lautstärke","Volumen de la música","Music volume","i18n-Katalog (src/i18n) — über t() aufgelöst","","done",""
"options.music.desc","i18n","Lautstärke der Hintergrundmusik.","Volumen de la música de fondo.","Volume of the background music.","i18n-Katalog (src/i18n) — über t() aufgelöst","","done",""
"options.music.title","i18n","Musik-Lautstärke","Volumen de la música","Music volume","i18n-Katalog (src/i18n) — über t() aufgelöst","","done",""
"options.mute.desc","i18n","Alle Klick- und Spiel-Sounds. Aus = komplett stumm.","Todos los sonidos de clic y de juego. Apagado = silencio total.","All click and game sounds. Off = completely silent.","i18n-Katalog (src/i18n) — über t() aufgelöst","","done",""
"options.mute.title","i18n","Ton","Sonido","Sound","i18n-Katalog (src/i18n) — über t() aufgelöst","","done",""
"options.numScale.aria","i18n","Zahlengröße","Tamaño de los números","Number size","i18n-Katalog (src/i18n) — über t() aufgelöst","","done",""
"options.numScale.desc","i18n","Größe der aufsteigenden Score-Zahlen.","Tamaño de los números de puntuación que suben.","Size of the rising score numbers.","i18n-Katalog (src/i18n) — über t() aufgelöst","","done",""
"options.numScale.title","i18n","Zahlengröße","Tamaño de los números","Number size","i18n-Katalog (src/i18n) — über t() aufgelöst","","done",""
"options.perfHud.desc","i18n","Blendet oben rechts FPS · p95 · Jank ein und zeichnet Perf-Daten auf (⧉ Report → Konsole + Zwischenablage). Nur im Testbranch. Aus = keine Anzeige und keine Messung.","Muestra arriba a la derecha FPS · p95 · jank y registra datos de rendimiento (⧉ informe → consola y portapapeles). Solo en la rama de pruebas. Apagado = ni se muestra ni se mide.","Shows FPS · p95 · jank in the top right and records performance data (⧉ report → console + clipboard). Test branch only. Off = no display and no measurement.","i18n-Katalog (src/i18n) — über t() aufgelöst","","done",""
"options.perfHud.title","i18n","FPS-Zähler & Report","Contador de FPS e informe","FPS counter & report","i18n-Katalog (src/i18n) — über t() aufgelöst","","done",""
"options.reset","i18n","Alles auf Standard zurücksetzen","Restablecer todo a los valores predeterminados","Reset everything to defaults","i18n-Katalog (src/i18n) — über t() aufgelöst","","done",""
"options.reset.confirm","i18n","Wirklich alle Einstellungen zurücksetzen?","¿Seguro que quieres restablecer todos los ajustes?","Really reset all settings?","i18n-Katalog (src/i18n) — über t() aufgelöst","","done",""
"options.reset.no","i18n","Abbrechen","Cancelar","Cancel","i18n-Katalog (src/i18n) — über t() aufgelöst","","done",""
"options.reset.yes","i18n","Zurücksetzen","Restablecer","Reset","i18n-Katalog (src/i18n) — über t() aufgelöst","","done",""
"options.rfx.an","i18n","An","Encendido","On","i18n-Katalog (src/i18n) — über t() aufgelöst","","done",""
"options.rfx.aus","i18n","Aus","Apagado","Off","i18n-Katalog (src/i18n) — über t() aufgelöst","","done",""
"options.rfx.desc.an","i18n","Alle Effekte minimal: maximal ruhig, entlastet schwache Geräte stark.","Todos los efectos al mínimo: lo más tranquilo posible; alivia mucho los dispositivos débiles.","All effects minimal: as calm as possible, takes a lot of load off weak devices.","i18n-Katalog (src/i18n) — über t() aufgelöst","","done",""
"options.rfx.desc.aus","i18n","Volle Effekte.","Efectos completos.","Full effects.","i18n-Katalog (src/i18n) — über t() aufgelöst","","done",""
"options.rfx.desc.mobile","i18n","Ausgewogen: Karten-Flip, Hintergrund, Glow & Finisher bleiben; Screen-Shake, Funken-Fontänen, Blur & Sweeps aus. Schont schwächere Geräte.","Equilibrado: se mantienen el volteo de cartas, el fondo, el brillo y los remates; se apagan la sacudida de pantalla, las fuentes de chispas, el desenfoque y los barridos. Alivia los dispositivos más débiles.","Balanced: card flip, background, glow and finishers stay; screen shake, spark fountains, blur and sweeps are off. Easier on weaker devices.","i18n-Katalog (src/i18n) — über t() aufgelöst","","done",""
"options.rfx.mobile","i18n","Mobile","Móvil","Mobile","i18n-Katalog (src/i18n) — über t() aufgelöst","","done",""
"options.rfx.title","i18n","Effekte reduziert","Efectos reducidos","Reduced effects","i18n-Katalog (src/i18n) — über t() aufgelöst","","done",""
"options.sec.dev","i18n","Testbranch","Rama de pruebas","Test branch","i18n-Katalog (src/i18n) — über t() aufgelöst","","done",""
"options.sec.display","i18n","HUD & Text","HUD y texto","HUD & Text","i18n-Katalog (src/i18n) — über t() aufgelöst","","done",""
"options.sec.general","i18n","Allgemein","General","General","i18n-Katalog (src/i18n) — über t() aufgelöst","","done",""
"options.sec.graphics","i18n","Grafik & Leistung","Gráficos y rendimiento","Graphics & performance","i18n-Katalog (src/i18n) — über t() aufgelöst","","done",""
"options.sec.sound","i18n","Ton","Sonido","Sound","i18n-Katalog (src/i18n) — über t() aufgelöst","","done",""
"options.sfx.aria","i18n","SFX-Lautstärke","Volumen de SFX","SFX volume","i18n-Katalog (src/i18n) — über t() aufgelöst","","done",""
"options.sfx.desc","i18n","Lautstärke der Klick-/Spiel-Sounds (SFX).","Volumen de los sonidos de clic y de juego (SFX).","Volume of the click and game sounds (SFX).","i18n-Katalog (src/i18n) — über t() aufgelöst","","done",""
"options.sfx.title","i18n","Effekt-Lautstärke","Volumen de efectos","Effect volume","i18n-Katalog (src/i18n) — über t() aufgelöst","","done",""
"options.slider.muted","i18n","stumm","silencio","muted","i18n-Katalog (src/i18n) — über t() aufgelöst","","done",""
"options.telemetry.desc","i18n","Sendet nach jedem Lauf Score, gewählte Perks und Skills, deinen Fortschritt sowie groben Gerätekontext (Browserkennung, Kerne, Fenstergröße), ohne Namen und ohne Konto. Hilft uns beim Ausbalancieren des Spiels. Aus = es wird nichts gesendet.","Después de cada partida envía la puntuación, las ventajas y habilidades elegidas, tu progreso y un contexto aproximado del dispositivo (identificación del navegador, núcleos, tamaño de la ventana), sin nombre y sin cuenta. Nos ayuda a equilibrar el juego. Apagado = no se envía nada.","After each run, sends your score, the perks and skills you picked, your progress and rough device context (browser identification, cores, window size), without a name and without an account. It helps us balance the game. Off = nothing is sent.","i18n-Katalog (src/i18n) — über t() aufgelöst","","done",""
"options.telemetry.more","i18n","Was genau gesendet wird","Qué se envía exactamente","What exactly gets sent","i18n-Katalog (src/i18n) — über t() aufgelöst","","done",""
"options.telemetry.title","i18n","Anonyme Spieldaten senden","Enviar datos de juego anónimos","Send anonymous gameplay data","i18n-Katalog (src/i18n) — über t() aufgelöst","","done",""
"options.testvp.desc","i18n","Zeigt das Spiel in einem Rahmen fester Größe, für reproduzierbare Bildschirmfotos und Layout-Prüfungen. Nur im Testbranch. Das Umschalten lädt die Seite neu. Die Pixeldichte des Monitors wird dabei nicht mit simuliert.","Muestra el juego dentro de un marco de tamaño fijo, para capturas reproducibles y comprobaciones de diseño. Solo en la rama de pruebas. Cambiarlo recarga la página. La densidad de píxeles del monitor no se simula.","Shows the game inside a frame of fixed size, for reproducible screenshots and layout checks. Test branch only. Switching reloads the page. The pixel density of the monitor is not simulated along with it.","i18n-Katalog (src/i18n) — über t() aufgelöst","","done",""
"options.testvp.hint","i18n","Zum Beenden hier drinnen in den Optionen wieder auf Aus stellen.","Para salir, vuelve a poner esto en Apagado aquí mismo, en las opciones.","To leave, set this back to Off in the options in here.","i18n-Katalog (src/i18n) — über t() aufgelöst","","done",""
"options.testvp.off","i18n","Aus","Apagado","Off","i18n-Katalog (src/i18n) — über t() aufgelöst","","done",""
"options.testvp.title","i18n","Test-Viewport","Viewport de pruebas","Test viewport","i18n-Katalog (src/i18n) — über t() aufgelöst","","done",""
"options.title","i18n","Einstellungen","Ajustes","Settings","i18n-Katalog (src/i18n) — über t() aufgelöst","","done",""
"perf.report","i18n","Report → Konsole + Zwischenablage","Informe → consola y portapapeles","Report → console + clipboard","i18n-Katalog (src/i18n) — über t() aufgelöst","","done",""
"perf.reset","i18n","Messung zurücksetzen","Restablecer la medición","Reset the measurement","i18n-Katalog (src/i18n) — über t() aufgelöst","","done",""
"perk.build_one","i18n","Dein Build: {count} Perk","Tu build: {count} ventaja","Your build: {count} perk","i18n-Katalog (src/i18n) — über t() aufgelöst","","done",""
"perk.build_other","i18n","Dein Build: {count} Perks","Tu build: {count} ventajas","Your build: {count} perks","i18n-Katalog (src/i18n) — über t() aufgelöst","","done",""
"perk.build.empty","i18n","Noch keine Perks gewählt.","Aún no has elegido ninguna ventaja.","No perks chosen yet.","i18n-Katalog (src/i18n) — über t() aufgelöst","","done",""
"perk.cycle","i18n","Durchlauf {cycle}","Ciclo {cycle}","Cycle {cycle}","i18n-Katalog (src/i18n) — über t() aufgelöst","","done",""
"perk.deckStrength","i18n","Deck-Stärke je Farbe","Fuerza del mazo por palo","Deck strength per suit","i18n-Katalog (src/i18n) — über t() aufgelöst","","done",""
"perk.declineAll","i18n","Alle ablehnen","Rechazar todas","Decline all","i18n-Katalog (src/i18n) — über t() aufgelöst","","done",""
"perk.formations","i18n","Formationen","Formaciones","Formations","i18n-Katalog (src/i18n) — über t() aufgelöst","","done",""
"perk.L_BALL.desc","i18n","Jede Formationsphase hat 2 Energie weniger. Dafür zählt jeder Formations-Multiplikator 1,5-fach.","Cada fase de orden tiene 2 de energía de orden menos. A cambio, cada multiplicador de formación cuenta ×1,5.","Every order phase has 2 less order energy. In exchange, every formation multiplier counts ×1.5.","i18n-Katalog (src/i18n) — über t() aufgelöst","","done",""
"perk.L_BALL.label","i18n","Ballast","Lastre","Ballast","i18n-Katalog (src/i18n) — über t() aufgelöst","","done",""
"perk.L_BAUH.desc","i18n","Sofort: das Baufeld des Architekten wächst dauerhaft um 8 Zellen. Du kannst mehr Gebäude platzieren.","Al instante: el espacio de construcción del Arquitecto crece de forma permanente en 8 celdas. Puedes colocar más edificios.","Immediately: the Architect's build space permanently grows by 8 cells. You can place more buildings.","i18n-Katalog (src/i18n) — über t() aufgelöst","","done",""
"perk.L_BAUH.label","i18n","Bauhütte","Logia de Canteros","Masons' Lodge","i18n-Katalog (src/i18n) — über t() aufgelöst","","done",""
"perk.L_BRENN.desc","i18n","Gewinnt eine Karte in mindestens 3 gleichzeitigen Formationen, zählt der Stich ×2,5.","Cuando una carta gana dentro de al menos 3 formaciones a la vez, la baza cuenta ×2,5.","When a card wins inside at least 3 formations at once, the trick counts ×2.5.","i18n-Katalog (src/i18n) — über t() aufgelöst","","done",""
"perk.L_BRENN.label","i18n","Brennpunkt","Punto Focal","Focal Point","i18n-Katalog (src/i18n) — über t() aufgelöst","","done",""
"perk.L_ECHO.desc","i18n","Am Ende jedes Durchlaufs wird dein höchstwertiger Stich dieses Durchlaufs noch einmal ×1,6 gutgeschrieben.","Al final de cada ciclo, tu baza de mayor puntuación de ese ciclo se abona una vez más ×1,6.","At the end of every cycle, your highest-scoring trick of that cycle is credited once more at ×1.6.","i18n-Katalog (src/i18n) — über t() aufgelöst","","done",""
"perk.L_ECHO.label","i18n","Echo","Eco","Echo","i18n-Katalog (src/i18n) — über t() aufgelöst","","done",""
"perk.L_FUND.desc","i18n","Jede vollendete Struktur wirkt stärker: Zeile, Spalte und Diagonale geben je +0,75 auf ihren Faktor.","Cada estructura completada golpea más fuerte: la fila, la columna y la diagonal dan cada una +0,75 a su factor.","Every completed structure hits harder: row, column and diagonal each give +0.75 to their factor.","i18n-Katalog (src/i18n) — über t() aufgelöst","","done",""
"perk.L_FUND.label","i18n","Fundament","Cimiento","Foundation","i18n-Katalog (src/i18n) — über t() aufgelöst","","done",""
"perk.L_HENK.desc","i18n","Im letzten Segment (Positionen 36–40) zählt jeder Sieg 2-fach und ist garantiert ein Crit.","En el último segmento (posiciones 36–40), cada victoria cuenta ×2 y es un crítico garantizado.","In the last segment (positions 36–40) every win counts 2× and is a guaranteed crit.","i18n-Katalog (src/i18n) — über t() aufgelöst","","done",""
"perk.L_HENK.label","i18n","Henker","Verdugo","Executioner","i18n-Katalog (src/i18n) — über t() aufgelöst","","done",""
"perk.L_HOCH.desc","i18n","Solange du in diesem Durchlauf noch keine Niederlage kassiert hast, zählt jeder Sieg 1,45-fach. Die erste Niederlage schaltet es bis zum nächsten Durchlauf ab.","Mientras no hayas encajado ni una derrota en este ciclo, cada victoria cuenta ×1,45. La primera derrota lo desactiva hasta el ciclo siguiente.","As long as you have not taken a single loss this cycle, every win counts ×1.45. The first loss switches it off until the next cycle.","i18n-Katalog (src/i18n) — über t() aufgelöst","","done",""
"perk.L_HOCH.label","i18n","Hochseil","Cuerda Floja","High Wire","i18n-Katalog (src/i18n) — über t() aufgelöst","","done",""
"perk.L_MEIS.desc","i18n","Sofort: du hältst dauerhaft einen Skill mehr (6 → 7).","Al instante: tienes de forma permanente una habilidad más (6 → 7).","Immediately: you permanently hold one skill more (6 → 7).","i18n-Katalog (src/i18n) — über t() aufgelöst","","done",""
"perk.L_MEIS.label","i18n","Meisterhand","Mano Maestra","Master's Hand","i18n-Katalog (src/i18n) — über t() aufgelöst","","done",""
"perk.L_MONO.desc","i18n","Aufeinanderfolgende Siege derselben Farbe: je Folgesieg +15 % Score, höchstens +150 %. Ein Farbwechsel oder eine Niederlage setzt die Farbserie zurück.","Victorias consecutivas del mismo palo: +15 % de puntuación por cada victoria encadenada, hasta +150 %. Un cambio de palo o una derrota reinicia la racha de palo.","Consecutive wins in the same suit: +15% score per follow-up win, at most +150%. A change of suit or a loss resets the suit streak.","i18n-Katalog (src/i18n) — über t() aufgelöst","","done",""
"perk.L_MONO.label","i18n","Monochrom","Monocromo","Monochrome","i18n-Katalog (src/i18n) — über t() aufgelöst","","done",""
"perk.L_OPFER.desc","i18n","Sofort: alle Karten verlieren dauerhaft 1 Kartenwert (mindestens 1). Dafür zählt jeder Sieg 1,8-fach.","Al instante: todas las cartas pierden de forma permanente 1 de valor de carta (hasta un mínimo de 1). A cambio, cada victoria cuenta ×1,8.","Immediately: every card permanently loses 1 card value (down to 1 at the lowest). In exchange, every win counts ×1.8.","i18n-Katalog (src/i18n) — über t() aufgelöst","","done",""
"perk.L_OPFER.label","i18n","Opfergang","Sacrificio","Sacrifice","i18n-Katalog (src/i18n) — über t() aufgelöst","","done",""
"perk.L_PATT.desc","i18n","Eine Niederlage um höchstens 2 Werte zählt stattdessen als Sieg.","Una derrota por 2 de valor o menos cuenta como victoria.","A loss by 2 value or less counts as a win instead.","i18n-Katalog (src/i18n) — über t() aufgelöst","","done",""
"perk.L_PATT.label","i18n","Patt","Tablas","Stalemate","i18n-Katalog (src/i18n) — über t() aufgelöst","","done",""
"perk.L_RICHT.desc","i18n","Am Ende jedes Durchlaufs: je vollendeter Struktur (volle Zeile, Spalte oder Diagonale) zusätzlich 5 % des in diesem Durchlauf erspielten Scores.","Al final de cada ciclo: por cada estructura completada (fila, columna o diagonal completa), un 5 % adicional de la puntuación conseguida en ese ciclo.","At the end of every cycle: for each completed structure (full row, column or diagonal) an extra 5% of the score you earned in that cycle.","i18n-Katalog (src/i18n) — über t() aufgelöst","","done",""
"perk.L_RICHT.label","i18n","Richtfest","Coronación","Topping Out","i18n-Katalog (src/i18n) — über t() aufgelöst","","done",""
"perk.L_SAMM.desc","i18n","Jede unterschiedliche Formationsart, die in einem Durchlauf gewinnt (höchstens 5), gibt +0,15 Formations-Multiplikator für den restlichen Durchlauf.","Cada tipo de formación distinto que gane durante un ciclo (como máximo 5) da +0,15 de multiplicador de formación durante el resto del ciclo.","Every distinct formation type that wins during a cycle (at most 5) gives +0.15 formation multiplier for the rest of that cycle.","i18n-Katalog (src/i18n) — über t() aufgelöst","","done",""
"perk.L_SAMM.label","i18n","Sammler","Coleccionista","Collector","i18n-Katalog (src/i18n) — über t() aufgelöst","","done",""
"perk.L_SCHM.desc","i18n","Am Ende jedes Durchlaufs erhält die schwächste Karte deines Decks dauerhaft +3 Kartenwert.","Al final de cada ciclo, la carta más débil de tu mazo gana de forma permanente +3 de valor de carta.","At the end of every cycle, the weakest card in your deck permanently gains +3 card value.","i18n-Katalog (src/i18n) — über t() aufgelöst","","done",""
"perk.L_SCHM.label","i18n","Schmiede","Forja","Forge","i18n-Katalog (src/i18n) — über t() aufgelöst","","done",""
"perk.L_TAKT.desc","i18n","Gewinnst du alle 5 Stiche eines Segments, zählt der abschließende Stich 2,5-fach.","Gana las 5 bazas de un segmento y la baza final cuenta ×2,5.","Win all 5 tricks of a segment and the closing trick counts ×2.5.","i18n-Katalog (src/i18n) — über t() aufgelöst","","done",""
"perk.L_TAKT.label","i18n","Taktschlag","Golpe de Compás","Downbeat","i18n-Katalog (src/i18n) — über t() aufgelöst","","done",""
"perk.L_UMV.desc","i18n","Sofort: alle Karten nehmen dauerhaft den durchschnittlichen Kartenwert des Decks an (keine Karte wird entfernt). Stark bei schiefem Deck.","Al instante: todas las cartas adoptan de forma permanente el valor de carta medio del mazo (no se quita ninguna carta). Fuerte con un mazo desequilibrado.","Immediately: every card permanently takes on the deck's average card value (no card is removed). Strong on a lopsided deck.","i18n-Katalog (src/i18n) — über t() aufgelöst","","done",""
"perk.L_UMV.label","i18n","Umverteilung","Redistribución","Redistribution","i18n-Katalog (src/i18n) — über t() aufgelöst","","done",""
"perk.L_VAB.desc","i18n","Eröffnungs-Wette: Jedes Mal, wenn du die ersten 5 Stiche eines Durchlaufs in Folge gewinnst, zahlen sie zusätzlich das 4-fache ihres Scores aus.","Apuesta de apertura: cada vez que ganas seguidas las primeras 5 bazas de un ciclo, pagan además 4× su propia puntuación.","Opening bet: every time you win the first 5 tricks of a cycle in a row, they pay out 4× their own score on top.","i18n-Katalog (src/i18n) — über t() aufgelöst","","done",""
"perk.L_VAB.label","i18n","Vabanque","Todo o Nada","All In","i18n-Katalog (src/i18n) — über t() aufgelöst","","done",""
"perk.L_ZINS.desc","i18n","Die Bank: Jeder gewonnene Stich legt 12 % seines Scores aufs Kapital. Endet ein Durchlauf mit mindestens 65 % Siegen, zahlt sie Kapital × Zinssatz aus und der Zinssatz steigt um 4 Prozentpunkte (Start 12 %, höchstens 40 %); das Kapital bleibt liegen. Verfehlst du die Quote, crasht das Konto: 25 % des Kapitals sind weg und der Zinssatz fällt um 4 Prozentpunkte zurück.","El banco: cada baza que ganas ingresa el 12 % de su puntuación en el capital. Si un ciclo termina con al menos un 65 % de victorias, paga capital × tipo de interés y el tipo sube 4 puntos porcentuales (empieza en el 12 %, hasta un máximo del 40 %); el capital se queda. Si no llegas a la cuota, la cuenta quiebra: se pierde el 25 % del capital y el tipo baja 4 puntos porcentuales.","The bank: every trick you win puts 12% of its score into the capital. If a cycle ends with at least 65% wins, it pays out capital × interest rate and the rate rises by 4 percentage points (starting at 12%, at most 40%); the capital stays. Miss the quota and the account crashes: 25% of the capital is gone and the rate drops back by 4 percentage points.","i18n-Katalog (src/i18n) — über t() aufgelöst","","done",""
"perk.L_ZINS.label","i18n","Zinseszins","Interés Compuesto","Compound Interest","i18n-Katalog (src/i18n) — über t() aufgelöst","","done",""
"perk.L2.desc","i18n","Solange du siegst, erhält die nächste Karte +3 Stichwert (bis eine Niederlage eintritt).","Mientras sigas ganando, la carta siguiente recibe +3 de valor de baza (hasta que pierdas).","While you keep winning, the next card gets +3 trick value (until you lose).","i18n-Katalog (src/i18n) — über t() aufgelöst","","done",""
"perk.L2.label","i18n","Unaufhaltsam","Imparable","Unstoppable","i18n-Katalog (src/i18n) — über t() aufgelöst","","done",""
"perk.L4.desc","i18n","Jeder Crit gibt der betreffenden Karte dauerhaft +1 Kartenwert (maximal +3).","Cada crítico da a esa carta +1 de valor de carta de forma permanente (como máximo +3).","Every crit permanently gives that card +1 card value (at most +3).","i18n-Katalog (src/i18n) — über t() aufgelöst","","done",""
"perk.L4.label","i18n","Kritische Masse","Masa Crítica","Critical Mass","i18n-Katalog (src/i18n) — über t() aufgelöst","","done",""
"perk.L6.desc","i18n","Jeder Sieg in Folge gibt +5 % Crit-Chance. Übersteigt deine Gesamt-Crit-Chance 100 %, hebt der Überschuss zusätzlich den Crit-Multiplikator: +0,01× je Prozentpunkt darüber, höchstens +1,00×.","Cada victoria seguida da +5 % de probabilidad de crítico. Si tu probabilidad total de crítico supera el 100 %, el excedente sube además el multiplicador de crítico: +0,01× por cada punto porcentual de más, hasta un máximo de +1,00×.","Every win in a row gives +5% crit chance. If your total crit chance passes 100%, the surplus also raises the crit multiplier: +0.01× per percentage point above, at most +1.00×.","i18n-Katalog (src/i18n) — über t() aufgelöst","","done",""
"perk.L6.label","i18n","Raserei","Frenesí","Frenzy","i18n-Katalog (src/i18n) — über t() aufgelöst","","done",""
"perk.onceHint","i18n","Jeder Perk ist pro Lauf nur einmal wählbar.","Cada ventaja solo se puede elegir una vez por partida.","Each perk can only be chosen once per run.","i18n-Katalog (src/i18n) — über t() aufgelöst","","done",""
"perk.reroll","i18n","🎲 Neu würfeln · {n}","🎲 Relanzar · {n}","🎲 Reroll · {n}","i18n-Katalog (src/i18n) — über t() aufgelöst","","done",""
"perk.start","i18n","Start","Inicio","Start","i18n-Katalog (src/i18n) — über t() aufgelöst","","done",""
"perk.stat.crit","i18n","Crit","Crít.","Crit","i18n-Katalog (src/i18n) — über t() aufgelöst","","done",""
"perk.stat.scoreMult","i18n","Score-Mult","Mult. punt.","Score mult","i18n-Katalog (src/i18n) — über t() aufgelöst","","done",""
"perk.title","i18n","Wähle einen Perk","Elige una ventaja","Choose a perk","i18n-Katalog (src/i18n) — über t() aufgelöst","","done",""
"perk.upgrade","i18n","⬆ AUFWERTEN · {from}→{to}","⬆ MEJORAR · {from}→{to}","⬆ UPGRADE · {from}→{to}","i18n-Katalog (src/i18n) — über t() aufgelöst","","done",""
"perkcat.A.desc","i18n","Dauerhafte Kartenwerte","Valores de carta permanentes","Permanent card values","i18n-Katalog (src/i18n) — über t() aufgelöst","","done",""
"perkcat.A.name","i18n","Deck","Mazo","Deck","i18n-Katalog (src/i18n) — über t() aufgelöst","9","done","gemessen (längstes Geschwister, de/en/es/zh-Hans) — Perk-Kategorie im Chip"
"perkcat.B.desc","i18n","Stich-Effekte","Efectos de baza","Trick effects","i18n-Katalog (src/i18n) — über t() aufgelöst","","done",""
"perkcat.B.name","i18n","Stich","Baza","Trick","i18n-Katalog (src/i18n) — über t() aufgelöst","9","done","gemessen (längstes Geschwister, de/en/es/zh-Hans) — Perk-Kategorie im Chip"
"perkcat.C.desc","i18n","Kartenrollen","Roles de carta","Card roles","i18n-Katalog (src/i18n) — über t() aufgelöst","","done",""
"perkcat.C.name","i18n","Rolle","Rol","Role","i18n-Katalog (src/i18n) — über t() aufgelöst","9","done","gemessen (längstes Geschwister, de/en/es/zh-Hans) — Perk-Kategorie im Chip"
"perkcat.D.desc","i18n","Score","Puntuación","Score","i18n-Katalog (src/i18n) — über t() aufgelöst","","done",""
"perkcat.D.name","i18n","Score","Punt.","Score","i18n-Katalog (src/i18n) — über t() aufgelöst","9","done","gemessen (längstes Geschwister, de/en/es/zh-Hans) — Perk-Kategorie im Chip"
"perkcat.E.desc","i18n","Formationswerkzeuge","Herramientas de formación","Formation tools","i18n-Katalog (src/i18n) — über t() aufgelöst","","done",""
"perkcat.E.name","i18n","Form","Form.","Form","i18n-Katalog (src/i18n) — über t() aufgelöst","9","done","gemessen (längstes Geschwister, de/en/es/zh-Hans) — Perk-Kategorie im Chip"
"perkcat.P.desc","i18n","Crit-Chance & Crit-Multiplikator","Probabilidad y multiplicador de crítico","Crit chance & crit multiplier","i18n-Katalog (src/i18n) — über t() aufgelöst","","done",""
"perkcat.P.name","i18n","Präzision","Precisión","Precision","i18n-Katalog (src/i18n) — über t() aufgelöst","9","done","gemessen (längstes Geschwister, de/en/es/zh-Hans) — Perk-Kategorie im Chip"
"perkcat.S.desc","i18n","Slots & Ökonomie","Ranuras y economía","Slots & economy","i18n-Katalog (src/i18n) — über t() aufgelöst","","done",""
"perkcat.S.name","i18n","Ausbau","Equipo","Kit","i18n-Katalog (src/i18n) — über t() aufgelöst","9","done","gemessen (längstes Geschwister, de/en/es/zh-Hans) — Perk-Kategorie im Chip"
"privacy.contact.discord","i18n","Discord öffnen","Abrir Discord","Open Discord","i18n-Katalog (src/i18n) — über t() aufgelöst","","done",""
"privacy.eyebrow","i18n","Playtest","Playtest","Playtest","i18n-Katalog (src/i18n) — über t() aufgelöst","","done",""
"privacy.installId.copied","i18n","Kopiert","Copiado","Copied","i18n-Katalog (src/i18n) — über t() aufgelöst","","done",""
"privacy.installId.copy","i18n","Kopieren","Copiar","Copy","i18n-Katalog (src/i18n) — über t() aufgelöst","","done",""
"privacy.installId.hint","i18n","Nenne sie, wenn du eine Löschung deiner gesendeten Daten möchtest; ohne sie lassen sich deine Zeilen nicht finden. Sie steht nur auf diesem Gerät und sagt nichts darüber, wer du bist.","Indícalo si quieres que se borren los datos que has enviado; sin él no se pueden encontrar tus filas. Solo existe en este dispositivo y no dice nada sobre quién eres.","Quote it if you want the data you sent deleted; without it your rows cannot be found. It exists only on this device and says nothing about who you are.","i18n-Katalog (src/i18n) — über t() aufgelöst","","done",""
"privacy.installId.label","i18n","Deine Install-Kennung","Tu identificador de instalación","Your install ID","i18n-Katalog (src/i18n) — über t() aufgelöst","","done",""
"privacy.intro","i18n","Autostich läuft im Browser, ohne Konto und ohne Anmeldung. Zwei Dinge verlassen dein Gerät, beide stehen hier vollständig.","Autobaza funciona en el navegador, sin cuenta y sin registro. Dos cosas salen de tu dispositivo, y aquí están las dos al completo.","Autotrick runs in your browser, with no account and no sign-in. Two things leave your device, both are listed here in full.","i18n-Katalog (src/i18n) — über t() aufgelöst","","done",""
"privacy.link","i18n","Datenschutz","Privacidad","Privacy","i18n-Katalog (src/i18n) — über t() aufgelöst","","done",""
"privacy.sec.board.body","i18n","Wenn du einen Lauf in die Bestenliste stellst: dein selbst gewählter Nickname, Score, Durchläufe, Stiche, Archetypen, Perks, Skills, der Seed, der Ausbaustand deines Upgrade-Baums (wie viele Knoten freigeschaltet waren) und die Kennzahlen des Laufs (beste Serie, Formationen, Crits, Siege, bester Stich, Score-Anteile). Der Nickname ist für alle Spieler sichtbar; wähle also nichts, worüber man dich findet. Ohne Nickname wird nichts veröffentlicht.","Cuando publicas una partida en la clasificación: el apodo que hayas elegido, la puntuación, los ciclos, las bazas, los arquetipos, las ventajas, las habilidades, la semilla, hasta dónde habías construido tu árbol de mejoras (cuántos nodos estaban desbloqueados) y las métricas de la partida (mejor racha, formaciones, críticos, victorias, mejor baza, partes de la puntuación). El apodo es visible para todos los jugadores; así que no elijas nada por lo que se te pueda encontrar. Sin apodo no se publica nada.","When you put a run on the leaderboard: the nickname you chose, score, cycles, tricks, archetypes, perks, skills, the seed, how far your upgrade tree was built (how many nodes were unlocked) and the run’s metrics (best streak, formations, crits, wins, best trick, score shares). The nickname is visible to every player; so pick something nobody can find you by. Without a nickname nothing is published.","i18n-Katalog (src/i18n) — über t() aufgelöst","","done",""
"privacy.sec.board.title","i18n","Bestenliste (nur beim Veröffentlichen)","Clasificación (solo al publicar)","Leaderboard (only when you publish)","i18n-Katalog (src/i18n) — über t() aufgelöst","","done",""
"privacy.sec.contact.body","i18n","Autostich ist ein privates Hobby-Projekt im offenen Playtest. Fragen, Widerspruch oder die Bitte, deine Daten zu löschen, gehen über den Discord des Projekts.","Autobaza es un proyecto personal de aficionado en playtest abierto. Las preguntas, las objeciones o la petición de borrar tus datos se gestionan por el Discord del proyecto.","Autotrick is a private hobby project in open playtest. Questions, objections or a request to delete your data go through the project's Discord.","i18n-Katalog (src/i18n) — über t() aufgelöst","","done",""
"privacy.sec.contact.title","i18n","Wer dahintersteht","Quién está detrás","Who is behind it","i18n-Katalog (src/i18n) — über t() aufgelöst","","done",""
"privacy.sec.host.body","i18n","Beides landet in einer Supabase-Datenbank, getrennt in zwei Tabellen; eine volllaufende Telemetrie kann die Bestenliste also nicht beschädigen. Der Zugriff läuft über einen öffentlichen Schlüssel, der ausschließlich Lesen und Anlegen erlaubt.","Ambas cosas acaban en una base de datos de Supabase, separadas en dos tablas; así, una telemetría que se llene no puede dañar la clasificación. El acceso se hace con una clave pública que solo permite leer y añadir.","Both end up in a Supabase database, split across two tables; so telemetry filling up can never damage the leaderboard. Access runs through a public key that only allows reading and inserting.","i18n-Katalog (src/i18n) — über t() aufgelöst","","done",""
"privacy.sec.host.title","i18n","Wohin es geht","Adónde va","Where it goes","i18n-Katalog (src/i18n) — über t() aufgelöst","","done",""
"privacy.sec.local.body","i18n","Profil, Lauf-Historie, Optionen und ein angefangener Lauf liegen im Speicher deines Browsers und verlassen das Gerät nicht. Es gibt keine Werbe-Cookies, keine fremden Skripte und keine Verfolgung über andere Seiten hinweg.","El perfil, el historial de partidas, las opciones y cualquier partida empezada están en el almacenamiento de tu navegador y no salen del dispositivo. No hay cookies publicitarias, ni scripts de terceros, ni seguimiento a través de otras páginas.","Your profile, run history, options and any run in progress live in your browser's storage and never leave the device. There are no advertising cookies, no third-party scripts and no tracking across other sites.","i18n-Katalog (src/i18n) — über t() aufgelöst","","done",""
"privacy.sec.local.title","i18n","Was auf deinem Gerät bleibt","Qué se queda en tu dispositivo","What stays on your device","i18n-Katalog (src/i18n) — über t() aufgelöst","","done",""
"privacy.sec.telemetry.body","i18n","Nach jedem Lauf: Score, Durchläufe, Stiche, gewählte Perks, Skills und Gebäude, dein Fortschritt im Upgrade-Baum, gekaufte Kosmetik und der Seed. Dazu grober Gerätekontext: Browserkennung (auf {ua} Zeichen gekürzt), Prozessorkerne, Gerätespeicher, Sprache, Fenstergröße, Pixeldichte und ob das Gerät Touch hat. Plus eine zufällig gewürfelte Install-Kennung, damit mehrere Läufe desselben Geräts zusammengehören. Kein Name, keine E-Mail, keine Anmeldung. Abschalten: Optionen → „Anonyme Spieldaten senden“. Aus heißt wirklich aus: auch was noch in der Warteschlange liegt, wird gelöscht.","Después de cada partida: puntuación, ciclos, bazas, las ventajas, habilidades y edificios elegidos, tu progreso en el árbol de mejoras, la cosmética comprada y la semilla. Además, un contexto aproximado del dispositivo: identificación del navegador (recortada a {ua} caracteres), núcleos del procesador, memoria del dispositivo, idioma, tamaño de la ventana, densidad de píxeles y si el dispositivo tiene pantalla táctil. Y un identificador de instalación generado al azar, para que varias partidas del mismo dispositivo vayan juntas. Sin nombre, sin correo electrónico, sin registro. Para desactivarlo: Opciones → “Enviar datos de juego anónimos”. Apagado significa apagado de verdad: también se borra lo que aún esté en la cola.","After each run: score, cycles, tricks, the perks, skills and buildings you picked, your progress in the upgrade tree, cosmetics you own and the seed. Plus rough device context: browser identification (trimmed to {ua} characters), processor cores, device memory, language, window size, pixel density and whether the device has touch. And a randomly rolled install ID, so several runs from the same device belong together. No name, no email, no sign-in. To turn it off: Options → “Send anonymous gameplay data”. Off really means off: anything still queued is deleted too.","i18n-Katalog (src/i18n) — über t() aufgelöst","","done",""
"privacy.sec.telemetry.title","i18n","Anonyme Spieldaten (abschaltbar)","Datos de juego anónimos (se pueden desactivar)","Anonymous gameplay data (can be turned off)","i18n-Katalog (src/i18n) — über t() aufgelöst","","done",""
"privacy.title","i18n","Was Autostich sendet","Qué envía Autobaza","What Autotrick sends","i18n-Katalog (src/i18n) — über t() aufgelöst","","done",""
"privacy.updated","i18n","Stand: 2026-08-16 · Beta-Playtest","Actualizado: 2026-08-16 · playtest beta","As of 2026-08-16 · beta playtest","i18n-Katalog (src/i18n) — über t() aufgelöst","","done",""
"pwa.install","i18n","Installieren","Instalar","Install","i18n-Katalog (src/i18n) — über t() aufgelöst","","done",""
"pwa.ios","i18n","Über das Teilen-Symbol → „Zum Home-Bildschirm“.","Con el icono de compartir → “Añadir a pantalla de inicio”.","Via the share icon → “Add to Home Screen”.","i18n-Katalog (src/i18n) — über t() aufgelöst","","done",""
"pwa.title","i18n","Als App zum Startbildschirm hinzufügen","Añadir como aplicación a la pantalla de inicio","Add as an app to the home screen","i18n-Katalog (src/i18n) — über t() aufgelöst","","done",""
"rail.analysis","i18n","Analyse","Análisis","Analysis","i18n-Katalog (src/i18n) — über t() aufgelöst","","done",""
"rail.best","i18n","Bester","Mejor","Best","i18n-Katalog (src/i18n) — über t() aufgelöst","","done",""
"rail.buildings","i18n","Gebäude","Edificios","Buildings","i18n-Katalog (src/i18n) — über t() aufgelöst","","done",""
"rail.critChance","i18n","Crit-Chance","Prob. crítico","Crit chance","i18n-Katalog (src/i18n) — über t() aufgelöst","","done",""
"rail.critChance.ion","i18n","+{pct} Ion.","+{pct} ion.","+{pct} ion.","i18n-Katalog (src/i18n) — über t() aufgelöst","","done",""
"rail.critMult","i18n","Crit-Mult","Mult. crítico","Crit mult","i18n-Katalog (src/i18n) — über t() aufgelöst","","done",""
"rail.crits","i18n","Crits","Críticos","Crits","i18n-Katalog (src/i18n) — über t() aufgelöst","","done",""
"rail.formation","i18n","Formation","Formación","Formation","i18n-Katalog (src/i18n) — über t() aufgelöst","","done",""
"rail.formation.value","i18n","{n} · +{pct} %","{n} · +{pct} %","{n} · +{pct}%","i18n-Katalog (src/i18n) — über t() aufgelöst","","done",""
"rail.jackpot","i18n","Jackpot","Bote","Jackpot","i18n-Katalog (src/i18n) — über t() aufgelöst","","done",""
"rail.losses","i18n","Verl.","Derr.","Loss.","i18n-Katalog (src/i18n) — über t() aufgelöst","","done",""
"rail.mults","i18n","Multiplikatoren","Multiplicadores","Multipliers","i18n-Katalog (src/i18n) — über t() aufgelöst","","done",""
"rail.pct","i18n","+{pct} %","+{pct} %","+{pct}%","i18n-Katalog (src/i18n) — über t() aufgelöst","","done",""
"rail.pct.plain","i18n","{pct} %","{pct} %","{pct}%","i18n-Katalog (src/i18n) — über t() aufgelöst","","done",""
"rail.rate","i18n","Quote","Tasa","Rate","i18n-Katalog (src/i18n) — über t() aufgelöst","","done",""
"rail.scoreSource","i18n","Score-Herkunft","Origen de la puntuación","Score sources","i18n-Katalog (src/i18n) — über t() aufgelöst","","done",""
"rail.scoreTrend","i18n","Score-Verlauf","Historial de puntuación","Score trend","i18n-Katalog (src/i18n) — über t() aufgelöst","","done",""
"rail.trend.first","i18n","erster Lauf","primera partida","first run","i18n-Katalog (src/i18n) — über t() aufgelöst","","done",""
"rail.trend.record","i18n","Rekord","Récord","Record","i18n-Katalog (src/i18n) — über t() aufgelöst","","done",""
"rail.trend.run","i18n","Lauf","Partida","Run","i18n-Katalog (src/i18n) — über t() aufgelöst","","done",""
"rail.tricks","i18n","Stiche","Bazas","Tricks","i18n-Katalog (src/i18n) — über t() aufgelöst","","done",""
"rail.wins","i18n","Siege","Victorias","Wins","i18n-Katalog (src/i18n) — über t() aufgelöst","","done",""
"rarity.tier1.label","i18n","Normal","Común","Common","i18n-Katalog (src/i18n) — über t() aufgelöst","11","done","gemessen (längstes Geschwister, de/en/es/zh-Hans) — Raritäts-Chip"
"rarity.tier2.label","i18n","Selten","Poco común","Uncommon","i18n-Katalog (src/i18n) — über t() aufgelöst","11","done","gemessen (längstes Geschwister, de/en/es/zh-Hans) — Raritäts-Chip"
"rarity.tier3.label","i18n","Sehr selten","Rara","Rare","i18n-Katalog (src/i18n) — über t() aufgelöst","11","done","gemessen (längstes Geschwister, de/en/es/zh-Hans) — Raritäts-Chip"
"rarity.tier4.label","i18n","Episch","Épica","Epic","i18n-Katalog (src/i18n) — über t() aufgelöst","11","done","gemessen (längstes Geschwister, de/en/es/zh-Hans) — Raritäts-Chip"
"roundscore.diff","i18n","{sign}{pct} %","{sign}{pct} %","{sign}{pct}%","i18n-Katalog (src/i18n) — über t() aufgelöst","","done",""
"roundscore.diff.title","i18n","Differenz zur Vorrunde","Diferencia con el ciclo anterior","Difference to the previous cycle","i18n-Katalog (src/i18n) — über t() aufgelöst","","done",""
"roundscore.firstCycle","i18n","erster Durchlauf","primer ciclo","first cycle","i18n-Katalog (src/i18n) — über t() aufgelöst","","done",""
"roundscore.label","i18n","Durchlauf-Score","Puntuación del ciclo","Cycle score","i18n-Katalog (src/i18n) — über t() aufgelöst","","done",""
"roundscore.noPrev.title","i18n","keine Vorrunde zum Vergleich","no hay ciclo anterior con el que comparar","no previous cycle to compare against","i18n-Katalog (src/i18n) — über t() aufgelöst","","done",""
"rundetail.eyebrow","i18n","Rückblick · Lauf","Retrospectiva · partida","Retrospect · Run","i18n-Katalog (src/i18n) — über t() aufgelöst","","done",""
"runloader.loading","i18n","Lade Deck …","Cargando el mazo …","Loading deck …","i18n-Katalog (src/i18n) — über t() aufgelöst","","done",""
"runstats.avgTricks","i18n","Ø Stiche","Ø bazas","Ø tricks","i18n-Katalog (src/i18n) — über t() aufgelöst","","done",""
"runstats.avgTricks.title","i18n","Durchschnittliche Stiche je Durchlauf","Bazas medias por ciclo","Average tricks per cycle","i18n-Katalog (src/i18n) — über t() aufgelöst","","done",""
"runstats.bestGlacier","i18n","Bester Gletscherstich","Mejor baza de glaciar","Best glacier trick","i18n-Katalog (src/i18n) — über t() aufgelöst","","done",""
"runstats.bestGlacier.title","i18n","Höchster Score aus einem Gletscher-Stich (Bruch)","Puntuación más alta de una baza de glaciar (ruptura)","Highest score from a single glacier trick (break)","i18n-Katalog (src/i18n) — über t() aufgelöst","","done",""
"runstats.bestStreak","i18n","Beste Serie","Mejor racha","Best streak","i18n-Katalog (src/i18n) — über t() aufgelöst","","done",""
"runstats.bestStreak.title","i18n","Längste Siegesserie","Racha de victorias más larga","Longest winning streak","i18n-Katalog (src/i18n) — über t() aufgelöst","","done",""
"runstats.bestTrick","i18n","Bester Stich","Mejor baza","Best trick","i18n-Katalog (src/i18n) — über t() aufgelöst","","done",""
"runstats.bestTrick.title","i18n","Höchster Score aus einem Stich","Puntuación más alta de una sola baza","Highest score from a single trick","i18n-Katalog (src/i18n) — über t() aufgelöst","","done",""
"runstats.buildScore","i18n","Geb.-Score","Punt. edif.","Build. score","i18n-Katalog (src/i18n) — über t() aufgelöst","","done",""
"runstats.buildScore.title","i18n","Score-Anteil aus Architekt-Gebäuden","Parte de la puntuación que viene de los edificios del Arquitecto","Score share from architect buildings","i18n-Katalog (src/i18n) — über t() aufgelöst","","done",""
"runstats.critBonus","i18n","Crit-Bonus","Bonificación de crítico","Crit bonus","i18n-Katalog (src/i18n) — über t() aufgelöst","","done",""
"runstats.critBonus.title","i18n","Score-Anteil aus kritischen Treffern","Parte de la puntuación que viene de los golpes críticos","Score share from critical hits","i18n-Katalog (src/i18n) — über t() aufgelöst","","done",""
"runstats.critRate","i18n","Crit-Quote","Tasa de críticos","Crit rate","i18n-Katalog (src/i18n) — über t() aufgelöst","","done",""
"runstats.critRate.title","i18n","Anteil Stiche mit kritischem Treffer","Proporción de bazas con golpe crítico","Share of tricks with a critical hit","i18n-Katalog (src/i18n) — über t() aufgelöst","","done",""
"runstats.cycles","i18n","Durchläufe","Ciclos","Cycles","i18n-Katalog (src/i18n) — über t() aufgelöst","","done",""
"runstats.duration","i18n","Dauer","Duración","Duration","i18n-Katalog (src/i18n) — über t() aufgelöst","","done",""
"runstats.formations","i18n","Formationen","Formaciones","Formations","i18n-Katalog (src/i18n) — über t() aufgelöst","","done",""
"runstats.formations.title","i18n","Maximal gleichzeitig aktive Formationen","Máximo de formaciones activas a la vez","Most formations active at the same time","i18n-Katalog (src/i18n) — über t() aufgelöst","","done",""
"runstats.formScore","i18n","Form.-Score","Punt. form.","Form. score","i18n-Katalog (src/i18n) — über t() aufgelöst","","done",""
"runstats.formScore.title","i18n","Score-Anteil aus Formations-Multiplikatoren","Parte de la puntuación que viene de los multiplicadores de formación","Score share from formation multipliers","i18n-Katalog (src/i18n) — über t() aufgelöst","","done",""
"runstats.hidden","i18n","Perks und Aufstellung bleiben bei fremden Läufen verdeckt: Die sechs Skills zeigen den Stil eines Laufs, nachbauen ließe er sich erst über die Perks.","Las ventajas y el orden final quedan ocultos en las partidas de otros jugadores: las seis habilidades muestran el estilo de una partida, pero reproducirla exigiría las ventajas.","Perks and the final order stay hidden on other players’ runs: the six skills show a run’s style, rebuilding it would take the perks.","i18n-Katalog (src/i18n) — über t() aufgelöst","","done",""
"runstats.perks","i18n","Perks: {n}","Ventajas: {n}","Perks: {n}","i18n-Katalog (src/i18n) — über t() aufgelöst","","done",""
"runstats.showDesc","i18n","Beschreibung anzeigen","Mostrar la descripción","Show description","i18n-Katalog (src/i18n) — über t() aufgelöst","","done",""
"runstats.skills","i18n","Skills","Habilidades","Skills","i18n-Katalog (src/i18n) — über t() aufgelöst","","done",""
"runstats.tree","i18n","Upgrade-Baum","Árbol de mejoras","Upgrade tree","i18n-Katalog (src/i18n) — über t() aufgelöst","","done",""
"runstats.tree.nodes","i18n","{done} / {total} Knoten","{done} / {total} nodos","{done} / {total} nodes","i18n-Katalog (src/i18n) — über t() aufgelöst","","done",""
"runstats.tree.note","i18n","Der Baum wirkt dauerhaft in jedem Lauf außerhalb der Rangliste; zwei Scores lassen sich erst vergleichen, wenn man weiß, wie viel Meta-Fortschritt dahinterstand.","El árbol sigue actuando en todas las partidas fuera de la clasificación; dos puntuaciones solo se pueden comparar cuando se sabe cuánto progreso meta había detrás.","The tree keeps working in every run outside ranked play; two scores only compare once you know how much meta progress was behind them.","i18n-Katalog (src/i18n) — über t() aufgelöst","","done",""
"runstats.winrate","i18n","Winrate","Tasa de victorias","Win rate","i18n-Katalog (src/i18n) — über t() aufgelöst","","done",""
"runstats.winrate.title","i18n","Anteil gewonnener Stiche","Proporción de bazas ganadas","Share of tricks won","i18n-Katalog (src/i18n) — über t() aufgelöst","","done",""
"runstats.wins","i18n","Siege","Victorias","Wins","i18n-Katalog (src/i18n) — über t() aufgelöst","","done",""
"seed.copied","i18n","kopiert","copiada","copied","i18n-Katalog (src/i18n) — über t() aufgelöst","","done",""
"seed.copy","i18n","Seed kopieren","Copiar semilla","Copy seed","i18n-Katalog (src/i18n) — über t() aufgelöst","","done",""
"seed.replay","i18n","Nachspielen","Repetir","Replay","i18n-Katalog (src/i18n) — über t() aufgelöst","","done",""
"seed.replay.title","i18n","Diesen Seed nachspielen","Repetir esta semilla","Replay this seed","i18n-Katalog (src/i18n) — über t() aufgelöst","","done",""
"shop.activate","i18n","Aktivieren","Activar","Activate","i18n-Katalog (src/i18n) — über t() aufgelöst","","done",""
"shop.activeCheck","i18n","Aktiv ✓","Activo ✓","Active ✓","i18n-Katalog (src/i18n) — über t() aufgelöst","","done",""
"shop.activeChip","i18n","AKTIV","ACTIVO","ACTIVE","i18n-Katalog (src/i18n) — über t() aufgelöst","","done",""
"shop.anim.none","i18n","Alle Animationen aus","Todas las animaciones apagadas","All animations off","i18n-Katalog (src/i18n) — über t() aufgelöst","","done",""
"shop.anim.noneActive","i18n","✓ Aktiv: keine Animation","✓ Activo: sin animación","✓ Active: no animation","i18n-Katalog (src/i18n) — über t() aufgelöst","","done",""
"shop.bg.none","i18n","Kein Hintergrund","Sin fondo","No background","i18n-Katalog (src/i18n) — über t() aufgelöst","","done",""
"shop.bg.noneActive","i18n","✓ Aktiv: kein Hintergrund","✓ Activo: sin fondo","✓ Active: no background","i18n-Katalog (src/i18n) — über t() aufgelöst","","done",""
"shop.buy","i18n","Kaufen · {price} DP","Comprar · {price} PM","Buy · {price} DP","i18n-Katalog (src/i18n) — über t() aufgelöst","","done",""
"shop.chooseAnim","i18n","Als Animation wählen","Elegir como animación","Choose as animation","i18n-Katalog (src/i18n) — über t() aufgelöst","","done",""
"shop.chooseBg","i18n","Als Hintergrund wählen","Elegir como fondo","Choose as background","i18n-Katalog (src/i18n) — über t() aufgelöst","","done",""
"shop.chooseFinisher","i18n","Als Finisher wählen","Elegir como remate","Choose as finisher","i18n-Katalog (src/i18n) — über t() aufgelöst","","done",""
"shop.chooseGott","i18n","Als Prunk wählen","Elegir como efecto de gala","Choose as score effect","i18n-Katalog (src/i18n) — über t() aufgelöst","","done",""
"shop.chooseGottStandard","i18n","Als Standard wählen (kein Prunk)","Elegir como predeterminado (sin efecto de gala)","Choose as standard (no effect)","i18n-Katalog (src/i18n) — über t() aufgelöst","","done",""
"shop.color.deck","i18n","Deckfarbe","Color del mazo","Deck colour","i18n-Katalog (src/i18n) — über t() aufgelöst","","done",""
"shop.color.standard","i18n","Standard","Predeterminado","Standard","i18n-Katalog (src/i18n) — über t() aufgelöst","","done",""
"shop.cube.filled","i18n","Gefüllt","Relleno","Filled","i18n-Katalog (src/i18n) — über t() aufgelöst","","done",""
"shop.cube.wire","i18n","◇ Nur Rahmen","◇ Solo el contorno","◇ Outline only","i18n-Katalog (src/i18n) — über t() aufgelöst","","done",""
"shop.dblTap.off","i18n","Doppeltippen: abwählen","Doble toque: quitar la selección","Double-tap: deselect","i18n-Katalog (src/i18n) — über t() aufgelöst","","done",""
"shop.dblTap.on","i18n","Doppeltippen: auswählen","Doble toque: seleccionar","Double-tap: select","i18n-Katalog (src/i18n) — über t() aufgelöst","","done",""
"shop.emptyView","i18n","Nichts in dieser Ansicht.","No hay nada en esta vista.","Nothing in this view.","i18n-Katalog (src/i18n) — über t() aufgelöst","","done",""
"shop.filter.all","i18n","Alle","Todos","All","i18n-Katalog (src/i18n) — über t() aufgelöst","","done",""
"shop.filter.buyable","i18n","Kaufbar","Comprables","Buyable","i18n-Katalog (src/i18n) — über t() aufgelöst","","done",""
"shop.filter.free","i18n","Frei","Gratis","Free","i18n-Katalog (src/i18n) — über t() aufgelöst","","done",""
"shop.filter.locked","i18n","Gesperrt","Bloqueados","Locked","i18n-Katalog (src/i18n) — über t() aufgelöst","","done",""
"shop.filter.owned","i18n","Besitz","En posesión","Owned","i18n-Katalog (src/i18n) — über t() aufgelöst","","done",""
"shop.fx.hint","i18n","Effekte sind global: einmal gekauft, für alle Packs. Kategorie oben wählen, Effekt tippen → er läuft in der Bühne; dort kaufen bzw. wählen / an-aus. Doppeltippen in der Liste schaltet direkt um.","Los efectos son globales: se compran una vez y valen para todos los packs. Elige una categoría arriba y toca un efecto → se reproduce en el escenario; ahí lo compras, lo eliges o lo enciendes y apagas. Un doble toque en la lista lo cambia al instante.","Effects are global: bought once, available for every pack. Pick a category above, tap an effect → it runs on the stage; buy it there, or select / toggle it. Double-tapping in the list toggles it right away.","i18n-Katalog (src/i18n) — über t() aufgelöst","","done",""
"shop.head.challenges","i18n","{n} Herausforderungen · {own} freigeschaltet","{n} desafíos · {own} desbloqueados","{n} challenges · {own} unlocked","i18n-Katalog (src/i18n) — über t() aufgelöst","","done",""
"shop.head.hint","i18n","Karte antippen zeigt Rücken, Front und Spielfeld.","Toca una carta para ver el dorso, el anverso y el campo de batalla.","Tap a card to see back, front and battlefield.","i18n-Katalog (src/i18n) — über t() aufgelöst","","done",""
"shop.head.packs","i18n","{n} Packs · {own} freigeschaltet","{n} packs · {own} desbloqueados","{n} packs · {own} unlocked","i18n-Katalog (src/i18n) — über t() aufgelöst","","done",""
"shop.hint.challenge","i18n","Ein Herausforderungs-Deck wird nicht gekauft, sondern über eine Herausforderung freigeschaltet. Tippe es an → Vorschau + Freischalt-Bedingung; sobald erfüllt, aktivierst du es direkt.","Un mazo de desafío no se compra: se desbloquea superando un desafío. Tócalo → vista previa y condición de desbloqueo; en cuanto la cumplas, lo activas directamente.","A challenge deck is not bought, it is unlocked through a challenge. Tap it → preview + unlock condition; once met you activate it directly.","i18n-Katalog (src/i18n) — über t() aufgelöst","","done",""
"shop.hint.pack","i18n","Ein Pack bündelt Karte (Front + Back) und Battlefield. Tippe ein Pack an → Detail-Ansicht mit Vorschau; Kaufen aktiviert das Pack direkt.","Un pack reúne la carta (anverso y dorso) y un campo de batalla. Toca un pack → vista de detalle con vista previa; al comprarlo se activa directamente.","A pack bundles the card (front + back) and a battlefield. Tap a pack → detail view with a preview; buying activates the pack directly.","i18n-Katalog (src/i18n) — über t() aufgelöst","","done",""
"shop.noBattlefield","i18n","Kein Battlefield","Sin campo de batalla","No battlefield","i18n-Katalog (src/i18n) — über t() aufgelöst","","done",""
"shop.on.tapOff","i18n","✓ An: tippen zum Ausschalten","✓ Encendido: toca para apagarlo","✓ On: tap to switch off","i18n-Katalog (src/i18n) — über t() aufgelöst","","done",""
"shop.packSel.back","i18n","Karte hinten","Dorso de la carta","Card back","i18n-Katalog (src/i18n) — über t() aufgelöst","","done",""
"shop.packSel.bg","i18n","Hintergrund","Fondo","Background","i18n-Katalog (src/i18n) — über t() aufgelöst","","done",""
"shop.packSel.front","i18n","Karte vorne","Anverso de la carta","Card front","i18n-Katalog (src/i18n) — über t() aufgelöst","","done",""
"shop.randomDeck.aria","i18n","Zufalls-Deck je Lauf","Mazo aleatorio por partida","Random deck per run","i18n-Katalog (src/i18n) — über t() aufgelöst","","done",""
"shop.randomDeck.desc","i18n","Jeder Lauf startet mit einem zufälligen deiner Decks; alle aktiven Effekte in Deckfarbe.","Cada partida empieza con uno de tus mazos al azar; todos los efectos activos en el color del mazo.","Every run starts with a random one of your decks; all active effects in that deck's color.","i18n-Katalog (src/i18n) — über t() aufgelöst","","done",""
"shop.randomDeck.title","i18n","Zufalls-Deck je Lauf","Mazo aleatorio por partida","Random deck per run","i18n-Katalog (src/i18n) — über t() aufgelöst","","done",""
"shop.selected","i18n","✓ Ausgewählt","✓ Seleccionado","✓ Selected","i18n-Katalog (src/i18n) — über t() aufgelöst","","done",""
"shop.sort.color","i18n","Farbe","Color","Colour","i18n-Katalog (src/i18n) — über t() aufgelöst","","done",""
"shop.sort.default","i18n","Standard","Predeterminado","Default","i18n-Katalog (src/i18n) — über t() aufgelöst","","done",""
"shop.sort.hint","i18n","Reihenfolge der Kacheln umschalten","Cambiar el orden de las casillas","Switch the order of the tiles","i18n-Katalog (src/i18n) — über t() aufgelöst","","done",""
"shop.sort.price","i18n","Preis","Precio","Price","i18n-Katalog (src/i18n) — über t() aufgelöst","","done",""
"shop.standardFree","i18n","Standard: immer aktiv, kein Kauf nötig","Predeterminado: siempre activo, no hace falta comprarlo","Standard: always active, no purchase needed","i18n-Katalog (src/i18n) — über t() aufgelöst","","done",""
"shop.status.active","i18n","aktiv","activo","active","i18n-Katalog (src/i18n) — über t() aufgelöst","","done",""
"shop.status.owned","i18n","im Besitz","en posesión","owned","i18n-Katalog (src/i18n) — über t() aufgelöst","","done",""
"shop.tab.challenges","i18n","Herausforderungen","Desafíos","Challenges","i18n-Katalog (src/i18n) — über t() aufgelöst","","done",""
"shop.tab.fx","i18n","Effekte","Efectos","Effects","i18n-Katalog (src/i18n) — über t() aufgelöst","","done",""
"shop.tab.packs","i18n","Packs","Packs","Packs","i18n-Katalog (src/i18n) — über t() aufgelöst","","done",""
"shop.tier.activate","i18n","Stufe {roman} aktivieren","Activar el nivel {roman}","Activate tier {roman}","i18n-Katalog (src/i18n) — über t() aufgelöst","","done",""
"shop.tier.active","i18n","Stufe {roman} aktiv ✓","Nivel {roman} activo ✓","Tier {roman} active ✓","i18n-Katalog (src/i18n) — über t() aufgelöst","","done",""
"shop.tile.dblEquip","i18n","Doppelklick rüstet direkt aus","Doble clic para equipar al instante","Double-click to equip right away","i18n-Katalog (src/i18n) — über t() aufgelöst","","done",""
"shop.tile.sub.active","i18n","aktiv","activo","active","i18n-Katalog (src/i18n) — über t() aufgelöst","","done",""
"shop.tile.sub.buyable","i18n","kaufbar","disponible","available","i18n-Katalog (src/i18n) — über t() aufgelöst","","done",""
"shop.tile.sub.details","i18n","tippen → Details","tocar → detalles","tap → details","i18n-Katalog (src/i18n) — über t() aufgelöst","","done",""
"shop.tile.sub.detailsTier","i18n","Stufe {roman} · tippen → Details","Nivel {roman} · tocar → detalles","Tier {roman} · tap → details","i18n-Katalog (src/i18n) — über t() aufgelöst","","done",""
"shop.tile.sub.owned","i18n","freigeschaltet","desbloqueado","unlocked","i18n-Katalog (src/i18n) — über t() aufgelöst","","done",""
"shop.tile.sub.ownedTier","i18n","Stufe {roman} · freigeschaltet","Nivel {roman} · desbloqueado","Tier {roman} · unlocked","i18n-Katalog (src/i18n) — über t() aufgelöst","","done",""
"shop.title","i18n","Deck-Werkstatt","Taller de mazos","Deck workshop","i18n-Katalog (src/i18n) — über t() aufgelöst","","done",""
"shop.tooFewDp","i18n","(zu wenig DP)","(PM insuficientes)","(not enough DP)","i18n-Katalog (src/i18n) — über t() aufgelöst","","done",""
"shop.turnOn","i18n","Einschalten","Encender","Switch on","i18n-Katalog (src/i18n) — über t() aufgelöst","","done",""
"shop.unlock","i18n","🔒 Freischalten: {cond}","🔒 Desbloquear: {cond}","🔒 Unlock: {cond}","i18n-Katalog (src/i18n) — über t() aufgelöst","","done",""
"skill.arch.none","i18n","Skill","Habilidad","Skill","i18n-Katalog (src/i18n) — über t() aufgelöst","","done",""
"skill.badge.consumer","i18n","KONSUMENT","CONSUMIDOR","CONSUMER","i18n-Katalog (src/i18n) — über t() aufgelöst","","done",""
"skill.badge.legendary","i18n","★ LEGENDÄR","★ LEGENDARIA","★ LEGENDARY","i18n-Katalog (src/i18n) — über t() aufgelöst","","done",""
"skill.bonus.hint","i18n","Zusatz-Slot aus deinem letzten Perk. Wähle sofort einen weiteren Skill.","Ranura extra de tu última ventaja. Elige otra habilidad ahora mismo.","Extra slot from your last perk. Pick one more skill right away.","i18n-Katalog (src/i18n) — über t() aufgelöst","","done",""
"skill.cancel","i18n","Abbrechen","Cancelar","Cancel","i18n-Katalog (src/i18n) — über t() aufgelöst","","done",""
"skill.consumer.charge","i18n","Ladungs","carga","charge","i18n-Katalog (src/i18n) — über t() aufgelöst","","done",""
"skill.consumer.heat","i18n","Hitze","calor","heat","i18n-Katalog (src/i18n) — über t() aufgelöst","","done",""
"skill.consumer.post","i18n","ersetzt ihn (höchstens 1 {kind}-Konsument). Deine aktuelle Ressource bleibt erhalten.","lo sustituye (como máximo 1 consumidor de {kind}). Tu recurso actual se conserva.","replaces it (at most 1 {kind} consumer). Your current resource is kept.","i18n-Katalog (src/i18n) — über t() aufgelöst","","done",""
"skill.consumer.pre","i18n","Du hältst bereits den {kind}-Konsumenten","Ya tienes el consumidor de {kind}","You already hold the {kind} consumer","i18n-Katalog (src/i18n) — über t() aufgelöst","","done",""
"skill.decline","i18n","Ablehnen → Perk","Rechazar → ventaja","Decline → perk","i18n-Katalog (src/i18n) — über t() aufgelöst","","done",""
"skill.declinePlain","i18n","Ablehnen","Rechazar","Decline","i18n-Katalog (src/i18n) — über t() aufgelöst","","done",""
"skill.eyebrow","i18n","Skill · Durchlauf {cycle} · {held}/{slots} Slots","Habilidad · ciclo {cycle} · {held}/{slots} ranuras","Skill · cycle {cycle} · {held}/{slots} slots","i18n-Katalog (src/i18n) — über t() aufgelöst","","done",""
"skill.forms.collapse","i18n","Aufstellfeld einklappen","Plegar el tablero de orden","Collapse the order board","i18n-Katalog (src/i18n) — über t() aufgelöst","","done",""
"skill.forms.expand","i18n","Aufstellfeld ausklappen","Desplegar el tablero de orden","Expand the order board","i18n-Katalog (src/i18n) — über t() aufgelöst","","done",""
"skill.forms.head","i18n","Deine aktiven Formationen","Tus formaciones activas","Your active formations","i18n-Katalog (src/i18n) — über t() aufgelöst","","done",""
"skill.forms.iceTitle","i18n","Eis biegt die Erkennung","El hielo dobla la detección","Ice bends the detection","i18n-Katalog (src/i18n) — über t() aufgelöst","","done",""
"skill.guide.aria","i18n","Leitfaden {arch} öffnen","Abrir la guía de {arch}","Open the {arch} guide","i18n-Katalog (src/i18n) — über t() aufgelöst","","done",""
"skill.guide.title","i18n","Leitfaden: {arch}","Guía: {arch}","Guide: {arch}","i18n-Katalog (src/i18n) — über t() aufgelöst","","done",""
"skill.held","i18n","Deine Skills: {held}/{slots} · bereits gehalten","Tus habilidades: {held}/{slots} · ya en tu poder","Your skills: {held}/{slots} · already held","i18n-Katalog (src/i18n) — über t() aufgelöst","","done",""
"skill.heldBadge","i18n","✓ gehalten","✓ en tu poder","✓ held","i18n-Katalog (src/i18n) — über t() aufgelöst","","done",""
"skill.lastOfArch","i18n","⚠ Letzter {arch}-Skill: {loss}.","⚠ Última habilidad de {arch}: {loss}.","⚠ Last {arch} skill: {loss}.","i18n-Katalog (src/i18n) — über t() aufgelöst","","done",""
"skill.lastOfArch.baked","i18n","Bereits aufgewerteter Kartenwert bleibt.","El valor de carta ya ganado se conserva.","Card value already gained is kept.","i18n-Katalog (src/i18n) — über t() aufgelöst","","done",""
"skill.less","i18n","weniger","menos","less","i18n-Katalog (src/i18n) — über t() aufgelöst","","done",""
"skill.loss.fire","i18n","Hitze, Asche und der Schmiede-Zähler gehen verloren","se pierden el calor, la ceniza y el contador de forja","heat, ash and the forging counter are lost","i18n-Katalog (src/i18n) — über t() aufgelöst","","done",""
"skill.loss.ice","i18n","alle Gletscher tauen auf; Masse und Boden-Reserve gehen verloren","todos los glaciares se derriten; se pierden la masa y la reserva del suelo","all glaciers thaw; mass and ground reserve are lost","i18n-Katalog (src/i18n) — über t() aufgelöst","","done",""
"skill.loss.lightning","i18n","die Ladung geht verloren","se pierde la carga","the charge is lost","i18n-Katalog (src/i18n) — über t() aufgelöst","","done",""
"skill.loss.plant","i18n","alle grünen Karten, das Wachstum und die Kolonisierungen gehen verloren","se pierden todas las cartas verdes, el crecimiento y las colonizaciones","all green cards, the growth and the colonizations are lost","i18n-Katalog (src/i18n) — über t() aufgelöst","","done",""
"skill.more","i18n","mehr","más","more","i18n-Katalog (src/i18n) — über t() aufgelöst","","done",""
"skill.nav.next","i18n","nächster Typ","tipo siguiente","next type","i18n-Katalog (src/i18n) — über t() aufgelöst","","done",""
"skill.nav.prev","i18n","vorheriger Typ","tipo anterior","previous type","i18n-Katalog (src/i18n) — über t() aufgelöst","","done",""
"skill.passive.collapse","i18n","{arch}: Passiv einklappen","{arch}: plegar la pasiva","{arch}: collapse passive","i18n-Katalog (src/i18n) — über t() aufgelöst","","done",""
"skill.passive.expand","i18n","{arch}: Passiv ausklappen","{arch}: desplegar la pasiva","{arch}: expand passive","i18n-Katalog (src/i18n) — über t() aufgelöst","","done",""
"skill.passive.fire","i18n","Siege ab {margin} Kampfwert-Vorsprung geben +{heat} % Hitze und +{score} Feuer-Score. Je größer der Vorsprung, desto mehr von beidem. Niederlagen kosten {cool} % Hitze, plus deinen Wert-Rückstand, höchstens {coolMax}. Jeder weitere Feuer-Skill gibt +{perSkill} Feuer-Score je Vorsprungspunkt.","Las victorias desde {margin} de margen de valor de combate dan +{heat} % de calor y +{score} de puntuación de fuego. Cuanto mayor sea el margen, más de ambos. Las derrotas cuestan {cool} % de calor, más tu desventaja de valor, como máximo {coolMax}. Cada habilidad de Fuego adicional da +{perSkill} de puntuación de fuego por punto de margen.","Wins from {margin} combat-value margin give +{heat}% heat and +{score} fire score. The bigger the margin, the more of both. Losses cost {cool}% heat, plus your value deficit, at most {coolMax}. Every further fire skill gives +{perSkill} fire score per point of margin.","i18n-Katalog (src/i18n) — über t() aufgelöst","","done",""
"skill.passive.head","i18n","{arch} · Passiv","{arch} · pasiva","{arch} · passive","i18n-Katalog (src/i18n) — über t() aufgelöst","","done",""
"skill.passive.ice","i18n","Jeder Eis-Skill friert eine deiner Karten als Gletscher fest, auch wenn du bei vollen Skill-Slots tauschst. Sie lässt sich dann in keiner Aufstellung mehr verschieben, sammelt dafür jeden Durchlauf Masse und bricht schließlich über ihre Nachbarn. Ab {declineFrom} gehaltenen Eis-Skills friert sogar das Ablehnen eines Angebots einen Gletscher ein, du kannst also mehr Gletscher haben als Skill-Slots.","Cada habilidad de Hielo congela una de tus cartas como glaciar, también cuando la cambias con las ranuras llenas. Deja de poder moverse en cualquier fase de orden, pero acumula masa en cada ciclo y acaba estallando sobre sus vecinas. A partir de {declineFrom} habilidades de Hielo en tu poder, incluso rechazar una oferta congela un glaciar, así que puedes tener más glaciares que ranuras de habilidad.","Every ice skill freezes one of your cards as a glacier, including a swap when your skill slots are full. It can no longer be moved in any order phase, but gathers mass every cycle and eventually bursts over its neighbours. From {declineFrom} ice skills held, even declining an offer freezes a glacier, so you can hold more glaciers than skill slots.","i18n-Katalog (src/i18n) — über t() aufgelöst","","done",""
"skill.passive.lightning","i18n","Der erste Blitz-Skill gibt +{first} % Crit-Chance, jeder weitere +{each} %. Dazu +{mult}× Crit-Multiplikator je Blitz-Skill.","La primera habilidad de Rayo da +{first} % de probabilidad de crítico, y cada una siguiente +{each} %. Además +{mult}× de multiplicador de crítico por cada habilidad de Rayo.","The first lightning skill gives +{first}% crit chance, every further one +{each}%. On top of that +{mult}× crit multiplier per lightning skill.","i18n-Katalog (src/i18n) — über t() aufgelöst","","done",""
"skill.passive.plant","i18n","Jeder Sieg gibt der Karte bis zu +1 Wachstum, volles Tempo ab {ref} Pflanzen-Skills. Ab {green} Wachstum wird sie grün. Hältst du nur Pflanzen-Skills, gibt je {perValue} Wachstum +1 Kartenwert, bis {cap}; dann ist sie voll ausgewachsen. Ab {minSkills} Pflanzen-Skills wächst sie dabei auch bei jeder {everyLoss}. Niederlage.","Cada victoria da a la carta hasta +1 de crecimiento, a pleno ritmo desde {ref} habilidades de Planta. Desde {green} de crecimiento se pone verde. Si solo tienes habilidades de Planta, cada {perValue} de crecimiento da +1 de valor de carta, hasta {cap}; entonces está completamente desarrollada. Desde {minSkills} habilidades de Planta crece además con cada {everyLoss} derrotas.","Every win gives the card up to +1 growth, at full pace from {ref} plant skills. From {green} growth it turns green. If you hold only plant skills, every {perValue} growth gives +1 card value, up to {cap}; then it is fully grown. From {minSkills} plant skills it then also grows once every {everyLoss} losses.","i18n-Katalog (src/i18n) — über t() aufgelöst","","done",""
"skill.replace","i18n","Ersetzen","Sustituir","Replace","i18n-Katalog (src/i18n) — über t() aufgelöst","","done",""
"skill.replace.new","i18n","Neu:","Nueva:","New:","i18n-Katalog (src/i18n) — über t() aufgelöst","","done",""
"skill.replace.tap","i18n","Tippe den Skill, der weichen soll.","Toca la habilidad que debe salir.","Tap the skill that has to go.","i18n-Katalog (src/i18n) — über t() aufgelöst","","done",""
"skill.replace.this","i18n","↔ diesen ersetzen","↔ sustituir esta","↔ replace this one","i18n-Katalog (src/i18n) — über t() aufgelöst","","done",""
"skill.replace.which","i18n","Welchen Skill ersetzen?","¿Qué habilidad sustituyes?","Which skill do you replace?","i18n-Katalog (src/i18n) — über t() aufgelöst","","done",""
"skill.reroll","i18n","🎲 Neu würfeln · {n}","🎲 Relanzar · {n}","🎲 Reroll · {n}","i18n-Katalog (src/i18n) — über t() aufgelöst","","done",""
"skill.selected","i18n","✓ ausgewählt","✓ seleccionada","✓ selected","i18n-Katalog (src/i18n) — über t() aufgelöst","","done",""
"skill.skipCycle","i18n","Runde überspringen","Saltar la ronda","Skip cycle","i18n-Katalog (src/i18n) — über t() aufgelöst","","done",""
"skill.slotsFull","i18n","Slots voll","Ranuras llenas","Slots full","i18n-Katalog (src/i18n) — über t() aufgelöst","","done",""
"skill.slotsFull.hint","i18n","Alle {slots} Slots belegt. Wähle einen neuen Skill; ein Fenster fragt dann, welchen du ersetzt.","Las {slots} ranuras están ocupadas. Elige una habilidad nueva; una ventana te preguntará a cuál sustituye.","All {slots} slots are taken. Choose a new skill; a dialog then asks which one it replaces.","i18n-Katalog (src/i18n) — über t() aufgelöst","","done",""
"skill.title","i18n","Wähle einen Skill","Elige una habilidad","Choose a skill","i18n-Katalog (src/i18n) — über t() aufgelöst","","done",""
"sparkline.axis.x","i18n","Stiche","Bazas","Tricks","i18n-Katalog (src/i18n) — über t() aufgelöst","","done",""
"sparkline.axis.y","i18n","Score","Puntuación","Score","i18n-Katalog (src/i18n) — über t() aufgelöst","","done",""
"sparkline.empty","i18n","Verlauf erscheint nach den ersten Stichen…","El historial aparece tras las primeras bazas…","The trend appears after the first tricks…","i18n-Katalog (src/i18n) — über t() aufgelöst","","done",""
"start.board.dp","i18n","Deck-Punkte","Puntos de mazo","Deck Points","i18n-Katalog (src/i18n) — über t() aufgelöst","","done",""
"start.board.dp.sub","i18n","Werkstatt-Guthaben","Saldo del taller","Workshop balance","i18n-Katalog (src/i18n) — über t() aufgelöst","","done",""
"start.board.field","i18n","Spielfeld · {name}","Campo de batalla · {name}","Battlefield · {name}","i18n-Katalog (src/i18n) — über t() aufgelöst","","done",""
"start.board.fx","i18n","Effekte · {list}","Efectos · {list}","Effects · {list}","i18n-Katalog (src/i18n) — über t() aufgelöst","","done",""
"start.board.last","i18n","Letzter Lauf","Última partida","Last run","i18n-Katalog (src/i18n) — über t() aufgelöst","","done",""
"start.board.last.none","i18n","—","—","—","i18n-Katalog (src/i18n) — über t() aufgelöst","","done",""
"start.board.last.none.sub","i18n","noch kein Lauf","aún sin partidas","no run yet","i18n-Katalog (src/i18n) — über t() aufgelöst","","done",""
"start.board.last.sub","i18n","Durchlauf {cycle}","Ciclo {cycle}","Cycle {cycle}","i18n-Katalog (src/i18n) — über t() aufgelöst","","done",""
"start.board.sp","i18n","Stichpunkte","Puntos de baza","Trick Points","i18n-Katalog (src/i18n) — über t() aufgelöst","","done",""
"start.board.sp.sub","i18n","{done} / {total} Knoten","{done} / {total} nodos","{done} / {total} nodes","i18n-Katalog (src/i18n) — über t() aufgelöst","","done",""
"start.board.title","i18n","Dein Stand","Tu situación","Your standing","i18n-Katalog (src/i18n) — über t() aufgelöst","","done",""
"start.board.week","i18n","Woche {n}","Semana {n}","Week {n}","i18n-Katalog (src/i18n) — über t() aufgelöst","","done",""
"start.board.week.bonus","i18n","+{sp} SP · +{dp} DP","+{sp} PB · +{dp} PM","+{sp} TP · +{dp} DP","i18n-Katalog (src/i18n) — über t() aufgelöst","","done",""
"start.board.week.bonus.full","i18n","+{dp} DP","+{dp} PM","+{dp} DP","i18n-Katalog (src/i18n) — über t() aufgelöst","","done",""
"start.board.week.done","i18n","Bonus geholt","Bonificación conseguida","Bonus claimed","i18n-Katalog (src/i18n) — über t() aufgelöst","","done",""
"start.board.week.open","i18n","Bonus noch offen","Bonificación pendiente","Bonus still open","i18n-Katalog (src/i18n) — über t() aufgelöst","","done",""
"start.board.week.val","i18n","{have}/{max}","{have}/{max}","{have}/{max}","i18n-Katalog (src/i18n) — über t() aufgelöst","","done",""
"start.discord","i18n","Discord öffnen","Abrir Discord","Open Discord","i18n-Katalog (src/i18n) — über t() aufgelöst","","done",""
"start.feedback","i18n","Feedback","Comentarios","Feedback","i18n-Katalog (src/i18n) — über t() aufgelöst","","done",""
"start.logo.alt","i18n","AUTOSTICH","AUTOBAZA","AUTOTRICK","i18n-Katalog (src/i18n) — über t() aufgelöst","","done",""
"start.name.change","i18n","Name ändern","cambiar el nombre","change name","i18n-Katalog (src/i18n) — über t() aufgelöst","","done",""
"start.name.set","i18n","Namen festlegen für den globalen Highscore","Elegir un nombre para la clasificación global","Set a name for the global high score","i18n-Katalog (src/i18n) — über t() aufgelöst","","done",""
"start.name.signedIn","i18n","Angemeldet als","Sesión iniciada como","Signed in as","i18n-Katalog (src/i18n) — über t() aufgelöst","","done",""
"start.normal","i18n","Lauf beginnen","Empezar una partida","Start run","i18n-Katalog (src/i18n) — über t() aufgelöst","","done",""
"start.onb.ice","i18n","Eis frei","Hielo desbloqueado","Ice unlocked","i18n-Katalog (src/i18n) — über t() aufgelöst","","done",""
"start.onb.legendary","i18n","Legendär ⭐ (Durchlauf 29)","Legendaria ⭐ (ciclo 29)","Legendary ⭐ (cycle 29)","i18n-Katalog (src/i18n) — über t() aufgelöst","","done",""
"start.onb.plant","i18n","Pflanze frei","Planta desbloqueada","Plant unlocked","i18n-Katalog (src/i18n) — über t() aufgelöst","","done",""
"start.onb.rarity","i18n","Rarität: {tier}","Rareza: {tier}","Rarity: {tier}","i18n-Katalog (src/i18n) — über t() aufgelöst","","done",""
"start.onb.reroll","i18n","Reroll +1","Relanzamiento +1","Reroll +1","i18n-Katalog (src/i18n) — über t() aufgelöst","","done",""
"start.options","i18n","Optionen","Opciones","Options","i18n-Katalog (src/i18n) — über t() aufgelöst","","done",""
"start.progress.bonus","i18n","Bonus-{cur} · nächste +{n}","Bonificación {cur} · +{n}","Bonus {cur} · next +{n}","i18n-Katalog (src/i18n) — über t() aufgelöst","","done",""
"start.progress.links","i18n","{done} / {total}","{done} / {total}","{done} / {total}","i18n-Katalog (src/i18n) — über t() aufgelöst","","done",""
"start.progress.next","i18n","Nächste Freischaltung:","Próximo desbloqueo:","Next unlock:","i18n-Katalog (src/i18n) — über t() aufgelöst","","done",""
"start.progress.onboarding","i18n","Onboarding","Introducción","Onboarding","i18n-Katalog (src/i18n) — über t() aufgelöst","","done",""
"start.progress.runs","i18n","{done} / {total} Läufe","{done} / {total} partidas","{done} / {total} runs","i18n-Katalog (src/i18n) — über t() aufgelöst","","done",""
"start.ranked","i18n","Rangliste","Clasificatoria","Ranked","i18n-Katalog (src/i18n) — über t() aufgelöst","","done",""
"start.ranked.badge","i18n","Woche {n}","Semana {n}","Week {n}","i18n-Katalog (src/i18n) — über t() aufgelöst","","done",""
"start.ranked.badge.aria","i18n","Wochen-Herausforderung, Woche {n}","Desafío semanal, semana {n}","Weekly challenge, week {n}","i18n-Katalog (src/i18n) — über t() aufgelöst","","done",""
"start.ranked.bonus","i18n","Bonus {have}/{max}","Bonificación {have}/{max}","Bonus {have}/{max}","i18n-Katalog (src/i18n) — über t() aufgelöst","","done",""
"start.ranked.locked","i18n","Wochen-Rangliste ansehen. Spielen wird frei, sobald alle Decks freigeschaltet sind und jeder der vier Archetypen einmal in einem bis zum Ende gespielten Lauf dabei war (ein Skill daraus genügt)","Ver la clasificación semanal. Jugar se desbloquea cuando todos los mazos estén desbloqueados y cada uno de los cuatro arquetipos haya estado presente en una partida jugada hasta el final (basta con una habilidad suya)","View the weekly ranking. Playing unlocks once every deck is unlocked and each of the four archetypes has been part of a run you played to the end (one skill from it is enough)","i18n-Katalog (src/i18n) — über t() aufgelöst","","done",""
"start.ranked.open","i18n","Wochen-Rangliste öffnen","Abrir la clasificación semanal","Open the weekly ranking","i18n-Katalog (src/i18n) — über t() aufgelöst","","done",""
"start.resume","i18n","▶ Lauf fortsetzen","▶ Continuar la partida","▶ Resume run","i18n-Katalog (src/i18n) — über t() aufgelöst","","done",""
"start.resume.sub","i18n","Durchlauf {cycle}/{total} · Score {score}","Ciclo {cycle}/{total} · Puntuación {score}","Cycle {cycle}/{total} · Score {score}","i18n-Katalog (src/i18n) — über t() aufgelöst","","done",""
"start.secret.onboarding","i18n","⏭️ Onboarding übersprungen · +10 SP · +50 DP","⏭️ Introducción omitida · +10 PB · +50 PM","⏭️ Onboarding skipped · +10 TP · +50 DP","i18n-Katalog (src/i18n) — über t() aufgelöst","","done",""
"start.secret.reset","i18n","🔄 Profil wird zurückgesetzt …","🔄 Restableciendo el perfil …","🔄 Resetting profile …","i18n-Katalog (src/i18n) — über t() aufgelöst","","done",""
"start.secret.unlock","i18n","🔓 Alles freigeschaltet.","🔓 Todo desbloqueado.","🔓 Everything unlocked.","i18n-Katalog (src/i18n) — über t() aufgelöst","","done",""
"start.seed.aria","i18n","Seed einfügen und spielen","Pegar una semilla y jugar","Paste a seed and play","i18n-Katalog (src/i18n) — über t() aufgelöst","","done",""
"start.seed.error","i18n","Kein gültiger Seed. Prüf den Code und versuch es erneut.","La semilla no es válida. Revisa el código e inténtalo de nuevo.","Not a valid seed. Check the code and try again.","i18n-Katalog (src/i18n) — über t() aufgelöst","","done",""
"start.seed.placeholder","i18n","Seed einfügen","Pegar una semilla","Paste seed","i18n-Katalog (src/i18n) — über t() aufgelöst","","done",""
"start.seed.play","i18n","↻ Spielen","↻ Jugar","↻ Play","i18n-Katalog (src/i18n) — über t() aufgelöst","","done",""
"start.tagline","i18n","Legen. Stechen. Eskalieren.","Ordena. Vence. Escala.","Order. Trick. Escalate.","i18n-Katalog (src/i18n) — über t() aufgelöst","","done",""
"start.tile.leaderboard","i18n","Bestenliste","Clasificación","Leaderboard","i18n-Katalog (src/i18n) — über t() aufgelöst","","done",""
"start.tile.leaderboard.sub","i18n","Globale Highscores","Mejores puntuaciones globales","Global high scores","i18n-Katalog (src/i18n) — über t() aufgelöst","","done",""
"start.tile.lock_one","i18n","🔒 noch {count} Lauf","🔒 falta {count} partida","🔒 {count} more run","i18n-Katalog (src/i18n) — über t() aufgelöst","","done",""
"start.tile.lock_other","i18n","🔒 noch {count} Läufe","🔒 faltan {count} partidas","🔒 {count} more runs","i18n-Katalog (src/i18n) — über t() aufgelöst","","done",""
"start.tile.stats","i18n","Statistiken","Estadísticas","Statistics","i18n-Katalog (src/i18n) — über t() aufgelöst","","done",""
"start.tile.stats.sub","i18n","Läufe & Rekorde","Partidas y récords","Runs & records","i18n-Katalog (src/i18n) — über t() aufgelöst","","done",""
"start.tile.upgrades","i18n","Upgrades","Mejoras","Upgrades","i18n-Katalog (src/i18n) — über t() aufgelöst","","done",""
"start.tile.upgrades.buyable","i18n","{n} kaufbar","{n} disponibles","{n} available","i18n-Katalog (src/i18n) — über t() aufgelöst","","done",""
"start.tile.upgrades.complete","i18n","✓ komplett","✓ completo","✓ complete","i18n-Katalog (src/i18n) — über t() aufgelöst","","done",""
"start.tile.upgrades.locked","i18n","Frei nach Abschluss des Onboardings","Se desbloquea al terminar la introducción","Unlocks when onboarding is complete","i18n-Katalog (src/i18n) — über t() aufgelöst","","done",""
"start.tile.upgrades.sub","i18n","Dauerhafte Verbesserungen","Mejoras permanentes","Permanent improvements","i18n-Katalog (src/i18n) — über t() aufgelöst","","done",""
"start.tile.upgrades.title","i18n","Upgrade-Baum","Árbol de mejoras","Upgrade tree","i18n-Katalog (src/i18n) — über t() aufgelöst","","done",""
"start.tile.workshop","i18n","Deck-Werkstatt","Taller de mazos","Deck workshop","i18n-Katalog (src/i18n) — über t() aufgelöst","","done",""
"start.tile.workshop.locked","i18n","Die Deck-Werkstatt wird nach Abschluss des Onboardings frei","El taller de mazos se desbloquea al terminar la introducción","The deck workshop unlocks when onboarding is complete","i18n-Katalog (src/i18n) — über t() aufgelöst","","done",""
"start.tile.workshop.sub","i18n","Decks, Spielfelder, Effekte","Mazos, campos de batalla, efectos","Decks, battlefields, effects","i18n-Katalog (src/i18n) — über t() aufgelöst","","done",""
"start.tutorial","i18n","Tutorial","Tutorial","Tutorial","i18n-Katalog (src/i18n) — über t() aufgelöst","","done",""
"start.version.title","i18n","Version · Umgebung · Commit","Versión · entorno · commit","Version · environment · commit","i18n-Katalog (src/i18n) — über t() aufgelöst","","done",""
"stats.archUse","i18n","Archetyp-Nutzung","Uso de arquetipos","Archetype usage","i18n-Katalog (src/i18n) — über t() aufgelöst","","done",""
"stats.archUse.right","i18n","{n}× · Ø {avg}","{n}× · Ø {avg}","{n}× · avg {avg}","i18n-Katalog (src/i18n) — über t() aufgelöst","","done",""
"stats.avgScore","i18n","Ø-Score","Puntuación Ø","Avg. score","i18n-Katalog (src/i18n) — über t() aufgelöst","","done",""
"stats.bestArch","i18n","Bester Archetyp","Mejor arquetipo","Best archetype","i18n-Katalog (src/i18n) — über t() aufgelöst","","done",""
"stats.bestArch.detail","i18n","· Ø {avg} über {n} Läufe","· Ø {avg} en {n} partidas","· avg {avg} across {n} runs","i18n-Katalog (src/i18n) — über t() aufgelöst","","done",""
"stats.bestBuild","i18n","Bestes Build","Mejor build","Best build","i18n-Katalog (src/i18n) — über t() aufgelöst","","done",""
"stats.bestBuild.hint","i18n","Rekord-Lauf · Details ansehen ›","Partida de récord · ver detalles ›","Record run · see details ›","i18n-Katalog (src/i18n) — über t() aufgelöst","","done",""
"stats.bestScore","i18n","Bestscore","Mejor puntuación","Best score","i18n-Katalog (src/i18n) — über t() aufgelöst","","done",""
"stats.bestStreak","i18n","Beste Serie","Mejor racha","Best streak","i18n-Katalog (src/i18n) — über t() aufgelöst","","done",""
"stats.coarseOrigin","i18n","Älterer Lauf: grobes Herkunft-Modell (Formation / Crit / Gebäude / Sonstige). Neue Läufe zeigen die feine Fraktions-Aufschlüsselung.","Partida antigua: modelo de origen aproximado (formación / crítico / edificios / otros). Las partidas nuevas muestran el desglose fino por arquetipo.","Older run: coarse origin model (formation / crit / buildings / other). New runs show the fine per-faction breakdown.","i18n-Katalog (src/i18n) — über t() aufgelöst","","done",""
"stats.empty","i18n","Noch keine Läufe. Spiel einen, dann erscheinen hier deine Statistiken.","Aún no hay partidas. Juega una y aquí aparecerán tus estadísticas.","No runs yet. Play one and your statistics appear here.","i18n-Katalog (src/i18n) — über t() aufgelöst","","done",""
"stats.eyebrow","i18n","Rückblick","Retrospectiva","Retrospect","i18n-Katalog (src/i18n) — über t() aufgelöst","","done",""
"stats.games","i18n","Spiele","Partidas","Games","i18n-Katalog (src/i18n) — über t() aufgelöst","","done",""
"stats.lift.value","i18n","+{v} Ø","+{v} Ø","+{v} avg","i18n-Katalog (src/i18n) — über t() aufgelöst","","done",""
"stats.mostPicked","i18n","Am häufigsten","Lo más elegido","Most picked","i18n-Katalog (src/i18n) — über t() aufgelöst","","done",""
"stats.mostPicked.hint","i18n","über deine Historie","en todo tu historial","across your history","i18n-Katalog (src/i18n) — über t() aufgelöst","","done",""
"stats.noPatterns","i18n","Noch keine klaren Muster: deine Wahl variiert (noch) zu stark für belastbare Lift-Aussagen.","Aún no hay patrones claros: tus elecciones varían todavía demasiado para medir impulsos con fiabilidad.","No clear patterns yet: your picks still vary too much for solid lift statements.","i18n-Katalog (src/i18n) — über t() aufgelöst","","done",""
"stats.overview","i18n","Übersicht","Resumen","Overview","i18n-Katalog (src/i18n) — über t() aufgelöst","","done",""
"stats.perkLift","i18n","Größter Perk-Lift","Mayor impulso de ventaja","Biggest perk lift","i18n-Katalog (src/i18n) — über t() aufgelöst","","done",""
"stats.played","i18n","· {n}× gespielt","· jugada {n}×","· played {n}×","i18n-Katalog (src/i18n) — über t() aufgelöst","","done",""
"stats.playtime","i18n","Spielzeit","Tiempo jugado","Playtime","i18n-Katalog (src/i18n) — über t() aufgelöst","","done",""
"stats.record","i18n","Rekord","Récord","Record","i18n-Katalog (src/i18n) — über t() aufgelöst","","done",""
"stats.seed","i18n","Seed {code}","Semilla {code}","Seed {code}","i18n-Katalog (src/i18n) — über t() aufgelöst","","done",""
"stats.showDetails","i18n","Details anzeigen","Mostrar detalles","Show details","i18n-Katalog (src/i18n) — über t() aufgelöst","","done",""
"stats.skillLift","i18n","Größter Skill-Lift","Mayor impulso de habilidad","Biggest skill lift","i18n-Katalog (src/i18n) — über t() aufgelöst","","done",""
"stats.slot.empty","i18n","noch nicht gespielt","aún sin jugar","not played yet","i18n-Katalog (src/i18n) — über t() aufgelöst","","done",""
"stats.sub","i18n","Was du bisher gespielt hast. Eine Zeile anklicken öffnet den vollständigen Lauf.","Lo que has jugado hasta ahora. Al hacer clic en una fila se abre la partida completa.","What you have played so far. Click a row to open the full run.","i18n-Katalog (src/i18n) — über t() aufgelöst","","done",""
"stats.title","i18n","Statistiken","Estadísticas","Statistics","i18n-Katalog (src/i18n) — über t() aufgelöst","","done",""
"stats.tooFew","i18n","Zu wenige Läufe für belastbare Aussagen ({have}/{need}). Spiel noch ein paar Runs.","Muy pocas partidas para sacar conclusiones fiables ({have}/{need}). Juega unas cuantas más.","Too few runs for solid statements ({have}/{need}). Play a few more.","i18n-Katalog (src/i18n) — über t() aufgelöst","","done",""
"stats.topPerks","i18n","Meistgewählte Perks","Ventajas más elegidas","Most picked perks","i18n-Katalog (src/i18n) — über t() aufgelöst","","done",""
"stats.topSkills","i18n","Meistgewählte Skills","Habilidades más elegidas","Most picked skills","i18n-Katalog (src/i18n) — über t() aufgelöst","","done",""
"stats.trend","i18n","Score-Verlauf · letzte {n} Läufe","Historial de puntuación · últimas {n} partidas","Score trend · last {n} runs","i18n-Katalog (src/i18n) — über t() aufgelöst","","done",""
"stats.whatWorks","i18n","Was am besten läuft","Lo que mejor funciona","What works best","i18n-Katalog (src/i18n) — über t() aufgelöst","","done",""
"stats.whatWorks.hint","i18n","ab {n} Läufen","a partir de {n} partidas","from {n} runs on","i18n-Katalog (src/i18n) — über t() aufgelöst","","done",""
"stats.yourRuns","i18n","Deine Läufe","Tus partidas","Your runs","i18n-Katalog (src/i18n) — über t() aufgelöst","","done",""
"stats.yourRuns.hint","i18n","letzte {n}","últimas {n}","last {n}","i18n-Katalog (src/i18n) — über t() aufgelöst","","done",""
"suit.B.name","i18n","Blau","Azul","Blue","i18n-Katalog (src/i18n) — über t() aufgelöst","8","done","gemessen (längstes Geschwister, de/en/es/zh-Hans) — Farbname im Chip"
"suit.G.name","i18n","Grün","Verde","Green","i18n-Katalog (src/i18n) — über t() aufgelöst","8","done","gemessen (längstes Geschwister, de/en/es/zh-Hans) — Farbname im Chip"
"suit.R.name","i18n","Rot","Rojo","Red","i18n-Katalog (src/i18n) — über t() aufgelöst","8","done","gemessen (längstes Geschwister, de/en/es/zh-Hans) — Farbname im Chip"
"suit.Y.name","i18n","Gelb","Amarillo","Yellow","i18n-Katalog (src/i18n) — über t() aufgelöst","8","done","gemessen (längstes Geschwister, de/en/es/zh-Hans) — Farbname im Chip"
"target.eyebrow","i18n","Rolle · {perk}","Rol · {perk}","Role · {perk}","i18n-Katalog (src/i18n) — über t() aufgelöst","","done",""
"target.pickCards_one","i18n","Wähle {count} Karte","Elige {count} carta","Choose {count} card","i18n-Katalog (src/i18n) — über t() aufgelöst","","done",""
"target.pickCards_other","i18n","Wähle {count} Karten","Elige {count} cartas","Choose {count} cards","i18n-Katalog (src/i18n) — über t() aufgelöst","","done",""
"tut.architekt.aufwerten.0","i18n","Stufe | {zollhaus} | {kontor} · I | +{zoll1} | +{kontor1} · II | +{zoll2} | +{kontor2} · III | +{zoll3} | +{kontor3} · IV | +{zoll4} | +{kontor4}","Nivel | {zollhaus} | {kontor} · I | +{zoll1} | +{kontor1} · II | +{zoll2} | +{kontor2} · III | +{zoll3} | +{kontor3} · IV | +{zoll4} | +{kontor4}","Tier | {zollhaus} | {kontor} · I | +{zoll1} | +{kontor1} · II | +{zoll2} | +{kontor2} · III | +{zoll3} | +{kontor3} · IV | +{zoll4} | +{kontor4}","i18n-Katalog (src/i18n) — über t() aufgelöst","","done",""
"tut.architekt.aufwerten.1","i18n","Aufwerten ist die zweite Hauptaktion. Es kostet dieselbe Phase wie ein Neubau, gibt aber keine neue Zelle, sondern hebt ein Gebäude eine Stufe. Legendäre Gebäude haben keine Stufen, und Stufe IV ist das Ende.","Mejorar es la segunda acción principal. Cuesta la misma fase que una construcción nueva, pero no da ninguna celda nueva, sino que sube un edificio un nivel. Los edificios legendarios no tienen niveles, y el nivel IV es el final.","Upgrading is the second main action. It costs the same phase as a new build but gives no new cell, raising a building by one tier instead. Legendary buildings have no tiers, and tier IV is the end.","i18n-Katalog (src/i18n) — über t() aufgelöst","","done",""
"tut.architekt.aufwerten.2","i18n","Ob bauen oder aufwerten: dieselbe Phase, ein Zug. Rechne, was mehr Boost bringt.","Construir o mejorar: la misma fase, un movimiento. Calcula qué da más impulso.","Build or upgrade: same phase, one move. Count which brings more boost.","i18n-Katalog (src/i18n) — über t() aufgelöst","","done",""
"tut.architekt.aufwerten.title","i18n","Aufwerten","Mejorar","Upgrading","i18n-Katalog (src/i18n) — über t() aufgelöst","","done",""
"tut.architekt.hauptaktion.0","i18n","Tipp einen Bauplan an, dann schieb ihn zurecht.","Toca un plano y luego colócalo donde quieras.","Tap a blueprint, then move it into place.","i18n-Katalog (src/i18n) — über t() aufgelöst","","done",""
"tut.architekt.hauptaktion.1","i18n","Gebaut wird sofort beim Antippen. Den Platz suchst du danach, Verschieben und Drehen kosten nichts.","Se construye en cuanto tocas. El sitio lo buscas después, y mover y girar no cuestan nada.","The building appears the moment you tap. You look for the spot after, and moving costs nothing.","i18n-Katalog (src/i18n) — über t() aufgelöst","","done",""
"tut.architekt.hauptaktion.title","i18n","Deine Hauptaktion","Tu acción principal","Your main action","i18n-Katalog (src/i18n) — über t() aufgelöst","","done",""
"tut.architekt.strukturen.0","i18n","Deckst du eine volle Zeile, Spalte oder Diagonale mit Gebäuden ab, schließt du eine Struktur: Jede Position darin bekommt einen Faktor. Die Kategorie ist dabei egal.","Cubre una fila, columna o diagonal completa con edificios y cierras una estructura: cada posición de dentro recibe un factor. La categoría no importa.","Cover a full row, column or diagonal with buildings and you close a structure: every position inside gets a factor. The category does not matter.","i18n-Katalog (src/i18n) — über t() aufgelöst","","done",""
"tut.architekt.strukturen.title","i18n","Strukturen","Estructuras","Structures","i18n-Katalog (src/i18n) — über t() aufgelöst","","done",""
"tut.architekt.sub","i18n","Bauphase, Gebäude, Struktur und Distrikt.","Fase de construcción, edificios, estructura y distrito.","Build phase, buildings, structure and district.","i18n-Katalog (src/i18n) — über t() aufgelöst","","done",""
"tut.architekt.tipps.0","i18n","**Früh schließen zahlt sich aus.** Der Faktor einer Struktur greift ab dem Durchlauf, in dem sie fertig ist, und danach in jedem weiteren. · **Rechne mit dem Platz.** Eine Zeile kostet fünf Zellen, eine Spalte {rows}. Bebauen darfst du zu Beginn {cover} Zellen, über den Upgrade-Baum bis {coverMax}. · **Gleiches zu Gleichem.** Gebäude derselben Kategorie, die sich berühren, geben je Nachbar {districtPct} Prozent mehr Score. Bis zu {districtCap} Nachbarn zählen. · **Diagonalen sind Einzelgänger.** Ihre Zellen berühren sich nie über eine Kante. Struktur ja, Distrikt nein. · **Aufwerten statt bauen.** Beides verbraucht dieselbe Phase. Legendäre Gebäude haben keine Stufen. · **Du musst nicht bauen.** Passt kein Bauplan, kannst du die Phase überspringen. Reicht der Platz nicht, kannst du stehende Gebäude abreißen, um einen Bauplan unterzubringen.","**Cerrar pronto compensa.** El factor de una estructura aplica desde el ciclo en que se termina, y en cada uno después. · **Cuenta con el espacio.** Una fila cuesta cinco casillas, una columna {rows}. Al principio puedes construir en {cover} casillas, hasta {coverMax} con el árbol de mejoras. · **Lo igual junto a lo igual.** Edificios de la misma categoría que se tocan dan {districtPct} por ciento más de puntuación por vecino. Cuentan hasta {districtCap} vecinos. · **Las diagonales van solas.** Sus casillas nunca se tocan por un borde. Estructura sí, distrito no. · **Mejorar en vez de construir.** Ambos gastan la misma fase. Los edificios legendarios no tienen niveles. · **No estás obligado a construir.** Si ningún plano encaja, puedes saltarte la fase. Si no hay sitio, puedes demoler edificios para que quepa un plano.","**Closing early pays off.** A structure's factor applies from the cycle it is finished, and in every one after. · **Count your space.** A row costs five cells, a column {rows}. You may build on {cover} cells at the start, up to {coverMax} via the upgrade tree. · **Like next to like.** Buildings of the same category that touch give {districtPct} percent more score per neighbour. Up to {districtCap} neighbours count. · **Diagonals are loners.** Their cells never touch over an edge. Structure yes, district no. · **Upgrade instead of build.** Both spend the same phase. Legendary buildings have no tiers. · **You don't have to build.** If no blueprint fits, you can skip the phase. If space runs out, you can demolish standing buildings to fit a blueprint.","i18n-Katalog (src/i18n) — über t() aufgelöst","","done",""
"tut.architekt.tipps.1","i18n","Was ein einzelnes Gebäude tut, steht auf seinem Bauplan.","Lo que hace cada edificio está en su plano.","What a single building does is written on its blueprint.","i18n-Katalog (src/i18n) — über t() aufgelöst","","done",""
"tut.architekt.tipps.title","i18n","Tipps für den Anfang","Consejos para empezar","Tips to start with","i18n-Katalog (src/i18n) — über t() aufgelöst","","done",""
"tut.architekt.title","i18n","Der Architekt","El Arquitecto","The architect","i18n-Katalog (src/i18n) — über t() aufgelöst","","done",""
"tut.architekt.wasist.0","i18n","Nach jeder Aufstellung darfst du ein Gebäude auf dein Brett setzen. Das Brett sind deine {cards} Kartenplätze, {rows} Zeilen zu {segment}. Ein Gebäude deckt Zellen ab und verstärkt die Karte, die dort spielt.","Después de cada fase de orden puedes colocar un edificio en tu tablero. El tablero son tus {cards} posiciones de carta, {rows} filas de {segment}. Un edificio cubre celdas y refuerza la carta que juega ahí.","After every order phase you may place a building on your board. The board is your {cards} card positions, {rows} rows of {segment}. A building covers cells and strengthens the card that plays there.","i18n-Katalog (src/i18n) — über t() aufgelöst","","done",""
"tut.architekt.wasist.1","i18n","Tipp einen Teil des Bildschirms an.","Toca una parte de la pantalla.","Tap a part of the screen.","i18n-Katalog (src/i18n) — über t() aufgelöst","","done",""
"tut.architekt.wasist.2","i18n","Gebäude bleiben liegen. Was einmal steht, wirkt in jedem weiteren Durchlauf.","Los edificios se quedan. Lo que está puesto una vez actúa en todos los ciclos siguientes.","Buildings stay put. What stands once acts in every cycle that follows.","i18n-Katalog (src/i18n) — über t() aufgelöst","","done",""
"tut.architekt.wasist.title","i18n","Was der Architekt ist","Qué es el Arquitecto","What the architect is","i18n-Katalog (src/i18n) — über t() aufgelöst","","done",""
"tut.architekt.wohin.0","i18n","Liegen Gebäude derselben Kategorie aneinander, bilden sie einen Distrikt: Jeder Nachbar erhöht den Faktor beider Gebäude.","Cuando edificios de la misma categoría se tocan, forman un distrito: cada vecino sube el factor de ambos edificios.","When buildings of the same category touch, they form a district: every neighbour raises the factor of both buildings.","i18n-Katalog (src/i18n) — über t() aufgelöst","","done",""
"tut.architekt.wohin.1","i18n","Schalte durch die Beispiele und sieh, wie der Faktor je Gebäude wächst.","Pasa por los ejemplos y mira cómo crece el factor por edificio.","Flip through the examples and watch the factor per building grow.","i18n-Katalog (src/i18n) — über t() aufgelöst","","done",""
"tut.architekt.wohin.2","i18n","Für den Distrikt zählt die Kategorie, also die Farbe. Ein Block zahlt mehr als eine Kette.","Para el distrito cuenta la categoría, es decir el color. Un bloque paga más que una cadena.","For the district the category counts, that is the colour. A block pays more than a chain.","i18n-Katalog (src/i18n) — über t() aufgelöst","","done",""
"tut.architekt.wohin.title","i18n","Distrikte","Distritos","Districts","i18n-Katalog (src/i18n) — über t() aufgelöst","","done",""
"tut.aufstellung.brett.0","i18n","Gewinne alle fünf. Du hast {energy} Energie.","Gana las cinco. Tienes {energy} de energía.","Win all five. You have {energy} energy.","i18n-Katalog (src/i18n) — über t() aufgelöst","","done",""
"tut.aufstellung.brett.1","i18n","Rückgängig nimmt den letzten Tausch zurück. Zurücksetzen stellt den Anfang wieder her. Beides kostet keine Energie.","Deshacer quita el último intercambio. Restablecer vuelve al inicio. Ninguno cuesta energía.","Undo takes the last swap back. Reset restores the start. Neither costs energy.","i18n-Katalog (src/i18n) — über t() aufgelöst","","done",""
"tut.aufstellung.brett.title","i18n","Das Brett","El tablero","The board","i18n-Katalog (src/i18n) — über t() aufgelöst","","done",""
"tut.aufstellung.formationen.0","i18n","Tipp eine Formation an und sieh, wie sie entsteht.","Toca una formación y mira cómo surge.","Tap a formation and see how it comes about.","i18n-Katalog (src/i18n) — über t() aufgelöst","","done",""
"tut.aufstellung.formationen.1","i18n","Je länger eine Formation, desto höher ihr Faktor.","Cuanto más larga es una formación, más alto su factor.","The longer a formation, the higher its factor.","i18n-Katalog (src/i18n) — über t() aufgelöst","","done",""
"tut.aufstellung.formationen.title","i18n","Die vier Formationen","Las cuatro formaciones","The four formations","i18n-Katalog (src/i18n) — über t() aufgelöst","","done",""
"tut.aufstellung.karte.0","i18n","Tipp eine Karte an.","Toca una carta.","Tap a card.","i18n-Katalog (src/i18n) — über t() aufgelöst","","done",""
"tut.aufstellung.karte.1","i18n","Eine Wiederholung zahlt schon ab der zweiten Karte. Farbblock, Treppe und Wechsel tragen ihr Kürzel ab der zweiten, zahlen aber erst ab der dritten.","Una repetición ya paga desde la segunda carta. El bloque de palo, la escalera y la alternancia llevan su marca desde la segunda pero solo pagan desde la tercera.","A repetition pays from its second card. Colour block, staircase and alternation carry their mark from the second but only pay from the third.","i18n-Katalog (src/i18n) — über t() aufgelöst","","done",""
"tut.aufstellung.karte.title","i18n","Was auf einer Karte steht","Qué pone en una carta","What a card shows","i18n-Katalog (src/i18n) — über t() aufgelöst","","done",""
"tut.aufstellung.stapeln.0","i18n","Formationen dürfen sich überlappen: Eine Karte kann in mehreren Formationen stecken und zählt dann mehrfach.","Las formaciones pueden solaparse: una carta puede estar en varias formaciones y entonces cuenta varias veces.","Formations may overlap: one card can sit in several formations and then counts several times.","i18n-Katalog (src/i18n) — über t() aufgelöst","","done",""
"tut.aufstellung.stapeln.1","i18n","Gewinnst du den Stich, zählt der Multiplikator. Verlierst du ihn, zählt gar nichts, egal wie hoch er war.","Si ganas la baza, el multiplicador cuenta. Si la pierdes, no cuenta nada, por alto que fuera.","Win the trick and the multiplier counts. Lose it and nothing counts, however high it stood.","i18n-Katalog (src/i18n) — über t() aufgelöst","","done",""
"tut.aufstellung.stapeln.title","i18n","Mehrere Formationen","Varias formaciones","Several formations","i18n-Katalog (src/i18n) — über t() aufgelöst","","done",""
"tut.aufstellung.sub","i18n","Kartenreihenfolge, Energie, Formationen, Segmente.","Orden de las cartas, energía, formaciones, segmentos.","Card order, energy, formations, segments.","i18n-Katalog (src/i18n) — über t() aufgelöst","","done",""
"tut.aufstellung.title","i18n","Aufstellung","Fase de orden","Order phase","i18n-Katalog (src/i18n) — über t() aufgelöst","","done",""
"tut.back","i18n","Zurück","Atrás","Back","i18n-Katalog (src/i18n) — über t() aufgelöst","","done",""
"tut.blitz.karte.0","i18n","Nach {charge} Crits ist deine Ladungsleiste voll: Der Skill {ionSkill} ionisiert dann {ionN} ungespielte Karten.","Tras {charge} críticos tu barra de carga está llena: la habilidad {ionSkill} ioniza entonces {ionN} cartas sin jugar.","After {charge} crits your charge bar is full: the skill {ionSkill} then ionizes {ionN} unplayed cards.","i18n-Katalog (src/i18n) — über t() aufgelöst","","done",""
"tut.blitz.karte.1","i18n","Eine volle Karte nimmt keine Stapel mehr an. Was der Konsument auf sie werfen würde, verpufft, solange du keinen Skill hältst, der etwas daraus macht.","Una carta llena no acepta más marcas. Lo que el consumidor le echaría se pierde, salvo que tengas una habilidad que lo aproveche.","A full card takes no more stacks. What the consumer would throw at it fizzles, unless you hold a skill that makes something of it.","i18n-Katalog (src/i18n) — über t() aufgelöst","","done",""
"tut.blitz.karte.title","i18n","Die Karte","La carta","The card","i18n-Katalog (src/i18n) — über t() aufgelöst","","done",""
"tut.blitz.sub","i18n","Ionisierung, Ladung, kritische Treffer.","Ionización, carga, golpes críticos.","Ionisation, charge, critical hits.","i18n-Katalog (src/i18n) — über t() aufgelöst","","done",""
"tut.blitz.tipps.0","i18n","**Zuerst den Konsumenten.** Blitz hat genau einen: Ionisierung. Ohne ihn füllt sich die Ladung, bleibt voll stehen und nichts passiert. Das Spiel legt ihn dir deshalb garantiert ins Angebot, solange du keinen hältst. · **Ein zweiter ersetzt den ersten.** Ladungs-Konsumenten stapeln nicht. Wählst du einen zweiten, ist der erste weg. · **Jeder weitere Blitz-Skill zahlt.** +{critPerSkill} % Crit-Chance und +{critMultPerSkill}× Crit-Multiplikator, allein fürs Halten. Und ab dem dritten ionisiert der Konsument je Skill eine Karte mehr. · **Erst Ladung, dann Feinheiten.** Skills, die Ladung erzeugen, lassen den Konsumenten öfter feuern. Verstärker wirken erst, wenn er überhaupt läuft. · **Stapel sammeln sich über den ganzen Lauf.** Sie bleiben auf den Karten liegen. Der Konsument feuert erst bei voller Ladung, und bis dahin baut sich die Leiste über mehrere Stiche auf.","**Primero el consumidor.** Rayo tiene exactamente uno: la ionización. Sin él la carga se llena, se queda llena y no pasa nada. Por eso el juego te lo garantiza en la oferta mientras no tengas ninguno. · **Un segundo sustituye al primero.** Los consumidores de carga no se acumulan. Si eliges un segundo, el primero desaparece. · **Cada habilidad de Rayo adicional paga.** +{critPerSkill} % de probabilidad de crítico y +{critMultPerSkill}× de multiplicador, solo por tenerla. Y a partir de la tercera, el consumidor ioniza una carta más por habilidad. · **Primero carga, luego refinamientos.** Las habilidades que generan carga hacen que el consumidor dispare más a menudo. Los amplificadores solo cuentan cuando él funciona. · **Las marcas se acumulan durante toda la partida.** Se quedan en las cartas. El consumidor solo dispara con la carga llena, y hasta entonces la barra se va llenando a lo largo de varias bazas.","**The consumer first.** Lightning has exactly one: Ionisation. Without it the charge fills, stands full and nothing happens. That is why the game guarantees it in your offer while you hold none. · **A second replaces the first.** Charge consumers do not stack. Pick a second and the first is gone. · **Every further lightning skill pays.** +{critPerSkill} % crit chance and +{critMultPerSkill}× crit multiplier just for holding it. And from the third on, the consumer ionises one more card per skill. · **Charge first, refinements later.** Skills that generate charge let the consumer fire more often. Amplifiers only matter once it runs at all. · **Stacks collect over the whole run.** They stay on the cards. The consumer fires only at full charge, and until then the bar builds over several tricks.","i18n-Katalog (src/i18n) — über t() aufgelöst","","done",""
"tut.blitz.tipps.1","i18n","Was einzelne Skills tun, steht im Glossar.","Lo que hace cada habilidad está en el glosario.","What individual skills do is in the glossary.","i18n-Katalog (src/i18n) — über t() aufgelöst","","done",""
"tut.blitz.tipps.title","i18n","Tipps für den Anfang","Consejos para empezar","Tips to start with","i18n-Katalog (src/i18n) — über t() aufgelöst","","done",""
"tut.blitz.title","i18n","Blitz","Rayo","Lightning","i18n-Katalog (src/i18n) — über t() aufgelöst","","done",""
"tut.d.all","i18n","Alle","Todas","All","i18n-Katalog (src/i18n) — über t() aufgelöst","","done",""
"tut.d.blade","i18n","Klinge","Hoja","Blade","i18n-Katalog (src/i18n) — über t() aufgelöst","","done",""
"tut.d.block","i18n","Block","Bloque","Block","i18n-Katalog (src/i18n) — über t() aufgelöst","","done",""
"tut.d.branchDeck","i18n","Decks","Mazos","Decks","i18n-Katalog (src/i18n) — über t() aufgelöst","","done",""
"tut.d.branchGen","i18n","Allgemein","General","General","i18n-Katalog (src/i18n) — über t() aufgelöst","","done",""
"tut.d.brand","i18n","Brandmarken","Marcar a fuego","Brand","i18n-Katalog (src/i18n) — über t() aufgelöst","","done",""
"tut.d.cardValue","i18n","Kartenwert","Valor de carta","Card value","i18n-Katalog (src/i18n) — über t() aufgelöst","","done",""
"tut.d.closed","i18n","Grenzen zu","Límites cerrados","Closed","i18n-Katalog (src/i18n) — über t() aufgelöst","","done",""
"tut.d.deck","i18n","Im Deck","En el mazo","In the deck","i18n-Katalog (src/i18n) — über t() aufgelöst","","done",""
"tut.d.deckWide","i18n","Fürs Deck","Para el mazo","For the deck","i18n-Katalog (src/i18n) — über t() aufgelöst","","done",""
"tut.d.diag","i18n","Diagonale","Diagonal","Diagonal","i18n-Katalog (src/i18n) — über t() aufgelöst","","done",""
"tut.d.distrikt","i18n","Distrikt","Distrito","District","i18n-Katalog (src/i18n) — über t() aufgelöst","","done",""
"tut.d.du","i18n","Du","Tú","You","i18n-Katalog (src/i18n) — über t() aufgelöst","","done",""
"tut.d.energy","i18n","Energie","Energía","Energy","i18n-Katalog (src/i18n) — über t() aufgelöst","","done",""
"tut.d.flaeche","i18n","Fläche","Superficie","Area","i18n-Katalog (src/i18n) — über t() aufgelöst","","done",""
"tut.d.force","i18n","Wucht","Fuerza","Force","i18n-Katalog (src/i18n) — über t() aufgelöst","","done",""
"tut.d.forge","i18n","Schmieden","Forjar","Forge","i18n-Katalog (src/i18n) — über t() aufgelöst","","done",""
"tut.d.gegen","i18n","gegen","contra","vs","i18n-Katalog (src/i18n) — über t() aufgelöst","","done",""
"tut.d.gegner","i18n","Gegner","Rival","Opponent","i18n-Katalog (src/i18n) — über t() aufgelöst","","done",""
"tut.d.heats","i18n","Heizt","Calienta","Heats","i18n-Katalog (src/i18n) — über t() aufgelöst","","done",""
"tut.d.kreuz","i18n","Kreuz","Cruz","Cross","i18n-Katalog (src/i18n) — über t() aufgelöst","","done",""
"tut.d.less","i18n","Weniger","Menos","Less","i18n-Katalog (src/i18n) — über t() aufgelöst","","done",""
"tut.d.linie","i18n","Linie","Línea","Line","i18n-Katalog (src/i18n) — über t() aufgelöst","","done",""
"tut.d.loss","i18n","Verloren","Perdida","Lost","i18n-Katalog (src/i18n) — über t() aufgelöst","","done",""
"tut.d.mixed","i18n","Auch fremd","Con ajenas","Mixed","i18n-Katalog (src/i18n) — über t() aufgelöst","","done",""
"tut.d.more","i18n","Mehr","Más","More","i18n-Katalog (src/i18n) — über t() aufgelöst","","done",""
"tut.d.next","i18n","Nächster Stich","Siguiente baza","Next trick","i18n-Katalog (src/i18n) — über t() aufgelöst","","done",""
"tut.d.no","i18n","nein","no","no","i18n-Katalog (src/i18n) — über t() aufgelöst","","done",""
"tut.d.none","i18n","Keine","Ninguna","None","i18n-Katalog (src/i18n) — über t() aufgelöst","","done",""
"tut.d.play","i18n","Spielen","Jugar","Play","i18n-Katalog (src/i18n) — über t() aufgelöst","","done",""
"tut.d.pureOnly","i18n","Nur Pflanze","Solo planta","Plant only","i18n-Katalog (src/i18n) — über t() aufgelöst","","done",""
"tut.d.reset","i18n","Zurücksetzen","Reiniciar","Reset","i18n-Katalog (src/i18n) — über t() aufgelöst","","done",""
"tut.d.rotate","i18n","Drehen","Girar","Rotate","i18n-Katalog (src/i18n) — über t() aufgelöst","","done",""
"tut.d.scoreUnit","i18n","Score","puntuación","score","i18n-Katalog (src/i18n) — über t() aufgelöst","","done",""
"tut.d.segIII","i18n","{segWork} III","{segWork} III","{segWork} III","i18n-Katalog (src/i18n) — über t() aufgelöst","","done",""
"tut.d.segIV","i18n","{segWork} IV","{segWork} IV","{segWork} IV","i18n-Katalog (src/i18n) — über t() aufgelöst","","done",""
"tut.d.spalte","i18n","Spalte","Columna","Column","i18n-Katalog (src/i18n) — über t() aufgelöst","","done",""
"tut.d.stitchPoints","i18n","Stichpunkte","Puntos de baza","Trick Points","i18n-Katalog (src/i18n) — über t() aufgelöst","","done",""
"tut.d.suit","i18n","Farbe","Palo","Suit","i18n-Katalog (src/i18n) — über t() aufgelöst","","done",""
"tut.d.sum","i18n","Summe","Suma","Sum","i18n-Katalog (src/i18n) — über t() aufgelöst","","done",""
"tut.d.tie","i18n","Gleichstand","Empate","Tie","i18n-Katalog (src/i18n) — über t() aufgelöst","","done",""
"tut.d.trickValue","i18n","Stichwert","Valor de baza","Trick value","i18n-Katalog (src/i18n) — über t() aufgelöst","","done",""
"tut.d.twoThirds","i18n","Zwei Drittel","Dos tercios","Two thirds","i18n-Katalog (src/i18n) — über t() aufgelöst","","done",""
"tut.d.undo","i18n","Rückgängig","Deshacer","Undo","i18n-Katalog (src/i18n) — über t() aufgelöst","","done",""
"tut.d.win","i18n","Gewonnen","Ganada","Won","i18n-Katalog (src/i18n) — über t() aufgelöst","","done",""
"tut.d.yes","i18n","ja","sí","yes","i18n-Katalog (src/i18n) — über t() aufgelöst","","done",""
"tut.d.zeile","i18n","Zeile","Fila","Row","i18n-Katalog (src/i18n) — über t() aufgelöst","","done",""
"tut.danach.baum.0","i18n","Für Stichpunkte kaufst du Knoten. Was einmal gekauft ist, gilt in jedem künftigen Lauf. Zwei Zweige: Allgemein und Decks.","Con Puntos de baza compras nodos. Lo que se compra una vez vale en todas las partidas futuras. Dos ramas: General y Mazos.","You buy nodes with Trick Points. What is bought once applies in every future run. Two branches: general and decks.","i18n-Katalog (src/i18n) — über t() aufgelöst","","done",""
"tut.danach.baum.1","i18n","Schalte zwischen den Zweigen um.","Cambia entre las ramas.","Switch between the branches.","i18n-Katalog (src/i18n) — über t() aufgelöst","","done",""
"tut.danach.baum.2","i18n","Der Baum ist der Grund, warum ein zweiter Lauf anders läuft als der erste. Energie und Baufeld hängen hier, und beide hast du in den früheren Lektionen schon gesehen.","El árbol es la razón por la que una segunda partida transcurre distinta de la primera. La energía y el terreno de obra cuelgan de aquí, y las dos ya las has visto en lecciones anteriores.","The tree is why a second run plays differently from the first. Energy and build space hang here, and you have already seen both in the earlier lessons.","i18n-Katalog (src/i18n) — über t() aufgelöst","","done",""
"tut.danach.baum.title","i18n","Der Upgrade-Baum","El árbol de mejoras","The upgrade tree","i18n-Katalog (src/i18n) — über t() aufgelöst","","done",""
"tut.danach.endscreen.0","i18n","Nach dem letzten Durchlauf ist der Lauf zu Ende. Der Endscreen zeigt, was er gebracht hat und was du dafür bekommst.","Después del último ciclo la partida termina. La pantalla final muestra lo que ha dado y lo que recibes por ello.","After the last cycle the run is over. The end screen shows what it brought in and what you get for it.","i18n-Katalog (src/i18n) — über t() aufgelöst","","done",""
"tut.danach.endscreen.1","i18n","Tipp einen Teil des Bildschirms an.","Toca una parte de la pantalla.","Tap a part of the screen.","i18n-Katalog (src/i18n) — über t() aufgelöst","","done",""
"tut.danach.endscreen.2","i18n","Dein bester Lauf läuft im nächsten als Geist mit. Die Statusleiste zeigt laufend, ob du vor oder hinter ihm liegst.","Tu mejor partida corre en la siguiente como fantasma. La barra de estado muestra en todo momento si vas por delante o por detrás de ella.","Your best run comes along in the next one as a ghost. The status bar shows continuously whether you are ahead of it or behind.","i18n-Katalog (src/i18n) — über t() aufgelöst","","done",""
"tut.danach.endscreen.3","i18n","Von hier kommst du direkt in die Werkstatt, in den Upgrade-Baum oder zur Rangliste.","Desde aquí vas directo al taller, al árbol de mejoras o a la clasificatoria.","From here you go straight to the workshop, the upgrade tree or the ranking.","i18n-Katalog (src/i18n) — über t() aufgelöst","","done",""
"tut.danach.endscreen.title","i18n","Der Endscreen","La pantalla final","The end screen","i18n-Katalog (src/i18n) — über t() aufgelöst","","done",""
"tut.danach.punkte.0","i18n","Jeder abgeschlossene Lauf zahlt einen festen Grundstock von {spPerRun}. Dazu kommen Meilensteine: Marken, die an deinem Score hängen.","Cada partida terminada paga una base fija de {spPerRun}. A eso se suman los hitos: marcas que dependen de tu puntuación.","Every completed run pays a fixed base of {spPerRun}. On top come milestones: marks that hang on your score.","i18n-Katalog (src/i18n) — über t() aufgelöst","","done",""
"tut.danach.punkte.1","i18n","Zieh den Score hoch.","Sube la puntuación.","Drag the score up.","i18n-Katalog (src/i18n) — über t() aufgelöst","","done",""
"tut.danach.punkte.2","i18n","Ein Abbruch zahlt nichts, weder Stichpunkte noch Deck-Punkte. Der Lauf muss bis zum letzten Durchlauf gespielt sein.","Abandonar no paga nada, ni Puntos de baza ni puntos de mazo. La partida tiene que jugarse hasta el último ciclo.","An abandoned run pays nothing, neither Trick Points nor Deck Points. The run has to be played to the last cycle.","i18n-Katalog (src/i18n) — über t() aufgelöst","","done",""
"tut.danach.punkte.3","i18n","Zwei Zugaben gibt es noch: jeder {loyaltyEvery}. abgeschlossene Lauf legt {loyaltySp} Stichpunkte obendrauf, und für deinen allerersten gibt es einmalig {welcomeDp} Deck-Punkte.","Quedan dos añadidos: cada {loyaltyEvery}.ª partida terminada pone {loyaltySp} Puntos de baza encima, y por la primera de todas hay {welcomeDp} puntos de mazo una sola vez.","Two extras remain: every {loyaltyEvery}th completed run adds {loyaltySp} Trick Points, and for your very first there are {welcomeDp} Deck Points, once.","i18n-Katalog (src/i18n) — über t() aufgelöst","","done",""
"tut.danach.punkte.4","i18n","Stichpunkte und Deck-Punkte fallen bei einem normalen Lauf immer gleich hoch aus. Ist der Upgrade-Baum irgendwann ganz gekauft, wandern die Stichpunkte als Deck-Punkte weiter.","Los Puntos de baza y los puntos de mazo siempre salen iguales en una partida normal. Cuando el árbol de mejoras esté comprado del todo, los Puntos de baza siguen como puntos de mazo.","Trick Points and Deck Points always come out equal on a normal run. Once the upgrade tree is fully bought, the Trick Points carry on as Deck Points.","i18n-Katalog (src/i18n) — über t() aufgelöst","","done",""
"tut.danach.punkte.title","i18n","Was ein Lauf einbringt","Lo que da una partida","What a run brings in","i18n-Katalog (src/i18n) — über t() aufgelöst","","done",""
"tut.danach.sub","i18n","Endscreen, Punkte, Upgrade-Baum, Rangliste.","Pantalla final, puntos, árbol de mejoras, clasificatoria.","End screen, points, upgrade tree, ranking.","i18n-Katalog (src/i18n) — über t() aufgelöst","","done",""
"tut.danach.title","i18n","Nach dem Lauf","Después de la partida","After the run","i18n-Katalog (src/i18n) — über t() aufgelöst","","done",""
"tut.eis.feld.0","i18n","Tipp Felder an, um dort Gletscher einzufrieren. Nochmal antippen taut auf.","Toca casillas para congelar glaciares ahí. Tocar otra vez descongela.","Tap cells to freeze glaciers there. Tap again to thaw.","i18n-Katalog (src/i18n) — über t() aufgelöst","","done",""
"tut.eis.feld.1","i18n","Nachbarn und Formationen sind zwei verschiedene Dinge. Jeder angrenzende Gletscher zählt schon für sich, egal wie er liegt. Eine Formation kommt nur zustande, wenn die Form vollständig ist, und legt dann noch einen Faktor obendrauf.","Vecinos y formaciones son dos cosas distintas. Cada glaciar adyacente cuenta por sí solo, esté como esté. Una formación solo se da cuando la forma está completa, y entonces añade otro factor encima.","Neighbours and formations are two different things. Every adjacent glacier counts on its own, however it lies. A formation only happens when the shape is complete, and then puts another factor on top.","i18n-Katalog (src/i18n) — über t() aufgelöst","","done",""
"tut.eis.feld.title","i18n","Das Gletscherfeld","El campo de glaciares","The glacier field","i18n-Katalog (src/i18n) — über t() aufgelöst","","done",""
"tut.eis.karte.0","i18n","Lass die Masse steigen und sieh, wann sie bricht.","Deja subir la masa y mira cuándo rompe.","Let the mass rise and see when it bursts.","i18n-Katalog (src/i18n) — über t() aufgelöst","","done",""
"tut.eis.karte.1","i18n","Der Frost auf der Karte springt an den drei Schwellen, er wächst nicht gleichmäßig. Du siehst also von außen, welche Stufe ein Gletscher erreicht hat.","La escarcha de la carta salta en los tres umbrales, no crece de forma uniforme. Así ves desde fuera qué nivel ha alcanzado un glaciar.","The frost on the card jumps at the three thresholds, it does not grow evenly. So you can tell from outside which tier a glacier has reached.","i18n-Katalog (src/i18n) — über t() aufgelöst","","done",""
"tut.eis.karte.title","i18n","Die Karte","La carta","The card","i18n-Katalog (src/i18n) — über t() aufgelöst","","done",""
"tut.eis.sub","i18n","Masse sammeln, Gletscher brechen.","Acumular masa, romper glaciares.","Gathering mass, breaking glaciers.","i18n-Katalog (src/i18n) — über t() aufgelöst","","done",""
"tut.eis.tipps.0","i18n","**Jeder Eis-Skill friert eine Karte fest.** Auch ein Tausch bei vollen Skill-Slots. Die Karte bleibt danach für den Rest des Laufs auf ihrer Position. · **Masse kommt jeden Durchlauf.** +{iceTick} bedingungslos, +{iceWin} zusätzlich bei einem Sieg des Gletschers. Bei {massBurst} bricht er und fängt wieder von vorn an. · **Unter {massT1} Masse zahlt ein Bruch nichts.** Die Wucht steigt in drei Stufen: ab {massT1} ×{wucht1}, ab {massT2} ×{wucht2}, ab {massT3} ×{wucht3}. · **Nachbarn verstärken den Bruch.** Jeder angrenzende Gletscher gibt +{kaskPct} %, und ein Bruch, der Gletscher trifft, zählt zusätzlich bis zum {kollFakt}-fachen. · **Der Bruch zahlt auch bei einer Niederlage.** Er hängt an der Masse, nicht am Ausgang des Stichs. Gewinnt die Karte ihren Stich, kommen Serie, Perks, Formation und Crit als Multiplikator obendrauf. · **Ab {iceDeclineMin} Eis-Skills friert auch das Ablehnen.** Du kannst dann mehr Gletscher haben als Skill-Slots.","**Cada habilidad de Hielo congela una carta en su sitio.** También un cambio con los huecos de habilidad llenos. La carta se queda en su posición el resto de la partida. · **La masa llega cada ciclo.** +{iceTick} sin condiciones, +{iceWin} extra con una victoria del glaciar. Con {massBurst} rompe y vuelve a empezar. · **Por debajo de {massT1} de masa una rotura no paga nada.** La fuerza sube en tres niveles: desde {massT1} ×{wucht1}, desde {massT2} ×{wucht2}, desde {massT3} ×{wucht3}. · **Los vecinos refuerzan la rotura.** Cada glaciar adyacente da +{kaskPct} %, y una rotura que golpea glaciares cuenta además hasta {kollFakt} veces. · **La rotura paga incluso con derrota.** Depende de la masa, no del resultado de la baza. Si la carta gana su baza, racha, ventajas, formación y crítico se añaden encima como multiplicador. · **Desde {iceDeclineMin} habilidades de Hielo, rechazar también congela.** Entonces puedes tener más glaciares que huecos de habilidad.","**Every ice skill freezes one card in place.** Even a swap at full skill slots. The card then stays on its position for the rest of the run. · **Mass comes every cycle.** +{iceTick} unconditionally, +{iceWin} extra on a win of the glacier. At {massBurst} it bursts and starts over. · **Below {massT1} mass a burst pays nothing.** The force rises in three tiers: from {massT1} ×{wucht1}, from {massT2} ×{wucht2}, from {massT3} ×{wucht3}. · **Neighbours amplify the burst.** Every adjacent glacier gives +{kaskPct} %, and a burst that hits glaciers counts up to {kollFakt}× extra. · **The burst pays even on a loss.** It hangs on the mass, not on the trick's outcome. If the card wins its trick, streak, perks, formation and crit come on top as one multiplier. · **From {iceDeclineMin} ice skills, declining freezes too.** You can then have more glaciers than skill slots.","i18n-Katalog (src/i18n) — über t() aufgelöst","","done",""
"tut.eis.tipps.1","i18n","Was einzelne Skills tun, steht im Glossar.","Lo que hace cada habilidad está en el glosario.","What individual skills do is in the glossary.","i18n-Katalog (src/i18n) — über t() aufgelöst","","done",""
"tut.eis.tipps.title","i18n","Tipps für den Anfang","Consejos para empezar","Tips to start with","i18n-Katalog (src/i18n) — über t() aufgelöst","","done",""
"tut.eis.title","i18n","Eis","Hielo","Ice","i18n-Katalog (src/i18n) — über t() aufgelöst","","done",""
"tut.eyebrow","i18n","Tutorial","Tutorial","Tutorial","i18n-Katalog (src/i18n) — über t() aufgelöst","","done",""
"tut.f.build","i18n","Gebäude","Edificio","Building","i18n-Katalog (src/i18n) — über t() aufgelöst","","done",""
"tut.f.crit","i18n","Crit","Crítico","Crit","i18n-Katalog (src/i18n) — über t() aufgelöst","","done",""
"tut.f.form","i18n","Formation","Formación","Formation","i18n-Katalog (src/i18n) — über t() aufgelöst","","done",""
"tut.f.streak","i18n","Serie","Racha","Streak","i18n-Katalog (src/i18n) — über t() aufgelöst","","done",""
"tut.f.wins","i18n","Siege","Victorias","Wins","i18n-Katalog (src/i18n) — über t() aufgelöst","","done",""
"tut.feuer.feld.0","i18n","Zieh die Hitze hoch und sieh, was sich einschaltet.","Sube el calor y mira qué se enciende.","Pull the heat up and watch what switches on.","i18n-Katalog (src/i18n) — über t() aufgelöst","","done",""
"tut.feuer.feld.1","i18n","Über **{dividendCap} %** gibt die Dividende keinen Punkt mehr dazu. Weiter zu heizen lohnt trotzdem: mit **{gkSkill}** werden alle deine Karten bei {glowT2} % um +{glowV2} stärker und bei {glowT3} % um +{glowV3}. Und ab {conflagAt} % kann **{fbSkill}** die ganze Leiste in einen einzigen Schlag verwandeln.","Por encima del **{dividendCap} %** el dividendo ya no añade nada. Aun así compensa seguir calentando: con **{gkSkill}** todas tus cartas se vuelven +{glowV2} más fuertes al {glowT2} % y +{glowV3} al {glowT3} %. Y a partir del {conflagAt} %, **{fbSkill}** puede convertir toda la barra en un solo golpe.","Above **{dividendCap} %** the dividend adds nothing more. Heating further still pays: with **{gkSkill}** all your cards get +{glowV2} stronger at {glowT2} % and +{glowV3} at {glowT3} %. And from {conflagAt} % on, **{fbSkill}** can turn the whole bar into a single blow.","i18n-Katalog (src/i18n) — über t() aufgelöst","","done",""
"tut.feuer.feld.title","i18n","Die Hitzeleiste","La barra de calor","The heat bar","i18n-Katalog (src/i18n) — über t() aufgelöst","","done",""
"tut.feuer.karte.0","i18n","Aus einer Niederlage einen klaren Sieg machen.","Convertir una derrota en una victoria clara.","Turn a loss into a clear win.","i18n-Katalog (src/i18n) — über t() aufgelöst","","done",""
"tut.feuer.karte.1","i18n","Beide vergrößern deinen Vorsprung, und genau auf den Vorsprung rechnet Feuer.","Las dos cosas amplían tu ventaja, y la ventaja es justo con lo que cuenta Fuego.","Both widen your margin, and the margin is exactly what fire counts on.","i18n-Katalog (src/i18n) — über t() aufgelöst","","done",""
"tut.feuer.karte.title","i18n","Die Karten","Las cartas","The cards","i18n-Katalog (src/i18n) — über t() aufgelöst","","done",""
"tut.feuer.schmiede.0","i18n","So wird aus Asche dauerhafter Wert.","Así la ceniza se vuelve valor permanente.","How ash becomes permanent value.","i18n-Katalog (src/i18n) — über t() aufgelöst","","done",""
"tut.feuer.schmiede.1","i18n","Beide vergrößern deinen Vorsprung. Der geschmiedete Wert bleibt **dauerhaft** im Deck, auch nach einem Skill-Tausch. Brandmale **stapeln nicht**: ein neuer ersetzt den alten.","Las dos cosas amplían tu ventaja. El valor forjado se queda en el mazo **de forma permanente**, incluso tras un cambio de habilidad. Las marcas de fuego **no se acumulan**: una nueva sustituye a la vieja.","Both widen your margin. The forged value stays in the deck **permanently**, even after a skill swap. Brands **do not stack**: a new one replaces the old.","i18n-Katalog (src/i18n) — über t() aufgelöst","","done",""
"tut.feuer.schmiede.title","i18n","Die Schmiede","La forja","The forge","i18n-Katalog (src/i18n) — über t() aufgelöst","","done",""
"tut.feuer.sub","i18n","Vorsprung, Hitze, Asche.","Margen, calor, ceniza.","Margin, heat, ash.","i18n-Katalog (src/i18n) — über t() aufgelöst","","done",""
"tut.feuer.tipps.0","i18n","**Vorsprung zählt, nicht der Sieg allein.** Unter {heatMinMargin} Vorsprung gibt Feuer gar nichts. Bei {heatMinMargin} sind es {fireAtMin} Feuer-Score, bei {glowM3} schon {fireAtM3}. · **Zwei Konsumenten sind erlaubt.** Anders als bei Blitz heben sich Hitze-Konsumenten nicht auf. {fbSkill} ist der Schlag ab {conflagAt} %, {spSkill} der Tropf bei jedem Sieg. Du darfst beide halten. · **Hitze zu halten zahlt schon von allein.** Die Glutdividende gibt bei jedem Feuer-Sieg direkten Score. Sie wird nicht mit Serie, Crit und Formationen multipliziert. Bei {dividendCap} % sind das {divAtCap} je Sieg. · **Über {dividendCap} % heizt du für etwas anderes.** Die Dividende wächst dort nicht mehr. Was höher liegt, macht mit {gkSkill} deine Karten stärker und macht ab {conflagAt} % den {fbSkill} bereit. · **Die Schmiede schreibt sich ins Deck.** Mit dem Skill {schmiedeSkill} werden {forgeCost} Asche zu +{forgeValue} dauerhaftem Wert auf deiner niedrigsten Karte. Der Wert bleibt dort, auch wenn du den Skill später tauschst.","**Cuenta la ventaja, no la victoria sola.** Por debajo de {heatMinMargin} de ventaja, Fuego no da nada. Con {heatMinMargin} son {fireAtMin} de puntuación de fuego, con {glowM3} ya {fireAtM3}. · **Se permiten dos consumidores.** A diferencia de Rayo, los consumidores de calor no se anulan. {fbSkill} es el golpe desde el {conflagAt} %, {spSkill} el goteo en cada victoria. Puedes tener los dos. · **Mantener el calor paga por sí solo.** El dividendo de brasas da puntuación directa en cada victoria de fuego. No se multiplica con racha, crítico ni formaciones. Al {dividendCap} % son {divAtCap} por victoria. · **Por encima del {dividendCap} % calientas para otra cosa.** Ahí el dividendo ya no crece. Lo que queda más arriba hace más fuertes tus cartas con {gkSkill} y arma {fbSkill} desde el {conflagAt} %. · **La forja se escribe en el mazo.** Con la habilidad {schmiedeSkill}, {forgeCost} de ceniza se convierten en +{forgeValue} de valor permanente en tu carta más baja. El valor se queda ahí aunque luego cambies la habilidad.","**Margin counts, not the win alone.** Below {heatMinMargin} margin fire gives nothing at all. At {heatMinMargin} it is {fireAtMin} fire score, at {glowM3} already {fireAtM3}. · **Two consumers are allowed.** Unlike lightning, heat consumers do not cancel each other. {fbSkill} is the blow from {conflagAt} %, {spSkill} the drip on every win. You may hold both. · **Holding heat pays on its own.** The ember dividend gives direct score on every fire win. It is not multiplied by streak, crit or formations. At {dividendCap} % that is {divAtCap} per win. · **Above {dividendCap} % you heat for something else.** The dividend stops growing there. What sits higher makes your cards stronger via {gkSkill} and arms {fbSkill} from {conflagAt} %. · **The forge writes itself into the deck.** With the {schmiedeSkill} skill, {forgeCost} ash becomes +{forgeValue} permanent value on your lowest card. The value stays there even if you swap the skill later.","i18n-Katalog (src/i18n) — über t() aufgelöst","","done",""
"tut.feuer.tipps.1","i18n","Was einzelne Skills tun, steht im Glossar.","Lo que hace cada habilidad está en el glosario.","What individual skills do is in the glossary.","i18n-Katalog (src/i18n) — über t() aufgelöst","","done",""
"tut.feuer.tipps.title","i18n","Tipps für den Anfang","Consejos para empezar","Tips to start with","i18n-Katalog (src/i18n) — über t() aufgelöst","","done",""
"tut.feuer.title","i18n","Feuer","Fuego","Fire","i18n-Katalog (src/i18n) — über t() aufgelöst","","done",""
"tut.fortgeschritten.glut.0","i18n","Es gibt Kombinationen, bei denen ein Teil den anderen größer macht. Zwei davon, und beide folgen derselben Idee. Hier die erste.","Hay combinaciones en las que una parte hace más grande a la otra. Dos de ellas, y ambas siguen la misma idea. Aquí la primera.","There are combinations where one part makes the other bigger. Two of them, and both follow the same idea. Here is the first.","i18n-Katalog (src/i18n) — über t() aufgelöst","","done",""
"tut.fortgeschritten.glut.1","i18n","Die Verdopplung gilt nur für die Glutdividende. Auf den übrigen Score wirkt dieselbe Struktur mit ihrem normalen Faktor.","La duplicación vale solo para el dividendo de brasas. Sobre el resto de la puntuación esa misma estructura actúa con su factor normal.","The doubling applies only to the ember dividend. On the rest of the score the same structure works with its normal factor.","i18n-Katalog (src/i18n) — über t() aufgelöst","","done",""
"tut.fortgeschritten.glut.title","i18n","Glut auf Geometrie","Brasas sobre geometría","Embers on geometry","i18n-Katalog (src/i18n) — über t() aufgelöst","","done",""
"tut.fortgeschritten.klinge.0","i18n","Die zweite Kombination, nach derselben Idee.","La segunda combinación, con la misma idea.","The second combination, following the same idea.","i18n-Katalog (src/i18n) — über t() aufgelöst","","done",""
"tut.fortgeschritten.klinge.1","i18n","Ein Haken gehört dazu: die Glühende Klinge zählt ab der zweiten Stufe nur, wenn dein letzter Sieg {glowM2} Vorsprung hatte, ab der dritten {glowM3}. Eine Niederlage setzt das auf null.","Hay un pero: la hoja incandescente solo cuenta desde su segundo nivel si tu última victoria tuvo {glowM2} de margen, y desde el tercero {glowM3}. Una derrota lo pone a cero.","One catch belongs to it: from its second tier the glowing blade only counts if your last win had a margin of {glowM2}, from the third {glowM3}. A loss resets that to zero.","i18n-Katalog (src/i18n) — über t() aufgelöst","","done",""
"tut.fortgeschritten.klinge.2","i18n","Beide Kombinationen haben dieselbe Form: etwas macht deine Stiche größer, etwas anderes multipliziert genau das.","Las dos combinaciones tienen la misma forma: algo hace tus bazas más grandes, y otra cosa multiplica justo eso.","Both combinations have the same shape: something makes your tricks bigger, something else multiplies exactly that.","i18n-Katalog (src/i18n) — über t() aufgelöst","","done",""
"tut.fortgeschritten.klinge.title","i18n","Glühende Klinge und Blitz","Hoja incandescente y Rayo","Glowing blade and lightning","i18n-Katalog (src/i18n) — über t() aufgelöst","","done",""
"tut.fortgeschritten.laenge.0","i18n","Was eine Formation zahlt, hängt an ihrer Länge. Ab der dritten Karte legt jede weitere etwas drauf, und zwar ohne Deckel.","Lo que paga una formación depende de su longitud. A partir de la tercera carta cada una más añade algo, y sin tope.","What a formation pays hangs on its length. From the third card onwards each further one adds something, and without a cap.","i18n-Katalog (src/i18n) — über t() aufgelöst","","done",""
"tut.fortgeschritten.laenge.1","i18n","Gezeigt ist der Faktor, den die letzte Karte der Formation trägt — gemessen mit der echten Erkennung, nicht gerechnet.","Se muestra el factor que lleva la última carta de la formación — medido con el reconocimiento real, no calculado.","Shown is the factor the last card of the formation carries — measured with the real recognition, not calculated.","i18n-Katalog (src/i18n) — über t() aufgelöst","","done",""
"tut.fortgeschritten.laenge.2","i18n","Die Wiederholung wächst am schnellsten: ab der vierten Karte legt sie {wiedStep} je weiterer drauf, die anderen drei {eskStep}. Dafür ist sie am schwersten zu bauen.","La repetición crece más rápido: a partir de la cuarta carta añade {wiedStep} por cada una más, y las otras tres {eskStep}. A cambio es la más difícil de construir.","Repetition grows fastest: from the fourth card it adds {wiedStep} per further one, the other three {eskStep}. In exchange it is the hardest to build.","i18n-Katalog (src/i18n) — über t() aufgelöst","","done",""
"tut.fortgeschritten.laenge.3","i18n","Zwei Formationen auf derselben Karte multiplizieren sich, und obendrauf kommt ein Bonus. Eine Karte, die in zweien zugleich liegt, ist deshalb weit mehr wert als zwei Karten mit je einer.","Dos formaciones en la misma carta se multiplican, y encima viene un bono. Una carta que está en dos a la vez vale por eso mucho más que dos cartas con una cada una.","Two formations on the same card multiply, and a bonus comes on top. A card lying in two at once is therefore worth far more than two cards with one each.","i18n-Katalog (src/i18n) — über t() aufgelöst","","done",""
"tut.fortgeschritten.laenge.title","i18n","Lange Formationen zahlen mehr","Las formaciones largas pagan más","Long formations pay more","i18n-Katalog (src/i18n) — über t() aufgelöst","","done",""
"tut.fortgeschritten.segmente.0","i18n","Schalte die Grenzen auf.","Abre los límites.","Open the boundaries.","i18n-Katalog (src/i18n) — über t() aufgelöst","","done",""
"tut.fortgeschritten.segmente.1","i18n","Zwei Wege, eine Grenze zu öffnen: der Perk {segWork} und das Gebäude {pillar}. Die offene Grenze ändert keine Karte — sie lässt die Formation nur weiterlaufen.","Dos maneras de abrir un límite: la ventaja {segWork} y el edificio {pillar}. Un límite abierto no cambia ninguna carta — solo deja que la formación siga.","Two ways to open a boundary: the {segWork} perk and the {pillar} building. An open boundary changes no card — it only lets the formation carry on.","i18n-Katalog (src/i18n) — über t() aufgelöst","","done",""
"tut.fortgeschritten.segmente.title","i18n","Segmentgrenzen öffnen","Abrir los límites de segmento","Opening segment boundaries","i18n-Katalog (src/i18n) — über t() aufgelöst","","done",""
"tut.fortgeschritten.sub","i18n","Lange Formationen, offene Grenzen, zwei Builds.","Formaciones largas, límites abiertos, dos construcciones.","Long formations, open boundaries, two builds.","i18n-Katalog (src/i18n) — über t() aufgelöst","","done",""
"tut.fortgeschritten.title","i18n","Fortgeschritten","Avanzado","Advanced","i18n-Katalog (src/i18n) — über t() aufgelöst","","done",""
"tut.g.best.name","i18n","Bestleistungen","Mejores marcas","Best results","i18n-Katalog (src/i18n) — über t() aufgelöst","","done",""
"tut.g.best.text","i18n","Beste Serie, bester Stich und die meisten kritischen Treffer dieses Laufs.","Mejor racha, mejor baza y más golpes críticos de esta partida.","Best streak, best trick and the most critical hits of this run.","i18n-Katalog (src/i18n) — über t() aufgelöst","","done",""
"tut.g.meilen.name","i18n","Die Meilensteine","Los hitos","The milestones","i18n-Katalog (src/i18n) — über t() aufgelöst","","done",""
"tut.g.meilen.text","i18n","Wie viele Marken dein Score erreicht hat und wo die nächste liegt.","Cuántas marcas ha alcanzado tu puntuación y dónde está la siguiente.","How many marks your score reached and where the next one lies.","i18n-Katalog (src/i18n) — über t() aufgelöst","","done",""
"tut.g.punkte.name","i18n","Stichpunkte und Deck-Punkte","Puntos de baza y puntos de mazo","Trick Points and Deck Points","i18n-Katalog (src/i18n) — über t() aufgelöst","","done",""
"tut.g.punkte.text","i18n","Was der Lauf dir für den Upgrade-Baum und für die Werkstatt einbringt.","Lo que la partida te aporta para el árbol de mejoras y para el taller.","What the run brings you for the upgrade tree and for the workshop.","i18n-Katalog (src/i18n) — über t() aufgelöst","","done",""
"tut.g.score.name","i18n","Der Score des Laufs","La puntuación de la partida","The run's score","i18n-Katalog (src/i18n) — über t() aufgelöst","","done",""
"tut.g.score.text","i18n","Ganz oben die Zahl, darunter der Abstand zu deinem Rekord und die Eckdaten des Laufs.","Arriba del todo el número, debajo la distancia a tu récord y los datos clave de la partida.","The number at the top, below it the distance to your record and the run's key figures.","i18n-Katalog (src/i18n) — über t() aufgelöst","","done",""
"tut.grundlagen.herkunft.0","i18n","Tipp eine Zeile an.","Toca una línea.","Tap a line.","i18n-Katalog (src/i18n) — über t() aufgelöst","","done",""
"tut.grundlagen.herkunft.1","i18n","Jede Zeile kommt aus einer anderen Phase. Die Serie aus dem Lauf selbst, die Formation aus der Aufstellung, Crit und Grundpunkte aus Perks und Skills.","Cada línea viene de una fase distinta. La racha de la propia partida, la formación de la fase de orden, el crítico y los puntos base de las ventajas y las habilidades.","Each line comes from a different phase. The streak from the run itself, the formation from the order phase, crit and base points from perks and skills.","i18n-Katalog (src/i18n) — über t() aufgelöst","","done",""
"tut.grundlagen.herkunft.title","i18n","Woher dein Score kommt","De dónde sale tu puntuación","Where your score comes from","i18n-Katalog (src/i18n) — über t() aufgelöst","","done",""
"tut.grundlagen.score.0","i18n","Tipp eine Zeile an und sieh die Rechnung dahinter.","Toca una línea y mira el cálculo que hay detrás.","Tap a line and see the maths behind it.","i18n-Katalog (src/i18n) — über t() aufgelöst","","done",""
"tut.grundlagen.score.1","i18n","Nimm beides. Grundpunkte und Faktoren verstärken sich gegenseitig.","Coge las dos cosas. Los puntos base y los factores se refuerzan entre sí.","Take both. Base points and factors reinforce each other.","i18n-Katalog (src/i18n) — über t() aufgelöst","","done",""
"tut.grundlagen.score.title","i18n","Der Score","La puntuación","The score","i18n-Katalog (src/i18n) — über t() aufgelöst","","done",""
"tut.grundlagen.serie.0","i18n","Ordne um. Gewinne alle fünf.","Reordena. Gana las cinco.","Reorder. Win all five.","i18n-Katalog (src/i18n) — über t() aufgelöst","","done",""
"tut.grundlagen.serie.1","i18n","Eine Niederlage setzt die Serie auf null. Die Reihenfolge entscheidet.","Una derrota pone la racha a cero. El orden decide.","A loss resets the streak to zero. The order decides.","i18n-Katalog (src/i18n) — über t() aufgelöst","","done",""
"tut.grundlagen.serie.title","i18n","Die Serie","La racha","The streak","i18n-Katalog (src/i18n) — über t() aufgelöst","","done",""
"tut.grundlagen.stich.0","i18n","Vier Stiche. Sieh zu.","Cuatro bazas. Mira.","Four tricks. Watch.","i18n-Katalog (src/i18n) — über t() aufgelöst","","done",""
"tut.grundlagen.stich.1","i18n","Gleichstand zahlt nichts. Nur ein Sieg zahlt.","Un empate no paga nada. Solo paga una victoria.","A tie pays nothing. Only a win pays.","i18n-Katalog (src/i18n) — über t() aufgelöst","","done",""
"tut.grundlagen.stich.title","i18n","Der Stich","La baza","The trick","i18n-Katalog (src/i18n) — über t() aufgelöst","","done",""
"tut.grundlagen.sub","i18n","Was Autostich ist, wie ein Stich läuft, woher dein Score kommt.","Qué es Autobaza, cómo transcurre una baza, de dónde sale tu puntuación.","What Autotrick is, how a trick plays, where your score comes from.","i18n-Katalog (src/i18n) — über t() aufgelöst","","done",""
"tut.grundlagen.title","i18n","Grundlagen","Fundamentos","Basics","i18n-Katalog (src/i18n) — über t() aufgelöst","","done",""
"tut.grundlagen.werte.0","i18n","Gewinne diesen Stich.","Gana esta baza.","Win this trick.","i18n-Katalog (src/i18n) — über t() aufgelöst","","done",""
"tut.grundlagen.werte.1","i18n","Perks und Skills geben Stichwert. Der Kartenwert allein entscheidet selten.","Las ventajas y las habilidades dan valor de baza. El valor de carta por sí solo rara vez decide.","Perks and skills give trick value. The card value alone rarely decides.","i18n-Katalog (src/i18n) — über t() aufgelöst","","done",""
"tut.grundlagen.werte.title","i18n","Kartenwert und Stichwert","Valor de carta y valor de baza","Card value and trick value","i18n-Katalog (src/i18n) — über t() aufgelöst","","done",""
"tut.m.duell.name","i18n","Der Stich in der Mitte","La baza del centro","The trick in the middle","i18n-Katalog (src/i18n) — über t() aufgelöst","","done",""
"tut.m.duell.text","i18n","Deine Karte gegen die des Gegners, beide mit ihrem Kampfwert. Darunter steht, wer gewonnen hat.","Tu carta contra la del rival, ambas con su valor de combate. Debajo, quién ha ganado.","Your card against the opponent card, both with their combat value. Below it who won.","i18n-Katalog (src/i18n) — über t() aufgelöst","","done",""
"tut.m.kopf.name","i18n","Kopfzeile","Cabecera","Header","i18n-Katalog (src/i18n) — über t() aufgelöst","","done",""
"tut.m.kopf.text","i18n","Score, Serie und Durchlauf. Die drei Zahlen, die den Stand des Laufs beschreiben.","Puntuación, racha y ciclo. Los tres números que describen cómo va la partida.","Score, streak and cycle. The three numbers that describe where the run stands.","i18n-Katalog (src/i18n) — über t() aufgelöst","","done",""
"tut.m.mult.name","i18n","Die Multiplikatoren","Los multiplicadores","The multipliers","i18n-Katalog (src/i18n) — über t() aufgelöst","","done",""
"tut.m.mult.text","i18n","Formation, Gebäude, Crit-Chance und Crit-Mult. Was hier steht, wirkt auf jeden Sieg.","Formación, edificios, probabilidad de crítico y multiplicador de crítico. Lo que hay aquí actúa en cada victoria.","Formation, buildings, crit chance and crit multiplier. What stands here applies to every win.","i18n-Katalog (src/i18n) — über t() aufgelöst","","done",""
"tut.m.stat.name","i18n","Siege, Niederlagen, Quote","Victorias, derrotas, tasa","Wins, losses, rate","i18n-Katalog (src/i18n) — über t() aufgelöst","","done",""
"tut.m.stat.text","i18n","Die Bilanz des Laufs. Score-Herkunft darunter öffnet die Aufschlüsselung.","El balance de la partida. Debajo, el origen de la puntuación abre el desglose.","The balance of the run. Score origin below opens the breakdown.","i18n-Katalog (src/i18n) — über t() aufgelöst","","done",""
"tut.next","i18n","Weiter","Siguiente","Next","i18n-Katalog (src/i18n) — über t() aufgelöst","","done",""
"tut.openGlossary","i18n","Glossar öffnen","Abrir el glosario","Open the glossary","i18n-Katalog (src/i18n) — über t() aufgelöst","","done",""
"tut.pflanze.erkennen.0","i18n","Drei Zeichen auf der Karte.","Tres señales en la carta.","Three signs on the card.","i18n-Katalog (src/i18n) — über t() aufgelöst","","done",""
"tut.pflanze.erkennen.1","i18n","Der Ring läuft nur, solange sie wächst und noch nicht reif ist. Verschwindet er, ist sie reif.","El anillo solo corre mientras crece y aún no está madura. Cuando desaparece, está madura.","The ring only runs while it grows and is not yet ripe. When it disappears, it is ripe.","i18n-Katalog (src/i18n) — über t() aufgelöst","","done",""
"tut.pflanze.erkennen.title","i18n","Woran du es erkennst","En qué lo reconoces","How you can tell","i18n-Katalog (src/i18n) — über t() aufgelöst","","done",""
"tut.pflanze.feld.0","i18n","Tipp Karten an, um sie reif zu machen.","Toca cartas para hacerlas madurar.","Tap cards to make them ripe.","i18n-Katalog (src/i18n) — über t() aufgelöst","","done",""
"tut.pflanze.feld.1","i18n","Viele grüne Karten geben dir **mehr Farbblöcke**, aber jeder einzelne bleibt bei ×{greenCap}. Damit ein Stich richtig viel zahlt, muss die Karte auch **wertvoller** geworden sein, und das passiert nur im reinen Pflanzen-Bau.","Muchas cartas verdes te dan **más bloques de palo**, pero cada uno se queda en ×{greenCap}. Para que una baza pague de verdad, la carta también tiene que haberse vuelto **más valiosa**, y eso solo pasa en la construcción pura de Planta.","Many green cards give you **more colour blocks**, but each one stays at ×{greenCap}. For a trick to really pay, the card must also have become **more valuable**, and that only happens in a pure plant build.","i18n-Katalog (src/i18n) — über t() aufgelöst","","done",""
"tut.pflanze.feld.title","i18n","Das grüne Feld","El campo verde","The green field","i18n-Katalog (src/i18n) — über t() aufgelöst","","done",""
"tut.pflanze.karte.0","i18n","Lass sie wachsen und sieh zu.","Déjala crecer y mira.","Let it grow and watch.","i18n-Katalog (src/i18n) — über t() aufgelöst","","done",""
"tut.pflanze.karte.1","i18n","Wachstum geht nie zurück. Eine Karte, die einmal grün ist, bleibt grün, auch wenn sie später Stiche verliert.","El crecimiento nunca retrocede. Una carta que una vez es verde sigue verde, aunque luego pierda bazas.","Growth never goes back. A card that is green once stays green, even if it loses tricks later.","i18n-Katalog (src/i18n) — über t() aufgelöst","","done",""
"tut.pflanze.karte.title","i18n","Die Karte","La carta","The card","i18n-Katalog (src/i18n) — über t() aufgelöst","","done",""
"tut.pflanze.sub","i18n","Wachstum, grüne Karten, das Feld.","Crecimiento, cartas verdes, el campo.","Growth, green cards, the field.","i18n-Katalog (src/i18n) — über t() aufgelöst","","done",""
"tut.pflanze.tipps.0","i18n","**Kartenwert nur im reinen Bau.** Sobald ein fremder Skill dabei ist, wächst die Karte weiter und wird grün, aber ihr Wert steigt nicht mehr. · **Wachstum geht nie zurück.** Eine Karte, die einmal grün ist, bleibt grün. Niederlagen kosten dich Score, aber nie Wachstum. · **Mehr Pflanzen-Skills, schnelleres Wachstum.** Mit einem Pflanzen-Skill wächst eine Karte ein Drittel so schnell wie mit dreien. Ab {plantSkillRef} ist volles Tempo erreicht, mehr beschleunigt nicht weiter. · **Einen Wachstums-Skill zu ersetzen zählt als Trimmung.** Das gibt dauerhaft +{trimPct} % auf Wurzel- und Blüten-Score, bis +{trimCap2} %. Der ersetzte Skill ist damit nicht einfach weg. · **Der grüne Farbblock ist gedeckelt.** Er zahlt ×{greenCap}, egal wie viele grüne Karten nebeneinander liegen. Ab {ueberPct} % grünem Feld steigt er auf ×{greenCapUeber} und der Blüten-Score zählt doppelt.","**Valor de carta solo en la construcción pura.** En cuanto entra una habilidad ajena, la carta sigue creciendo y se vuelve verde, pero su valor deja de subir. · **El crecimiento nunca retrocede.** Una carta que una vez es verde sigue verde. Las derrotas te cuestan puntuación, nunca crecimiento. · **Más habilidades de Planta, crecimiento más rápido.** Con una habilidad de Planta una carta crece un tercio de rápido que con tres. A partir de {plantSkillRef} es velocidad plena; más no acelera. · **Sustituir una habilidad de crecimiento cuenta como poda.** Eso da un +{trimPct} % permanente a la puntuación de raíz y flor, hasta +{trimCap2} %. La habilidad sustituida no se pierde sin más. · **El bloque de palo verde tiene tope.** Paga ×{greenCap}, da igual cuántas cartas verdes haya seguidas. A partir del {ueberPct} % de campo verde sube a ×{greenCapUeber} y la puntuación de flor cuenta doble.","**Card value only in a pure build.** As soon as one outside skill joins, the card keeps growing and turns green, but its value stops rising. · **Growth never goes back.** A card that is green once stays green. Losses cost you score, never growth. · **More plant skills, faster growth.** With one plant skill a card grows a third as fast as with three. From {plantSkillRef} on it is full speed; more does not accelerate further. · **Replacing a growth skill counts as a trim.** That gives a permanent +{trimPct} % on root and bloom score, up to +{trimCap2} %. The replaced skill is not simply gone. · **The green colour block is capped.** It pays ×{greenCap}, no matter how many green cards sit side by side. From {ueberPct} % green field it rises to ×{greenCapUeber} and the bloom score counts double.","i18n-Katalog (src/i18n) — über t() aufgelöst","","done",""
"tut.pflanze.tipps.1","i18n","Was einzelne Skills tun, steht im Glossar.","Lo que hace cada habilidad está en el glosario.","What individual skills do is in the glossary.","i18n-Katalog (src/i18n) — über t() aufgelöst","","done",""
"tut.pflanze.tipps.title","i18n","Tipps für den Anfang","Consejos para empezar","Tips to start with","i18n-Katalog (src/i18n) — über t() aufgelöst","","done",""
"tut.pflanze.title","i18n","Pflanze","Planta","Plant","i18n-Katalog (src/i18n) — über t() aufgelöst","","done",""
"tut.probe.archmock.readout","i18n","Was dort steht","Lo que pone ahí","What it shows","i18n-Katalog (src/i18n) — über t() aufgelöst","","done",""
"tut.probe.archmock.title","i18n","Der Bildschirm der Bauphase","La pantalla de la fase de construcción","The build phase screen","i18n-Katalog (src/i18n) — über t() aufgelöst","","done",""
"tut.probe.aufstellen.none","i18n","keine Formation","ninguna formación","no formation","i18n-Katalog (src/i18n) — über t() aufgelöst","","done",""
"tut.probe.aufstellen.readout","i18n","Formation","Formación","Formation","i18n-Katalog (src/i18n) — über t() aufgelöst","","done",""
"tut.probe.aufstellen.title","i18n","Proberunde · ein Segment","Práctica · un segmento","Play it · one segment","i18n-Katalog (src/i18n) — über t() aufgelöst","","done",""
"tut.probe.bauen.none","i18n","noch nichts gebaut","aún no has construido nada","nothing built yet","i18n-Katalog (src/i18n) — über t() aufgelöst","","done",""
"tut.probe.bauen.readout","i18n","Stufe I gibt","El nivel I da","Tier I gives","i18n-Katalog (src/i18n) — über t() aufgelöst","","done",""
"tut.probe.bauen.title","i18n","Proberunde · dein Angebot","Práctica · tu oferta","Play it · your offer","i18n-Katalog (src/i18n) — über t() aufgelöst","","done",""
"tut.probe.baum.readout","i18n","Zusammen","En total","Together","i18n-Katalog (src/i18n) — über t() aufgelöst","","done",""
"tut.probe.baum.title","i18n","Zwei Zweige","Dos ramas","Two branches","i18n-Katalog (src/i18n) — über t() aufgelöst","","done",""
"tut.probe.blitzkarte.readout","i18n","Auf dieser Karte","En esta carta","On this card","i18n-Katalog (src/i18n) — über t() aufgelöst","","done",""
"tut.probe.blitzkarte.title","i18n","Proberunde · Ionisierung","Práctica · ionización","Play it · ionisation","i18n-Katalog (src/i18n) — über t() aufgelöst","","done",""
"tut.probe.board.none","i18n","kein Boost","sin impulso","no boost","i18n-Katalog (src/i18n) — über t() aufgelöst","","done",""
"tut.probe.board.readout","i18n","Gebäude-Boost","Impulso de edificios","Building boost","i18n-Katalog (src/i18n) — über t() aufgelöst","","done",""
"tut.probe.board.title","i18n","Tutorial · Brettausschnitt","Pruébalo · parte del tablero","Try it · part of the board","i18n-Katalog (src/i18n) — über t() aufgelöst","","done",""
"tut.probe.duell.readout","i18n","Score","Puntuación","Score","i18n-Katalog (src/i18n) — über t() aufgelöst","","done",""
"tut.probe.duell.title","i18n","Proberunde · vier Stiche","Práctica · cuatro bazas","Play it · four tricks","i18n-Katalog (src/i18n) — über t() aufgelöst","","done",""
"tut.probe.feuerkarten.readout","i18n","Vorsprung","Margen","Margin","i18n-Katalog (src/i18n) — über t() aufgelöst","","done",""
"tut.probe.feuerkarten.title","i18n","Proberunde · Schmiede und Brand","Práctica · forja y marca","Play it · forge and brand","i18n-Katalog (src/i18n) — über t() aufgelöst","","done",""
"tut.probe.formation.none","i18n","keine Formation","ninguna formación","no formation","i18n-Katalog (src/i18n) — über t() aufgelöst","","done",""
"tut.probe.formation.readout","i18n","Erkannt","Detectada","Detected","i18n-Katalog (src/i18n) — über t() aufgelöst","","done",""
"tut.probe.formation.title","i18n","Tutorial · ein Segment","Pruébalo · un segmento","Try it · one segment","i18n-Katalog (src/i18n) — über t() aufgelöst","","done",""
"tut.probe.gletscher.readout","i18n","Masse","Masa","Mass","i18n-Katalog (src/i18n) — über t() aufgelöst","","done",""
"tut.probe.gletscher.title","i18n","Proberunde · Masse","Práctica · masa","Play it · mass","i18n-Katalog (src/i18n) — über t() aufgelöst","","done",""
"tut.probe.gletscherfeld.readout","i18n","Gletscher","Glaciares","Glaciers","i18n-Katalog (src/i18n) — über t() aufgelöst","","done",""
"tut.probe.gletscherfeld.title","i18n","Die vier Formen","Las cuatro formas","The four shapes","i18n-Katalog (src/i18n) — über t() aufgelöst","","done",""
"tut.probe.gomock.readout","i18n","Was dort steht","Lo que pone ahí","What it shows","i18n-Katalog (src/i18n) — über t() aufgelöst","","done",""
"tut.probe.gomock.title","i18n","Der Endscreen","La pantalla final","The end screen","i18n-Katalog (src/i18n) — über t() aufgelöst","","done",""
"tut.probe.gruenfeld.readout","i18n","Reif","Maduras","Ripe","i18n-Katalog (src/i18n) — über t() aufgelöst","","done",""
"tut.probe.gruenfeld.title","i18n","Fünfzehn Karten, drei Segmente","Quince cartas, tres segmentos","Fifteen cards, three segments","i18n-Katalog (src/i18n) — über t() aufgelöst","","done",""
"tut.probe.herkunft.readout","i18n","Score","Puntuación","Score","i18n-Katalog (src/i18n) — über t() aufgelöst","","done",""
"tut.probe.herkunft.title","i18n","Die Kette von unten","La cadena desde abajo","The chain from the bottom","i18n-Katalog (src/i18n) — über t() aufgelöst","","done",""
"tut.probe.hitze.readout","i18n","Glutdividende","Dividendo de brasas","Ember dividend","i18n-Katalog (src/i18n) — über t() aufgelöst","","done",""
"tut.probe.hitze.title","i18n","Die Leiste von null bis voll","La barra de cero a lleno","The bar from zero to full","i18n-Katalog (src/i18n) — über t() aufgelöst","","done",""
"tut.probe.kampfwert.readout","i18n","Score","Puntuación","Score","i18n-Katalog (src/i18n) — über t() aufgelöst","","done",""
"tut.probe.kampfwert.title","i18n","Proberunde · der Kampfwert","Práctica · el valor de combate","Play it · the combat value","i18n-Katalog (src/i18n) — über t() aufgelöst","","done",""
"tut.probe.kartenteile.none","i18n","keine Formation","ninguna formación","no formation","i18n-Katalog (src/i18n) — über t() aufgelöst","","done",""
"tut.probe.kartenteile.readout","i18n","Diese Karte","Esta carta","This card","i18n-Katalog (src/i18n) — über t() aufgelöst","","done",""
"tut.probe.kartenteile.title","i18n","Segment · tippen zum Ansehen","Segmento · toca para verla","Segment · tap to inspect","i18n-Katalog (src/i18n) — über t() aufgelöst","","done",""
"tut.probe.kategorien.readout","i18n","Diese Kategorie","Esta categoría","This category","i18n-Katalog (src/i18n) — über t() aufgelöst","","done",""
"tut.probe.kategorien.title","i18n","Sechs Kategorien","Seis categorías","Six categories","i18n-Katalog (src/i18n) — über t() aufgelöst","","done",""
"tut.probe.laenge.readout","i18n","Karten","Cartas","Cards","i18n-Katalog (src/i18n) — über t() aufgelöst","","done",""
"tut.probe.laenge.title","i18n","Länge der Formation","Longitud de la formación","Length of the formation","i18n-Katalog (src/i18n) — über t() aufgelöst","","done",""
"tut.probe.laufmock.readout","i18n","Was dort steht","Lo que pone ahí","What it shows","i18n-Katalog (src/i18n) — über t() aufgelöst","","done",""
"tut.probe.laufmock.title","i18n","Der Bildschirm im Lauf","La pantalla durante la partida","The screen during a run","i18n-Katalog (src/i18n) — über t() aufgelöst","","done",""
"tut.probe.meilenstein.readout","i18n","Meilensteine","Hitos","Milestones","i18n-Katalog (src/i18n) — über t() aufgelöst","","done",""
"tut.probe.meilenstein.title","i18n","Score und Meilensteine","Puntuación e hitos","Score and milestones","i18n-Katalog (src/i18n) — über t() aufgelöst","","done",""
"tut.probe.overlap.none","i18n","keine Formation","ninguna formación","no formation","i18n-Katalog (src/i18n) — über t() aufgelöst","","done",""
"tut.probe.overlap.readout","i18n","Erkannt","Detectada","Detected","i18n-Katalog (src/i18n) — über t() aufgelöst","","done",""
"tut.probe.overlap.title","i18n","Proberunde · übereinander","Práctica · superpuestas","Play it · stacked","i18n-Katalog (src/i18n) — über t() aufgelöst","","done",""
"tut.probe.pflanzkarte.readout","i18n","Wachstum","Crecimiento","Growth","i18n-Katalog (src/i18n) — über t() aufgelöst","","done",""
"tut.probe.pflanzkarte.title","i18n","Proberunde · Wachstum","Práctica · crecimiento","Play it · growth","i18n-Katalog (src/i18n) — über t() aufgelöst","","done",""
"tut.probe.raritaet.readout","i18n","Diese Stufe","Este nivel","This tier","i18n-Katalog (src/i18n) — über t() aufgelöst","","done",""
"tut.probe.raritaet.title","i18n","Vier Stufen und Legendär","Cuatro niveles y legendario","Four tiers and legendary","i18n-Katalog (src/i18n) — über t() aufgelöst","","done",""
"tut.probe.score.readout","i18n","Ein Sieg zahlt","Una victoria paga","A win pays","i18n-Katalog (src/i18n) — über t() aufgelöst","","done",""
"tut.probe.score.title","i18n","Tutorial · die Faktoren","Pruébalo · los factores","Try it · the factors","i18n-Katalog (src/i18n) — über t() aufgelöst","","done",""
"tut.probe.segmente.readout","i18n","Stärkste Karte","Carta más fuerte","Strongest card","i18n-Katalog (src/i18n) — über t() aufgelöst","","done",""
"tut.probe.segmente.title","i18n","Fünfzehn Karten, zwei Grenzen","Quince cartas, dos límites","Fifteen cards, two boundaries","i18n-Katalog (src/i18n) — über t() aufgelöst","","done",""
"tut.probe.serie.readout","i18n","Längste Serie","Racha más larga","Longest streak","i18n-Katalog (src/i18n) — über t() aufgelöst","","done",""
"tut.probe.serie.title","i18n","Proberunde · die Reihenfolge","Práctica · el orden","Play it · the order","i18n-Katalog (src/i18n) — über t() aufgelöst","","done",""
"tut.probe.streak.readout","i18n","Serie","Racha","Streak","i18n-Katalog (src/i18n) — über t() aufgelöst","","done",""
"tut.probe.streak.title","i18n","Tutorial · Serie","Pruébalo · la racha","Try it · the streak","i18n-Katalog (src/i18n) — über t() aufgelöst","","done",""
"tut.probe.struktur.readout","i18n","Markierte Zelle","Celda marcada","Marked cell","i18n-Katalog (src/i18n) — über t() aufgelöst","","done",""
"tut.probe.struktur.title","i18n","Vier Lagen aus echten Gebäuden","Cuatro disposiciones de edificios reales","Four layouts from real buildings","i18n-Katalog (src/i18n) — über t() aufgelöst","","done",""
"tut.progress","i18n","{n} / {total}","{n} / {total}","{n} / {total}","i18n-Katalog (src/i18n) — über t() aufgelöst","","done",""
"tut.r.1","i18n","Kommt am häufigsten und ist der Einstieg einer Familie.","Es la que más aparece y es la entrada a una familia.","Comes up most often and is a family's entry point.","i18n-Katalog (src/i18n) — über t() aufgelöst","","done",""
"tut.r.2","i18n","Ersetzt Stufe I und ist stärker.","Sustituye al nivel I y es más fuerte.","Replaces tier I and is stronger.","i18n-Katalog (src/i18n) — über t() aufgelöst","","done",""
"tut.r.3","i18n","Muss im Upgrade-Baum freigeschaltet werden.","Hay que desbloquearlo en el árbol de mejoras.","Has to be unlocked in the upgrade tree.","i18n-Katalog (src/i18n) — über t() aufgelöst","","done",""
"tut.r.4","i18n","Die höchste Stufe. Danach kommt die Familie nicht mehr.","El nivel más alto. Después la familia ya no vuelve a salir.","The highest tier. After it the family no longer comes up.","i18n-Katalog (src/i18n) — über t() aufgelöst","","done",""
"tut.r.leg","i18n","Ohne Familie und ohne Aufwertung, dafür einzeln stark.","Sin familia y sin mejora, pero fuerte por sí solo.","No family and no upgrade, but strong on its own.","i18n-Katalog (src/i18n) — über t() aufgelöst","","done",""
"tut.run","i18n","Tutorial-Lauf","Partida de tutorial","Tutorial run","i18n-Katalog (src/i18n) — über t() aufgelöst","","done",""
"tut.run.sub","i18n","Startet einen neuen Lauf mit allen Tutorial-Tipps.","Inicia una nueva partida con todos los consejos del tutorial.","Starts a new run with all tutorial tips.","i18n-Katalog (src/i18n) — über t() aufgelöst","","done",""
"tut.seen","i18n","gelesen","leído","read","i18n-Katalog (src/i18n) — über t() aufgelöst","","done",""
"tut.sub","i18n","Jede Runde rechnet mit den echten Spielregeln — probier sie aus.","Cada ronda funciona con las reglas reales del juego — pruébalas.","Every round runs on the real game rules — try them.","i18n-Katalog (src/i18n) — über t() aufgelöst","","done",""
"tut.sz.a.hoeher","i18n","Der höhere Wert gewinnt.","Gana el valor más alto.","The higher value wins.","i18n-Katalog (src/i18n) — über t() aufgelöst","","done",""
"tut.sz.aa.auge","i18n","Architekt · Bauphase · Durchlauf {n}","Arquitecto · fase de obra · ciclo {n}","Architect · build phase · cycle {n}","i18n-Katalog (src/i18n) — über t() aufgelöst","","done",""
"tut.sz.aa.ausLauf","i18n","Aus dem Lauf","De la partida","From the run","i18n-Katalog (src/i18n) — über t() aufgelöst","","done",""
"tut.sz.aa.belegt","i18n","{n} belegt · {pct} %","{n} ocupadas · {pct} %","{n} occupied · {pct} %","i18n-Katalog (src/i18n) — über t() aufgelöst","","done",""
"tut.sz.aa.boost.nm","i18n","Gebäude-Boost","Impulso de edificios","Building boost","i18n-Katalog (src/i18n) — über t() aufgelöst","","done",""
"tut.sz.aa.boost.txt","i18n","Was alle deine Gebäude zusammen an zusätzlichem Score bringen. Das ist die Zahl, die du beim Bauen groß machen willst.","Lo que todos tus edificios juntos añaden de puntuación. Ese es el número que quieres hacer crecer al construir.","What all your buildings together add in score. That is the number you want to grow while building.","i18n-Katalog (src/i18n) — über t() aufgelöst","","done",""
"tut.sz.aa.boostLab","i18n","Gebäude-Boost","Impulso de edificios","Building boost","i18n-Katalog (src/i18n) — über t() aufgelöst","","done",""
"tut.sz.aa.brett.nm","i18n","Das Brett","El tablero","The board","i18n-Katalog (src/i18n) — über t() aufgelöst","","done",""
"tut.sz.aa.brett.txt","i18n","Deine {cards} Kartenplätze als acht Zeilen zu fünf. Eine Zeile ist ein Segment. Hier liegen die Gebäude, hier spielen später deine Karten.","Tus {cards} puestos de carta en ocho filas de cinco. Una fila es un segmento. Aquí están los edificios, aquí jugarán luego tus cartas.","Your {cards} card slots as eight rows of five. One row is one segment. The buildings sit here, and your cards later play here.","i18n-Katalog (src/i18n) — über t() aufgelöst","","done",""
"tut.sz.aa.feld.nm","i18n","Baufeld","Terreno","Build area","i18n-Katalog (src/i18n) — über t() aufgelöst","","done",""
"tut.sz.aa.feld.txt","i18n","Wie viele Zellen noch frei sind. Das Brett hat {cards}, bebauen darfst du zu Beginn {cover}, über den Upgrade-Baum bis {coverMax}. Weil die Fläche knapp ist, wird das Wohin zur Entscheidung.","Cuántas casillas quedan libres. El tablero tiene {cards}, al principio puedes construir en {cover}, hasta {coverMax} con el árbol de mejoras. Como el espacio escasea, el dónde se vuelve una decisión.","How many cells are still free. The board has {cards}, you may build on {cover} at the start, up to {coverMax} via the upgrade tree. Because space is scarce, the where becomes a decision.","i18n-Katalog (src/i18n) — über t() aufgelöst","","done",""
"tut.sz.aa.feldLab","i18n","Baufeld","Terreno","Build area","i18n-Katalog (src/i18n) — über t() aufgelöst","","done",""
"tut.sz.aa.kopf.nm","i18n","Kopfzeile","Cabecera","Header","i18n-Katalog (src/i18n) — über t() aufgelöst","","done",""
"tut.sz.aa.kopf.txt","i18n","Die Bauphase kommt {shops} mal im Lauf, erstmals in Durchlauf {first}. Sie folgt immer direkt auf die Aufstellung: erst stellst du das Brett, dann setzt du das Gebäude drauf.","La fase de obra llega {shops} veces por partida, la primera en el ciclo {first}. Siempre sigue directamente a la fase de orden: primero colocas el tablero, luego pones el edificio.","The build phase comes {shops} times per run, first in cycle {first}. It always follows the order phase directly: first you set the board, then you place the building.","i18n-Katalog (src/i18n) — über t() aufgelöst","","done",""
"tut.sz.aa.neu","i18n","Anderes Brett","Otro tablero","Another board","i18n-Katalog (src/i18n) — über t() aufgelöst","","done",""
"tut.sz.aa.pillBoost","i18n","Boost →0 %","Impulso →0 %","Boost →0 %","i18n-Katalog (src/i18n) — über t() aufgelöst","","done",""
"tut.sz.aa.pillForm","i18n","Formationen","Formaciones","Formations","i18n-Katalog (src/i18n) — über t() aufgelöst","","done",""
"tut.sz.aa.pillKombis","i18n","Kombis","Combos","Combos","i18n-Katalog (src/i18n) — über t() aufgelöst","","done",""
"tut.sz.aa.tap","i18n","Tipp einen Teil des Bildschirms an.","Toca una parte de la pantalla.","Tap a part of the screen.","i18n-Katalog (src/i18n) — über t() aufgelöst","","done",""
"tut.sz.aa.titel","i18n","Der Architekt","El Arquitecto","The Architect","i18n-Katalog (src/i18n) — über t() aufgelöst","","done",""
"tut.sz.ab.aufNm","i18n","Aufgewertet: {nm} {stufe}","Mejorado: {nm} {stufe}","Upgraded: {nm} {stufe}","i18n-Katalog (src/i18n) — über t() aufgelöst","","done",""
"tut.sz.ab.aufTxt","i18n","Sieg +{neu} Score statt +{alt}, auf denselben {felder} Feldern.","Victoria +{neu} de puntuación en vez de +{alt}, en las mismas {felder} casillas.","Win +{neu} score instead of +{alt}, on the same {felder} cells.","i18n-Katalog (src/i18n) — über t() aufgelöst","","done",""
"tut.sz.ab.aufwerten","i18n","Aufwerten","Mejorar","Upgrade","i18n-Katalog (src/i18n) — über t() aufgelöst","","done",""
"tut.sz.ab.aufwertenEff","i18n","ein Gebäude +1 Stufe","un edificio +1 nivel","one building +1 tier","i18n-Katalog (src/i18n) — über t() aufgelöst","","done",""
"tut.sz.ab.ausschnitt","i18n","Ausschnitt deines Bretts","Un recorte de tu tablero","A cutout of your board","i18n-Katalog (src/i18n) — über t() aufgelöst","","done",""
"tut.sz.ab.bauNm","i18n","Gebaut: {nm} {stufe}","Construido: {nm} {stufe}","Built: {nm} {stufe}","i18n-Katalog (src/i18n) — über t() aufgelöst","","done",""
"tut.sz.ab.bauTxt","i18n","{eff}, auf {felder} Feldern.","{eff}, en {felder} casillas.","{eff}, on {felder} cells.","i18n-Katalog (src/i18n) — über t() aufgelöst","","done",""
"tut.sz.ab.drehen","i18n","Drehen","Girar","Rotate","i18n-Katalog (src/i18n) — über t() aufgelöst","","done",""
"tut.sz.ab.hoch","i18n","Hoch","Arriba","Up","i18n-Katalog (src/i18n) — über t() aufgelöst","","done",""
"tut.sz.ab.keinPlatz","i18n","Kein Platz zum Drehen. Schieb das Gebäude erst an eine freiere Stelle.","No hay sitio para girar. Mueve antes el edificio a un lugar más libre.","No room to rotate. Move the building to a freer spot first.","i18n-Katalog (src/i18n) — über t() aufgelöst","","done",""
"tut.sz.ab.leuchtet","i18n","Das gerade gesetzte Gebäude leuchtet. Schieb es hin, wo du es haben willst.","El edificio recién puesto brilla. Llévalo adonde lo quieras.","The building just placed glows. Push it to where you want it.","i18n-Katalog (src/i18n) — über t() aufgelöst","","done",""
"tut.sz.ab.links","i18n","Links","Izquierda","Left","i18n-Katalog (src/i18n) — über t() aufgelöst","","done",""
"tut.sz.ab.moveLabel","i18n","Verschieben und drehen, so oft du willst","Mueve y gira cuantas veces quieras","Move and rotate as often as you like","i18n-Katalog (src/i18n) — über t() aufgelöst","","done",""
"tut.sz.ab.nichtDrehbar","i18n","nicht drehbar","no gira","not rotatable","i18n-Katalog (src/i18n) — über t() aufgelöst","","done",""
"tut.sz.ab.nichtsNm","i18n","Nichts gebaut","Nada construido","Nothing built","i18n-Katalog (src/i18n) — über t() aufgelöst","","done",""
"tut.sz.ab.nichtsTxt","i18n","Wähle einen Bauplan oder wert auf.","Elige un plano o mejora.","Pick a blueprint or upgrade.","i18n-Katalog (src/i18n) — über t() aufgelöst","","done",""
"tut.sz.ab.nochmal","i18n","Nochmal","Otra vez","Again","i18n-Katalog (src/i18n) — über t() aufgelöst","","done",""
"tut.sz.ab.rechts","i18n","Rechts","Derecha","Right","i18n-Katalog (src/i18n) — über t() aufgelöst","","done",""
"tut.sz.ab.runter","i18n","Runter","Abajo","Down","i18n-Katalog (src/i18n) — über t() aufgelöst","","done",""
"tut.sz.ab.wasBaust","i18n","Was baust du diese Phase?","¿Qué construyes esta fase?","What do you build this phase?","i18n-Katalog (src/i18n) — über t() aufgelöst","","done",""
"tut.sz.ab.zuege","i18n","{n} Züge gemacht, und keiner hat etwas gekostet.","{n} movimientos hechos, y ninguno costó nada.","{n} moves made, and none of them cost anything.","i18n-Katalog (src/i18n) — über t() aufgelöst","","done",""
"tut.sz.ab.zug1","i18n","Ein Zug gemacht, und er hat nichts gekostet.","Un movimiento hecho, y no costó nada.","One move made, and it cost nothing.","i18n-Katalog (src/i18n) — über t() aufgelöst","","done",""
"tut.sz.ax.diagBtn","i18n","Diagonale","Diagonal","Diagonal","i18n-Katalog (src/i18n) — über t() aufgelöst","","done",""
"tut.sz.ax.diagMerk","i18n","**Eine Diagonale berührt sich nie über eine Kante.** Sie gibt den zweitgrößten Struktur-Faktor, aber keinen einzigen Distrikt-Nachbarn. Der Laufgang liegt selbst diagonal, das Fries schließt die letzten beiden Zellen.","**Una diagonal nunca se toca por un borde.** Da el segundo factor de estructura más grande, pero ni un solo vecino de distrito. La pasarela ya es diagonal, el friso cierra las dos últimas casillas.","**A diagonal never touches over an edge.** It gives the second-largest structure factor, but not a single district neighbour. The walkway itself lies diagonally, the frieze closes the last two cells.","i18n-Katalog (src/i18n) — über t() aufgelöst","","done",""
"tut.sz.ax.eqBasis","i18n","Basis **{v}**","Base **{v}**","Base **{v}**","i18n-Katalog (src/i18n) — über t() aufgelöst","","done",""
"tut.sz.ax.eqLabel","i18n","Ein gewonnener Stich auf der markierten Zelle","Una baza ganada en la casilla marcada","A won trick on the marked cell","i18n-Katalog (src/i18n) — über t() aufgelöst","","done",""
"tut.sz.ax.eqStep","i18n","× {nm} {f} = **{v}**","× {nm} {f} = **{v}**","× {nm} {f} = **{v}**","i18n-Katalog (src/i18n) — über t() aufgelöst","","done",""
"tut.sz.ax.eqZahlt","i18n","Dieser Stich zahlt **{v}** statt {basis}","Esta baza paga **{v}** en vez de {basis}","This trick pays **{v}** instead of {basis}","i18n-Katalog (src/i18n) — über t() aufgelöst","","done",""
"tut.sz.ax.keinBonus","i18n","Kein Bonus","Sin bono","No bonus","i18n-Katalog (src/i18n) — über t() aufgelöst","","done",""
"tut.sz.ax.keineStruktur","i18n","Keine Struktur","Sin estructura","No structure","i18n-Katalog (src/i18n) — über t() aufgelöst","","done",""
"tut.sz.ax.mitStruktur","i18n","Struktur ×{f}","Estructura ×{f}","Structure ×{f}","i18n-Katalog (src/i18n) — über t() aufgelöst","","done",""
"tut.sz.ax.spalteBtn","i18n","Volle Spalte","Columna completa","Full column","i18n-Katalog (src/i18n) — über t() aufgelöst","","done",""
"tut.sz.ax.spalteMerk","i18n","**Eine volle Spalte geht durch alle acht Segmente.** Sie ist die teuerste Struktur, acht der {cover} Zellen, und dafür die stärkste. Zwei gedrehte Vierer-Gebäude füllen sie genau.","**Una columna completa atraviesa los ocho segmentos.** Es la estructura más cara, ocho de las {cover} casillas, y a cambio la más fuerte. Dos edificios de cuatro casillas girados la llenan justo.","**A full column runs through all eight segments.** It is the most expensive structure, eight of the {cover} cells, and the strongest for it. Two rotated four-cell buildings fill it exactly.","i18n-Katalog (src/i18n) — über t() aufgelöst","","done",""
"tut.sz.ax.zeileBtn","i18n","Volle Zeile","Fila completa","Full row","i18n-Katalog (src/i18n) — über t() aufgelöst","","done",""
"tut.sz.ax.zeileMerk","i18n","**Eine volle Zeile ist ein ganzes Segment.** Sie kostet fünf der {cover} Zellen und ist die günstigste der drei Strukturen. Die beiden Gebäude sind verschiedene Kategorien, deshalb entsteht hier kein Distrikt.","**Una fila completa es un segmento entero.** Cuesta cinco de las {cover} casillas y es la más barata de las tres estructuras. Los dos edificios son de categorías distintas, así que aquí no se forma distrito.","**A full row is a whole segment.** It costs five of the {cover} cells and is the cheapest of the three structures. The two buildings are different categories, so no district forms here.","i18n-Katalog (src/i18n) — über t() aufgelöst","","done",""
"tut.sz.b.badge","i18n","⚔ +{n} Stich","⚔ +{n} baza","⚔ +{n} trick","i18n-Katalog (src/i18n) — über t() aufgelöst","","done",""
"tut.sz.b.eq1","i18n","Kartenwert **{v}**. Steht dauerhaft auf der Karte.","Valor de carta **{v}**. Está en la carta de forma permanente.","Card value **{v}**. Stays on the card permanently.","i18n-Katalog (src/i18n) — über t() aufgelöst","","done",""
"tut.sz.b.eq2","i18n","Stichwert **{v}**. Gilt nur für diesen Stich.","Valor de baza **{v}**. Solo vale para esta baza.","Trick value **{v}**. Counts for this one trick only.","i18n-Katalog (src/i18n) — über t() aufgelöst","","done",""
"tut.sz.b.eq3","i18n","Kampfwert **{v}**. Beides zusammen. Die Karte zeigt genau diese Zahl, und nur sie entscheidet den Stich.","Valor de combate **{v}**. Los dos juntos. La carta muestra exactamente este número, y solo él decide la baza.","Combat value **{v}**. Both together. The card shows exactly this number, and it alone decides the trick.","i18n-Katalog (src/i18n) — über t() aufgelöst","","done",""
"tut.sz.b1.e1","i18n","Eine volle Zeile, Spalte oder Diagonale hebt den Score jeder Karte, die dort gewinnt. Auf Feuers Dividende wirkt sie **doppelt so stark**.","Una fila, columna o diagonal completa eleva la puntuación de cada carta que gana ahí. Sobre el dividendo de Fuego actúa **el doble de fuerte**.","A full row, column or diagonal lifts the score of every card that wins there. On fire's dividend it acts **twice as strongly**.","i18n-Katalog (src/i18n) — über t() aufgelöst","","done",""
"tut.sz.b1.e2","i18n","Eine volle Zeile gibt ×{rowFactor} auf den Score, aber **×{rowAmp}** auf die Dividende. Eine volle Spalte ×{colFactor} und **×{colAmp}**.","Una fila completa da ×{rowFactor} a la puntuación, pero **×{rowAmp}** al dividendo. Una columna completa ×{colFactor} y **×{colAmp}**.","A full row gives ×{rowFactor} on the score, but **×{rowAmp}** on the dividend. A full column ×{colFactor} and **×{colAmp}**.","i18n-Katalog (src/i18n) — über t() aufgelöst","","done",""
"tut.sz.b1.ende","i18n","Für Feuer ist die Geometrie damit der einzige Hebel, der auch den Teil hebt, den sonst nichts erreicht.","Para Fuego, la geometría es así la única palanca que también eleva la parte que nada más alcanza.","For fire, geometry is thus the only lever that also lifts the part nothing else reaches.","i18n-Katalog (src/i18n) — über t() aufgelöst","","done",""
"tut.sz.b1.kopf","i18n","Feuer + Architekt","Fuego + Arquitecto","Fire + Architect","i18n-Katalog (src/i18n) — über t() aufgelöst","","done",""
"tut.sz.b1.satz","i18n","Feuers **Glutdividende** ist ein Score, der direkt gezahlt wird und an keinem Multiplikator vorbeikommt. Weder Serie noch Crit noch Formation heben sie. Die Struktur des Architekten schon.","El **dividendo de brasas** de Fuego es puntuación pagada directamente que no pasa por ningún multiplicador. Ni racha ni crítico ni formación lo elevan. La estructura del Arquitecto sí.","Fire's **ember dividend** is score paid directly, passing no multiplier. Neither streak nor crit nor formation lifts it. The Architect's structure does.","i18n-Katalog (src/i18n) — über t() aufgelöst","","done",""
"tut.sz.b1.t1","i18n","Die Struktur des Architekten","La estructura del Arquitecto","The Architect's structure","i18n-Katalog (src/i18n) — über t() aufgelöst","","done",""
"tut.sz.b1.t2","i18n","Was dabei herauskommt","Lo que sale de ahí","What comes out of it","i18n-Katalog (src/i18n) — über t() aufgelöst","","done",""
"tut.sz.b1.unter","i18n","Struktur hebt die Glut","La estructura eleva las brasas","Structure lifts the embers","i18n-Katalog (src/i18n) — über t() aufgelöst","","done",""
"tut.sz.b2.e1","i18n","Die {schmiede} legt **+{forgeValue} Kartenwert** auf deine schwächste Karte. Die {gk} gibt **+{glowV1}** ab {glowT1} % Hitze, **+{glowV2}** ab {glowT2} %, **+{glowV3}** bei {glowT3} %.","{schmiede} pone **+{forgeValue} de valor de carta** en tu carta más débil. {gk} da **+{glowV1}** desde el {glowT1} % de calor, **+{glowV2}** desde el {glowT2} %, **+{glowV3}** al {glowT3} %.","{schmiede} puts **+{forgeValue} card value** on your weakest card. {gk} gives **+{glowV1}** from {glowT1} % heat, **+{glowV2}** from {glowT2} %, **+{glowV3}** at {glowT3} %.","i18n-Katalog (src/i18n) — über t() aufgelöst","","done",""
"tut.sz.b2.e2","i18n","Höhere Werte heißen weniger Niederlagen, und jede Niederlage setzt die Serie auf null. Jeder Serienpunkt ist **+{streakPct} %**.","Valores más altos significan menos derrotas, y cada derrota pone la racha a cero. Cada punto de racha es **+{streakPct} %**.","Higher values mean fewer losses, and every loss resets the streak to zero. Every streak point is **+{streakPct} %**.","i18n-Katalog (src/i18n) — über t() aufgelöst","","done",""
"tut.sz.b2.e3","i18n","Jeder gehaltene Blitz-Skill gibt **+{critPerSkill} % Crit-Chance**, und ein Crit ist **×{critMult}**. Er trifft dann einen Stich, der ohnehin schon hoch steht.","Cada habilidad de Rayo que tienes da **+{critPerSkill} % de probabilidad de crítico**, y un crítico es **×{critMult}**. Golpea entonces una baza que ya está alta.","Every lightning skill held gives **+{critPerSkill} % crit chance**, and a crit is **×{critMult}**. It then hits a trick that already stands high.","i18n-Katalog (src/i18n) — über t() aufgelöst","","done",""
"tut.sz.b2.ende","i18n","Die Rückkopplung: Siege mit großem Vorsprung halten die Hitze oben, und die Hitze hält die Klinge auf der hohen Stufe.","La retroalimentación: victorias con mucha ventaja mantienen alto el calor, y el calor mantiene la hoja en su nivel alto.","The feedback loop: wins with a big margin keep the heat up, and the heat keeps the blade on its high tier.","i18n-Katalog (src/i18n) — über t() aufgelöst","","done",""
"tut.sz.b2.kopf","i18n","Feuer + Blitz","Fuego + Rayo","Fire + Lightning","i18n-Katalog (src/i18n) — über t() aufgelöst","","done",""
"tut.sz.b2.satz","i18n","Feuer sorgt dafür, dass du gewinnst. Blitz sorgt dafür, dass sich jeder Sieg lohnt.","Fuego se encarga de que ganes. Rayo se encarga de que cada victoria valga.","Fire makes sure you win. Lightning makes sure every win pays.","i18n-Katalog (src/i18n) — über t() aufgelöst","","done",""
"tut.sz.b2.t1","i18n","Kartenwert von Feuer","Valor de carta de Fuego","Card value from fire","i18n-Katalog (src/i18n) — über t() aufgelöst","","done",""
"tut.sz.b2.t2","i18n","Siege halten die Serie","Las victorias sostienen la racha","Wins hold the streak","i18n-Katalog (src/i18n) — über t() aufgelöst","","done",""
"tut.sz.b2.t3","i18n","Blitz liefert die Crits","Rayo entrega los críticos","Lightning delivers the crits","i18n-Katalog (src/i18n) — über t() aufgelöst","","done",""
"tut.sz.b2.unter","i18n","Kartenwert trägt die Serie","El valor de carta sostiene la racha","Card value carries the streak","i18n-Katalog (src/i18n) — über t() aufgelöst","","done",""
"tut.sz.c.fast","i18n","{tot} Punkte. Ohne Unterbrechung wären es {max}.","{tot} puntos. Sin interrupción serían {max}.","{tot} points. Without a break it would be {max}.","i18n-Katalog (src/i18n) — über t() aufgelöst","","done",""
"tut.sz.c.opp","i18n","Gegner, liegt offen","Rival, boca arriba","Opponent, face up","i18n-Katalog (src/i18n) — über t() aufgelöst","","done",""
"tut.sz.c.perfekt","i18n","{tot} statt {basis} ohne Serie. Der Multiplikator wächst weiter, bis ×{cap}.","{tot} en vez de {basis} sin racha. El multiplicador sigue creciendo, hasta ×{cap}.","{tot} instead of {basis} without a streak. The multiplier keeps growing, up to ×{cap}.","i18n-Katalog (src/i18n) — über t() aufgelöst","","done",""
"tut.sz.c.say0","i18n","Jeder Sieg in Folge hebt den Multiplikator um {p} %.","Cada victoria seguida sube el multiplicador un {p} %.","Every win in a row raises the multiplier by {p} %.","i18n-Katalog (src/i18n) — über t() aufgelöst","","done",""
"tut.sz.c.serieM","i18n","Serie {n} · ×{m}","Racha {n} · ×{m}","Streak {n} · ×{m}","i18n-Katalog (src/i18n) — über t() aufgelöst","","done",""
"tut.sz.c.serieN","i18n","Serie {n}","Racha {n}","Streak {n}","i18n-Katalog (src/i18n) — über t() aufgelöst","","done",""
"tut.sz.c.you","i18n","Du. Tipp zwei zum Tauschen","Tú. Toca dos para intercambiar","You. Tap two to swap","i18n-Katalog (src/i18n) — über t() aufgelöst","","done",""
"tut.sz.cx.aufKarte","i18n","Auf dieser Karte","En esta carta","On this card","i18n-Katalog (src/i18n) — über t() aufgelöst","","done",""
"tut.sz.cx.erk1","i18n","Fünf Punkte oben auf der Kante. Gefüllt heißt Stapel.","Cinco puntos en el borde superior. Relleno significa marca.","Five dots on the top edge. Filled means a stack.","i18n-Katalog (src/i18n) — über t() aufgelöst","","done",""
"tut.sz.cx.erk2","i18n","Ein blauer Rahmen um die ganze Karte, sobald mindestens ein Stapel liegt.","Un marco azul alrededor de toda la carta en cuanto hay al menos una marca.","A blue frame around the whole card as soon as at least one stack sits on it.","i18n-Katalog (src/i18n) — über t() aufgelöst","","done",""
"tut.sz.cx.erk3","i18n","Bei fünf Stapeln ist sie voll. Dann zucken Blitze um die Kante.","Con cinco marcas está llena. Entonces los rayos chispean por el borde.","At five stacks it is full. Then lightning flickers around the edge.","i18n-Katalog (src/i18n) — über t() aufgelöst","","done",""
"tut.sz.cx.erkennLabel","i18n","Woran du es erkennst","En qué lo reconoces","How you can tell","i18n-Katalog (src/i18n) — über t() aufgelöst","","done",""
"tut.sz.cx.hint","i18n","Der rechte Wert zählt **alle** Stapel im Deck, nicht nur die dieser Karte. Bei {cap} Stapeln ist er zu Ende, das sind +{pct} %.","El valor derecho cuenta **todas** las marcas del mazo, no solo las de esta carta. Se acaba con {cap} marcas, que son +{pct} %.","The right value counts **all** stacks in the deck, not just this card's. It tops out at {cap} stacks, which is +{pct} %.","i18n-Katalog (src/i18n) — über t() aufgelöst","","done",""
"tut.sz.cx.imDeck","i18n","Im ganzen Deck","En todo el mazo","Across the deck","i18n-Katalog (src/i18n) — über t() aufgelöst","","done",""
"tut.sz.cx.nm0","i18n","Nicht ionisiert","Sin ionizar","Not ionised","i18n-Katalog (src/i18n) — über t() aufgelöst","","done",""
"tut.sz.cx.nm1","i18n","Ionisiert","Ionizada","Ionised","i18n-Katalog (src/i18n) — über t() aufgelöst","","done",""
"tut.sz.cx.nmVoll","i18n","Voll ionisiert","Ionizada del todo","Fully ionised","i18n-Katalog (src/i18n) — über t() aufgelöst","","done",""
"tut.sz.cx.txt0","i18n","Eine gewöhnliche Karte. Kein Rahmen, keine Punkte.","Una carta corriente. Sin marco, sin puntos.","An ordinary card. No frame, no dots.","i18n-Katalog (src/i18n) — über t() aufgelöst","","done",""
"tut.sz.cx.txtN","i18n","{n} Stapel. Der blaue Rahmen ist da, {n} von {max} Punkten leuchten.","{n} marcas. El marco azul está ahí, con {n} de {max} puntos encendidos.","{n} stacks. The blue frame is there, {n} of {max} dots lit.","i18n-Katalog (src/i18n) — über t() aufgelöst","","done",""
"tut.sz.cx.txtVoll","i18n","Fünf Stapel. Der Rahmen glüht auf und Blitze zucken um die Kante.","Cinco marcas. El marco brilla y los rayos chispean por el borde.","Five stacks. The frame glows and lightning flickers around the edge.","i18n-Katalog (src/i18n) — über t() aufgelöst","","done",""
"tut.sz.cx.vollzu","i18n","Volle Leiste = 1 Stapel auf die Karte","Barra llena = 1 pila a la carta","Full bar = 1 stack onto the card","i18n-Katalog (src/i18n) — über t() aufgelöst","","done",""
"tut.sz.cx.wasLabel","i18n","Was diese Stapel bewirken","Qué hacen estas marcas","What these stacks do","i18n-Katalog (src/i18n) — über t() aufgelöst","","done",""
"tut.sz.cx.zeA","i18n","Score beim Sieg mit ihr","Puntuación al ganar con ella","Score when it wins","i18n-Katalog (src/i18n) — über t() aufgelöst","","done",""
"tut.sz.cx.zeB","i18n","Crit-Chance für jede Karte","Prob. de crítico para cada carta","Crit chance for every card","i18n-Katalog (src/i18n) — über t() aufgelöst","","done",""
"tut.sz.d.basisLabel","i18n","Deine Grundpunkte. Tipp um.","Tus puntos base. Toca para cambiar.","Your base points. Tap to switch.","i18n-Katalog (src/i18n) — über t() aufgelöst","","done",""
"tut.sz.d.chipMit","i18n","Mit Perk","Con ventaja","With a perk","i18n-Katalog (src/i18n) — über t() aufgelöst","","done",""
"tut.sz.d.chipOhne","i18n","Ohne Direkt-Score","Sin puntuación directa","Without direct score","i18n-Katalog (src/i18n) — über t() aufgelöst","","done",""
"tut.sz.d.eqBasis","i18n","Grundpunkte **{v}**","Puntos base **{v}**","Base points **{v}**","i18n-Katalog (src/i18n) — über t() aufgelöst","","done",""
"tut.sz.d.eqBasisFlat","i18n","Grundpunkte {w} + {f} Direkt-Score = **{v}**","Puntos base {w} + {f} de puntuación directa = **{v}**","Base points {w} + {f} direct score = **{v}**","i18n-Katalog (src/i18n) — über t() aufgelöst","","done",""
"tut.sz.d.eqFach","i18n","Das **{x}-fache** der Grundpunkte","**{x} veces** los puntos base","**{x}×** the base points","i18n-Katalog (src/i18n) — über t() aufgelöst","","done",""
"tut.sz.d.eqKein","i18n","Kein Faktor, kein Multiplikator.","Sin factor no hay multiplicador.","No factor, no multiplier.","i18n-Katalog (src/i18n) — über t() aufgelöst","","done",""
"tut.sz.d.eqLabel","i18n","Die Rechnung dahinter","El cálculo detrás","The maths behind it","i18n-Katalog (src/i18n) — über t() aufgelöst","","done",""
"tut.sz.d.eqStep","i18n","× {f} {nm} = **{v}**","× {f} {nm} = **{v}**","× {f} {nm} = **{v}**","i18n-Katalog (src/i18n) — über t() aufgelöst","","done",""
"tut.sz.d.f0","i18n","Nur Grundpunkte","Solo puntos base","Base points only","i18n-Katalog (src/i18n) — über t() aufgelöst","","done",""
"tut.sz.d.f1","i18n","Nur Serie","Solo racha","Streak only","i18n-Katalog (src/i18n) — über t() aufgelöst","","done",""
"tut.sz.d.f2","i18n","Nur Formation","Solo formación","Formation only","i18n-Katalog (src/i18n) — über t() aufgelöst","","done",""
"tut.sz.d.f3","i18n","Nur Crit","Solo crítico","Crit only","i18n-Katalog (src/i18n) — über t() aufgelöst","","done",""
"tut.sz.d.f4","i18n","Serie und Formation","Racha y formación","Streak and formation","i18n-Katalog (src/i18n) — über t() aufgelöst","","done",""
"tut.sz.d.f5","i18n","Alle drei","Los tres","All three","i18n-Katalog (src/i18n) — über t() aufgelöst","","done",""
"tut.sz.d.hintFlat","i18n","Ein **Direkt-Score** hebt die Grundpunkte, **bevor** multipliziert wird. Beispiel: der Perk „{perk}“ gibt +{n}, wenn dein Siegwert {w} oder höher ist.","Una **puntuación directa** sube los puntos base **antes** de que se multiplique nada. Ejemplo: la ventaja «{perk}» da +{n} cuando tu valor ganador es {w} o más.","A **direct score** raises the base points **before** anything multiplies. Example: the perk “{perk}” gives +{n} when your winning value is {w} or higher.","i18n-Katalog (src/i18n) — über t() aufgelöst","","done",""
"tut.sz.d.merk","i18n","**{f} Direkt-Score werden zu {g}.** Sie stehen in den Grundpunkten und werden von allem danach mitmultipliziert, hier mit {x}.","**{f} de puntuación directa se convierten en {g}.** Están en los puntos base y todo lo posterior los multiplica, aquí por {x}.","**{f} direct score becomes {g}.** It sits in the base points and gets multiplied by everything after it, here by {x}.","i18n-Katalog (src/i18n) — über t() aufgelöst","","done",""
"tut.sz.d.ohneFaktor","i18n","ohne Faktor","sin factor","no factor","i18n-Katalog (src/i18n) — über t() aufgelöst","","done",""
"tut.sz.d.say","i18n","Jeder Faktor multipliziert das Ergebnis. Zwei zusammen wirken stärker als einzeln.","Cada factor multiplica el resultado. Dos juntos hacen más que cualquiera por separado.","Every factor multiplies the result. Two together do more than either alone.","i18n-Katalog (src/i18n) — über t() aufgelöst","","done",""
"tut.sz.d.vglLabel","i18n","Derselbe Stich, mit verschiedenen Faktoren","La misma baza, con distintos factores","The same trick, with different factors","i18n-Katalog (src/i18n) — über t() aufgelöst","","done",""
"tut.sz.dx.dreiBtn","i18n","Drei im Block","Tres en bloque","Three in a block","i18n-Katalog (src/i18n) — über t() aufgelöst","","done",""
"tut.sz.dx.dreiMerk","i18n","Je mehr Nachbarn derselben Kategorie, desto höher der Faktor jedes Gebäudes. Ein Block zahlt mehr als eine Kette.","Cuantos más vecinos de la misma categoría, más alto el factor de cada edificio. Un bloque paga más que una cadena.","The more same-category neighbours, the higher every building's factor. A block pays more than a chain.","i18n-Katalog (src/i18n) — über t() aufgelöst","","done",""
"tut.sz.dx.ja","i18n","Distrikt","Distrito","District","i18n-Katalog (src/i18n) — über t() aufgelöst","","done",""
"tut.sz.dx.keinBtn","i18n","Kein Distrikt","Sin distrito","No district","i18n-Katalog (src/i18n) — über t() aufgelöst","","done",""
"tut.sz.dx.keinMerk","i18n","Verschiedene Kategorien nebeneinander bilden **keinen** Distrikt: Die Farben müssen gleich sein.","Categorías distintas lado a lado **no** forman distrito: los colores tienen que coincidir.","Different categories side by side form **no** district: the colours have to match.","i18n-Katalog (src/i18n) — über t() aufgelöst","","done",""
"tut.sz.dx.nein","i18n","Kein Distrikt","Sin distrito","No district","i18n-Katalog (src/i18n) — über t() aufgelöst","","done",""
"tut.sz.dx.zweiBtn","i18n","Zwei Nachbarn","Dos vecinos","Two neighbours","i18n-Katalog (src/i18n) — über t() aufgelöst","","done",""
"tut.sz.dx.zweiMerk","i18n","Zwei Gebäude derselben Kategorie Seite an Seite: der kleinste Distrikt. **Beide** steigen um {pct} % je Nachbar.","Dos edificios de la misma categoría lado a lado: el distrito más pequeño. **Ambos** suben un {pct} % por vecino.","Two buildings of the same category side by side: the smallest district. **Both** rise by {pct} % per neighbour.","i18n-Katalog (src/i18n) — über t() aufgelöst","","done",""
"tut.sz.e.bar.nm","i18n","Kopfleiste","Barra superior","Top bar","i18n-Katalog (src/i18n) — über t() aufgelöst","","done",""
"tut.sz.e.bar.txt","i18n","Score, Serie, Durchlauf. Immer sichtbar.","Puntuación, racha, ciclo. Siempre visible.","Score, streak, cycle. Always visible.","i18n-Katalog (src/i18n) — über t() aufgelöst","","done",""
"tut.sz.e.bars.nm","i18n","Fraktionsleiste","Barra de facción","Faction bar","i18n-Katalog (src/i18n) — über t() aufgelöst","","done",""
"tut.sz.e.bars.tip","i18n","Was die Ressourcen tun, kommt in der Sektion zu den Archetypen.","Lo que hacen los recursos llega en la sección de los arquetipos.","What the resources do comes in the archetype sections.","i18n-Katalog (src/i18n) — über t() aufgelöst","","done",""
"tut.sz.e.bars.txt","i18n","Die Ressource deines Archetyps. Hier ist es Hitze.","El recurso de tu arquetipo. Aquí es calor.","Your archetype's resource. Here it is heat.","i18n-Katalog (src/i18n) — über t() aufgelöst","","done",""
"tut.sz.e.board.nm","i18n","Das Brett","El tablero","The board","i18n-Katalog (src/i18n) — über t() aufgelöst","","done",""
"tut.sz.e.board.txt","i18n","Deine Karte gegen die des Gegners. Hier läuft der Stich.","Tu carta contra la del rival. Aquí se juega la baza.","Your card against the opponent's. This is where the trick runs.","i18n-Katalog (src/i18n) — über t() aufgelöst","","done",""
"tut.sz.e.critChance","i18n","Crit-Chance","Prob. de crítico","Crit chance","i18n-Katalog (src/i18n) — über t() aufgelöst","","done",""
"tut.sz.e.critMult","i18n","Crit-Mult","Mult. de crítico","Crit mult","i18n-Katalog (src/i18n) — über t() aufgelöst","","done",""
"tut.sz.e.durchl","i18n","Durchl.","Ciclo","Cycle","i18n-Katalog (src/i18n) — über t() aufgelöst","","done",""
"tut.sz.e.herk","i18n","Score-Herkunft","Origen de la puntuación","Score origin","i18n-Katalog (src/i18n) — über t() aufgelöst","","done",""
"tut.sz.e.ms.nm","i18n","Meilensteine","Hitos","Milestones","i18n-Katalog (src/i18n) — über t() aufgelöst","","done",""
"tut.sz.e.ms.tip","i18n","Meilensteine zählen den Score des ganzen Laufs, nicht den eines Durchlaufs.","Los hitos cuentan la puntuación de toda la partida, no la de un ciclo.","Milestones count the score of the whole run, not of one cycle.","i18n-Katalog (src/i18n) — über t() aufgelöst","","done",""
"tut.sz.e.ms.txt","i18n","Score-Marken über den ganzen Lauf. Jede erreichte Marke zahlt am Ende Stichpunkte.","Marcas de puntuación de toda la partida. Cada marca alcanzada paga Puntos de baza al final.","Score marks across the whole run. Every mark you reach pays Trick Points at the end.","i18n-Katalog (src/i18n) — über t() aufgelöst","","done",""
"tut.sz.e.msWort","i18n","Meilensteine","Hitos","Milestones","i18n-Katalog (src/i18n) — über t() aufgelöst","","done",""
"tut.sz.e.mult","i18n","Multiplikatoren","Multiplicadores","Multipliers","i18n-Katalog (src/i18n) — über t() aufgelöst","","done",""
"tut.sz.e.quote","i18n","Quote","Tasa","Rate","i18n-Katalog (src/i18n) — über t() aufgelöst","","done",""
"tut.sz.e.rail.nm","i18n","Woher dein Score kommt","De dónde sale tu puntuación","Where your score comes from","i18n-Katalog (src/i18n) — über t() aufgelöst","","done",""
"tut.sz.e.rail.txt","i18n","Deine Multiplikatoren, deine Quote, und die Score-Herkunft zum Aufklappen.","Tus multiplicadores, tu tasa, y el origen de la puntuación para desplegar.","Your multipliers, your rate, and the score origin to unfold.","i18n-Katalog (src/i18n) — über t() aufgelöst","","done",""
"tut.sz.e.tap","i18n","Tipp ein Element an.","Toca un elemento.","Tap an element.","i18n-Katalog (src/i18n) — über t() aufgelöst","","done",""
"tut.sz.e.tempo.nm","i18n","Tempo und Chronik","Velocidad y crónica","Speed and chronicle","i18n-Katalog (src/i18n) — über t() aufgelöst","","done",""
"tut.sz.e.tempo.txt","i18n","Pause, ×2, ×4, MAX. Rechts die Chronik. Dort steht jeder gespielte Stich zum Nachsehen.","Pausa, ×2, ×4, MAX. A la derecha la crónica. Ahí está cada baza jugada para consultarla.","Pause, ×2, ×4, MAX. On the right the chronicle. Every played trick is there to look up.","i18n-Katalog (src/i18n) — über t() aufgelöst","","done",""
"tut.sz.e.verl","i18n","Verl.","Derrotas","Losses","i18n-Katalog (src/i18n) — über t() aufgelöst","","done",""
"tut.sz.eb.nmBricht","i18n","Bricht","Rompe","Bursts","i18n-Katalog (src/i18n) — über t() aufgelöst","","done",""
"tut.sz.eb.nmFrisch","i18n","Frisch eingefroren","Recién congelada","Freshly frozen","i18n-Katalog (src/i18n) — über t() aufgelöst","","done",""
"tut.sz.eb.nmStufe","i18n","Wucht-Stufe {n}","Nivel de fuerza {n}","Force tier {n}","i18n-Katalog (src/i18n) — über t() aufgelöst","","done",""
"tut.sz.eb.nmWaechst","i18n","Wächst noch","Aún creciendo","Still growing","i18n-Katalog (src/i18n) — über t() aufgelöst","","done",""
"tut.sz.eb.sBricht","i18n",". Hier bricht er.",". Aquí rompe.",". Here it bursts.","i18n-Katalog (src/i18n) — über t() aufgelöst","","done",""
"tut.sz.eb.stufenLabel","i18n","Drei Stufen","Tres niveles","Three tiers","i18n-Katalog (src/i18n) — über t() aufgelöst","","done",""
"tut.sz.eb.sZeile","i18n","Wucht ×{m}","Fuerza ×{m}","Force ×{m}","i18n-Katalog (src/i18n) — über t() aufgelöst","","done",""
"tut.sz.eb.txtBricht","i18n","Bei {max} Masse bricht der Gletscher, zahlt aus und fängt wieder von vorn an.","Con {max} de masa el glaciar rompe, paga y vuelve a empezar.","At {max} mass the glacier bursts, pays out and starts over.","i18n-Katalog (src/i18n) — über t() aufgelöst","","done",""
"tut.sz.eb.txtFrisch","i18n","Noch keine Masse. Jeder Durchlauf gibt +{a}, ein Sieg noch einmal +{b}.","Aún sin masa. Cada ciclo da +{a}, y una victoria otro +{b}.","No mass yet. Every cycle gives +{a}, a win another +{b}.","i18n-Katalog (src/i18n) — über t() aufgelöst","","done",""
"tut.sz.eb.txtNoch","i18n","Noch {n} Masse bis zum Bruch.","Faltan {n} de masa para la rotura.","{n} more mass until the burst.","i18n-Katalog (src/i18n) — über t() aufgelöst","","done",""
"tut.sz.eb.txtWaechst","i18n","Unter {t1} Masse hat der Bruch keine Wucht. Er würde nichts zahlen.","Por debajo de {t1} de masa la rotura no tiene fuerza. No pagaría nada.","Below {t1} mass the burst has no force. It would pay nothing.","i18n-Katalog (src/i18n) — über t() aufgelöst","","done",""
"tut.sz.eb.wucht","i18n","Wucht {w}","Fuerza {w}","Force {w}","i18n-Katalog (src/i18n) — über t() aufgelöst","","done",""
"tut.sz.ec.brettLabel","i18n","Dein Brett, {a} mal {b}","Tu tablero, {a} por {b}","Your board, {a} by {b}","i18n-Katalog (src/i18n) — über t() aufgelöst","","done",""
"tut.sz.ec.eqDann","i18n","Dann zahlt er **{v}**","Entonces paga **{v}**","Then it pays **{v}**","i18n-Katalog (src/i18n) — über t() aufgelöst","","done",""
"tut.sz.ec.eqDeckel","i18n","Ab {cap} zählen nur noch {slope} %. Aus {roh} werden {v}.","A partir de {cap} solo cuenta el {slope} %. De {roh} quedan {v}.","From {cap} only {slope} % counts. {roh} becomes {v}.","i18n-Katalog (src/i18n) — über t() aufgelöst","","done",""
"tut.sz.ec.eqGeo","i18n","× Geometrie {f}{formen}","× Geometría {f}{formen}","× Geometry {f}{formen}","i18n-Katalog (src/i18n) — über t() aufgelöst","","done",""
"tut.sz.ec.eqGrund","i18n","Masse {m} × Wucht {w} × {scale} = **{v}**","Masa {m} × fuerza {w} × {scale} = **{v}**","Mass {m} × force {w} × {scale} = **{v}**","i18n-Katalog (src/i18n) — über t() aufgelöst","","done",""
"tut.sz.ec.eqKask","i18n","× Kaskade {f} ({nb})","× Cascada {f} ({nb})","× Cascade {f} ({nb})","i18n-Katalog (src/i18n) — über t() aufgelöst","","done",""
"tut.sz.ec.eqKein","i18n","Noch kein Gletscher gewählt.","Aún no hay glaciar elegido.","No glacier picked yet.","i18n-Katalog (src/i18n) — über t() aufgelöst","","done",""
"tut.sz.ec.eqKoll","i18n","× Kollision {f}","× Colisión {f}","× Collision {f}","i18n-Katalog (src/i18n) — über t() aufgelöst","","done",""
"tut.sz.ec.eqLabel","i18n","Der Bruch des markierten Gletschers","La rotura del glaciar marcado","The burst of the marked glacier","i18n-Katalog (src/i18n) — über t() aufgelöst","","done",""
"tut.sz.ec.eqSieg","i18n","Gewinnt sie ihren Stich:","Si gana su baza:","If it wins its trick:","i18n-Katalog (src/i18n) — über t() aufgelöst","","done",""
"tut.sz.ec.eqSiegStep","i18n","× {nm} {f}","× {nm} {f}","× {nm} {f}","i18n-Katalog (src/i18n) — über t() aufgelöst","","done",""
"tut.sz.ec.eqZahlt","i18n","Der Bruch zahlt **{v}**","La rotura paga **{v}**","The burst pays **{v}**","i18n-Katalog (src/i18n) — über t() aufgelöst","","done",""
"tut.sz.ec.formenLabel","i18n","Die vier Formen","Las cuatro formas","The four shapes","i18n-Katalog (src/i18n) — über t() aufgelöst","","done",""
"tut.sz.ec.hint1","i18n","Alle Gletscher stehen hier bei voller Masse {m}. Der markierte ist der, den du zuletzt angetippt hast.","Todos los glaciares están aquí con masa completa {m}. El marcado es el último que tocaste.","All glaciers here sit at full mass {m}. The marked one is the one you tapped last.","i18n-Katalog (src/i18n) — über t() aufgelöst","","done",""
"tut.sz.ec.hint2","i18n","Die **{scale}** ist der Skalierer, mit dem Eis seine Brüche rechnet. Sie hat nichts mit den {win} Grundpunkten zu tun, die ein gewonnener Stich gibt.","El **{scale}** es el escalador con el que Hielo calcula sus roturas. No tiene nada que ver con los {win} puntos base que da una baza ganada.","The **{scale}** is the scaler ice uses to count its bursts. It has nothing to do with the {win} base points a won trick gives.","i18n-Katalog (src/i18n) — über t() aufgelöst","","done",""
"tut.sz.ec.hint3","i18n","Die Siegfaktoren sind ein Beispiel, dieselben wie in den Grundlagen. Der Deckel greift vorher, der Siegstapel danach.","Los factores de victoria son un ejemplo, los mismos que en los fundamentos. El tope aplica antes, la pila de victoria después.","The win factors are an example, the same as in the basics. The cap applies before, the win stack after.","i18n-Katalog (src/i18n) — über t() aufgelöst","","done",""
"tut.sz.ec.keineForm","i18n","keine Form","sin forma","no shape","i18n-Katalog (src/i18n) — über t() aufgelöst","","done",""
"tut.sz.ec.kern","i18n","Eine **Gletscherformation** ist eine geschlossene Form aus benachbarten Gletschern. Jeder Bruch darin wird verstärkt. Es gibt vier, überlappende stapeln sich.","Una **formación de glaciares** es una forma cerrada de glaciares adyacentes. Cada rotura dentro se refuerza. Hay cuatro, y las que se superponen se acumulan.","A **glacier formation** is a closed shape of adjacent glaciers. Every burst inside it is amplified. There are four, and overlapping ones stack.","i18n-Katalog (src/i18n) — über t() aufgelöst","","done",""
"tut.sz.ec.leeren","i18n","Leeren","Vaciar","Clear","i18n-Katalog (src/i18n) — über t() aufgelöst","","done",""
"tut.sz.ec.merkEin","i18n","**Ein Gletscher allein bricht am schwächsten.** Jeder Gletscher-Nachbar gibt +{k} %, und geschlossene Formen legen noch einen Faktor obendrauf.","**Un glaciar solo rompe más débil.** Cada glaciar vecino da +{k} %, y las formas cerradas añaden otro factor encima.","**A glacier alone bursts weakest.** Every glacier neighbour gives +{k} %, and closed shapes put another factor on top.","i18n-Katalog (src/i18n) — über t() aufgelöst","","done",""
"tut.sz.ec.merkForm","i18n","**{formen}.** Geschlossene Formen aus Gletschern verstärken den Bruch. {liste}. Überlappende stapeln.","**{formen}.** Las formas cerradas de glaciares refuerzan la rotura. {liste}. Las superpuestas se acumulan.","**{formen}.** Closed shapes of glaciers amplify the burst. {liste}. Overlapping ones stack.","i18n-Katalog (src/i18n) — über t() aufgelöst","","done",""
"tut.sz.ec.merkKeine","i18n","**Noch keine Form.** {block} ist 2 mal 2, {kreuz} ein Feld mit allen vier Nachbarn, {linie} eine volle Reihe oder Spalte, {flaeche} 3 mal 3.","**Aún sin forma.** {block} es 2 por 2, {kreuz} una casilla con sus cuatro vecinas, {linie} una fila o columna completa, {flaeche} 3 por 3.","**No shape yet.** {block} is 2 by 2, {kreuz} a cell with all four neighbours, {linie} a full row or column, {flaeche} 3 by 3.","i18n-Katalog (src/i18n) — über t() aufgelöst","","done",""
"tut.sz.ec.merkZahlt","i18n","**Der Bruch zahlt immer.** Er hängt an der Masse, nicht am Ausgang des Stichs. Gewinnt die Gletscherkarte ihren Stich aber zusätzlich, multiplizieren Serie, Perks, Formation und Crit noch obendrauf.","**La rotura siempre paga.** Depende de la masa, no del resultado de la baza. Pero si la carta glaciar además gana su baza, racha, ventajas, formación y crítico multiplican encima.","**The burst always pays.** It hangs on the mass, not on the trick's outcome. But if the glacier card also wins its trick, streak, perks, formation and crit multiply on top.","i18n-Katalog (src/i18n) — über t() aufgelöst","","done",""
"tut.sz.ec.nb1","i18n","{n} Gletscher-Nachbar","{n} glaciar vecino","{n} glacier neighbour","i18n-Katalog (src/i18n) — über t() aufgelöst","","done",""
"tut.sz.ec.nbN","i18n","{n} Gletscher-Nachbarn","{n} glaciares vecinos","{n} glacier neighbours","i18n-Katalog (src/i18n) — über t() aufgelöst","","done",""
"tut.sz.ec.nmKein","i18n","Kein Gletscher","Sin glaciar","No glacier","i18n-Katalog (src/i18n) — über t() aufgelöst","","done",""
"tut.sz.ec.nmN","i18n","{n} Gletscher","{n} glaciares","{n} glaciers","i18n-Katalog (src/i18n) — über t() aufgelöst","","done",""
"tut.sz.ec.txtTapFeld","i18n","Tipp ein Feld an.","Toca una casilla.","Tap a cell.","i18n-Katalog (src/i18n) — über t() aufgelöst","","done",""
"tut.sz.ec.txtTapGl","i18n","Tipp einen Gletscher an, um seinen Bruch zu sehen.","Toca un glaciar para ver su rotura.","Tap a glacier to see its burst.","i18n-Katalog (src/i18n) — über t() aufgelöst","","done",""
"tut.sz.f.eq1","i18n","{n} Siege × **{win}** = **{v}**","{n} victorias × **{win}** = **{v}**","{n} wins × **{win}** = **{v}**","i18n-Katalog (src/i18n) — über t() aufgelöst","","done",""
"tut.sz.f.eqStep","i18n","× {nm} {f} = **{v}**","× {nm} {f} = **{v}**","× {nm} {f} = **{v}**","i18n-Katalog (src/i18n) — über t() aufgelöst","","done",""
"tut.sz.f.hint","i18n","Der Crit steht immer am Ende. Kommt Direkt-Score aus Perks dazu, heben sie die {win}, bevor multipliziert wird.","El crítico va siempre al final. Si entra puntuación directa de las ventajas, sube los {win} antes de que se multiplique nada.","The crit is always last. When direct score from perks joins, it raises the {win} before anything multiplies.","i18n-Katalog (src/i18n) — über t() aufgelöst","","done",""
"tut.sz.f.ketteLabel","i18n","Die Kette, in dieser Reihenfolge","La cadena, en este orden","The chain, in this order","i18n-Katalog (src/i18n) — über t() aufgelöst","","done",""
"tut.sz.f.nachLabel","i18n","Score nach {n} Durchläufen","Puntuación tras {n} ciclos","Score after {n} cycles","i18n-Katalog (src/i18n) — über t() aufgelöst","","done",""
"tut.sz.f.why.crit","i18n","Kritischer Treffer, Basis ×{m}. Die Chance kommt aus Perks und Skills.","Golpe crítico, base ×{m}. La probabilidad viene de ventajas y habilidades.","Critical hit, base ×{m}. The chance comes from perks and skills.","i18n-Katalog (src/i18n) — über t() aufgelöst","","done",""
"tut.sz.f.why.form","i18n","Formationen in deiner Kartenreihenfolge. Kommen aus der Aufstellungsphase.","Formaciones en tu orden de cartas. Vienen de la fase de orden.","Formations in your card order. They come from the order phase.","i18n-Katalog (src/i18n) — über t() aufgelöst","","done",""
"tut.sz.f.why.serie","i18n","Fünf Siege in Folge, je {p} %. Eine Niederlage setzt auf null.","Cinco victorias seguidas, un {p} % cada una. Una derrota pone a cero.","Five wins in a row, {p} % each. A loss resets to zero.","i18n-Katalog (src/i18n) — über t() aufgelöst","","done",""
"tut.sz.f.why.siege","i18n","Der Basis-Score für jeden gewonnenen Stich. Alle Faktoren multiplizieren ihn.","La puntuación base por cada baza ganada. Todos los factores la multiplican.","The base score for every trick you win. Every factor multiplies it.","i18n-Katalog (src/i18n) — über t() aufgelöst","","done",""
"tut.sz.f.zeile","i18n","Jede Zeile ist ein Faktor.","Cada línea es un factor.","Each line is a factor.","i18n-Katalog (src/i18n) — über t() aufgelöst","","done",""
"tut.sz.fa.farbblock","i18n","gleiche Farbe nebeneinander","mismo palo seguido","same suit side by side","i18n-Katalog (src/i18n) — über t() aufgelöst","","done",""
"tut.sz.fa.lenLab","i18n","Länge der Formation","Longitud de la formación","Length of the formation","i18n-Katalog (src/i18n) — über t() aufgelöst","","done",""
"tut.sz.fa.lenN","i18n","{n} Karten","{n} cartas","{n} cards","i18n-Katalog (src/i18n) — über t() aufgelöst","","done",""
"tut.sz.fa.treppe","i18n","Werte steigen oder fallen","valores que suben o bajan","values rising or falling","i18n-Katalog (src/i18n) — über t() aufgelöst","","done",""
"tut.sz.fa.wechsel","i18n","hoch, runter, hoch","arriba, abajo, arriba","up, down, up","i18n-Katalog (src/i18n) — über t() aufgelöst","","done",""
"tut.sz.fa.wiederholung","i18n","gleiche Werte nebeneinander","valores iguales seguidos","equal values side by side","i18n-Katalog (src/i18n) — über t() aufgelöst","","done",""
"tut.sz.fb.e1","i18n","Deine geschmiedete Karte glüht von innen und trägt oben rechts einen goldenen Amboss mit dem Betrag.","Tu carta forjada brilla desde dentro y lleva arriba a la derecha un yunque dorado con la cantidad.","Your forged card glows from within and carries a golden anvil with the amount top right.","i18n-Katalog (src/i18n) — über t() aufgelöst","","done",""
"tut.sz.fb.e2","i18n","Die gebrandmarkte Gegnerkarte verkohlt von unten, trägt oben links ihren Malus und unten rechts das Feuer-Zeichen.","La carta rival marcada se carboniza desde abajo, lleva su malus arriba a la izquierda y el signo de fuego abajo a la derecha.","The branded opponent card chars from below, carries its malus top left and the fire sign bottom right.","i18n-Katalog (src/i18n) — über t() aufgelöst","","done",""
"tut.sz.fb.gegner","i18n","Gegnerkarte, gebrandmarkt","Carta rival, marcada a fuego","Opponent card, branded","i18n-Katalog (src/i18n) — über t() aufgelöst","","done",""
"tut.sz.fb.k1","i18n","Jeder Sieg brandmarkt eine Gegnerkarte und gibt **+{n} Asche**.","Cada victoria marca una carta rival y da **+{n} de ceniza**.","Every win brands an opponent card and gives **+{n} ash**.","i18n-Katalog (src/i18n) — über t() aufgelöst","","done",""
"tut.sz.fb.k1b","i18n","Brand","Marca","Brand","i18n-Katalog (src/i18n) — über t() aufgelöst","","done",""
"tut.sz.fb.k2","i18n","Am Ende jedes Durchlaufs werden je **{c} Asche** zu einer Schmiedung.","Al final de cada ciclo, cada **{c} de ceniza** se convierte en una forja.","At the end of every cycle, each **{c} ash** becomes one forging.","i18n-Katalog (src/i18n) — über t() aufgelöst","","done",""
"tut.sz.fb.k2b","i18n","Asche","Ceniza","Ash","i18n-Katalog (src/i18n) — über t() aufgelöst","","done",""
"tut.sz.fb.k3","i18n","Der Skill **{skill}** gibt deiner **niedrigsten** Karte **+{v}** dauerhaften Wert. Danach ist eine andere Karte die niedrigste.","La habilidad **{skill}** da a tu carta **más baja** **+{v}** de valor permanente. Después, otra carta es la más baja.","The **{skill}** skill gives your **lowest** card **+{v}** permanent value. After that a different card is the lowest.","i18n-Katalog (src/i18n) — über t() aufgelöst","","done",""
"tut.sz.fb.k3b","i18n","Schmieden","Forjar","Forging","i18n-Katalog (src/i18n) — über t() aufgelöst","","done",""
"tut.sz.fb.ketteLabel","i18n","Wie die Schmiede läuft","Cómo funciona la forja","How the forge works","i18n-Katalog (src/i18n) — über t() aufgelöst","","done",""
"tut.sz.fb.mein","i18n","Deine Karte, geschmiedet","Tu carta, forjada","Your card, forged","i18n-Katalog (src/i18n) — über t() aufgelöst","","done",""
"tut.sz.fb.nmKnapp","i18n","Sieg, aber zu knapp","Victoria, pero demasiado justa","A win, but too narrow","i18n-Katalog (src/i18n) — über t() aufgelöst","","done",""
"tut.sz.fb.nmVor","i18n","Vorsprung {v}","Ventaja {v}","Margin {v}","i18n-Katalog (src/i18n) — über t() aufgelöst","","done",""
"tut.sz.fb.txtKnapp","i18n","Du gewinnst, aber mit nur {v} Vorsprung. Feuer zahlt erst ab {min}, hier also nichts.","Ganas, pero con solo {v} de ventaja. Fuego solo paga a partir de {min}, así que aquí nada.","You win, but with only {v} margin. Fire only pays from {min}, so nothing here.","i18n-Katalog (src/i18n) — über t() aufgelöst","","done",""
"tut.sz.fb.txtVerlust","i18n","Eine {a} gegen eine {b}. Du verlierst den Stich.","Un {a} contra un {b}. Pierdes la baza.","A {a} against a {b}. You lose the trick.","i18n-Katalog (src/i18n) — über t() aufgelöst","","done",""
"tut.sz.fb.txtVor","i18n","{v} Vorsprung: {score} Feuer-Score und +{heiz} % Hitze.","{v} de ventaja: {score} de puntuación de fuego y +{heiz} % de calor.","{v} margin: {score} fire score and +{heiz} % heat.","i18n-Katalog (src/i18n) — über t() aufgelöst","","done",""
"tut.sz.fb.wie0","i18n","Keine Marken.","Sin marcas.","No marks.","i18n-Katalog (src/i18n) — über t() aufgelöst","","done",""
"tut.sz.fb.wie1","i18n","Eine Schmiedung, ein Brandmal.","Una forja, una marca de fuego.","One forging, one brand.","i18n-Katalog (src/i18n) — über t() aufgelöst","","done",""
"tut.sz.fb.wie2","i18n","Zwei Schmiedungen, ein Brandmal.","Dos forjas, una marca de fuego.","Two forgings, one brand.","i18n-Katalog (src/i18n) — über t() aufgelöst","","done",""
"tut.sz.fb.wie3","i18n","Drei Schmiedungen, das Maximum. Brandmal mit {ofen}.","Tres forjas, el máximo. Marca con {ofen}.","Three forgings, the maximum. Brand with {ofen}.","i18n-Katalog (src/i18n) — über t() aufgelöst","","done",""
"tut.sz.fc.kalt","i18n","Kalt","Frío","Cold","i18n-Katalog (src/i18n) — über t() aufgelöst","","done",""
"tut.sz.fc.mDeckel","i18n","**Der Deckel ist erreicht.** Ab {cap} % wächst die Dividende nicht mehr. Was höher liegt, macht deine Karten stärker oder füttert den {fb}.","**Se alcanzó el tope.** A partir del {cap} % el dividendo ya no crece. Lo que queda más arriba hace más fuertes tus cartas o alimenta {fb}.","**The cap is reached.** From {cap} % the dividend stops growing. What sits higher makes your cards stronger or feeds {fb}.","i18n-Katalog (src/i18n) — über t() aufgelöst","","done",""
"tut.sz.fc.mUeber","i18n","**Weißglut.** {u} Punkte Überhitzung geben +{plus} Prozent auf deinen gesamten Feuer-Score. Sie baut sich je Stich wieder ab.","**Incandescencia.** {u} puntos de sobrecalentamiento dan +{plus} por ciento a toda tu puntuación de fuego. Se reduce de nuevo con cada baza.","**White heat.** {u} points of overheat give +{plus} percent on your entire fire score. It decays again each trick.","i18n-Katalog (src/i18n) — über t() aufgelöst","","done",""
"tut.sz.fc.mWachs","i18n","**Die Dividende wächst mit jedem Prozent.** {d} Score je Hitzeprozent, bis {cap} %.","**El dividendo crece con cada punto.** {d} de puntuación por cada uno por ciento de calor, hasta el {cap} %.","**The dividend grows with every percent.** {d} score per heat percent, up to {cap} %.","i18n-Katalog (src/i18n) — über t() aufgelöst","","done",""
"tut.sz.fc.s1","i18n","**{gk} I.** Alle deine Karten +{v} Stichwert.","**{gk} I.** Todas tus cartas +{v} de valor de baza.","**{gk} I.** All your cards +{v} trick value.","i18n-Katalog (src/i18n) — über t() aufgelöst","","done",""
"tut.sz.fc.s2","i18n","**{ofen}.** Brände brennen tiefer und geben mehr Asche. Die {schmiede} kostet {r} % weniger je Schmiedung.","**{ofen}.** Las marcas queman más hondo y dan más ceniza. {schmiede} cuesta un {r} % menos por forja.","**{ofen}.** Brands burn deeper and give more ash. {schmiede} costs {r} % less per forging.","i18n-Katalog (src/i18n) — über t() aufgelöst","","done",""
"tut.sz.fc.s3","i18n","**{gk} II.** +{v} Stichwert. Braucht zusätzlich einen Sieg mit {m} Vorsprung.","**{gk} II.** +{v} de valor de baza. Necesita además una victoria con {m} de ventaja.","**{gk} II.** +{v} trick value. Additionally needs a win with {m} margin.","i18n-Katalog (src/i18n) — über t() aufgelöst","","done",""
"tut.sz.fc.s4","i18n","**{fb} bereit.** Der nächste Sieg brennt die Leiste auf {t} % herunter.","**{fb} armado.** La próxima victoria quema la barra hasta el {t} %.","**{fb} armed.** The next win burns the bar down to {t} %.","i18n-Katalog (src/i18n) — über t() aufgelöst","","done",""
"tut.sz.fc.s5","i18n","**{gk} III.** +{v} Stichwert. Braucht zusätzlich einen Sieg mit {m} Vorsprung.","**{gk} III.** +{v} de valor de baza. Necesita además una victoria con {m} de ventaja.","**{gk} III.** +{v} trick value. Additionally needs a win with {m} margin.","i18n-Katalog (src/i18n) — über t() aufgelöst","","done",""
"tut.sz.fc.skillsLabel","i18n","Skills, die an deiner Hitze hängen","Habilidades que dependen de tu calor","Skills that hang on your heat","i18n-Katalog (src/i18n) — über t() aufgelöst","","done",""
"tut.sz.fc.txt","i18n","Direkter Score bei jedem Feuer-Sieg. Sie wird nicht mit Serie, Crit und Formationen multipliziert.","Puntuación directa en cada victoria de fuego. No se multiplica con racha, crítico ni formaciones.","Direct score on every fire win. It is not multiplied by streak, crit or formations.","i18n-Katalog (src/i18n) — über t() aufgelöst","","done",""
"tut.sz.fc.voll","i18n","Voll","Lleno","Full","i18n-Katalog (src/i18n) — über t() aufgelöst","","done",""
"tut.sz.g.besser","i18n","besser","mejor","better","i18n-Katalog (src/i18n) — über t() aufgelöst","","done",""
"tut.sz.g.formLabel","i18n","Formationen","Formaciones","Formations","i18n-Katalog (src/i18n) — über t() aufgelöst","","done",""
"tut.sz.g.gleich","i18n","gleich","igual","same","i18n-Katalog (src/i18n) — über t() aufgelöst","","done",""
"tut.sz.g.hint","i18n","Angezeigt wird der Formations-Multiplikator. Er gilt nur für Stiche, die du gewinnst.","Se muestra el multiplicador de formación. Solo cuenta para las bazas que ganas.","Shown is the formation multiplier. It only counts for tricks you win.","i18n-Katalog (src/i18n) — über t() aufgelöst","","done",""
"tut.sz.g.say0","i18n","Jeder Tausch kostet eine Energie. Rückgängig gibt sie zurück.","Cada intercambio cuesta una energía. Deshacer la devuelve.","Every swap costs one energy. Undo gives it back.","i18n-Katalog (src/i18n) — über t() aufgelöst","","done",""
"tut.sz.g.sayEmpty","i18n","Energie leer. Rückgängig gibt sie zurück.","Energía agotada. Deshacer la devuelve.","Energy empty. Undo gives it back.","i18n-Katalog (src/i18n) — über t() aufgelöst","","done",""
"tut.sz.g.sayLeft","i18n","Noch {n} Energie.","Quedan {n} de energía.","{n} energy left.","i18n-Katalog (src/i18n) — über t() aufgelöst","","done",""
"tut.sz.g.sayLose","i18n","{w} von 5. Nimm zurück und sortier anders.","{w} de 5. Deshaz y ordena de otra manera.","{w} of 5. Take it back and sort differently.","i18n-Katalog (src/i18n) — über t() aufgelöst","","done",""
"tut.sz.g.sayNoEnergy","i18n","Keine Energie mehr. Spiel los oder nimm einen Tausch zurück.","No queda energía. Juega o deshaz un intercambio.","No energy left. Play it out or take a swap back.","i18n-Katalog (src/i18n) — über t() aufgelöst","","done",""
"tut.sz.g.sayReset","i18n","Zurück auf Anfang. Volle Energie.","De vuelta al inicio. Energía completa.","Back to the start. Full energy.","i18n-Katalog (src/i18n) — über t() aufgelöst","","done",""
"tut.sz.g.sayUndo","i18n","Tausch zurückgenommen. Energie zurück.","Intercambio deshecho. Energía devuelta.","Swap taken back. Energy returned.","i18n-Katalog (src/i18n) — über t() aufgelöst","","done",""
"tut.sz.g.sayWin","i18n","Alle fünf gewonnen, und die Reihenfolge bildet einen {form}.","Las cinco ganadas, y el orden forma una {form}.","All five won, and the order forms a {form}.","i18n-Katalog (src/i18n) — über t() aufgelöst","","done",""
"tut.sz.g.schlechter","i18n","schlechter","peor","worse","i18n-Katalog (src/i18n) — über t() aufgelöst","","done",""
"tut.sz.g.wins","i18n","{n} Siege","{n} victorias","{n} wins","i18n-Katalog (src/i18n) — über t() aufgelöst","","done",""
"tut.sz.g.winsTie","i18n","{n} Siege, {t} gleich","{n} victorias, {t} empates","{n} wins, {t} tied","i18n-Katalog (src/i18n) — über t() aufgelöst","","done",""
"tut.sz.gegenAB","i18n","{a} gegen {b}","{a} contra {b}","{a} vs {b}","i18n-Katalog (src/i18n) — über t() aufgelöst","","done",""
"tut.sz.h.deckLabel","i18n","Dein ganzes Deck, {n} Positionen","Todo tu mazo, {n} posiciones","Your whole deck, {n} positions","i18n-Katalog (src/i18n) — über t() aufgelöst","","done",""
"tut.sz.h.eq1","i18n","Groß der **Wert**.","En grande, el **valor**.","Large, the **value**.","i18n-Katalog (src/i18n) — über t() aufgelöst","","done",""
"tut.sz.h.eq2","i18n","Unten die **Kürzel** der Formationen: {liste}.","Abajo, las **siglas** de las formaciones: {liste}.","Below, the formation **codes**: {liste}.","i18n-Katalog (src/i18n) — über t() aufgelöst","","done",""
"tut.sz.h.eq3","i18n","Oben rechts ihr **Multiplikator**, nur für diese eine Position.","Arriba a la derecha su **multiplicador**, solo para esta posición.","Top right its **multiplier**, for this one position only.","i18n-Katalog (src/i18n) — über t() aufgelöst","","done",""
"tut.sz.h.hint","i18n","Je {segment} Karten bilden ein Segment, {segments} Segmente ergeben die {cards} Karten eines Durchlaufs. Eine Formation gilt nur bis zum Ende ihres Segments. Manche Perks und Gebäude öffnen Segmentgrenzen, dann läuft sie darüber hinaus.","Cada {segment} cartas forman un segmento, y {segments} segmentos dan las {cards} cartas de un ciclo. Una formación solo vale hasta el final de su segmento. Algunas ventajas y edificios abren los límites de segmento, y entonces sigue más allá.","Every {segment} cards form a segment, and {segments} segments make up the {cards} cards of a cycle. A formation only counts to the end of its segment. Some perks and buildings open segment boundaries, and then it carries past them.","i18n-Katalog (src/i18n) — über t() aufgelöst","","done",""
"tut.sz.h.pos","i18n","Position {n}","Posición {n}","Position {n}","i18n-Katalog (src/i18n) — über t() aufgelöst","","done",""
"tut.sz.h.segLabel","i18n","Segment {s}, Positionen {a} bis {b}","Segmento {s}, posiciones {a} a {b}","Segment {s}, positions {a} to {b}","i18n-Katalog (src/i18n) — über t() aufgelöst","","done",""
"tut.sz.h.tap","i18n","Tipp eine Karte an.","Toca una carta.","Tap a card.","i18n-Katalog (src/i18n) — über t() aufgelöst","","done",""
"tut.sz.h.wert","i18n","Wert {v}. Liegt in {namen}.","Valor {v}. Está en {namen}.","Value {v}. Sits in {namen}.","i18n-Katalog (src/i18n) — über t() aufgelöst","","done",""
"tut.sz.h.wertKeine","i18n","Wert {v}. Liegt in keiner Formation.","Valor {v}. No está en ninguna formación.","Value {v}. Sits in no formation.","i18n-Katalog (src/i18n) — über t() aufgelöst","","done",""
"tut.sz.kampfwert","i18n","Kampfwert","Valor de combate","Combat value","i18n-Katalog (src/i18n) — über t() aufgelöst","","done",""
"tut.sz.los","i18n","Losspielen","Jugar","Play","i18n-Katalog (src/i18n) — über t() aufgelöst","","done",""
"tut.sz.mf.farbblock","i18n","Drei oder mehr Karten derselben Farbe nebeneinander, der Wert ist egal. Die rote Karte rechts außen zählt nicht mit: Die blaue unterbricht die Reihe.","Tres o más cartas del mismo color una junto a otra, el valor no importa. La carta roja del extremo derecho no cuenta: la azul rompe la fila.","Three or more cards of the same colour side by side, the value does not matter. The red card on the far right does not count: the blue one breaks the row.","i18n-Katalog (src/i18n) — über t() aufgelöst","","done",""
"tut.sz.mf.treppe","i18n","Drei oder mehr Werte, die Schritt für Schritt steigen, jeder Schritt höchstens {treppeStep}. Hier: 2, 5, 8.","Tres o más valores que suben paso a paso, cada paso como mucho {treppeStep}. Aquí: 2, 5, 8.","Three or more values climbing step by step, each step at most {treppeStep}. Here: 2, 5, 8.","i18n-Katalog (src/i18n) — über t() aufgelöst","","done",""
"tut.sz.mf.wechsel","i18n","Im Zick-Zack: hoch, runter, hoch. Jeder Sprung mindestens {wechselDiff}. Hier: 2, 9, 4. Die 6 danach bricht ab, ihr Sprung ist zu klein.","En zigzag: arriba, abajo, arriba. Cada salto al menos {wechselDiff}. Aquí: 2, 9, 4. El 6 siguiente rompe, su salto es demasiado pequeño.","Zigzag: up, down, up. Every jump at least {wechselDiff}. Here: 2, 9, 4. The 6 after that breaks off, its jump is too small.","i18n-Katalog (src/i18n) — über t() aufgelöst","","done",""
"tut.sz.mf.wiederholung","i18n","Zwei oder mehr gleiche Werte nebeneinander, die Farbe ist egal. Hier: die beiden 6er.","Dos o más valores iguales uno junto a otro, el color no importa. Aquí: los dos 6.","Two or more equal values side by side, the colour does not matter. Here: the two 6s.","i18n-Katalog (src/i18n) — über t() aufgelöst","","done",""
"tut.sz.n.merk1","i18n","**Ersetzen, nicht stapeln.** Nimmst du Stufe II, verschwindet Stufe I. Du hast danach +{b} anstatt +{a}.","**Sustituir, no acumular.** Si coges el nivel II, el nivel I desaparece. Después tienes +{b} en vez de +{a}.","**Replace, don't stack.** Take tier II and tier I disappears. You then have +{b} instead of +{a}.","i18n-Katalog (src/i18n) — über t() aufgelöst","","done",""
"tut.sz.na.auge","i18n","Lauf beendet","Partida terminada","Run complete","i18n-Katalog (src/i18n) — über t() aufgelöst","","done",""
"tut.sz.na.best.nm","i18n","Bestleistungen","Mejores marcas","Personal bests","i18n-Katalog (src/i18n) — über t() aufgelöst","","done",""
"tut.sz.na.best.txt","i18n","Beste Serie, bester Stich, meiste kritische Treffer. Was in diesem Lauf ein neuer Rekord war, ist markiert.","Mejor racha, mejor baza, más golpes críticos. Lo que fue récord nuevo en esta partida está marcado.","Best streak, best trick, most critical hits. Whatever was a new record this run is marked.","i18n-Katalog (src/i18n) — über t() aufgelöst","","done",""
"tut.sz.na.besterStich","i18n","Bester Stich","Mejor baza","Best trick","i18n-Katalog (src/i18n) — über t() aufgelöst","","done",""
"tut.sz.na.besteSerie","i18n","Beste Serie","Mejor racha","Best streak","i18n-Katalog (src/i18n) — über t() aufgelöst","","done",""
"tut.sz.na.bestLab","i18n","Bestleistungen","Mejores marcas","Personal bests","i18n-Katalog (src/i18n) — über t() aufgelöst","","done",""
"tut.sz.na.dp","i18n","Deck-Punkte","Puntos de mazo","Deck Points","i18n-Katalog (src/i18n) — über t() aufgelöst","","done",""
"tut.sz.na.durchlaeufe","i18n","Durchläufe","ciclos","cycles","i18n-Katalog (src/i18n) — über t() aufgelöst","","done",""
"tut.sz.na.jeStich","i18n","Stich","baza","trick","i18n-Katalog (src/i18n) — über t() aufgelöst","","done",""
"tut.sz.na.marken.nm","i18n","Meilensteine","Hitos","Milestones","i18n-Katalog (src/i18n) — über t() aufgelöst","","done",""
"tut.sz.na.marken.txt","i18n","Fünf Marken bei {m1}, {m2}, {m3}, {m4} und {m5} Millionen. Jede, die du überschreitest, zahlt zusätzlich. Wie viel, steht in der nächsten Lektion.","Cinco marcas en {m1}, {m2}, {m3}, {m4} y {m5} millones. Cada una que superas paga extra. Cuánto, en la próxima lección.","Five marks at {m1}, {m2}, {m3}, {m4} and {m5} million. Each one you pass pays extra. How much is in the next lesson.","i18n-Katalog (src/i18n) — über t() aufgelöst","","done",""
"tut.sz.na.meisteCrits","i18n","Meiste kritische Treffer","Más golpes críticos","Most critical hits","i18n-Katalog (src/i18n) — über t() aufgelöst","","done",""
"tut.sz.na.naechster","i18n","nächster bei {n} Mio","el siguiente a {n} M","next at {n}m","i18n-Katalog (src/i18n) — über t() aufgelöst","","done",""
"tut.sz.na.score.nm","i18n","Score und Rekord","Puntuación y récord","Score and record","i18n-Katalog (src/i18n) — über t() aufgelöst","","done",""
"tut.sz.na.score.txt","i18n","Ganz oben steht, was der Lauf gebracht hat. Daneben, wie weit du von deinem Rekord entfernt bist, oder dass du ihn gerade überholt hast.","Arriba del todo está lo que dio la partida. Al lado, lo lejos que estás de tu récord, o que lo acabas de superar.","At the very top is what the run brought. Next to it, how far you are from your record, or that you have just passed it.","i18n-Katalog (src/i18n) — über t() aufgelöst","","done",""
"tut.sz.na.waehrung.nm","i18n","Stichpunkte und Deck-Punkte","Puntos de baza y puntos de mazo","Trick Points and Deck Points","i18n-Katalog (src/i18n) — über t() aufgelöst","","done",""
"tut.sz.na.waehrung.txt","i18n","Die beiden Währungen. Stichpunkte kaufen Knoten im Upgrade-Baum, Deck-Punkte in der Werkstatt das Aussehen deines Decks.","Las dos monedas. Los Puntos de baza compran nodos en el árbol de mejoras, los puntos de mazo compran en el taller el aspecto de tu mazo.","The two currencies. Trick Points buy nodes in the upgrade tree, Deck Points buy your deck's look in the workshop.","i18n-Katalog (src/i18n) — über t() aufgelöst","","done",""
"tut.sz.na.zumRekord","i18n","zum Rekord","hasta el récord","to the record","i18n-Katalog (src/i18n) — über t() aufgelöst","","done",""
"tut.sz.nb.eqGrund","i18n","Grundstock **{n}** von beidem","Fondo base **{n}** de ambos","Base stock **{n}** of both","i18n-Katalog (src/i18n) — über t() aufgelöst","","done",""
"tut.sz.nb.eqKeine","i18n","Noch keine Marke erreicht, die erste liegt bei {m1} Mio","Aún ninguna marca alcanzada, la primera está en {m1} M","No mark reached yet, the first sits at {m1}m","i18n-Katalog (src/i18n) — über t() aufgelöst","","done",""
"tut.sz.nb.eqLabel","i18n","Wie sich das zusammensetzt","Cómo se compone","How that adds up","i18n-Katalog (src/i18n) — über t() aufgelöst","","done",""
"tut.sz.nb.eqMarken","i18n","Erreichte Marken **+{n}** von beidem","Marcas alcanzadas **+{n}** de ambos","Reached marks **+{n}** of both","i18n-Katalog (src/i18n) — über t() aufgelöst","","done",""
"tut.sz.nb.eqSumme","i18n","Macht **{sp} Stichpunkte** und **{dp} Deck-Punkte**","Da **{sp} Puntos de baza** y **{dp} puntos de mazo**","Makes **{sp} Trick Points** and **{dp} Deck Points**","i18n-Katalog (src/i18n) — über t() aufgelöst","","done",""
"tut.sz.nb.marken","i18n","{n} von {total} Meilensteinen","{n} de {total} hitos","{n} of {total} milestones","i18n-Katalog (src/i18n) — über t() aufgelöst","","done",""
"tut.sz.nb.maximum","i18n","Maximum","Máximo","Maximum","i18n-Katalog (src/i18n) — über t() aufgelöst","","done",""
"tut.sz.nb.scoreLab","i18n","Score des Laufs","Puntuación de la partida","Score of the run","i18n-Katalog (src/i18n) — über t() aufgelöst","","done",""
"tut.sz.nc.cover","i18n","{n} Knoten, die den Baufeld-Deckel des Architekten von {cover} auf {coverMax} Zellen heben.","{n} nodos que suben el tope de terreno del Arquitecto de {cover} a {coverMax} casillas.","{n} nodes that raise the Architect's build cap from {cover} to {coverMax} cells.","i18n-Katalog (src/i18n) — über t() aufgelöst","","done",""
"tut.sz.nc.decks","i18n","Decks","Mazos","Decks","i18n-Katalog (src/i18n) — über t() aufgelöst","","done",""
"tut.sz.nc.decksTxt","i18n","{n} Knoten. Sie schalten Eis und Pflanze frei und geben je Archetyp legendäre Kandidaten.","{n} nodos. Desbloquean Hielo y Planta y dan candidatos legendarios por arquetipo.","{n} nodes. They unlock Ice and Plant and give legendary candidates per archetype.","i18n-Katalog (src/i18n) — über t() aufgelöst","","done",""
"tut.sz.nc.drops","i18n","{n} Knoten für hochwertigere Perks und Gebäude im Angebot. Öffnet sich nach Legendär.","{n} nodos para ventajas y edificios de más calidad en la oferta. Se abre tras Legendario.","{n} nodes for higher-grade perks and buildings in the offer. Opens after Legendary.","i18n-Katalog (src/i18n) — über t() aufgelöst","","done",""
"tut.sz.nc.energy","i18n","{n} Knoten, die die Formations-Energie von {energy} auf {energyMax} heben.","{n} nodos que suben la energía de orden de {energy} a {energyMax}.","{n} nodes that raise the order energy from {energy} to {energyMax}.","i18n-Katalog (src/i18n) — über t() aufgelöst","","done",""
"tut.sz.nc.perk2","i18n","{n} Knoten. Der erste macht die zweite Perk-Phase zu einer generellen Legendär-Phase.","{n} nodos. El primero convierte la segunda fase de ventajas en una fase legendaria general.","{n} nodes. The first turns the second perk phase into a general legendary phase.","i18n-Katalog (src/i18n) — über t() aufgelöst","","done",""
"tut.sz.nc.rarity","i18n","{n} Knoten: erst Sehr selten, dann Episch, dann die legendäre Schicht.","{n} nodos: primero Muy rara, luego Épica, luego la capa dorada encima.","{n} nodes: first Rare, then Epic, then the gold layer on top.","i18n-Katalog (src/i18n) — über t() aufgelöst","","done",""
"tut.sz.nc.rerolls","i18n","{n} Knoten, jeder gibt einen Reroll mehr auf jedes Angebot: Perk, Gebäude und Skill.","{n} nodos, cada uno da un relanzamiento más en cada oferta: ventaja, edificio y habilidad.","{n} nodes, each gives one more reroll on every offer: perk, building and skill.","i18n-Katalog (src/i18n) — über t() aufgelöst","","done",""
"tut.sz.nc.tap","i18n","Tipp eine Bahn an.","Toca un carril.","Tap a lane.","i18n-Katalog (src/i18n) — über t() aufgelöst","","done",""
"tut.sz.neu","i18n","Neu","De nuevo","Redeal","i18n-Katalog (src/i18n) — über t() aufgelöst","","done",""
"tut.sz.niederlage","i18n","Niederlage","Derrota","Loss","i18n-Katalog (src/i18n) — über t() aufgelöst","","done",""
"tut.sz.nochmal","i18n","Noch mal","Otra vez","Again","i18n-Katalog (src/i18n) — über t() aufgelöst","","done",""
"tut.sz.pb.bisLabel","i18n","Bis zur Reife","Hasta la madurez","Until ripe","i18n-Katalog (src/i18n) — über t() aufgelöst","","done",""
"tut.sz.pb.bisN","i18n","{n} von {max}","{n} de {max}","{n} of {max}","i18n-Katalog (src/i18n) — über t() aufgelöst","","done",""
"tut.sz.pb.e1","i18n","Die **Zahl** färbt sich mit dem Wachstum von der Kartenfarbe ins Grün.","El **número** pasa con el crecimiento del color de la carta al verde.","The **number** shades with growth from the card colour into green.","i18n-Katalog (src/i18n) — über t() aufgelöst","","done",""
"tut.sz.pb.e2","i18n","Unten rechts läuft ein **Ring** mit, solange sie wächst und noch nicht reif ist.","Abajo a la derecha corre un **anillo** mientras crece y aún no está madura.","Bottom right a **ring** runs along while it grows and is not yet ripe.","i18n-Katalog (src/i18n) — über t() aufgelöst","","done",""
"tut.sz.pb.e3","i18n","Ab {g} Wachstum ist sie **reif**: der Ring verschwindet, die Karte bekommt einen grünen Rand und die Zahl leuchtet.","A partir de {g} de crecimiento está **madura**: el anillo desaparece, la carta recibe un borde verde y el número brilla.","From {g} growth it is **ripe**: the ring disappears, the card gets a green rim and the number glows.","i18n-Katalog (src/i18n) — über t() aufgelöst","","done",""
"tut.sz.pb.frisch","i18n","Frisch","Fresca","Fresh","i18n-Katalog (src/i18n) — über t() aufgelöst","","done",""
"tut.sz.pb.hReif","i18n","Reif. Je {pro} weitere Wachstum steigt der Wert um {plus}, bis {cap}.","Madura. Cada {pro} de crecimiento más sube el valor en {plus}, hasta {cap}.","Ripe. Every further {pro} growth raises the value by {plus}, up to {cap}.","i18n-Katalog (src/i18n) — über t() aufgelöst","","done",""
"tut.sz.pb.hReifMix","i18n","Reif. Der Wert steigt nicht, weil ein fremder Skill im Bau ist.","Madura. El valor no sube porque hay una habilidad ajena en la construcción.","Ripe. The value does not rise because an outside skill is in the build.","i18n-Katalog (src/i18n) — über t() aufgelöst","","done",""
"tut.sz.pb.hWachs","i18n","Ein Sieg dieser Karte gibt bis zu +{plus} Wachstum.","Una victoria de esta carta da hasta +{plus} de crecimiento.","A win of this card gives up to +{plus} growth.","i18n-Katalog (src/i18n) — über t() aufgelöst","","done",""
"tut.sz.pb.mix","i18n","Auch ein fremder","También una ajena","One outsider too","i18n-Katalog (src/i18n) — über t() aufgelöst","","done",""
"tut.sz.pb.nmFrisch","i18n","Frisch","Fresca","Fresh","i18n-Katalog (src/i18n) — über t() aufgelöst","","done",""
"tut.sz.pb.nmReif","i18n","Reif, also grün","Madura, o sea verde","Ripe, so green","i18n-Katalog (src/i18n) — über t() aufgelöst","","done",""
"tut.sz.pb.nmSetzling","i18n","Setzling","Plantón","Seedling","i18n-Katalog (src/i18n) — über t() aufgelöst","","done",""
"tut.sz.pb.nmVoll","i18n","Voll ausgewachsen","Crecida del todo","Fully grown","i18n-Katalog (src/i18n) — über t() aufgelöst","","done",""
"tut.sz.pb.reif","i18n","reif","madura","ripe","i18n-Katalog (src/i18n) — über t() aufgelöst","","done",""
"tut.sz.pb.reifBtn","i18n","Reif","Madura","Ripe","i18n-Katalog (src/i18n) — über t() aufgelöst","","done",""
"tut.sz.pb.rein","i18n","Nur Pflanzen-Skills","Solo habilidades de Planta","Plant skills only","i18n-Katalog (src/i18n) — über t() aufgelöst","","done",""
"tut.sz.pb.skillsHint","i18n","Wie **schnell** sie wächst, hängt an der Zahl deiner Pflanzen-Skills: mit einem etwa ein Drittel Tempo, volles Tempo ab {ref}. Ob sie dabei auch **wertvoller** wird, hängt daran, dass kein fremder Skill dabei ist.","Lo **rápido** que crece depende del número de tus habilidades de Planta: con una, un tercio del ritmo; ritmo pleno a partir de {ref}. Que además se vuelva **más valiosa** depende de que no haya ninguna habilidad ajena.","How **fast** it grows hangs on the number of your plant skills: with one about a third of the speed, full speed from {ref}. Whether it also becomes **more valuable** hangs on no outside skill being present.","i18n-Katalog (src/i18n) — über t() aufgelöst","","done",""
"tut.sz.pb.skillsLabel","i18n","Was für Skills hältst du?","¿Qué habilidades tienes?","What skills do you hold?","i18n-Katalog (src/i18n) — über t() aufgelöst","","done",""
"tut.sz.pb.txtFrisch","i18n","Noch kein Wachstum. Eine gewöhnliche Karte.","Aún sin crecimiento. Una carta corriente.","No growth yet. An ordinary card.","i18n-Katalog (src/i18n) — über t() aufgelöst","","done",""
"tut.sz.pb.txtMix","i18n","Gemischter Bau: die Karte wird grün, aber ihr Wert bleibt bei {w}.","Construcción mixta: la carta se vuelve verde, pero su valor se queda en {w}.","Mixed build: the card turns green, but its value stays at {w}.","i18n-Katalog (src/i18n) — über t() aufgelöst","","done",""
"tut.sz.pb.txtReif","i18n","Ab {g} Wachstum grün. Je {pro} Wachstum ist sie um {plus} wertvoller geworden.","Verde a partir de {g} de crecimiento. Por cada {pro} de crecimiento se ha vuelto {plus} más valiosa.","Green from {g} growth. For every {pro} growth it has become {plus} more valuable.","i18n-Katalog (src/i18n) — über t() aufgelöst","","done",""
"tut.sz.pb.txtSetzling","i18n","Wächst, aber noch nicht reif. Ein Setzling zählt noch nicht zum grünen Farbblock.","Crece, pero aún no está madura. Un plantón todavía no cuenta para el bloque de palo verde.","Growing, but not ripe yet. A seedling does not yet count for the green colour block.","i18n-Katalog (src/i18n) — über t() aufgelöst","","done",""
"tut.sz.pb.txtVoll","i18n","Wert {cap}, der Deckel. Weiteres Wachstum zahlt nur noch über die legendären Bäume.","Valor {cap}, el tope. Más crecimiento solo paga a través de los árboles legendarios.","Value {cap}, the cap. Further growth only pays through the legendary trees.","i18n-Katalog (src/i18n) — über t() aufgelöst","","done",""
"tut.sz.pb.vollBtn","i18n","Voll","Llena","Full","i18n-Katalog (src/i18n) — über t() aufgelöst","","done",""
"tut.sz.pb.wachsLabel","i18n","Wachstum","Crecimiento","Growth","i18n-Katalog (src/i18n) — über t() aufgelöst","","done",""
"tut.sz.pb.wert","i18n","Wert {v}","Valor {v}","Value {v}","i18n-Katalog (src/i18n) — über t() aufgelöst","","done",""
"tut.sz.pc.eqBlock","i18n","× {fb} {f}{zusatz} = **{v}**","× {fb} {f}{zusatz} = **{v}**","× {fb} {f}{zusatz} = **{v}**","i18n-Katalog (src/i18n) — über t() aufgelöst","","done",""
"tut.sz.pc.eqBlockAb","i18n","(erst ab {min} grünen nebeneinander)","(solo a partir de {min} verdes seguidas)","(only from {min} greens side by side)","i18n-Katalog (src/i18n) — über t() aufgelöst","","done",""
"tut.sz.pc.eqBluete","i18n","+ {sk} {teil} = **{v}**","+ {sk} {teil} = **{v}**","+ {sk} {teil} = **{v}**","i18n-Katalog (src/i18n) — über t() aufgelöst","","done",""
"tut.sz.pc.eqGesamt","i18n","Der Stich zahlt **{v}**","La baza paga **{v}**","The trick pays **{v}**","i18n-Katalog (src/i18n) — über t() aufgelöst","","done",""
"tut.sz.pc.eqHint","i18n","Angenommen, du hältst **{b}** und **{u}**. Die anderen Segmente rechnen genauso.","Suponiendo que tienes **{b}** y **{u}**. Los otros segmentos calculan igual.","Assuming you hold **{b}** and **{u}**. The other segments count the same way.","i18n-Katalog (src/i18n) — über t() aufgelöst","","done",""
"tut.sz.pc.eqLabel","i18n","Ein grüner Sieg in Segment 1","Una victoria verde en el segmento 1","A green win in segment 1","i18n-Katalog (src/i18n) — über t() aufgelöst","","done",""
"tut.sz.pc.feldLabel","i18n","Fünfzehn Karten deines Decks","Quince cartas de tu mazo","Fifteen cards of your deck","i18n-Katalog (src/i18n) — über t() aufgelöst","","done",""
"tut.sz.pc.grau","i18n","grau","gris","grey","i18n-Katalog (src/i18n) — über t() aufgelöst","","done",""
"tut.sz.pc.gruene","i18n","{n} grüne","{n} verdes","{n} green","i18n-Katalog (src/i18n) — über t() aufgelöst","","done",""
"tut.sz.pc.merkCap","i18n","**Der grüne Farbblock zahlt ×{a}**, egal wie viele grüne Karten nebeneinander liegen. Bei jeder anderen Farbe wächst der Faktor mit jeder weiteren Karte.","**El bloque de palo verde paga ×{a}**, da igual cuántas cartas verdes haya seguidas. Con cualquier otro palo el factor crece con cada carta más.","**The green colour block pays ×{a}**, no matter how many green cards sit side by side. With any other colour the factor grows with every further card.","i18n-Katalog (src/i18n) — über t() aufgelöst","","done",""
"tut.sz.pc.merkUeber","i18n","**{skill}.** Der Farbblock steigt von ×{a} auf ×{b} und der Blüten-Score zählt doppelt.","**{skill}.** El bloque de palo sube de ×{a} a ×{b} y la puntuación de flor cuenta doble.","**{skill}.** The colour block rises from ×{a} to ×{b} and the bloom score counts double.","i18n-Katalog (src/i18n) — über t() aufgelöst","","done",""
"tut.sz.pc.nm","i18n","{n} von {max} grün","{n} de {max} verdes","{n} of {max} green","i18n-Katalog (src/i18n) — über t() aufgelöst","","done",""
"tut.sz.pc.teilBraucht","i18n","braucht auch {min} grüne nebeneinander","también necesita {min} verdes seguidas","also needs {min} greens side by side","i18n-Katalog (src/i18n) — über t() aufgelöst","","done",""
"tut.sz.pc.txtNoch","i18n","Noch {n} Karten bis {skill}.","Faltan {n} cartas para {skill}.","{n} more cards until {skill}.","i18n-Katalog (src/i18n) — über t() aufgelöst","","done",""
"tut.sz.pc.txtUeber","i18n","{skill} ist aktiv.","{skill} está activa.","{skill} is active.","i18n-Katalog (src/i18n) — über t() aufgelöst","","done",""
"tut.sz.sg.dreiMerk","i18n","**Jetzt ist es ein Block über neun Karten.** Weil der Faktor mit jeder Karte weiter steigt, trägt die letzte deutlich mehr, als vorher das Maximum war.","**Ahora es un bloque de nueve cartas.** Como el factor sigue subiendo con cada carta, la última lleva claramente más que el máximo anterior.","**Now it is one block across nine cards.** Because the factor keeps rising with every card, the last one carries clearly more than the previous maximum.","i18n-Katalog (src/i18n) — über t() aufgelöst","","done",""
"tut.sz.sg.geschlossen","i18n","geschlossen","cerrado","closed","i18n-Katalog (src/i18n) — über t() aufgelöst","","done",""
"tut.sz.sg.grenze","i18n","Segmentgrenze {n}","Límite de segmento {n}","Segment boundary {n}","i18n-Katalog (src/i18n) — über t() aufgelöst","","done",""
"tut.sz.sg.offen","i18n","offen","abierto","open","i18n-Katalog (src/i18n) — über t() aufgelöst","","done",""
"tut.sz.sg.offenBonus","i18n","offen, mit Grenzbonus","abierto, con bono de límite","open, with boundary bonus","i18n-Katalog (src/i18n) — über t() aufgelöst","","done",""
"tut.sz.sg.summeTxt","i18n","Summe der Formations-Faktoren über alle fünfzehn Karten","Suma de los factores de formación de las quince cartas","Sum of the formation factors over all fifteen cards","i18n-Katalog (src/i18n) — über t() aufgelöst","","done",""
"tut.sz.sg.vierMerk","i18n","**{segIV} legt auf jede Karte des Blocks noch einen Zuschlag.** Auch auf die beiden ersten, die für sich genommen noch gar keinen Faktor tragen.","**{segIV} añade un recargo a cada carta del bloque.** También a las dos primeras, que por sí solas no llevan factor alguno.","**{segIV} puts a surcharge on every card of the block.** Even on the first two, which on their own carry no factor at all.","i18n-Katalog (src/i18n) — über t() aufgelöst","","done",""
"tut.sz.sg.zu","i18n","Grenzen zu","Límites cerrados","Boundaries closed","i18n-Katalog (src/i18n) — über t() aufgelöst","","done",""
"tut.sz.sg.zuMerk","i18n","**Zwei rote im ersten Segment, fünf in der Mitte, zwei im letzten.** Nur die fünf in der Mitte bilden einen Block. Von den vier an den Rändern kommt nichts an, obwohl sie dieselbe Farbe haben und direkt daneben liegen.","**Dos rojas en el primer segmento, cinco en el medio, dos en el último.** Solo las cinco del medio forman un bloque. De las cuatro de los bordes no llega nada, aunque tienen el mismo palo y están justo al lado.","**Two reds in the first segment, five in the middle, two in the last.** Only the five in the middle form a block. Nothing arrives from the four at the edges, although they have the same suit and sit right next to it.","i18n-Katalog (src/i18n) — über t() aufgelöst","","done",""
"tut.sz.sg.zuNm","i18n","Grenzen zu","Límites cerrados","Boundaries closed","i18n-Katalog (src/i18n) — über t() aufgelöst","","done",""
"tut.sz.sieg","i18n","Sieg","Victoria","Win","i18n-Katalog (src/i18n) — über t() aufgelöst","","done",""
"tut.sz.ue.bunt","i18n","Ein gleichfarbiges Segment trägt hier drei Formationen zugleich. Jede Karte steckt in mindestens zwei, ihre Faktoren multiplizieren sich.","Un segmento del mismo color lleva aquí tres formaciones a la vez. Cada carta está en al menos dos, sus factores se multiplican.","A same-coloured segment carries three formations at once here. Every card sits in at least two, their factors multiply.","i18n-Katalog (src/i18n) — über t() aufgelöst","","done",""
"tut.sz.ue.buntBtn","i18n","Farbblock + Treppe","Bloque de palo + escalera","Colour block + staircase","i18n-Katalog (src/i18n) — über t() aufgelöst","","done",""
"tut.sz.ue.zick","i18n","Auch ohne gleiche Farben stapelt es sich: Die zweite 1 steckt in beiden Formationen und zählt doppelt.","También sin colores iguales se apila: el segundo 1 está en ambas formaciones y cuenta doble.","It stacks even without matching colours: the second 1 sits in both formations and counts twice.","i18n-Katalog (src/i18n) — über t() aufgelöst","","done",""
"tut.sz.ue.zickBtn","i18n","Wiederholung + Wechsel","Repetición + zigzag","Repeat + zigzag","i18n-Katalog (src/i18n) — über t() aufgelöst","","done",""
"tut.sz.und","i18n","und","y","and","i18n-Katalog (src/i18n) — über t() aufgelöst","","done",""
"tut.tip","i18n","Tipp","Consejo","Tip","i18n-Katalog (src/i18n) — über t() aufgelöst","","done",""
"tut.title","i18n","Tutorial","Tutorial","Tutorial","i18n-Katalog (src/i18n) — über t() aufgelöst","","done",""
"tut.wahl.kategorien.0","i18n","Jeder Perk trägt oben links seine Kategorie.","Cada ventaja lleva su categoría arriba a la izquierda.","Every perk carries its category top left.","i18n-Katalog (src/i18n) — über t() aufgelöst","","done",""
"tut.wahl.kategorien.title","i18n","Die Kategorien","Las categorías","The categories","i18n-Katalog (src/i18n) — über t() aufgelöst","","done",""
"tut.wahl.legendaer.0","i18n","Legendäre sind besonders starke Perks und müssen erst freigeschaltet werden.","Las legendarias son ventajas especialmente fuertes y hay que desbloquearlas primero.","Legendaries are especially strong perks and have to be unlocked first.","i18n-Katalog (src/i18n) — über t() aufgelöst","","done",""
"tut.wahl.legendaer.title","i18n","Legendär","Legendario","Legendary","i18n-Katalog (src/i18n) — über t() aufgelöst","","done",""
"tut.wahl.raritaet.0","i18n","Perks kommen in unterschiedlicher Rarität, sichtbar am Rahmen.","Las ventajas vienen en distintas rarezas, visibles en el borde.","Perks come in different levels of rarity, visible on the border.","i18n-Katalog (src/i18n) — über t() aufgelöst","","done",""
"tut.wahl.raritaet.title","i18n","Raritäten","Rarezas","Rarities","i18n-Katalog (src/i18n) — über t() aufgelöst","","done",""
"tut.wahl.sub","i18n","Angebote, Skill-Slots, Kategorien, Raritäten.","Ofertas, ranuras de habilidad, categorías, rarezas.","Offers, skill slots, categories, rarities.","i18n-Katalog (src/i18n) — über t() aufgelöst","","done",""
"tut.wahl.title","i18n","Perks und Skills","Ventajas y habilidades","Perks and skills","i18n-Katalog (src/i18n) — über t() aufgelöst","","done",""
"unlock.allArchetypesRun","i18n","Schließe einen Lauf mit allen vier Elementen ab","Termina una partida con los cuatro elementos","Finish a run using all four elements","i18n-Katalog (src/i18n) — über t() aufgelöst","","done",""
"unlock.allMonoArchetypes","i18n","Schalte alle vier Element-Decks frei (je {n} Mono-Läufe)","Desbloquea los cuatro mazos elementales ({n} partidas mono cada uno)","Unlock all four element decks ({n} mono runs each)","i18n-Katalog (src/i18n) — über t() aufgelöst","","done",""
"unlock.buy","i18n","In der Deck-Werkstatt mit Deckpunkten (DP) kaufen","Cómpralo en el taller de mazos con Puntos de mazo (PM)","Buy it in the deck workshop with Deck Points (DP)","i18n-Katalog (src/i18n) — über t() aufgelöst","","done",""
"unlock.championWeek","i18n","Beende eine Wochen-Rangliste auf Platz 1 (Challenger-Archiv)","Termina una clasificación semanal en el puesto 1 (archivo Challenger)","Finish a weekly ranking in first place (Challenger archive)","i18n-Katalog (src/i18n) — über t() aufgelöst","","done",""
"unlock.championWeekN","i18n","Beende {n} Wochen-Ranglisten auf Platz 1 (Challenger-Archiv)","Termina {n} clasificaciones semanales en el puesto 1 (archivo Challenger)","Finish {n} weekly rankings in first place (Challenger archive)","i18n-Katalog (src/i18n) — über t() aufgelöst","","done",""
"unlock.completedGames","i18n","Schließe {n} Läufe ab","Termina {n} partidas","Finish {n} runs","i18n-Katalog (src/i18n) — über t() aufgelöst","","done",""
"unlock.completedRun","i18n","Schließe einen Lauf vollständig ab","Termina una partida completa","Finish a run all the way through","i18n-Katalog (src/i18n) — über t() aufgelöst","","done",""
"unlock.gottgleichRun","i18n","Löse zum ersten Mal einen „Gottgleich“-Stich aus","Provoca por primera vez una baza “DIVINO”","Trigger a “GODLIKE” trick for the first time","i18n-Katalog (src/i18n) — über t() aufgelöst","","done",""
"unlock.meisterNoReroll","i18n","Schließe einen Ranglisten-Wochenlauf ohne einen einzigen Reroll ab","Termina una partida clasificatoria semanal sin un solo relanzamiento","Finish a weekly ranked run without a single reroll","i18n-Katalog (src/i18n) — über t() aufgelöst","","done",""
"unlock.monoArchetypeRun","i18n","Schließe {n} Läufe nur mit {archetype}-Skills ab","Termina {n} partidas solo con habilidades de {archetype}","Finish {n} runs with {archetype} skills only","i18n-Katalog (src/i18n) — über t() aufgelöst","","done",""
"unlock.none","i18n","Immer verfügbar","Siempre disponible","Always available","i18n-Katalog (src/i18n) — über t() aufgelöst","","done",""
"unlock.noRerollRun","i18n","Schließe einen Lauf ab, ohne einen Reroll zu benutzen","Termina una partida sin usar ni un solo relanzamiento","Finish a run without using a single reroll","i18n-Katalog (src/i18n) — über t() aufgelöst","","done",""
"unlock.onboardingDone","i18n","Schließe das Onboarding ab","Termina la introducción","Finish the onboarding","i18n-Katalog (src/i18n) — über t() aufgelöst","","done",""
"unlock.score","i18n","Erreiche Score {n}","Alcanza {n} de puntuación","Reach a score of {n}","i18n-Katalog (src/i18n) — über t() aufgelöst","","done",""
"unlock.streak","i18n","Erreiche eine Serie von {n}","Consigue una racha de {n}","Reach a streak of {n}","i18n-Katalog (src/i18n) — über t() aufgelöst","","done",""
"update.available","i18n","Neue Version verfügbar","Nueva versión disponible","New version available","i18n-Katalog (src/i18n) — über t() aufgelöst","","done",""
"update.dismiss","i18n","Ausblenden","Ocultar","Dismiss","i18n-Katalog (src/i18n) — über t() aufgelöst","","done",""
"update.reload","i18n","Neu laden","Recargar","Reload","i18n-Katalog (src/i18n) — über t() aufgelöst","","done",""
"upgrades.buy","i18n","Kaufen · {cost} SP","Comprar · {cost} PB","Buy · {cost} TP","i18n-Katalog (src/i18n) — über t() aufgelöst","","done",""
"upgrades.buy.short","i18n","{cost} SP","{cost} PB","{cost} TP","i18n-Katalog (src/i18n) — über t() aufgelöst","","done",""
"upgrades.buyable","i18n","kaufbar","se pueden comprar","buyable","i18n-Katalog (src/i18n) — über t() aufgelöst","","done",""
"upgrades.chall.done","i18n","Freigeschaltet","Desbloqueado","Unlocked","i18n-Katalog (src/i18n) — über t() aufgelöst","","done",""
"upgrades.chall.label","i18n","Herausforderung","Desafío","Challenge","i18n-Katalog (src/i18n) — über t() aufgelöst","","done",""
"upgrades.chall.link","i18n","Werkstatt ›","Taller ›","Workshop ›","i18n-Katalog (src/i18n) — über t() aufgelöst","","done",""
"upgrades.deckLead","i18n","Deck","Mazo","Deck","i18n-Katalog (src/i18n) — über t() aufgelöst","","done",""
"upgrades.details","i18n","Details ›","Detalles ›","Details ›","i18n-Katalog (src/i18n) — über t() aufgelöst","","done",""
"upgrades.eyebrow","i18n","Upgrades","Mejoras","Upgrades","i18n-Katalog (src/i18n) — über t() aufgelöst","","done",""
"upgrades.free","i18n","frei","gratis","free","i18n-Katalog (src/i18n) — über t() aufgelöst","","done",""
"upgrades.impact.cover","i18n","Baufeld","Espacio de construcción","Build space","i18n-Katalog (src/i18n) — über t() aufgelöst","","done",""
"upgrades.impact.dropNow","i18n","Perk-Qualität jetzt","Calidad de ventajas ahora","Perk quality now","i18n-Katalog (src/i18n) — über t() aufgelöst","","done",""
"upgrades.impact.energy","i18n","Formations-Energie","Energía de orden","Order energy","i18n-Katalog (src/i18n) — über t() aufgelöst","","done",""
"upgrades.impact.legRerolls","i18n","Legendär-Rerolls","Relanzamientos legendarios","Legendary rerolls","i18n-Katalog (src/i18n) — über t() aufgelöst","","done",""
"upgrades.impact.maxed","i18n","Maximiert","Al máximo","Maxed out","i18n-Katalog (src/i18n) — über t() aufgelöst","","done",""
"upgrades.impact.of","i18n","von {max}","de {max}","of {max}","i18n-Katalog (src/i18n) — über t() aufgelöst","","done",""
"upgrades.impact.rerolls","i18n","Rerolls je Angebot","Relanzamientos por oferta","Rerolls per offer","i18n-Katalog (src/i18n) — über t() aufgelöst","","done",""
"upgrades.impact.title","i18n","Was der Baum gerade bewirkt","Lo que el árbol hace ahora mismo","What the tree does right now","i18n-Katalog (src/i18n) — über t() aufgelöst","","done",""
"upgrades.lane.cover","i18n","Baufeld","Espacio de construcción","Build space","i18n-Katalog (src/i18n) — über t() aufgelöst","","done",""
"upgrades.lane.drops","i18n","Drop-Raten","Tasas de aparición","Drop rates","i18n-Katalog (src/i18n) — über t() aufgelöst","","done",""
"upgrades.lane.energy","i18n","Energie","Energía","Energy","i18n-Katalog (src/i18n) — über t() aufgelöst","","done",""
"upgrades.lane.note.afterLeg","i18n","öffnet sich mit Rarität · Legendär","se abre con Rareza · Legendaria","opens with Rarity · Legendary","i18n-Katalog (src/i18n) — über t() aufgelöst","","done",""
"upgrades.lane.perk2","i18n","2. Perk-Phase","Fase de ventajas 2","2nd perk phase","i18n-Katalog (src/i18n) — über t() aufgelöst","","done",""
"upgrades.lane.rarity","i18n","Rarität","Rareza","Rarity","i18n-Katalog (src/i18n) — über t() aufgelöst","","done",""
"upgrades.lane.rerolls","i18n","Rerolls","Relanzamientos","Rerolls","i18n-Katalog (src/i18n) — über t() aufgelöst","","done",""
"upgrades.leg.missing","i18n","{n} SP fehlen","Faltan {n} PB","{n} TP short","i18n-Katalog (src/i18n) — über t() aufgelöst","","done",""
"upgrades.legend.hint","i18n","Klick auf einen Knoten erklärt ihn.","Haz clic en un nodo para que te lo expliquen.","Click a node to have it explained.","i18n-Katalog (src/i18n) — über t() aufgelöst","","done",""
"upgrades.legPhase","i18n","Legendär-Phase","Fase legendaria","Legendary phase","i18n-Katalog (src/i18n) — über t() aufgelöst","","done",""
"upgrades.locked","i18n","gesperrt","bloqueadas","locked","i18n-Katalog (src/i18n) — über t() aufgelöst","","done",""
"upgrades.nav.decks","i18n","Decks","Mazos","Decks","i18n-Katalog (src/i18n) — über t() aufgelöst","","done",""
"upgrades.owned","i18n","gekauft","compradas","owned","i18n-Katalog (src/i18n) — über t() aufgelöst","","done",""
"upgrades.page.general","i18n","Allgemein","General","General","i18n-Katalog (src/i18n) — über t() aufgelöst","","done",""
"upgrades.page.generalHint","i18n","Gilt für jeden Lauf, unabhängig vom Deck.","Se aplica a todas las partidas, sea cual sea el mazo.","Applies to every run, whatever the deck.","i18n-Katalog (src/i18n) — über t() aufgelöst","","done",""
"upgrades.ranked.free","i18n","Freigeschaltet","Desbloqueada","Unlocked","i18n-Katalog (src/i18n) — über t() aufgelöst","","done",""
"upgrades.ranked.label","i18n","Ranglisten-Lauf","Partida clasificatoria","Ranked run","i18n-Katalog (src/i18n) — über t() aufgelöst","","done",""
"upgrades.ranked.open","i18n","Noch nicht freigeschaltet","Aún no desbloqueada","Not unlocked yet","i18n-Katalog (src/i18n) — über t() aufgelöst","","done",""
"upgrades.readout.nodes","i18n","Knoten","Nodos","Nodes","i18n-Katalog (src/i18n) — über t() aufgelöst","","done",""
"upgrades.readout.nodes.val","i18n","{owned} / {total}","{owned} / {total}","{owned} / {total}","i18n-Katalog (src/i18n) — über t() aufgelöst","","done",""
"upgrades.readout.sp","i18n","Guthaben","Saldo","Balance","i18n-Katalog (src/i18n) — über t() aufgelöst","","done",""
"upgrades.respec","i18n","↺ Zurücksetzen","↺ Restablecer","↺ Respec","i18n-Katalog (src/i18n) — über t() aufgelöst","","done",""
"upgrades.skills.legendary","i18n","Legendäre Skills","Habilidades legendarias","Legendary skills","i18n-Katalog (src/i18n) — über t() aufgelöst","","done",""
"upgrades.skills.title","i18n","Skills dieser Fraktion","Habilidades de este arquetipo","Skills of this faction","i18n-Katalog (src/i18n) — über t() aufgelöst","","done",""
"upgrades.soon","i18n","Bald = Platzhalter","Pronto = marcador de posición","Soon = placeholder","i18n-Katalog (src/i18n) — über t() aufgelöst","","done",""
"upgrades.state.after","i18n","Erst nach: {name}","Solo después de: {name}","After: {name}","i18n-Katalog (src/i18n) — über t() aufgelöst","","done",""
"upgrades.state.buyable","i18n","Kaufbar","Se puede comprar","Buyable","i18n-Katalog (src/i18n) — über t() aufgelöst","","done",""
"upgrades.state.locked","i18n","Noch gesperrt","Aún bloqueado","Still locked","i18n-Katalog (src/i18n) — über t() aufgelöst","","done",""
"upgrades.state.lockGate","i18n","Braucht eine freigeschaltete Legendär-Stufe","Necesita un nivel legendario desbloqueado","Needs an unlocked legendary tier","i18n-Katalog (src/i18n) — über t() aufgelöst","","done",""
"upgrades.state.lockSp","i18n","Zu wenig SP: kostet {cost} SP","PB insuficientes: cuesta {cost} PB","Not enough TP: costs {cost} TP","i18n-Katalog (src/i18n) — über t() aufgelöst","","done",""
"upgrades.state.needPrereq","i18n","Vorgänger nötig","Requiere el nodo anterior","Requires the previous node","i18n-Katalog (src/i18n) — über t() aufgelöst","","done",""
"upgrades.state.owned","i18n","Gekauft","Comprado","Bought","i18n-Katalog (src/i18n) — über t() aufgelöst","","done",""
"upgrades.state.soon","i18n","Bald","Pronto","Soon","i18n-Katalog (src/i18n) — über t() aufgelöst","","done",""
"upgrades.state.soonFull","i18n","Bald verfügbar","Disponible pronto","Coming soon","i18n-Katalog (src/i18n) — über t() aufgelöst","","done",""
"upgrades.subtitle","i18n","Dauerhafte Verbesserungen für jeden Lauf.","Mejoras permanentes para todas las partidas.","Permanent improvements for every run.","i18n-Katalog (src/i18n) — über t() aufgelöst","","done",""
"upgrades.tab.decks","i18n","Decks","Mazos","Decks","i18n-Katalog (src/i18n) — über t() aufgelöst","","done",""
"upgrades.tab.gen","i18n","Allgemein","General","General","i18n-Katalog (src/i18n) — über t() aufgelöst","","done",""
"upgrades.tapHint","i18n","Knoten antippen zeigt, was er bewirkt.","Toca un nodo para ver lo que hace.","Tap a node to see what it does.","i18n-Katalog (src/i18n) — über t() aufgelöst","","done",""
"upgrades.title","i18n","Upgrade-Baum","Árbol de mejoras","Upgrade Tree","i18n-Katalog (src/i18n) — über t() aufgelöst","","done",""
"weekmod.blockArch.desc","i18n","{v} Baufeld-Zellen blockiert","{v} celdas del espacio de construcción bloqueadas","{v} build-space cells are blocked","i18n-Katalog (src/i18n) — über t() aufgelöst","","done",""
"weekmod.blockArch.name","i18n","Gesperrte Baufeld-Zellen","Celdas de construcción bloqueadas","Blocked build cells","i18n-Katalog (src/i18n) — über t() aufgelöst","","done",""
"weekmod.blockForm.desc","i18n","{v} Positionen der Aufstellung blockiert","{v} posiciones del orden de robo bloqueadas","{v} positions of the draw order are blocked","i18n-Katalog (src/i18n) — über t() aufgelöst","","done",""
"weekmod.blockForm.name","i18n","Gesperrte Aufstell-Felder","Posiciones de orden bloqueadas","Blocked order slots","i18n-Katalog (src/i18n) — über t() aufgelöst","","done",""
"weekmod.buildBoost.desc","i18n","Gebäude-Boni ×2","Bonificaciones de edificio ×2","Building bonuses ×2","i18n-Katalog (src/i18n) — über t() aufgelöst","","done",""
"weekmod.buildBoost.name","i18n","Bau-Boost","Impulso de construcción","Build boost","i18n-Katalog (src/i18n) — über t() aufgelöst","","done",""
"weekmod.deckShuffle.desc","i18n","Deck wird vor jeder Aufstellungsphase neu gemischt","El mazo se baraja de nuevo antes de cada fase de orden","The deck is reshuffled before every order phase","i18n-Katalog (src/i18n) — über t() aufgelöst","","done",""
"weekmod.deckShuffle.name","i18n","Deck-Shuffle","Barajado del mazo","Deck shuffle","i18n-Katalog (src/i18n) — über t() aufgelöst","","done",""
"weekmod.doubleLeg.desc","i18n","2 legendäre Slots: in der Legendär-Phase 2 wählbar","2 ranuras legendarias: en la fase legendaria puedes elegir 2","2 legendary slots: pick 2 in the legendary phase","i18n-Katalog (src/i18n) — über t() aufgelöst","","done",""
"weekmod.doubleLeg.name","i18n","Doppel-Legendär","Legendaria doble","Double legendary","i18n-Katalog (src/i18n) — über t() aufgelöst","","done",""
"weekmod.energyEbb.desc","i18n","Start mit 0 Formations-Energie","Empiezas con 0 de energía de orden","Start with 0 order energy","i18n-Katalog (src/i18n) — über t() aufgelöst","","done",""
"weekmod.energyEbb.name","i18n","Energie-Ebbe","Marea baja de energía","Energy ebb","i18n-Katalog (src/i18n) — über t() aufgelöst","","done",""
"weekmod.energyFlood.desc","i18n","Doppelte Formations-Energie","El doble de energía de orden","Double order energy","i18n-Katalog (src/i18n) — über t() aufgelöst","","done",""
"weekmod.energyFlood.name","i18n","Energie-Flut","Marea alta de energía","Energy flood","i18n-Katalog (src/i18n) — über t() aufgelöst","","done",""
"weekmod.formBoost.desc","i18n","Formations-Boni ×2","Bonificaciones de formación ×2","Formation bonuses ×2","i18n-Katalog (src/i18n) — über t() aufgelöst","","done",""
"weekmod.formBoost.name","i18n","Formations-Boost","Impulso de formación","Formation boost","i18n-Katalog (src/i18n) — über t() aufgelöst","","done",""
"weekmod.legTakt.desc","i18n","Jede {v}. Perk-Phase: 3 Legendär-Perks","Cada {v} fases de ventajas: 3 ventajas legendarias","Every {v} perk phases: 3 legendary perks","i18n-Katalog (src/i18n) — über t() aufgelöst","","done",""
"weekmod.legTakt.name","i18n","Legendär-Takt","Cadencia legendaria","Legendary cadence","i18n-Katalog (src/i18n) — über t() aufgelöst","","done",""
"weekmod.noBuildLimit.desc","i18n","Unbegrenzt bauen","Construir sin límite","Build without a limit","i18n-Katalog (src/i18n) — über t() aufgelöst","","done",""
"weekmod.noBuildLimit.name","i18n","Kein Gebäudelimit","Sin límite de edificios","No build limit","i18n-Katalog (src/i18n) — über t() aufgelöst","","done",""
"weekmod.noReroll.desc","i18n","0 Rerolls (alle Pools)","0 relanzamientos (todas las reservas)","0 rerolls (all pools)","i18n-Katalog (src/i18n) — über t() aufgelöst","","done",""
"weekmod.noReroll.name","i18n","Kein Reroll","Sin relanzamiento","No reroll","i18n-Katalog (src/i18n) — über t() aufgelöst","","done",""
"weekmod.perkBlessing.desc","i18n","Perks droppen nur sehr selten/episch","Las ventajas solo aparecen como Rara o Épica","Perks only drop as Rare/Epic","i18n-Katalog (src/i18n) — über t() aufgelöst","","done",""
"weekmod.perkBlessing.name","i18n","Perk-Segen","Bendición de ventajas","Perk blessing","i18n-Katalog (src/i18n) — über t() aufgelöst","","done",""
"weekmod.perkCap.desc","i18n","Keine sehr seltenen/epischen Perks","Sin ventajas de rareza Rara ni Épica","No Rare or Epic perks","i18n-Katalog (src/i18n) — über t() aufgelöst","","done",""
"weekmod.perkCap.name","i18n","Perk-Deckel","Tope de ventajas","Perk cap","i18n-Katalog (src/i18n) — über t() aufgelöst","","done",""
"weekmod.scarcePerks.desc","i18n","Nur 1 Perk je Auswahl","Solo 1 ventaja por oferta","Only 1 perk per offer","i18n-Katalog (src/i18n) — über t() aufgelöst","","done",""
"weekmod.scarcePerks.name","i18n","Perk-Verknappung","Escasez de ventajas","Perk scarcity","i18n-Katalog (src/i18n) — über t() aufgelöst","","done",""
"weekmod.scarceSkills.desc","i18n","Nur 1 Skill je Archetyp","Solo 1 habilidad por arquetipo","Only 1 skill per archetype","i18n-Katalog (src/i18n) — über t() aufgelöst","","done",""
"weekmod.scarceSkills.name","i18n","Skill-Verknappung","Escasez de habilidades","Skill scarcity","i18n-Katalog (src/i18n) — über t() aufgelöst","","done",""
"weekmod.skillFull.desc","i18n","+{v} Skillslots","+{v} ranuras de habilidad","+{v} skill slots","i18n-Katalog (src/i18n) — über t() aufgelöst","","done",""
"weekmod.skillFull.name","i18n","Skill-Fülle","Abundancia de habilidades","Skill abundance","i18n-Katalog (src/i18n) — über t() aufgelöst","","done",""
"weekmod.strongCards.desc","i18n","Spielerkarten +{v} Wert","Tus cartas +{v} de valor","Your cards +{v} value","i18n-Katalog (src/i18n) — über t() aufgelöst","","done",""
"weekmod.strongCards.name","i18n","Starke Karten","Cartas fuertes","Strong cards","i18n-Katalog (src/i18n) — über t() aufgelöst","","done",""
"weekmod.strongEnemies.desc","i18n","Gegnerkarten +{v} Wert","Cartas rivales +{v} de valor","Opponent cards +{v} value","i18n-Katalog (src/i18n) — über t() aufgelöst","","done",""
"weekmod.strongEnemies.name","i18n","Stärkere Gegner","Rivales más fuertes","Stronger opponents","i18n-Katalog (src/i18n) — über t() aufgelöst","","done",""
"weekmod.tightBuild.desc","i18n","Nur 12 Baufeld-Zellen","Solo 12 celdas de construcción","Only 12 build-space cells","i18n-Katalog (src/i18n) — über t() aufgelöst","","done",""
"weekmod.tightBuild.name","i18n","Enge Aufstellung","Construcción apretada","Tight build","i18n-Katalog (src/i18n) — über t() aufgelöst","","done",""
"weekmods.range","i18n","({from}–{to})","({from}–{to})","({from}–{to})","i18n-Katalog (src/i18n) — über t() aufgelöst","","done",""
"weekmods.title","i18n","Wochen-Modifikatoren","Modificadores semanales","Weekly modifiers","i18n-Katalog (src/i18n) — über t() aufgelöst","","done",""
"zins.capital","i18n","Kapital:","Capital:","Capital:","i18n-Katalog (src/i18n) — über t() aufgelöst","","done",""
"zins.cleared","i18n","· Hürde genommen","· obstáculo superado","· hurdle cleared","i18n-Katalog (src/i18n) — über t() aufgelöst","","done",""
"zins.crash","i18n","· sonst Crash","· si no, quiebra","· otherwise a crash","i18n-Katalog (src/i18n) — über t() aufgelöst","","done",""
"zins.paid","i18n","Bisher ausgezahlt:","Pagado hasta ahora:","Total paid out:","i18n-Katalog (src/i18n) — über t() aufgelöst","","done",""
"zins.payout","i18n","Auszahlung bei Erfolg:","Pago si tiene éxito:","Payout on success:","i18n-Katalog (src/i18n) — über t() aufgelöst","","done",""
"zins.rate","i18n","· Zinssatz","· tipo de interés","· rate","i18n-Katalog (src/i18n) — über t() aufgelöst","","done",""
"zins.wins","i18n","Siege dieser Durchlauf:","Victorias en este ciclo:","Wins this cycle:","i18n-Katalog (src/i18n) — über t() aufgelöst","","done",""
"ui.music.afterburner","system","Afterburner","Afterburner","Afterburner","Musiktitel — Eigenname, wird NICHT übersetzt","","n/a","do-not-translate"
"ui.music.amber-standby","system","Amber Standby","Amber Standby","Amber Standby","Musiktitel — Eigenname, wird NICHT übersetzt","","n/a","do-not-translate"
"ui.music.chrome-horizon","system","Chrome Horizon","Chrome Horizon","Chrome Horizon","Musiktitel — Eigenname, wird NICHT übersetzt","","n/a","do-not-translate"
"ui.music.chrome-rally","system","Chrome Rally","Chrome Rally","Chrome Rally","Musiktitel — Eigenname, wird NICHT übersetzt","","n/a","do-not-translate"
"ui.music.chrome-runner","system","Chrome Runner","Chrome Runner","Chrome Runner","Musiktitel — Eigenname, wird NICHT übersetzt","","n/a","do-not-translate"
"ui.music.circuit-overload","system","Circuit Overload","Circuit Overload","Circuit Overload","Musiktitel — Eigenname, wird NICHT übersetzt","","n/a","do-not-translate"
"ui.music.cobalt-drift","system","Cobalt Drift","Cobalt Drift","Cobalt Drift","Musiktitel — Eigenname, wird NICHT übersetzt","","n/a","do-not-translate"
"ui.music.concrete-collapse","system","Concrete Collapse","Concrete Collapse","Concrete Collapse","Musiktitel — Eigenname, wird NICHT übersetzt","","n/a","do-not-translate"
"ui.music.drift-king","system","Drift King","Drift King","Drift King","Musiktitel — Eigenname, wird NICHT übersetzt","","n/a","do-not-translate"
"ui.music.endgame","system","Endgame","Endgame","Endgame","Musiktitel — Eigenname, wird NICHT übersetzt","","n/a","do-not-translate"
"ui.music.event-horizon","system","Event Horizon","Event Horizon","Event Horizon","Musiktitel — Eigenname, wird NICHT übersetzt","","n/a","do-not-translate"
"ui.music.faded-neon","system","Faded Neon","Faded Neon","Faded Neon","Musiktitel — Eigenname, wird NICHT übersetzt","","n/a","do-not-translate"
"ui.music.fast-lane","system","Fast Lane","Fast Lane","Fast Lane","Musiktitel — Eigenname, wird NICHT übersetzt","","n/a","do-not-translate"
"ui.music.fault-line","system","Fault Line","Fault Line","Fault Line","Musiktitel — Eigenname, wird NICHT übersetzt","","n/a","do-not-translate"
"ui.music.final-showdown","system","Final Showdown","Final Showdown","Final Showdown","Musiktitel — Eigenname, wird NICHT übersetzt","","n/a","do-not-translate"
"ui.music.formation-shuffle","system","Formation Shuffle","Formation Shuffle","Formation Shuffle","Musiktitel — Eigenname, wird NICHT übersetzt","","n/a","do-not-translate"
"ui.music.full-tilt","system","Full Tilt","Full Tilt","Full Tilt","Musiktitel — Eigenname, wird NICHT übersetzt","","n/a","do-not-translate"
"ui.music.glass-horizon","system","Glass Horizon","Glass Horizon","Glass Horizon","Musiktitel — Eigenname, wird NICHT übersetzt","","n/a","do-not-translate"
"ui.music.grid-runner","system","Grid Runner","Grid Runner","Grid Runner","Musiktitel — Eigenname, wird NICHT übersetzt","","n/a","do-not-translate"
"ui.music.last-light","system","Last Light","Last Light","Last Light","Musiktitel — Eigenname, wird NICHT übersetzt","","n/a","do-not-translate"
"ui.music.last-stand","system","Last Stand","Last Stand","Last Stand","Musiktitel — Eigenname, wird NICHT übersetzt","","n/a","do-not-translate"
"ui.music.live-wire","system","Live Wire","Live Wire","Live Wire","Musiktitel — Eigenname, wird NICHT übersetzt","","n/a","do-not-translate"
"ui.music.low-beam","system","Low Beam","Low Beam","Low Beam","Musiktitel — Eigenname, wird NICHT übersetzt","","n/a","do-not-translate"
"ui.music.media-base","system","MEDIA_BASE","MEDIA_BASE","MEDIA_BASE","Musiktitel — Eigenname, wird NICHT übersetzt","","n/a","do-not-translate"
"ui.music.midnight-drive","system","Midnight Drive","Midnight Drive","Midnight Drive","Musiktitel — Eigenname, wird NICHT übersetzt","","n/a","do-not-translate"
"ui.music.neon-apocalypse","system","Neon Apocalypse","Neon Apocalypse","Neon Apocalypse","Musiktitel — Eigenname, wird NICHT übersetzt","","n/a","do-not-translate"
"ui.music.neon-card-game","system","Neon Card Game","Neon Card Game","Neon Card Game","Musiktitel — Eigenname, wird NICHT übersetzt","","n/a","do-not-translate"
"ui.music.neon-circuit","system","Neon Circuit","Neon Circuit","Neon Circuit","Musiktitel — Eigenname, wird NICHT übersetzt","","n/a","do-not-translate"
"ui.music.neon-cruise","system","Neon Cruise","Neon Cruise","Neon Cruise","Musiktitel — Eigenname, wird NICHT übersetzt","","n/a","do-not-translate"
"ui.music.neon-drift","system","Neon Drift","Neon Drift","Neon Drift","Musiktitel — Eigenname, wird NICHT übersetzt","","n/a","do-not-translate"
"ui.music.neon-idle","system","Neon Idle","Neon Idle","Neon Idle","Musiktitel — Eigenname, wird NICHT übersetzt","","n/a","do-not-translate"
"ui.music.neon-night-drive","system","Neon Night Drive","Neon Night Drive","Neon Night Drive","Musiktitel — Eigenname, wird NICHT übersetzt","","n/a","do-not-translate"
"ui.music.neon-overdrive","system","Neon Overdrive","Neon Overdrive","Neon Overdrive","Musiktitel — Eigenname, wird NICHT übersetzt","","n/a","do-not-translate"
"ui.music.neon-pulse","system","Neon Pulse","Neon Pulse","Neon Pulse","Musiktitel — Eigenname, wird NICHT übersetzt","","n/a","do-not-translate"
"ui.music.neon-thunder","system","Neon Thunder","Neon Thunder","Neon Thunder","Musiktitel — Eigenname, wird NICHT übersetzt","","n/a","do-not-translate"
"ui.music.nitro-surge","system","Nitro Surge","Nitro Surge","Nitro Surge","Musiktitel — Eigenname, wird NICHT übersetzt","","n/a","do-not-translate"
"ui.music.no-limits","system","No Limits","No Limits","No Limits","Musiktitel — Eigenname, wird NICHT übersetzt","","n/a","do-not-translate"
"ui.music.overdrive","system","Overdrive","Overdrive","Overdrive","Musiktitel — Eigenname, wird NICHT übersetzt","","n/a","do-not-translate"
"ui.music.power-surge","system","Power Surge","Power Surge","Power Surge","Musiktitel — Eigenname, wird NICHT übersetzt","","n/a","do-not-translate"
"ui.music.pulse-highway","system","Pulse Highway","Pulse Highway","Pulse Highway","Musiktitel — Eigenname, wird NICHT übersetzt","","n/a","do-not-translate"
"ui.music.quiet-overpass","system","Quiet Overpass","Quiet Overpass","Quiet Overpass","Musiktitel — Eigenname, wird NICHT übersetzt","","n/a","do-not-translate"
"ui.music.redline","system","Redline","Redline","Redline","Musiktitel — Eigenname, wird NICHT übersetzt","","n/a","do-not-translate"
"ui.music.slow-circuit","system","Slow Circuit","Slow Circuit","Slow Circuit","Musiktitel — Eigenname, wird NICHT übersetzt","","n/a","do-not-translate"
"ui.music.soft-reset","system","Soft Reset","Soft Reset","Soft Reset","Musiktitel — Eigenname, wird NICHT übersetzt","","n/a","do-not-translate"
"ui.music.static-bloom","system","Static Bloom","Static Bloom","Static Bloom","Musiktitel — Eigenname, wird NICHT übersetzt","","n/a","do-not-translate"
"ui.music.static-charge","system","Static Charge","Static Charge","Static Charge","Musiktitel — Eigenname, wird NICHT übersetzt","","n/a","do-not-translate"
"ui.music.static-storm","system","Static Storm","Static Storm","Static Storm","Musiktitel — Eigenname, wird NICHT übersetzt","","n/a","do-not-translate"
"ui.music.static-surge","system","Static Surge","Static Surge","Static Surge","Musiktitel — Eigenname, wird NICHT übersetzt","","n/a","do-not-translate"
"ui.music.still-frame","system","Still Frame","Still Frame","Still Frame","Musiktitel — Eigenname, wird NICHT übersetzt","","n/a","do-not-translate"
"ui.music.terminal-velocity","system","Terminal Velocity","Terminal Velocity","Terminal Velocity","Musiktitel — Eigenname, wird NICHT übersetzt","","n/a","do-not-translate"
"ui.music.velvet-cruise","system","Velvet Cruise","Velvet Cruise","Velvet Cruise","Musiktitel — Eigenname, wird NICHT übersetzt","","n/a","do-not-translate"
"ui.music.velvet-signal","system","Velvet Signal","Velvet Signal","Velvet Signal","Musiktitel — Eigenname, wird NICHT übersetzt","","n/a","do-not-translate"
"ui.music.voltage-drive","system","Voltage Drive","Voltage Drive","Voltage Drive","Musiktitel — Eigenname, wird NICHT übersetzt","","n/a","do-not-translate"
"ui.music.warp-speed","system","Warp Speed","Warp Speed","Warp Speed","Musiktitel — Eigenname, wird NICHT übersetzt","","n/a","do-not-translate"
